// Code generated by internal/sijiaox/_tools/gen_sijiao.go; DO NOT EDIT.
// 数据源: Unicode Unihan kFourCornerCode（Unihan_DictionaryLikeData.txt）。公开可嵌。
// 共 16916 字，其中 149 字为多值（最多 2 码，空格分隔，整串保留）。

package sijiaox

// sijiaoCP 是升序的码点表，与 sijiaoCode 一一对应，供二分查找。
var sijiaoCP = []rune{
	0x3447, 0x344A, 0x356E, 0x360E, 0x364D, 0x3658, 0x3666, 0x36C3, 0x36DA, 0x36F9, 0x37C3, 0x3807,
	0x3813, 0x3918, 0x3944, 0x39D0, 0x39D1, 0x39DF, 0x3AF0, 0x3B0A, 0x3B0E, 0x3B1A, 0x3B4E, 0x3B55,
	0x3BBE, 0x3C00, 0x3CC7, 0x3CD8, 0x3CDA, 0x3D14, 0x3D50, 0x3DB2, 0x3E06, 0x3E0C, 0x3E84, 0x3EEC,
	0x3F4F, 0x3FE0, 0x4056, 0x40AE, 0x40C5, 0x40CE, 0x415F, 0x4339, 0x4383, 0x4396, 0x43DD, 0x43E1,
	0x43F2, 0x4403, 0x44D6, 0x44DB, 0x44E8, 0x44EB, 0x44EC, 0x45D6, 0x45DB, 0x45EA, 0x45F4, 0x4723,
	0x4759, 0x48BA, 0x48BC, 0x48D8, 0x497D, 0x4983, 0x4C9F, 0x4CA0, 0x4CA2, 0x4D13, 0x4D14, 0x4D15,
	0x4D16, 0x4D17, 0x4D18, 0x4D19, 0x4DAE, 0x4E00, 0x4E01, 0x4E03, 0x4E07, 0x4E08, 0x4E09, 0x4E0A,
	0x4E0B, 0x4E0C, 0x4E0D, 0x4E0E, 0x4E0F, 0x4E10, 0x4E11, 0x4E13, 0x4E14, 0x4E15, 0x4E16, 0x4E17,
	0x4E18, 0x4E19, 0x4E1A, 0x4E1B, 0x4E1C, 0x4E1D, 0x4E1E, 0x4E1F, 0x4E21, 0x4E22, 0x4E24, 0x4E25,
	0x4E26, 0x4E27, 0x4E28, 0x4E2A, 0x4E2B, 0x4E2C, 0x4E2D, 0x4E2E, 0x4E30, 0x4E31, 0x4E32, 0x4E33,
	0x4E34, 0x4E36, 0x4E38, 0x4E39, 0x4E3A, 0x4E3B, 0x4E3C, 0x4E3D, 0x4E3E, 0x4E3F, 0x4E42, 0x4E43,
	0x4E45, 0x4E47, 0x4E48, 0x4E49, 0x4E4B, 0x4E4C, 0x4E4D, 0x4E4E, 0x4E4F, 0x4E50, 0x4E52, 0x4E53,
	0x4E54, 0x4E55, 0x4E56, 0x4E57, 0x4E58, 0x4E59, 0x4E5C, 0x4E5D, 0x4E5E, 0x4E5F, 0x4E60, 0x4E61,
	0x4E62, 0x4E66, 0x4E69, 0x4E70, 0x4E71, 0x4E73, 0x4E78, 0x4E7E, 0x4E7F, 0x4E80, 0x4E82, 0x4E83,
	0x4E84, 0x4E85, 0x4E86, 0x4E88, 0x4E89, 0x4E8A, 0x4E8B, 0x4E8C, 0x4E8D, 0x4E8E, 0x4E8F, 0x4E91,
	0x4E92, 0x4E93, 0x4E94, 0x4E95, 0x4E98, 0x4E99, 0x4E9A, 0x4E9B, 0x4E9C, 0x4E9E, 0x4E9F, 0x4EA0,
	0x4EA1, 0x4EA2, 0x4EA4, 0x4EA5, 0x4EA6, 0x4EA7, 0x4EA8, 0x4EA9, 0x4EAB, 0x4EAC, 0x4EAD, 0x4EAE,
	0x4EB0, 0x4EB2, 0x4EB3, 0x4EB5, 0x4EB6, 0x4EB8, 0x4EB9, 0x4EBA, 0x4EBB, 0x4EBF, 0x4EC0, 0x4EC1,
	0x4EC2, 0x4EC3, 0x4EC4, 0x4EC5, 0x4EC6, 0x4EC7, 0x4EC8, 0x4EC9, 0x4ECA, 0x4ECB, 0x4ECD, 0x4ECE,
	0x4ECF, 0x4ED1, 0x4ED3, 0x4ED4, 0x4ED5, 0x4ED6, 0x4ED7, 0x4ED8, 0x4ED9, 0x4EDA, 0x4EDC, 0x4EDD,
	0x4EDE, 0x4EDF, 0x4EE1, 0x4EE3, 0x4EE4, 0x4EE5, 0x4EE8, 0x4EE9, 0x4EEA, 0x4EEB, 0x4EEC, 0x4EED,
	0x4EEE, 0x4EF0, 0x4EF1, 0x4EF2, 0x4EF3, 0x4EF4, 0x4EF5, 0x4EF6, 0x4EF7, 0x4EFB, 0x4EFD, 0x4EFF,
	0x4F00, 0x4F01, 0x4F02, 0x4F04, 0x4F05, 0x4F08, 0x4F09, 0x4F0A, 0x4F0B, 0x4F0D, 0x4F0E, 0x4F0F,
	0x4F10, 0x4F11, 0x4F12, 0x4F13, 0x4F14, 0x4F15, 0x4F17, 0x4F18, 0x4F19, 0x4F1A, 0x4F1B, 0x4F1C,
	0x4F1D, 0x4F1E, 0x4F1F, 0x4F20, 0x4F22, 0x4F23, 0x4F24, 0x4F25, 0x4F26, 0x4F27, 0x4F2A, 0x4F2B,
	0x4F2C, 0x4F2D, 0x4F2F, 0x4F30, 0x4F32, 0x4F33, 0x4F34, 0x4F36, 0x4F38, 0x4F3A, 0x4F3B, 0x4F3C,
	0x4F3D, 0x4F3E, 0x4F3F, 0x4F41, 0x4F43, 0x4F46, 0x4F47, 0x4F48, 0x4F49, 0x4F4C, 0x4F4D, 0x4F4E,
	0x4F4F, 0x4F50, 0x4F51, 0x4F52, 0x4F53, 0x4F54, 0x4F55, 0x4F56, 0x4F57, 0x4F58, 0x4F59, 0x4F5A,
	0x4F5B, 0x4F5C, 0x4F5D, 0x4F5E, 0x4F5F, 0x4F60, 0x4F61, 0x4F62, 0x4F63, 0x4F64, 0x4F65, 0x4F67,
	0x4F69, 0x4F6A, 0x4F6B, 0x4F6C, 0x4F6E, 0x4F6F, 0x4F70, 0x4F73, 0x4F74, 0x4F75, 0x4F76, 0x4F77,
	0x4F78, 0x4F79, 0x4F7A, 0x4F7B, 0x4F7C, 0x4F7D, 0x4F7E, 0x4F7F, 0x4F80, 0x4F81, 0x4F82, 0x4F83,
	0x4F84, 0x4F85, 0x4F86, 0x4F87, 0x4F88, 0x4F89, 0x4F8B, 0x4F8D, 0x4F8F, 0x4F90, 0x4F91, 0x4F92,
	0x4F94, 0x4F95, 0x4F96, 0x4F97, 0x4F98, 0x4F9A, 0x4F9B, 0x4F9C, 0x4F9D, 0x4F9E, 0x4FA0, 0x4FA1,
	0x4FA3, 0x4FA5, 0x4FA6, 0x4FA7, 0x4FA8, 0x4FA9, 0x4FAA, 0x4FAB, 0x4FAC, 0x4FAD, 0x4FAE, 0x4FAF,
	0x4FB2, 0x4FB3, 0x4FB4, 0x4FB5, 0x4FB6, 0x4FB7, 0x4FB9, 0x4FBA, 0x4FBB, 0x4FBF, 0x4FC0, 0x4FC1,
	0x4FC2, 0x4FC3, 0x4FC4, 0x4FC5, 0x4FC7, 0x4FC9, 0x4FCA, 0x4FCB, 0x4FCD, 0x4FCE, 0x4FCF, 0x4FD0,
	0x4FD1, 0x4FD3, 0x4FD4, 0x4FD6, 0x4FD7, 0x4FD8, 0x4FD9, 0x4FDA, 0x4FDB, 0x4FDC, 0x4FDD, 0x4FDE,
	0x4FDF, 0x4FE0, 0x4FE1, 0x4FE3, 0x4FE4, 0x4FE5, 0x4FE6, 0x4FE8, 0x4FE9, 0x4FEA, 0x4FEB, 0x4FEC,
	0x4FED, 0x4FEE, 0x4FEF, 0x4FF1, 0x4FF3, 0x4FF4, 0x4FF5, 0x4FF6, 0x4FF7, 0x4FF8, 0x4FFA, 0x4FFE,
	0x5000, 0x5005, 0x5006, 0x5007, 0x5009, 0x500B, 0x500C, 0x500D, 0x500E, 0x500F, 0x5011, 0x5012,
	0x5013, 0x5014, 0x5015, 0x5016, 0x5017, 0x5018, 0x5019, 0x501A, 0x501B, 0x501C, 0x501E, 0x501F,
	0x5020, 0x5021, 0x5022, 0x5023, 0x5024, 0x5025, 0x5026, 0x5027, 0x5028, 0x5029, 0x502A, 0x502B,
	0x502C, 0x502D, 0x502E, 0x502F, 0x5030, 0x5031, 0x5033, 0x5034, 0x5035, 0x5036, 0x5037, 0x5039,
	0x503A, 0x503B, 0x503C, 0x503E, 0x5040, 0x5041, 0x5043, 0x5045, 0x5046, 0x5047, 0x5048, 0x5049,
	0x504A, 0x504B, 0x504C, 0x504D, 0x504E, 0x504F, 0x5050, 0x5051, 0x5053, 0x5055, 0x5056, 0x5057,
	0x505A, 0x505B, 0x505C, 0x505D, 0x505E, 0x505F, 0x5060, 0x5061, 0x5062, 0x5063, 0x5064, 0x5065,
	0x5068, 0x5069, 0x506A, 0x506B, 0x506C, 0x506D, 0x506E, 0x506F, 0x5070, 0x5072, 0x5073, 0x5074,
	0x5075, 0x5076, 0x5077, 0x5078, 0x507A, 0x507B, 0x507D, 0x507E, 0x507F, 0x5080, 0x5082, 0x5083,
	0x5085, 0x5087, 0x5088, 0x5089, 0x508B, 0x508C, 0x508D, 0x508E, 0x5091, 0x5092, 0x5094, 0x5095,
	0x5096, 0x5098, 0x5099, 0x509A, 0x509B, 0x509C, 0x509D, 0x509E, 0x50A2, 0x50A3, 0x50A5, 0x50A7,
	0x50A8, 0x50A9, 0x50AC, 0x50AD, 0x50AE, 0x50AF, 0x50B0, 0x50B1, 0x50B2, 0x50B3, 0x50B4, 0x50B5,
	0x50B6, 0x50B7, 0x50B8, 0x50BA, 0x50BB, 0x50BD, 0x50BE, 0x50BF, 0x50C1, 0x50C2, 0x50C4, 0x50C5,
	0x50C6, 0x50C7, 0x50C8, 0x50C9, 0x50CA, 0x50CB, 0x50CD, 0x50CE, 0x50CF, 0x50D1, 0x50D3, 0x50D4,
	0x50D5, 0x50D6, 0x50D7, 0x50DA, 0x50DB, 0x50DD, 0x50DE, 0x50E0, 0x50E3, 0x50E4, 0x50E5, 0x50E6,
	0x50E7, 0x50E8, 0x50E9, 0x50EA, 0x50EC, 0x50ED, 0x50EE, 0x50EF, 0x50F0, 0x50F1, 0x50F3, 0x50F5,
	0x50F6, 0x50F8, 0x50F9, 0x50FB, 0x50FD, 0x50FE, 0x50FF, 0x5100, 0x5101, 0x5102, 0x5103, 0x5104,
	0x5105, 0x5106, 0x5107, 0x5108, 0x5109, 0x510A, 0x510B, 0x510C, 0x5110, 0x5111, 0x5112, 0x5113,
	0x5114, 0x5115, 0x5116, 0x5117, 0x5118, 0x511A, 0x511C, 0x511F, 0x5120, 0x5121, 0x5122, 0x5124,
	0x5125, 0x5126, 0x5129, 0x512A, 0x512D, 0x512E, 0x5130, 0x5131, 0x5132, 0x5133, 0x5134, 0x5135,
	0x5137, 0x5138, 0x5139, 0x513A, 0x513B, 0x513C, 0x513D, 0x513F, 0x5140, 0x5141, 0x5143, 0x5144,
	0x5145, 0x5146, 0x5147, 0x5148, 0x5149, 0x514B, 0x514C, 0x514D, 0x514E, 0x5150, 0x5151, 0x5152,
	0x5154, 0x5155, 0x5156, 0x5157, 0x5159, 0x515A, 0x515C, 0x515F, 0x5162, 0x5165, 0x5167, 0x5168,
	0x5169, 0x516A, 0x516B, 0x516C, 0x516D, 0x516E, 0x5170, 0x5171, 0x5173, 0x5174, 0x5175, 0x5176,
	0x5177, 0x5178, 0x5179, 0x517B, 0x517C, 0x517D, 0x5180, 0x5181, 0x5182, 0x5185, 0x5186, 0x5187,
	0x5188, 0x5189, 0x518A, 0x518C, 0x518D, 0x518F, 0x5190, 0x5191, 0x5192, 0x5193, 0x5194, 0x5195,
	0x5196, 0x5197, 0x5198, 0x5199, 0x519B, 0x519C, 0x519E, 0x51A0, 0x51A2, 0x51A4, 0x51A5, 0x51A6,
	0x51A8, 0x51A9, 0x51AA, 0x51AB, 0x51AC, 0x51AE, 0x51AF, 0x51B0, 0x51B1, 0x51B2, 0x51B3, 0x51B4,
	0x51B5, 0x51B6, 0x51B7, 0x51B9, 0x51BB, 0x51BC, 0x51BD, 0x51BE, 0x51C0, 0x51C4, 0x51C5, 0x51C6,
	0x51C7, 0x51C8, 0x51C9, 0x51CA, 0x51CB, 0x51CC, 0x51CD, 0x51CE, 0x51CF, 0x51D0, 0x51D1, 0x51D3,
	0x51D4, 0x51D6, 0x51D7, 0x51D8, 0x51DB, 0x51DC, 0x51DD, 0x51DE, 0x51E0, 0x51E1, 0x51E4, 0x51E6,
	0x51E7, 0x51E9, 0x51EA, 0x51EB, 0x51ED, 0x51EF, 0x51F0, 0x51F1, 0x51F3, 0x51F5, 0x51F6, 0x51F8,
	0x51F9, 0x51FA, 0x51FB, 0x51FC, 0x51FD, 0x51FE, 0x51FF, 0x5200, 0x5201, 0x5202, 0x5203, 0x5204,
	0x5206, 0x5207, 0x5208, 0x5209, 0x520A, 0x520B, 0x520C, 0x520D, 0x520E, 0x5210, 0x5211, 0x5212,
	0x5213, 0x5214, 0x5216, 0x5217, 0x5218, 0x5219, 0x521A, 0x521B, 0x521C, 0x521D, 0x521E, 0x5220,
	0x5221, 0x5224, 0x5225, 0x5227, 0x5228, 0x5229, 0x522A, 0x522B, 0x522C, 0x522D, 0x522E, 0x5230,
	0x5231, 0x5232, 0x5233, 0x5235, 0x5236, 0x5237, 0x5238, 0x5239, 0x523A, 0x523B, 0x523D, 0x523F,
	0x5240, 0x5241, 0x5242, 0x5243, 0x5244, 0x5245, 0x5246, 0x5247, 0x5249, 0x524A, 0x524B, 0x524C,
	0x524D, 0x524E, 0x524F, 0x5250, 0x5251, 0x5252, 0x5254, 0x5255, 0x5256, 0x525A, 0x525B, 0x525C,
	0x525D, 0x525E, 0x525F, 0x5261, 0x5262, 0x5263, 0x5264, 0x5265, 0x5267, 0x5269, 0x526A, 0x526B,
	0x526C, 0x526D, 0x526E, 0x526F, 0x5270, 0x5271, 0x5272, 0x5273, 0x5274, 0x5275, 0x5277, 0x5278,
	0x527A, 0x527B, 0x527C, 0x527D, 0x527F, 0x5280, 0x5281, 0x5282, 0x5283, 0x5284, 0x5287, 0x5288,
	0x5289, 0x528A, 0x528B, 0x528C, 0x528D, 0x5290, 0x5291, 0x5292, 0x5293, 0x5294, 0x5296, 0x5297,
	0x5298, 0x5299, 0x529B, 0x529D, 0x529E, 0x529F, 0x52A0, 0x52A1, 0x52A2, 0x52A3, 0x52A6, 0x52A8,
	0x52A9, 0x52AA, 0x52AB, 0x52AC, 0x52AD, 0x52AE, 0x52B1, 0x52B2, 0x52B3, 0x52B4, 0x52B5, 0x52B9,
	0x52BB, 0x52BC, 0x52BE, 0x52BF, 0x52C0, 0x52C1, 0x52C2, 0x52C3, 0x52C5, 0x52C7, 0x52C9, 0x52CB,
	0x52CD, 0x52D0, 0x52D2, 0x52D3, 0x52D4, 0x52D5, 0x52D6, 0x52D7, 0x52D8, 0x52D9, 0x52DA, 0x52DB,
	0x52DD, 0x52DE, 0x52DF, 0x52E0, 0x52E2, 0x52E3, 0x52E4, 0x52E6, 0x52E7, 0x52E9, 0x52EB, 0x52EF,
	0x52F0, 0x52F1, 0x52F2, 0x52F3, 0x52F4, 0x52F5, 0x52F7, 0x52F8, 0x52F9, 0x52FA, 0x52FB, 0x52FC,
	0x52FE, 0x52FF, 0x5300, 0x5301, 0x5302, 0x5305, 0x5306, 0x5308, 0x5309, 0x530A, 0x530B, 0x530D,
	0x530E, 0x530F, 0x5310, 0x5311, 0x5312, 0x5315, 0x5316, 0x5317, 0x5319, 0x531A, 0x531C, 0x531D,
	0x531F, 0x5320, 0x5321, 0x5322, 0x5323, 0x5326, 0x532A, 0x532D, 0x532E, 0x532F, 0x5330, 0x5331,
	0x5333, 0x5334, 0x5337, 0x5338, 0x5339, 0x533A, 0x533B, 0x533C, 0x533D, 0x533E, 0x533F, 0x5340,
	0x5341, 0x5343, 0x5345, 0x5346, 0x5347, 0x5348, 0x5349, 0x534A, 0x534C, 0x534D, 0x534E, 0x534F,
	0x5351, 0x5352, 0x5353, 0x5354, 0x5355, 0x5356, 0x5357, 0x5358, 0x535A, 0x535C, 0x535E, 0x535F,
	0x5360, 0x5361, 0x5362, 0x5363, 0x5364, 0x5366, 0x5367, 0x5369, 0x536B, 0x536C, 0x536E, 0x536F,
	0x5370, 0x5371, 0x5372, 0x5373, 0x5374, 0x5375, 0x5377, 0x5378, 0x5379, 0x537A, 0x537B, 0x537C,
	0x537F, 0x5382, 0x5384, 0x5385, 0x5386, 0x5389, 0x538A, 0x538B, 0x538C, 0x538D, 0x538E, 0x538F,
	0x5392, 0x5394, 0x5395, 0x5396, 0x5397, 0x5398, 0x5399, 0x539A, 0x539C, 0x539D, 0x539E, 0x539F,
	0x53A0, 0x53A2, 0x53A3, 0x53A4, 0x53A5, 0x53A6, 0x53A7, 0x53A8, 0x53A9, 0x53AC, 0x53AD, 0x53AE,
	0x53B0, 0x53B2, 0x53B3, 0x53B4, 0x53B6, 0x53B9, 0x53BB, 0x53BE, 0x53BF, 0x53C1, 0x53C2, 0x53C3,
	0x53C6, 0x53C7, 0x53C8, 0x53C9, 0x53CA, 0x53CB, 0x53CC, 0x53CD, 0x53CE, 0x53D1, 0x53D4, 0x53D5,
	0x53D6, 0x53D7, 0x53D8, 0x53D9, 0x53DA, 0x53DB, 0x53DF, 0x53E0, 0x53E1, 0x53E2, 0x53E3, 0x53E4,
	0x53E5, 0x53E6, 0x53E8, 0x53E9, 0x53EA, 0x53EB, 0x53EC, 0x53ED, 0x53EE, 0x53EF, 0x53F0, 0x53F1,
	0x53F2, 0x53F3, 0x53F5, 0x53F6, 0x53F7, 0x53F8, 0x53F9, 0x53FA, 0x53FB, 0x53FC, 0x53FD, 0x5401,
	0x5403, 0x5404, 0x5406, 0x5407, 0x5408, 0x5409, 0x540A, 0x540B, 0x540C, 0x540D, 0x540E, 0x540F,
	0x5410, 0x5411, 0x5412, 0x5413, 0x5415, 0x5416, 0x5417, 0x5418, 0x5419, 0x541B, 0x541C, 0x541D,
	0x541E, 0x541F, 0x5420, 0x5421, 0x5423, 0x5424, 0x5425, 0x5426, 0x5427, 0x5428, 0x5429, 0x542A,
	0x542B, 0x542C, 0x542D, 0x542E, 0x542F, 0x5430, 0x5431, 0x5432, 0x5433, 0x5434, 0x5435, 0x5436,
	0x5437, 0x5438, 0x5439, 0x543B, 0x543C, 0x543D, 0x543E, 0x5440, 0x5441, 0x5442, 0x5443, 0x5445,
	0x5446, 0x5447, 0x5448, 0x5449, 0x544A, 0x544B, 0x544E, 0x544F, 0x5450, 0x5451, 0x5452, 0x5453,
	0x5454, 0x5455, 0x5456, 0x5457, 0x5458, 0x5459, 0x545B, 0x545C, 0x545F, 0x5460, 0x5461, 0x5462,
	0x5463, 0x5464, 0x5465, 0x5466, 0x5467, 0x5468, 0x546A, 0x546B, 0x546C, 0x546F, 0x5470, 0x5471,
	0x5472, 0x5473, 0x5474, 0x5475, 0x5476, 0x5477, 0x5478, 0x547A, 0x547B, 0x547C, 0x547D, 0x547E,
	0x547F, 0x5480, 0x5481, 0x5482, 0x5484, 0x5486, 0x5487, 0x5488, 0x5489, 0x548B, 0x548C, 0x548D,
	0x548E, 0x548F, 0x5490, 0x5491, 0x5492, 0x5494, 0x5495, 0x5496, 0x5498, 0x5499, 0x549A, 0x549B,
	0x549D, 0x54A0, 0x54A1, 0x54A2, 0x54A3, 0x54A4, 0x54A5, 0x54A6, 0x54A7, 0x54A8, 0x54A9, 0x54AA,
	0x54AB, 0x54AC, 0x54AD, 0x54AE, 0x54AF, 0x54B0, 0x54B1, 0x54B2, 0x54B3, 0x54B4, 0x54B6, 0x54B7,
	0x54B8, 0x54BA, 0x54BB, 0x54BC, 0x54BD, 0x54BE, 0x54BF, 0x54C0, 0x54C1, 0x54C2, 0x54C3, 0x54C4,
	0x54C5, 0x54C6, 0x54C7, 0x54C8, 0x54C9, 0x54CC, 0x54CD, 0x54CE, 0x54CF, 0x54D0, 0x54D1, 0x54D2,
	0x54D3, 0x54D4, 0x54D5, 0x54D6, 0x54D7, 0x54D8, 0x54D9, 0x54DA, 0x54DC, 0x54DD, 0x54DE, 0x54DF,
	0x54E0, 0x54E1, 0x54E2, 0x54E4, 0x54E5, 0x54E6, 0x54E7, 0x54E8, 0x54E9, 0x54EA, 0x54EB, 0x54ED,
	0x54EE, 0x54F1, 0x54F2, 0x54F3, 0x54F7, 0x54F8, 0x54FA, 0x54FB, 0x54FC, 0x54FD, 0x54FF, 0x5501,
	0x5503, 0x5504, 0x5505, 0x5506, 0x5507, 0x5508, 0x5509, 0x550A, 0x550B, 0x550C, 0x550E, 0x550F,
	0x5510, 0x5511, 0x5512, 0x5514, 0x5516, 0x5517, 0x551A, 0x551B, 0x551D, 0x5520, 0x5522, 0x5523,
	0x5524, 0x5526, 0x5527, 0x552A, 0x552C, 0x552D, 0x552E, 0x552F, 0x5530, 0x5531, 0x5532, 0x5533,
	0x5534, 0x5535, 0x5536, 0x5537, 0x5538, 0x5539, 0x553B, 0x553C, 0x553E, 0x553F, 0x5540, 0x5541,
	0x5543, 0x5544, 0x5545, 0x5546, 0x5548, 0x5549, 0x554A, 0x554B, 0x554C, 0x554D, 0x554E, 0x554F,
	0x5550, 0x5551, 0x5552, 0x5553, 0x5555, 0x5556, 0x5557, 0x555C, 0x555D, 0x555E, 0x555F, 0x5561,
	0x5562, 0x5563, 0x5564, 0x5565, 0x5566, 0x5567, 0x556A, 0x556B, 0x556C, 0x556D, 0x556E, 0x5570,
	0x5574, 0x5575, 0x5576, 0x5577, 0x5578, 0x557B, 0x557C, 0x557D, 0x557E, 0x557F, 0x5580, 0x5581,
	0x5582, 0x5583, 0x5584, 0x5586, 0x5587, 0x5588, 0x5589, 0x558A, 0x558B, 0x558C, 0x558D, 0x558E,
	0x558F, 0x5591, 0x5592, 0x5593, 0x5594, 0x5595, 0x5598, 0x5599, 0x559A, 0x559C, 0x559D, 0x559E,
	0x559F, 0x55A1, 0x55A2, 0x55A3, 0x55A4, 0x55A5, 0x55A6, 0x55A7, 0x55A8, 0x55A9, 0x55AA, 0x55AB,
	0x55AC, 0x55AD, 0x55AE, 0x55B0, 0x55B1, 0x55B2, 0x55B3, 0x55B5, 0x55B6, 0x55B7, 0x55B9, 0x55BB,
	0x55BD, 0x55BE, 0x55BF, 0x55C0, 0x55C2, 0x55C3, 0x55C4, 0x55C5, 0x55C6, 0x55C7, 0x55C8, 0x55C9,
	0x55CA, 0x55CB, 0x55CC, 0x55CD, 0x55CE, 0x55CF, 0x55D0, 0x55D1, 0x55D2, 0x55D3, 0x55D4, 0x55D5,
	0x55D6, 0x55D9, 0x55DA, 0x55DB, 0x55DC, 0x55DD, 0x55DE, 0x55DF, 0x55E1, 0x55E2, 0x55E3, 0x55E4,
	0x55E5, 0x55E6, 0x55E8, 0x55E9, 0x55EA, 0x55EB, 0x55EC, 0x55EF, 0x55F2, 0x55F3, 0x55F5, 0x55F6,
	0x55F7, 0x55F9, 0x55FA, 0x55FC, 0x55FD, 0x55FE, 0x55FF, 0x5600, 0x5601, 0x5602, 0x5604, 0x5606,
	0x5608, 0x5609, 0x560C, 0x560D, 0x560E, 0x560F, 0x5610, 0x5612, 0x5613, 0x5614, 0x5615, 0x5616,
	0x5617, 0x5618, 0x561A, 0x561B, 0x561C, 0x561D, 0x561E, 0x561F, 0x5621, 0x5623, 0x5624, 0x5627,
	0x5629, 0x562A, 0x562C, 0x562D, 0x562E, 0x562F, 0x5630, 0x5631, 0x5632, 0x5633, 0x5634, 0x5635,
	0x5636, 0x5638, 0x5639, 0x563A, 0x563B, 0x563D, 0x563E, 0x563F, 0x5640, 0x5641, 0x5642, 0x5645,
	0x5646, 0x5647, 0x5648, 0x5649, 0x564A, 0x564C, 0x564D, 0x564E, 0x5650, 0x5653, 0x5654, 0x5657,
	0x5658, 0x5659, 0x565A, 0x565B, 0x565C, 0x565E, 0x5660, 0x5662, 0x5663, 0x5664, 0x5665, 0x5666,
	0x5668, 0x5669, 0x566A, 0x566B, 0x566C, 0x566D, 0x566E, 0x566F, 0x5670, 0x5671, 0x5672, 0x5673,
	0x5674, 0x5676, 0x5677, 0x5678, 0x5679, 0x567A, 0x567B, 0x567C, 0x567E, 0x567F, 0x5680, 0x5681,
	0x5682, 0x5683, 0x5684, 0x5685, 0x5686, 0x5687, 0x568A, 0x568C, 0x568D, 0x568E, 0x568F, 0x5690,
	0x5693, 0x5694, 0x5695, 0x5697, 0x5698, 0x5699, 0x569A, 0x569C, 0x569D, 0x56A0, 0x56A2, 0x56A3,
	0x56A5, 0x56A6, 0x56A7, 0x56A8, 0x56AA, 0x56AB, 0x56AC, 0x56AD, 0x56AE, 0x56AF, 0x56B2, 0x56B3,
	0x56B4, 0x56B5, 0x56B6, 0x56B7, 0x56BC, 0x56BD, 0x56BE, 0x56C0, 0x56C1, 0x56C2, 0x56C3, 0x56C5,
	0x56C6, 0x56C8, 0x56C9, 0x56CA, 0x56CB, 0x56CC, 0x56CD, 0x56CE, 0x56D1, 0x56D3, 0x56D4, 0x56D7,
	0x56D8, 0x56DA, 0x56DB, 0x56DD, 0x56DE, 0x56DF, 0x56E0, 0x56E1, 0x56E2, 0x56E3, 0x56E4, 0x56E5,
	0x56E7, 0x56EA, 0x56EB, 0x56ED, 0x56EE, 0x56F0, 0x56F1, 0x56F2, 0x56F3, 0x56F4, 0x56F5, 0x56F7,
	0x56F9, 0x56FA, 0x56FD, 0x56FE, 0x56FF, 0x5700, 0x5701, 0x5702, 0x5703, 0x5704, 0x5706, 0x5707,
	0x5708, 0x5709, 0x570A, 0x570B, 0x570C, 0x570D, 0x570F, 0x5710, 0x5712, 0x5713, 0x5714, 0x5716,
	0x5718, 0x5719, 0x571A, 0x571B, 0x571C, 0x571E, 0x571F, 0x5720, 0x5722, 0x5723, 0x5726, 0x5727,
	0x5728, 0x5729, 0x572A, 0x572B, 0x572C, 0x572D, 0x572E, 0x572F, 0x5730, 0x5732, 0x5733, 0x5734,
	0x5737, 0x5738, 0x5739, 0x573A, 0x573B, 0x573E, 0x5740, 0x5741, 0x5742, 0x5745, 0x5747, 0x5749,
	0x574A, 0x574B, 0x574C, 0x574D, 0x574E, 0x574F, 0x5750, 0x5751, 0x5752, 0x5757, 0x575A, 0x575B,
	0x575C, 0x575D, 0x575E, 0x575F, 0x5760, 0x5761, 0x5762, 0x5764, 0x5765, 0x5766, 0x5768, 0x5769,
	0x576A, 0x576B, 0x576C, 0x576D, 0x576F, 0x5770, 0x5771, 0x5772, 0x5773, 0x5774, 0x5775, 0x5776,
	0x5777, 0x577B, 0x577C, 0x577D, 0x577F, 0x5780, 0x5782, 0x5783, 0x5784, 0x5785, 0x5786, 0x5788,
	0x5789, 0x578B, 0x578C, 0x578D, 0x578E, 0x578F, 0x5792, 0x5793, 0x5794, 0x5795, 0x5797, 0x5798,
	0x5799, 0x579A, 0x579B, 0x579D, 0x579E, 0x579F, 0x57A0, 0x57A1, 0x57A2, 0x57A3, 0x57A4, 0x57A5,
	0x57A6, 0x57A7, 0x57A9, 0x57AA, 0x57AB, 0x57AD, 0x57AE, 0x57AF, 0x57B0, 0x57B1, 0x57B2, 0x57B3,
	0x57B4, 0x57B5, 0x57B6, 0x57B8, 0x57B9, 0x57BA, 0x57BC, 0x57BD, 0x57BE, 0x57BF, 0x57C0, 0x57C1,
	0x57C2, 0x57C3, 0x57C6, 0x57C7, 0x57CB, 0x57CC, 0x57CE, 0x57CF, 0x57D0, 0x57D2, 0x57D3, 0x57D4,
	0x57D5, 0x57D6, 0x57D7, 0x57D8, 0x57D9, 0x57DA, 0x57DC, 0x57DD, 0x57DF, 0x57E0, 0x57E1, 0x57E2,
	0x57E3, 0x57E4, 0x57E5, 0x57E7, 0x57E9, 0x57EA, 0x57EB, 0x57EC, 0x57ED, 0x57EE, 0x57EF, 0x57F0,
	0x57F1, 0x57F2, 0x57F3, 0x57F4, 0x57F5, 0x57F6, 0x57F7, 0x57F8, 0x57F9, 0x57FA, 0x57FB, 0x57FC,
	0x57FD, 0x5800, 0x5801, 0x5802, 0x5803, 0x5804, 0x5805, 0x5806, 0x5807, 0x5808, 0x5809, 0x580A,
	0x580B, 0x580C, 0x580D, 0x580E, 0x5810, 0x5811, 0x5814, 0x5815, 0x5819, 0x581B, 0x581C, 0x581D,
	0x581E, 0x5820, 0x5821, 0x5823, 0x5824, 0x5825, 0x5827, 0x5828, 0x5829, 0x582A, 0x582C, 0x582D,
	0x582E, 0x582F, 0x5830, 0x5831, 0x5832, 0x5833, 0x5834, 0x5835, 0x5836, 0x5837, 0x5838, 0x5839,
	0x583A, 0x583B, 0x583C, 0x583D, 0x583E, 0x583F, 0x5840, 0x5841, 0x5844, 0x5845, 0x5846, 0x5848,
	0x5849, 0x584A, 0x584B, 0x584C, 0x584D, 0x584E, 0x584F, 0x5851, 0x5852, 0x5853, 0x5854, 0x5855,
	0x5857, 0x5858, 0x5859, 0x585A, 0x585B, 0x585D, 0x585E, 0x5862, 0x5863, 0x5864, 0x5865, 0x5868,
	0x5869, 0x586B, 0x586C, 0x586D, 0x586F, 0x5870, 0x5871, 0x5872, 0x5874, 0x5875, 0x5876, 0x5879,
	0x587A, 0x587B, 0x587C, 0x587D, 0x587E, 0x587F, 0x5880, 0x5881, 0x5882, 0x5883, 0x5885, 0x5886,
	0x5887, 0x5888, 0x5889, 0x588A, 0x588B, 0x588E, 0x588F, 0x5890, 0x5891, 0x5892, 0x5893, 0x5894,
	0x5895, 0x5897, 0x5898, 0x5899, 0x589A, 0x589C, 0x589D, 0x589E, 0x589F, 0x58A0, 0x58A1, 0x58A3,
	0x58A5, 0x58A6, 0x58A8, 0x58A9, 0x58AB, 0x58AC, 0x58AE, 0x58AF, 0x58B1, 0x58B3, 0x58B8, 0x58B9,
	0x58BA, 0x58BB, 0x58BC, 0x58BD, 0x58BE, 0x58BF, 0x58C1, 0x58C2, 0x58C5, 0x58C6, 0x58C7, 0x58C8,
	0x58C9, 0x58CA, 0x58CC, 0x58CE, 0x58CF, 0x58D1, 0x58D2, 0x58D3, 0x58D4, 0x58D5, 0x58D6, 0x58D7,
	0x58D8, 0x58D9, 0x58DA, 0x58DB, 0x58DC, 0x58DD, 0x58DE, 0x58DF, 0x58E2, 0x58E3, 0x58E4, 0x58E5,
	0x58E7, 0x58E8, 0x58E9, 0x58EB, 0x58EC, 0x58EE, 0x58EF, 0x58F0, 0x58F1, 0x58F2, 0x58F3, 0x58F4,
	0x58F6, 0x58F7, 0x58F8, 0x58F9, 0x58FA, 0x58FB, 0x58FC, 0x58FD, 0x58FE, 0x58FF, 0x5902, 0x5903,
	0x5904, 0x5906, 0x5907, 0x5909, 0x590A, 0x590C, 0x590D, 0x590E, 0x590F, 0x5910, 0x5912, 0x5914,
	0x5915, 0x5916, 0x5917, 0x5918, 0x5919, 0x591A, 0x591B, 0x591C, 0x591F, 0x5920, 0x5922, 0x5924,
	0x5925, 0x5927, 0x5929, 0x592A, 0x592B, 0x592C, 0x592D, 0x592E, 0x592F, 0x5931, 0x5932, 0x5934,
	0x5937, 0x5938, 0x5939, 0x593A, 0x593C, 0x593E, 0x5940, 0x5941, 0x5942, 0x5944, 0x5945, 0x5947,
	0x5948, 0x5949, 0x594A, 0x594B, 0x594E, 0x594F, 0x5950, 0x5951, 0x5953, 0x5954, 0x5955, 0x5956,
	0x5957, 0x5958, 0x595A, 0x595C, 0x5960, 0x5961, 0x5962, 0x5965, 0x5967, 0x5968, 0x5969, 0x596A,
	0x596B, 0x596C, 0x596D, 0x596E, 0x5970, 0x5971, 0x5972, 0x5973, 0x5974, 0x5976, 0x5977, 0x5978,
	0x5979, 0x597B, 0x597C, 0x597D, 0x597E, 0x597F, 0x5980, 0x5981, 0x5982, 0x5983, 0x5984, 0x5985,
	0x5986, 0x5987, 0x5988, 0x598A, 0x598D, 0x598E, 0x598F, 0x5990, 0x5992, 0x5993, 0x5996, 0x5997,
	0x5998, 0x5999, 0x599B, 0x599D, 0x599E, 0x59A0, 0x59A1, 0x59A2, 0x59A3, 0x59A4, 0x59A5, 0x59A6,
	0x59A7, 0x59A8, 0x59A9, 0x59AA, 0x59AB, 0x59AC, 0x59AD, 0x59AE, 0x59AF, 0x59B1, 0x59B2, 0x59B3,
	0x59B4, 0x59B5, 0x59B6, 0x59B9, 0x59BA, 0x59BB, 0x59BC, 0x59BD, 0x59BE, 0x59C0, 0x59C1, 0x59C3,
	0x59C5, 0x59C6, 0x59C7, 0x59C8, 0x59C9, 0x59CA, 0x59CB, 0x59CC, 0x59CD, 0x59CE, 0x59CF, 0x59D0,
	0x59D1, 0x59D2, 0x59D3, 0x59D4, 0x59D6, 0x59D7, 0x59D8, 0x59D9, 0x59DA, 0x59DB, 0x59DC, 0x59DD,
	0x59DE, 0x59E0, 0x59E1, 0x59E3, 0x59E4, 0x59E5, 0x59E6, 0x59E8, 0x59E9, 0x59EA, 0x59EB, 0x59EC,
	0x59ED, 0x59EE, 0x59F1, 0x59F2, 0x59F3, 0x59F4, 0x59F5, 0x59F6, 0x59F7, 0x59F9, 0x59FA, 0x59FB,
	0x59FC, 0x59FD, 0x59FE, 0x59FF, 0x5A00, 0x5A01, 0x5A03, 0x5A04, 0x5A05, 0x5A06, 0x5A07, 0x5A08,
	0x5A09, 0x5A0A, 0x5A0C, 0x5A0F, 0x5A11, 0x5A13, 0x5A15, 0x5A16, 0x5A17, 0x5A18, 0x5A19, 0x5A1A,
	0x5A1B, 0x5A1C, 0x5A1E, 0x5A1F, 0x5A20, 0x5A23, 0x5A25, 0x5A29, 0x5A2D, 0x5A2E, 0x5A2F, 0x5A31,
	0x5A32, 0x5A33, 0x5A34, 0x5A35, 0x5A36, 0x5A37, 0x5A38, 0x5A39, 0x5A3C, 0x5A3E, 0x5A40, 0x5A41,
	0x5A42, 0x5A43, 0x5A44, 0x5A46, 0x5A47, 0x5A48, 0x5A49, 0x5A4A, 0x5A4C, 0x5A4D, 0x5A50, 0x5A51,
	0x5A52, 0x5A53, 0x5A55, 0x5A56, 0x5A57, 0x5A58, 0x5A5A, 0x5A5B, 0x5A5C, 0x5A5D, 0x5A5E, 0x5A5F,
	0x5A60, 0x5A62, 0x5A64, 0x5A65, 0x5A66, 0x5A67, 0x5A69, 0x5A6A, 0x5A6B, 0x5A6C, 0x5A6D, 0x5A70,
	0x5A73, 0x5A74, 0x5A75, 0x5A76, 0x5A77, 0x5A78, 0x5A7A, 0x5A7B, 0x5A7C, 0x5A7D, 0x5A7F, 0x5A82,
	0x5A83, 0x5A84, 0x5A86, 0x5A8A, 0x5A8B, 0x5A8C, 0x5A8E, 0x5A8F, 0x5A90, 0x5A92, 0x5A93, 0x5A94,
	0x5A95, 0x5A96, 0x5A97, 0x5A9A, 0x5A9B, 0x5A9C, 0x5A9D, 0x5A9E, 0x5A9F, 0x5AA2, 0x5AA5, 0x5AA6,
	0x5AA7, 0x5AA9, 0x5AAA, 0x5AAC, 0x5AAD, 0x5AAE, 0x5AAF, 0x5AB0, 0x5AB1, 0x5AB2, 0x5AB3, 0x5AB4,
	0x5AB5, 0x5AB6, 0x5AB7, 0x5AB8, 0x5AB9, 0x5ABA, 0x5ABB, 0x5ABC, 0x5ABD, 0x5ABE, 0x5ABF, 0x5AC0,
	0x5AC1, 0x5AC2, 0x5AC4, 0x5AC6, 0x5AC7, 0x5AC8, 0x5AC9, 0x5ACA, 0x5ACB, 0x5ACC, 0x5ACD, 0x5AD0,
	0x5AD2, 0x5AD4, 0x5AD5, 0x5AD6, 0x5AD7, 0x5AD8, 0x5AD9, 0x5ADA, 0x5ADB, 0x5ADC, 0x5ADD, 0x5ADE,
	0x5ADF, 0x5AE0, 0x5AE1, 0x5AE2, 0x5AE3, 0x5AE5, 0x5AE6, 0x5AE8, 0x5AE9, 0x5AEA, 0x5AEB, 0x5AEC,
	0x5AED, 0x5AEE, 0x5AF1, 0x5AF3, 0x5AF4, 0x5AF5, 0x5AF6, 0x5AF7, 0x5AF8, 0x5AF9, 0x5AFA, 0x5AFB,
	0x5AFD, 0x5AFF, 0x5B01, 0x5B02, 0x5B03, 0x5B05, 0x5B07, 0x5B08, 0x5B09, 0x5B0B, 0x5B0C, 0x5B0F,
	0x5B10, 0x5B13, 0x5B14, 0x5B16, 0x5B17, 0x5B19, 0x5B1A, 0x5B1B, 0x5B1D, 0x5B1E, 0x5B20, 0x5B21,
	0x5B22, 0x5B23, 0x5B24, 0x5B25, 0x5B26, 0x5B27, 0x5B28, 0x5B2A, 0x5B2C, 0x5B2D, 0x5B2E, 0x5B2F,
	0x5B30, 0x5B32, 0x5B34, 0x5B36, 0x5B37, 0x5B38, 0x5B3C, 0x5B3D, 0x5B3E, 0x5B3F, 0x5B40, 0x5B43,
	0x5B45, 0x5B47, 0x5B48, 0x5B4B, 0x5B4C, 0x5B4D, 0x5B4E, 0x5B50, 0x5B51, 0x5B53, 0x5B54, 0x5B55,
	0x5B56, 0x5B57, 0x5B58, 0x5B59, 0x5B5A, 0x5B5B, 0x5B5C, 0x5B5D, 0x5B5F, 0x5B62, 0x5B63, 0x5B64,
	0x5B65, 0x5B66, 0x5B69, 0x5B6A, 0x5B6B, 0x5B6C, 0x5B6E, 0x5B70, 0x5B71, 0x5B72, 0x5B73, 0x5B75,
	0x5B77, 0x5B78, 0x5B7A, 0x5B7B, 0x5B7D, 0x5B7F, 0x5B80, 0x5B81, 0x5B83, 0x5B84, 0x5B85, 0x5B87,
	0x5B88, 0x5B89, 0x5B8B, 0x5B8C, 0x5B8D, 0x5B8E, 0x5B8F, 0x5B92, 0x5B93, 0x5B95, 0x5B97, 0x5B98,
	0x5B99, 0x5B9A, 0x5B9B, 0x5B9C, 0x5B9D, 0x5B9E, 0x5B9F, 0x5BA0, 0x5BA1, 0x5BA2, 0x5BA3, 0x5BA4,
	0x5BA5, 0x5BA6, 0x5BA7, 0x5BA8, 0x5BAA, 0x5BAB, 0x5BAC, 0x5BAD, 0x5BAE, 0x5BB0, 0x5BB3, 0x5BB4,
	0x5BB5, 0x5BB6, 0x5BB8, 0x5BB9, 0x5BBD, 0x5BBE, 0x5BBF, 0x5BC0, 0x5BC1, 0x5BC2, 0x5BC3, 0x5BC4,
	0x5BC5, 0x5BC6, 0x5BC7, 0x5BC9, 0x5BCA, 0x5BCB, 0x5BCC, 0x5BCD, 0x5BCE, 0x5BD0, 0x5BD1, 0x5BD2,
	0x5BD3, 0x5BD4, 0x5BD6, 0x5BD8, 0x5BD9, 0x5BDB, 0x5BDD, 0x5BDE, 0x5BDF, 0x5BE0, 0x5BE1, 0x5BE2,
	0x5BE3, 0x5BE4, 0x5BE5, 0x5BE6, 0x5BE7, 0x5BE8, 0x5BE9, 0x5BEA, 0x5BEB, 0x5BEC, 0x5BEE, 0x5BEF,
	0x5BF0, 0x5BF1, 0x5BF2, 0x5BF3, 0x5BF5, 0x5BF6, 0x5BF8, 0x5BF9, 0x5BFA, 0x5BFB, 0x5BFC, 0x5BFE,
	0x5BFF, 0x5C01, 0x5C02, 0x5C03, 0x5C04, 0x5C05, 0x5C06, 0x5C07, 0x5C08, 0x5C09, 0x5C0A, 0x5C0B,
	0x5C0C, 0x5C0D, 0x5C0E, 0x5C0F, 0x5C10, 0x5C11, 0x5C12, 0x5C13, 0x5C14, 0x5C15, 0x5C16, 0x5C18,
	0x5C1A, 0x5C1C, 0x5C1D, 0x5C1F, 0x5C20, 0x5C22, 0x5C24, 0x5C25, 0x5C27, 0x5C28, 0x5C2A, 0x5C2C,
	0x5C2D, 0x5C30, 0x5C31, 0x5C33, 0x5C34, 0x5C37, 0x5C38, 0x5C39, 0x5C3A, 0x5C3B, 0x5C3C, 0x5C3D,
	0x5C3E, 0x5C3F, 0x5C40, 0x5C41, 0x5C42, 0x5C43, 0x5C44, 0x5C45, 0x5C46, 0x5C47, 0x5C48, 0x5C49,
	0x5C4A, 0x5C4B, 0x5C4C, 0x5C4D, 0x5C4E, 0x5C4F, 0x5C50, 0x5C51, 0x5C53, 0x5C54, 0x5C55, 0x5C56,
	0x5C59, 0x5C5C, 0x5C5D, 0x5C5E, 0x5C60, 0x5C61, 0x5C62, 0x5C63, 0x5C64, 0x5C65, 0x5C66, 0x5C67,
	0x5C68, 0x5C69, 0x5C6A, 0x5C6C, 0x5C6D, 0x5C6E, 0x5C6F, 0x5C71, 0x5C73, 0x5C74, 0x5C76, 0x5C79,
	0x5C7A, 0x5C7B, 0x5C7C, 0x5C7E, 0x5C7F, 0x5C81, 0x5C82, 0x5C86, 0x5C88, 0x5C89, 0x5C8A, 0x5C8B,
	0x5C8C, 0x5C8D, 0x5C8F, 0x5C90, 0x5C91, 0x5C92, 0x5C93, 0x5C94, 0x5C95, 0x5C96, 0x5C97, 0x5C98,
	0x5C99, 0x5C9A, 0x5C9B, 0x5C9C, 0x5C9D, 0x5C9E, 0x5C9F, 0x5CA0, 0x5CA1, 0x5CA2, 0x5CA3, 0x5CA4,
	0x5CA5, 0x5CA6, 0x5CA7, 0x5CA8, 0x5CA9, 0x5CAA, 0x5CAB, 0x5CAC, 0x5CAD, 0x5CAE, 0x5CAF, 0x5CB0,
	0x5CB1, 0x5CB3, 0x5CB5, 0x5CB6, 0x5CB7, 0x5CB8, 0x5CBB, 0x5CBC, 0x5CBD, 0x5CBE, 0x5CBF, 0x5CC1,
	0x5CC2, 0x5CC3, 0x5CC4, 0x5CC5, 0x5CC6, 0x5CC7, 0x5CC8, 0x5CC9, 0x5CCA, 0x5CCB, 0x5CCC, 0x5CCE,
	0x5CCF, 0x5CD0, 0x5CD2, 0x5CD3, 0x5CD4, 0x5CD6, 0x5CD7, 0x5CD8, 0x5CD9, 0x5CDA, 0x5CDB, 0x5CDE,
	0x5CDF, 0x5CE0, 0x5CE1, 0x5CE3, 0x5CE4, 0x5CE5, 0x5CE6, 0x5CE7, 0x5CE8, 0x5CE9, 0x5CEA, 0x5CEC,
	0x5CED, 0x5CEE, 0x5CEF, 0x5CF0, 0x5CF1, 0x5CF4, 0x5CF6, 0x5CF7, 0x5CF8, 0x5CF9, 0x5CFA, 0x5CFB,
	0x5CFD, 0x5CFF, 0x5D00, 0x5D01, 0x5D02, 0x5D03, 0x5D04, 0x5D06, 0x5D07, 0x5D0B, 0x5D0C, 0x5D0D,
	0x5D0E, 0x5D0F, 0x5D11, 0x5D12, 0x5D14, 0x5D15, 0x5D16, 0x5D17, 0x5D18, 0x5D19, 0x5D1A, 0x5D1B,
	0x5D1D, 0x5D1E, 0x5D1F, 0x5D20, 0x5D21, 0x5D22, 0x5D23, 0x5D24, 0x5D25, 0x5D26, 0x5D27, 0x5D28,
	0x5D29, 0x5D2D, 0x5D2E, 0x5D30, 0x5D31, 0x5D32, 0x5D33, 0x5D34, 0x5D35, 0x5D36, 0x5D37, 0x5D38,
	0x5D39, 0x5D3A, 0x5D3C, 0x5D3D, 0x5D3E, 0x5D3F, 0x5D40, 0x5D41, 0x5D42, 0x5D43, 0x5D45, 0x5D47,
	0x5D49, 0x5D4A, 0x5D4B, 0x5D4C, 0x5D4E, 0x5D50, 0x5D51, 0x5D52, 0x5D55, 0x5D56, 0x5D58, 0x5D59,
	0x5D5A, 0x5D5B, 0x5D5C, 0x5D5D, 0x5D5E, 0x5D62, 0x5D63, 0x5D65, 0x5D67, 0x5D68, 0x5D69, 0x5D6B,
	0x5D6C, 0x5D6F, 0x5D71, 0x5D72, 0x5D73, 0x5D74, 0x5D76, 0x5D77, 0x5D79, 0x5D7A, 0x5D7C, 0x5D7D,
	0x5D7E, 0x5D7F, 0x5D80, 0x5D81, 0x5D82, 0x5D84, 0x5D85, 0x5D86, 0x5D87, 0x5D88, 0x5D89, 0x5D8A,
	0x5D8B, 0x5D8C, 0x5D8D, 0x5D90, 0x5D92, 0x5D93, 0x5D94, 0x5D95, 0x5D97, 0x5D99, 0x5D9A, 0x5D9C,
	0x5D9D, 0x5D9E, 0x5D9F, 0x5DA0, 0x5DA1, 0x5DA2, 0x5DA6, 0x5DA7, 0x5DA8, 0x5DA9, 0x5DAA, 0x5DAC,
	0x5DAD, 0x5DAE, 0x5DAF, 0x5DB0, 0x5DB1, 0x5DB2, 0x5DB4, 0x5DB5, 0x5DB7, 0x5DB8, 0x5DBA, 0x5DBC,
	0x5DBD, 0x5DC0, 0x5DC2, 0x5DC3, 0x5DC5, 0x5DC6, 0x5DC7, 0x5DC9, 0x5DCB, 0x5DCC, 0x5DCD, 0x5DCF,
	0x5DD1, 0x5DD2, 0x5DD3, 0x5DD4, 0x5DD5, 0x5DD6, 0x5DD8, 0x5DDB, 0x5DDD, 0x5DDE, 0x5DDF, 0x5DE0,
	0x5DE1, 0x5DE2, 0x5DE3, 0x5DE5, 0x5DE6, 0x5DE7, 0x5DE8, 0x5DE9, 0x5DEB, 0x5DEE, 0x5DEF, 0x5DF0,
	0x5DF1, 0x5DF2, 0x5DF3, 0x5DF4, 0x5DF5, 0x5DF7, 0x5DF9, 0x5DFB, 0x5DFD, 0x5DFE, 0x5DFF, 0x5E01,
	0x5E02, 0x5E03, 0x5E04, 0x5E05, 0x5E06, 0x5E08, 0x5E0A, 0x5E0B, 0x5E0C, 0x5E0E, 0x5E0F, 0x5E10,
	0x5E11, 0x5E14, 0x5E15, 0x5E16, 0x5E17, 0x5E18, 0x5E19, 0x5E1A, 0x5E1B, 0x5E1C, 0x5E1D, 0x5E1F,
	0x5E20, 0x5E21, 0x5E22, 0x5E23, 0x5E24, 0x5E25, 0x5E26, 0x5E27, 0x5E28, 0x5E29, 0x5E2B, 0x5E2D,
	0x5E2E, 0x5E2F, 0x5E30, 0x5E31, 0x5E33, 0x5E34, 0x5E36, 0x5E37, 0x5E38, 0x5E3B, 0x5E3C, 0x5E3D,
	0x5E3E, 0x5E40, 0x5E41, 0x5E42, 0x5E43, 0x5E44, 0x5E45, 0x5E47, 0x5E4A, 0x5E4B, 0x5E4C, 0x5E4D,
	0x5E4E, 0x5E4F, 0x5E53, 0x5E54, 0x5E55, 0x5E56, 0x5E57, 0x5E58, 0x5E59, 0x5E5B, 0x5E5C, 0x5E5D,
	0x5E5E, 0x5E5F, 0x5E60, 0x5E61, 0x5E62, 0x5E63, 0x5E64, 0x5E66, 0x5E67, 0x5E68, 0x5E69, 0x5E6A,
	0x5E6B, 0x5E6C, 0x5E6D, 0x5E6E, 0x5E6F, 0x5E70, 0x5E72, 0x5E73, 0x5E74, 0x5E75, 0x5E76, 0x5E78,
	0x5E79, 0x5E7A, 0x5E7B, 0x5E7C, 0x5E7D, 0x5E7E, 0x5E7F, 0x5E80, 0x5E81, 0x5E82, 0x5E83, 0x5E84,
	0x5E86, 0x5E87, 0x5E88, 0x5E89, 0x5E8A, 0x5E8B, 0x5E8C, 0x5E8D, 0x5E8F, 0x5E90, 0x5E91, 0x5E93,
	0x5E94, 0x5E95, 0x5E96, 0x5E97, 0x5E99, 0x5E9A, 0x5E9B, 0x5E9C, 0x5E9E, 0x5E9F, 0x5EA0, 0x5EA2,
	0x5EA3, 0x5EA4, 0x5EA5, 0x5EA6, 0x5EA7, 0x5EA8, 0x5EAA, 0x5EAB, 0x5EAC, 0x5EAD, 0x5EAE, 0x5EB0,
	0x5EB1, 0x5EB2, 0x5EB3, 0x5EB4, 0x5EB5, 0x5EB6, 0x5EB7, 0x5EB8, 0x5EB9, 0x5EBC, 0x5EBE, 0x5EC1,
	0x5EC2, 0x5EC3, 0x5EC4, 0x5EC5, 0x5EC6, 0x5EC7, 0x5EC8, 0x5EC9, 0x5ECA, 0x5ECB, 0x5ECC, 0x5ECE,
	0x5ECF, 0x5ED0, 0x5ED1, 0x5ED2, 0x5ED3, 0x5ED4, 0x5ED5, 0x5ED6, 0x5ED7, 0x5ED8, 0x5ED9, 0x5EDA,
	0x5EDB, 0x5EDC, 0x5EDD, 0x5EDE, 0x5EDF, 0x5EE0, 0x5EE1, 0x5EE2, 0x5EE3, 0x5EE5, 0x5EE6, 0x5EE7,
	0x5EE8, 0x5EE9, 0x5EEA, 0x5EEC, 0x5EEE, 0x5EEF, 0x5EF0, 0x5EF1, 0x5EF2, 0x5EF3, 0x5EF4, 0x5EF6,
	0x5EF7, 0x5EF8, 0x5EFA, 0x5EFB, 0x5EFC, 0x5EFE, 0x5EFF, 0x5F00, 0x5F01, 0x5F02, 0x5F03, 0x5F04,
	0x5F05, 0x5F06, 0x5F07, 0x5F08, 0x5F09, 0x5F0A, 0x5F0B, 0x5F0C, 0x5F0D, 0x5F0F, 0x5F10, 0x5F11,
	0x5F12, 0x5F13, 0x5F14, 0x5F15, 0x5F16, 0x5F17, 0x5F18, 0x5F1A, 0x5F1B, 0x5F1D, 0x5F1F, 0x5F20,
	0x5F22, 0x5F23, 0x5F24, 0x5F25, 0x5F26, 0x5F27, 0x5F28, 0x5F29, 0x5F2A, 0x5F2D, 0x5F2E, 0x5F2F,
	0x5F30, 0x5F31, 0x5F33, 0x5F35, 0x5F36, 0x5F37, 0x5F38, 0x5F39, 0x5F3A, 0x5F3C, 0x5F3E, 0x5F40,
	0x5F41, 0x5F43, 0x5F44, 0x5F46, 0x5F48, 0x5F49, 0x5F4A, 0x5F4B, 0x5F4C, 0x5F4E, 0x5F4F, 0x5F50,
	0x5F51, 0x5F52, 0x5F53, 0x5F54, 0x5F55, 0x5F56, 0x5F57, 0x5F58, 0x5F59, 0x5F5C, 0x5F5D, 0x5F5F,
	0x5F61, 0x5F62, 0x5F64, 0x5F65, 0x5F66, 0x5F67, 0x5F69, 0x5F6A, 0x5F6B, 0x5F6C, 0x5F6D, 0x5F6F,
	0x5F70, 0x5F71, 0x5F73, 0x5F74, 0x5F76, 0x5F77, 0x5F78, 0x5F79, 0x5F7B, 0x5F7C, 0x5F7D, 0x5F7E,
	0x5F7F, 0x5F80, 0x5F81, 0x5F82, 0x5F83, 0x5F84, 0x5F85, 0x5F86, 0x5F87, 0x5F88, 0x5F89, 0x5F8A,
	0x5F8B, 0x5F8C, 0x5F90, 0x5F91, 0x5F92, 0x5F93, 0x5F95, 0x5F96, 0x5F97, 0x5F98, 0x5F99, 0x5F9B,
	0x5F9C, 0x5F9E, 0x5F9F, 0x5FA0, 0x5FA1, 0x5FA5, 0x5FA6, 0x5FA8, 0x5FA9, 0x5FAA, 0x5FAB, 0x5FAC,
	0x5FAD, 0x5FAE, 0x5FAF, 0x5FB2, 0x5FB3, 0x5FB4, 0x5FB5, 0x5FB6, 0x5FB7, 0x5FB9, 0x5FBB, 0x5FBC,
	0x5FBD, 0x5FBE, 0x5FBF, 0x5FC0, 0x5FC1, 0x5FC3, 0x5FC4, 0x5FC5, 0x5FC6, 0x5FC9, 0x5FCC, 0x5FCD,
	0x5FCF, 0x5FD0, 0x5FD1, 0x5FD2, 0x5FD4, 0x5FD5, 0x5FD6, 0x5FD7, 0x5FD8, 0x5FD9, 0x5FDC, 0x5FDD,
	0x5FDE, 0x5FE0, 0x5FE1, 0x5FE3, 0x5FE4, 0x5FE5, 0x5FE7, 0x5FE8, 0x5FEA, 0x5FEB, 0x5FED, 0x5FEE,
	0x5FEF, 0x5FF0, 0x5FF1, 0x5FF3, 0x5FF4, 0x5FF5, 0x5FF7, 0x5FF8, 0x5FFA, 0x5FFB, 0x5FFD, 0x5FFE,
	0x5FFF, 0x6000, 0x6001, 0x6002, 0x6003, 0x6004, 0x6005, 0x6006, 0x6009, 0x600A, 0x600B, 0x600C,
	0x600D, 0x600E, 0x600F, 0x6010, 0x6011, 0x6012, 0x6013, 0x6014, 0x6015, 0x6016, 0x6017, 0x6019,
	0x601A, 0x601B, 0x601C, 0x601D, 0x601E, 0x6020, 0x6021, 0x6022, 0x6024, 0x6025, 0x6026, 0x6027,
	0x6028, 0x6029, 0x602A, 0x602B, 0x602C, 0x602D, 0x602E, 0x602F, 0x6031, 0x6032, 0x6033, 0x6034,
	0x6035, 0x6037, 0x6039, 0x603A, 0x603B, 0x603C, 0x603F, 0x6040, 0x6041, 0x6042, 0x6043, 0x6044,
	0x6045, 0x6046, 0x6047, 0x6049, 0x604A, 0x604B, 0x604C, 0x604D, 0x6050, 0x6052, 0x6053, 0x6054,
	0x6055, 0x6058, 0x6059, 0x605A, 0x605B, 0x605D, 0x605E, 0x605F, 0x6060, 0x6062, 0x6063, 0x6064,
	0x6065, 0x6066, 0x6067, 0x6068, 0x6069, 0x606A, 0x606B, 0x606C, 0x606D, 0x606E, 0x606F, 0x6070,
	0x6072, 0x6073, 0x6075, 0x6076, 0x6077, 0x6078, 0x6079, 0x607A, 0x607B, 0x607C, 0x607D, 0x607F,
	0x6080, 0x6081, 0x6083, 0x6084, 0x6085, 0x6086, 0x6087, 0x6088, 0x6089, 0x608A, 0x608B, 0x608C,
	0x608D, 0x608E, 0x6090, 0x6092, 0x6094, 0x6095, 0x6096, 0x6097, 0x609A, 0x609B, 0x609C, 0x609D,
	0x609F, 0x60A0, 0x60A2, 0x60A3, 0x60A6, 0x60A7, 0x60A8, 0x60A9, 0x60AA, 0x60AB, 0x60AC, 0x60AD,
	0x60AF, 0x60B0, 0x60B1, 0x60B2, 0x60B3, 0x60B4, 0x60B5, 0x60B6, 0x60B7, 0x60B8, 0x60B9, 0x60BA,
	0x60BB, 0x60BC, 0x60BD, 0x60BE, 0x60BF, 0x60C0, 0x60C1, 0x60C3, 0x60C4, 0x60C5, 0x60C6, 0x60C7,
	0x60C8, 0x60C9, 0x60CA, 0x60CB, 0x60CC, 0x60CD, 0x60CE, 0x60CF, 0x60D1, 0x60D3, 0x60D4, 0x60D5,
	0x60D8, 0x60D9, 0x60DA, 0x60DB, 0x60DC, 0x60DD, 0x60DF, 0x60E0, 0x60E1, 0x60E2, 0x60E3, 0x60E4,
	0x60E6, 0x60E7, 0x60E8, 0x60E9, 0x60EB, 0x60EC, 0x60ED, 0x60EE, 0x60EF, 0x60F0, 0x60F1, 0x60F2,
	0x60F3, 0x60F4, 0x60F5, 0x60F6, 0x60F7, 0x60F8, 0x60F9, 0x60FA, 0x60FB, 0x60FC, 0x60FE, 0x60FF,
	0x6100, 0x6101, 0x6103, 0x6104, 0x6105, 0x6106, 0x6108, 0x6109, 0x610A, 0x610B, 0x610D, 0x610E,
	0x610F, 0x6110, 0x6112, 0x6113, 0x6114, 0x6115, 0x6116, 0x6118, 0x611A, 0x611B, 0x611C, 0x611D,
	0x611F, 0x6120, 0x6121, 0x6123, 0x6124, 0x6126, 0x6127, 0x6128, 0x6129, 0x612B, 0x612C, 0x612D,
	0x612E, 0x612F, 0x6132, 0x6134, 0x6136, 0x6137, 0x613B, 0x613C, 0x613D, 0x613E, 0x613F, 0x6140,
	0x6141, 0x6142, 0x6144, 0x6145, 0x6146, 0x6147, 0x6148, 0x6149, 0x614A, 0x614B, 0x614C, 0x614D,
	0x614E, 0x614F, 0x6151, 0x6152, 0x6153, 0x6154, 0x6155, 0x6156, 0x6158, 0x6159, 0x615A, 0x615B,
	0x615D, 0x615E, 0x615F, 0x6161, 0x6162, 0x6163, 0x6165, 0x6166, 0x6167, 0x6168, 0x616A, 0x616B,
	0x616C, 0x616D, 0x616E, 0x616F, 0x6170, 0x6171, 0x6172, 0x6173, 0x6174, 0x6175, 0x6176, 0x6177,
	0x6179, 0x617A, 0x617C, 0x617E, 0x6180, 0x6182, 0x6183, 0x6187, 0x6189, 0x618A, 0x618B, 0x618C,
	0x618D, 0x618E, 0x6190, 0x6191, 0x6192, 0x6193, 0x6194, 0x6195, 0x6196, 0x6199, 0x619A, 0x619B,
	0x619D, 0x619F, 0x61A1, 0x61A2, 0x61A4, 0x61A7, 0x61A8, 0x61A9, 0x61AA, 0x61AB, 0x61AC, 0x61AD,
	0x61AE, 0x61AF, 0x61B0, 0x61B1, 0x61B2, 0x61B3, 0x61B4, 0x61B5, 0x61B6, 0x61B7, 0x61B8, 0x61BA,
	0x61BC, 0x61BE, 0x61BF, 0x61C1, 0x61C2, 0x61C3, 0x61C5, 0x61C6, 0x61C7, 0x61C8, 0x61C9, 0x61CA,
	0x61CB, 0x61CC, 0x61CD, 0x61D0, 0x61D1, 0x61D2, 0x61D4, 0x61D6, 0x61D8, 0x61DE, 0x61DF, 0x61E0,
	0x61E3, 0x61E4, 0x61E5, 0x61E6, 0x61E7, 0x61E8, 0x61E9, 0x61EA, 0x61EB, 0x61ED, 0x61EE, 0x61F0,
	0x61F1, 0x61F2, 0x61F4, 0x61F5, 0x61F6, 0x61F7, 0x61F8, 0x61F9, 0x61FA, 0x61FB, 0x61FC, 0x61FD,
	0x61FE, 0x61FF, 0x6200, 0x6201, 0x6203, 0x6204, 0x6206, 0x6207, 0x6208, 0x6209, 0x620A, 0x620B,
	0x620C, 0x620D, 0x620E, 0x620F, 0x6210, 0x6211, 0x6212, 0x6214, 0x6215, 0x6216, 0x6217, 0x6218,
	0x6219, 0x621A, 0x621B, 0x621D, 0x621E, 0x621F, 0x6220, 0x6221, 0x6222, 0x6223, 0x6224, 0x6225,
	0x6226, 0x6227, 0x6229, 0x622A, 0x622B, 0x622C, 0x622D, 0x622E, 0x622F, 0x6230, 0x6232, 0x6233,
	0x6234, 0x6236, 0x6237, 0x6238, 0x623A, 0x623B, 0x623D, 0x623E, 0x623F, 0x6240, 0x6241, 0x6242,
	0x6243, 0x6245, 0x6246, 0x6247, 0x6248, 0x6249, 0x624A, 0x624B, 0x624C, 0x624D, 0x624E, 0x6250,
	0x6251, 0x6252, 0x6253, 0x6254, 0x6255, 0x6258, 0x6259, 0x625A, 0x625B, 0x625C, 0x625E, 0x6260,
	0x6261, 0x6262, 0x6263, 0x6264, 0x6265, 0x6266, 0x6267, 0x6268, 0x6269, 0x626A, 0x626B, 0x626C,
	0x626D, 0x626E, 0x626F, 0x6270, 0x6271, 0x6272, 0x6273, 0x6274, 0x6276, 0x6277, 0x6279, 0x627A,
	0x627B, 0x627C, 0x627D, 0x627E, 0x627F, 0x6280, 0x6281, 0x6282, 0x6283, 0x6284, 0x6286, 0x6287,
	0x6288, 0x6289, 0x628A, 0x628C, 0x628E, 0x628F, 0x6291, 0x6292, 0x6293, 0x6294, 0x6295, 0x6296,
	0x6297, 0x6298, 0x629A, 0x629B, 0x629C, 0x629E, 0x629F, 0x62A0, 0x62A1, 0x62A2, 0x62A4, 0x62A5,
	0x62A8, 0x62A9, 0x62AA, 0x62AB, 0x62AC, 0x62AD, 0x62AE, 0x62AF, 0x62B0, 0x62B1, 0x62B3, 0x62B4,
	0x62B5, 0x62B6, 0x62B8, 0x62B9, 0x62BB, 0x62BC, 0x62BD, 0x62BE, 0x62BF, 0x62C2, 0x62C3, 0x62C4,
	0x62C5, 0x62C6, 0x62C7, 0x62C8, 0x62C9, 0x62CA, 0x62CB, 0x62CC, 0x62CD, 0x62CE, 0x62CF, 0x62D0,
	0x62D1, 0x62D2, 0x62D3, 0x62D4, 0x62D6, 0x62D7, 0x62D8, 0x62D9, 0x62DA, 0x62DB, 0x62DC, 0x62DD,
	0x62DF, 0x62E0, 0x62E1, 0x62E2, 0x62E3, 0x62E4, 0x62E5, 0x62E6, 0x62E7, 0x62E8, 0x62E9, 0x62EB,
	0x62EC, 0x62ED, 0x62EE, 0x62EF, 0x62F0, 0x62F1, 0x62F2, 0x62F3, 0x62F4, 0x62F5, 0x62F6, 0x62F7,
	0x62F8, 0x62F9, 0x62FA, 0x62FB, 0x62FC, 0x62FD, 0x62FE, 0x62FF, 0x6300, 0x6301, 0x6302, 0x6303,
	0x6307, 0x6308, 0x6309, 0x630B, 0x630C, 0x630D, 0x630E, 0x630F, 0x6310, 0x6311, 0x6313, 0x6314,
	0x6315, 0x6316, 0x6319, 0x631A, 0x631B, 0x631D, 0x631E, 0x631F, 0x6320, 0x6321, 0x6322, 0x6323,
	0x6324, 0x6325, 0x6326, 0x6327, 0x6328, 0x6329, 0x632A, 0x632B, 0x632C, 0x632D, 0x632F, 0x6332,
	0x6333, 0x6334, 0x6336, 0x6338, 0x6339, 0x633A, 0x633B, 0x633C, 0x633D, 0x633E, 0x633F, 0x6340,
	0x6341, 0x6342, 0x6343, 0x6344, 0x6345, 0x6346, 0x6347, 0x6348, 0x6349, 0x634A, 0x634B, 0x634C,
	0x634D, 0x634E, 0x634F, 0x6350, 0x6351, 0x6354, 0x6355, 0x6356, 0x6357, 0x6358, 0x6359, 0x635A,
	0x635C, 0x635E, 0x635F, 0x6361, 0x6362, 0x6363, 0x6365, 0x6367, 0x6368, 0x6369, 0x636B, 0x636D,
	0x636E, 0x636F, 0x6370, 0x6371, 0x6372, 0x6375, 0x6376, 0x6377, 0x6378, 0x637A, 0x637B, 0x637C,
	0x637D, 0x6380, 0x6381, 0x6382, 0x6383, 0x6384, 0x6385, 0x6387, 0x6388, 0x6389, 0x638A, 0x638C,
	0x638D, 0x638E, 0x638F, 0x6390, 0x6391, 0x6392, 0x6394, 0x6396, 0x6397, 0x6398, 0x6399, 0x639B,
	0x639C, 0x639D, 0x639E, 0x639F, 0x63A0, 0x63A1, 0x63A2, 0x63A3, 0x63A4, 0x63A5, 0x63A7, 0x63A8,
	0x63A9, 0x63AA, 0x63AB, 0x63AC, 0x63AD, 0x63AE, 0x63AF, 0x63B0, 0x63B1, 0x63B2, 0x63B3, 0x63B4,
	0x63B5, 0x63B7, 0x63B8, 0x63BA, 0x63BB, 0x63BC, 0x63BD, 0x63BE, 0x63C0, 0x63C2, 0x63C3, 0x63C4,
	0x63C5, 0x63C6, 0x63C7, 0x63C8, 0x63C9, 0x63CA, 0x63CB, 0x63CC, 0x63CD, 0x63CE, 0x63CF, 0x63D0,
	0x63D2, 0x63D3, 0x63D5, 0x63D6, 0x63D7, 0x63D8, 0x63D9, 0x63DA, 0x63DB, 0x63DC, 0x63DD, 0x63DE,
	0x63DF, 0x63E0, 0x63E1, 0x63E3, 0x63E4, 0x63E5, 0x63E7, 0x63E8, 0x63E9, 0x63EA, 0x63EB, 0x63ED,
	0x63EE, 0x63EF, 0x63F0, 0x63F1, 0x63F2, 0x63F3, 0x63F4, 0x63F5, 0x63F6, 0x63F8, 0x63F9, 0x63FA,
	0x63FD, 0x63FF, 0x6400, 0x6401, 0x6402, 0x6405, 0x6406, 0x6409, 0x640A, 0x640B, 0x640C, 0x640D,
	0x640E, 0x640F, 0x6410, 0x6412, 0x6413, 0x6414, 0x6415, 0x6416, 0x6417, 0x6418, 0x641A, 0x641B,
	0x641C, 0x641E, 0x641F, 0x6420, 0x6421, 0x6422, 0x6423, 0x6424, 0x6425, 0x6426, 0x6427, 0x6428,
	0x642A, 0x642B, 0x642C, 0x642D, 0x642E, 0x642F, 0x6430, 0x6433, 0x6434, 0x6435, 0x6436, 0x6437,
	0x6439, 0x643A, 0x643D, 0x643E, 0x643F, 0x6440, 0x6441, 0x6442, 0x6443, 0x6444, 0x6445, 0x6446,
	0x6447, 0x6448, 0x644A, 0x644B, 0x644D, 0x644E, 0x644F, 0x6450, 0x6451, 0x6452, 0x6453, 0x6454,
	0x6458, 0x6459, 0x645B, 0x645C, 0x645D, 0x645E, 0x645F, 0x6460, 0x6461, 0x6465, 0x6466, 0x6467,
	0x6468, 0x6469, 0x646B, 0x646C, 0x646D, 0x646E, 0x646F, 0x6470, 0x6472, 0x6473, 0x6474, 0x6475,
	0x6476, 0x6477, 0x6478, 0x6479, 0x647A, 0x647B, 0x647D, 0x647F, 0x6482, 0x6483, 0x6484, 0x6485,
	0x6487, 0x6488, 0x6489, 0x648A, 0x648B, 0x648C, 0x648F, 0x6490, 0x6491, 0x6492, 0x6493, 0x6495,
	0x6496, 0x6497, 0x6498, 0x6499, 0x649A, 0x649C, 0x649D, 0x649E, 0x649F, 0x64A0, 0x64A2, 0x64A3,
	0x64A4, 0x64A5, 0x64A6, 0x64A9, 0x64AB, 0x64AC, 0x64AD, 0x64AE, 0x64B0, 0x64B1, 0x64B2, 0x64B3,
	0x64B5, 0x64B7, 0x64B8, 0x64B9, 0x64BA, 0x64BB, 0x64BC, 0x64BD, 0x64BE, 0x64BF, 0x64C0, 0x64C1,
	0x64C2, 0x64C3, 0x64C4, 0x64C5, 0x64C7, 0x64C9, 0x64CA, 0x64CB, 0x64CD, 0x64CE, 0x64CF, 0x64D0,
	0x64D2, 0x64D4, 0x64D6, 0x64D7, 0x64D8, 0x64D9, 0x64DA, 0x64DB, 0x64DE, 0x64E0, 0x64E1, 0x64E2,
	0x64E3, 0x64E4, 0x64E6, 0x64E7, 0x64E8, 0x64E9, 0x64EB, 0x64EC, 0x64ED, 0x64EF, 0x64F0, 0x64F1,
	0x64F2, 0x64F3, 0x64F4, 0x64F6, 0x64F7, 0x64F8, 0x64FA, 0x64FB, 0x64FC, 0x64FD, 0x64FE, 0x64FF,
	0x6500, 0x6501, 0x6503, 0x6504, 0x6505, 0x6506, 0x6507, 0x6509, 0x650C, 0x650D, 0x650E, 0x650F,
	0x6510, 0x6512, 0x6513, 0x6514, 0x6515, 0x6516, 0x6517, 0x6518, 0x6519, 0x651B, 0x651C, 0x651D,
	0x6520, 0x6521, 0x6522, 0x6523, 0x6524, 0x6525, 0x6526, 0x6529, 0x652A, 0x652B, 0x652C, 0x652D,
	0x652E, 0x652F, 0x6532, 0x6533, 0x6534, 0x6535, 0x6536, 0x6537, 0x6538, 0x6539, 0x653B, 0x653D,
	0x653E, 0x653F, 0x6541, 0x6543, 0x6545, 0x6546, 0x6548, 0x6549, 0x654A, 0x654C, 0x654D, 0x654F,
	0x6551, 0x6553, 0x6554, 0x6555, 0x6556, 0x6557, 0x6558, 0x6559, 0x655B, 0x655C, 0x655D, 0x655E,
	0x6562, 0x6563, 0x6564, 0x6565, 0x6566, 0x6567, 0x6568, 0x6569, 0x656A, 0x656B, 0x656C, 0x656F,
	0x6570, 0x6572, 0x6573, 0x6574, 0x6575, 0x6576, 0x6577, 0x6578, 0x6579, 0x657A, 0x657B, 0x657C,
	0x657F, 0x6580, 0x6581, 0x6582, 0x6583, 0x6584, 0x6587, 0x6588, 0x6589, 0x658B, 0x658C, 0x658E,
	0x6590, 0x6591, 0x6592, 0x6593, 0x6594, 0x6595, 0x6596, 0x6597, 0x6599, 0x659B, 0x659C, 0x659D,
	0x659E, 0x659F, 0x65A0, 0x65A1, 0x65A2, 0x65A4, 0x65A5, 0x65A7, 0x65A8, 0x65A9, 0x65AA, 0x65AB,
	0x65AC, 0x65AD, 0x65AE, 0x65AF, 0x65B0, 0x65B2, 0x65B3, 0x65B6, 0x65B7, 0x65B8, 0x65B9, 0x65BB,
	0x65BC, 0x65BD, 0x65BF, 0x65C1, 0x65C2, 0x65C3, 0x65C4, 0x65C5, 0x65C6, 0x65CB, 0x65CC, 0x65CD,
	0x65CE, 0x65CF, 0x65D0, 0x65D2, 0x65D3, 0x65D6, 0x65D7, 0x65D9, 0x65DA, 0x65DB, 0x65DD, 0x65DE,
	0x65DF, 0x65E0, 0x65E1, 0x65E2, 0x65E5, 0x65E6, 0x65E7, 0x65E8, 0x65E9, 0x65EC, 0x65ED, 0x65EE,
	0x65EF, 0x65F0, 0x65F1, 0x65F2, 0x65F3, 0x65F4, 0x65F5, 0x65F6, 0x65F7, 0x65F8, 0x65FA, 0x65FB,
	0x65FC, 0x65FD, 0x65FF, 0x6600, 0x6602, 0x6603, 0x6604, 0x6605, 0x6606, 0x6607, 0x6608, 0x6609,
	0x660A, 0x660B, 0x660C, 0x660D, 0x660E, 0x660F, 0x6610, 0x6611, 0x6612, 0x6613, 0x6614, 0x6615,
	0x6619, 0x661C, 0x661D, 0x661F, 0x6620, 0x6621, 0x6622, 0x6623, 0x6624, 0x6625, 0x6626, 0x6627,
	0x6628, 0x662A, 0x662B, 0x662D, 0x662E, 0x662F, 0x6631, 0x6632, 0x6633, 0x6634, 0x6635, 0x6636,
	0x6639, 0x663A, 0x663C, 0x663D, 0x663E, 0x663F, 0x6641, 0x6642, 0x6643, 0x6644, 0x6645, 0x6647,
	0x6649, 0x664A, 0x664B, 0x664C, 0x664F, 0x6650, 0x6651, 0x6652, 0x6653, 0x6654, 0x6655, 0x6656,
	0x6657, 0x6659, 0x665A, 0x665B, 0x665C, 0x665D, 0x665E, 0x665F, 0x6661, 0x6662, 0x6664, 0x6665,
	0x6666, 0x6667, 0x6668, 0x6669, 0x666A, 0x666B, 0x666C, 0x666E, 0x666F, 0x6670, 0x6671, 0x6672,
	0x6674, 0x6676, 0x6677, 0x6678, 0x6679, 0x667A, 0x667B, 0x667C, 0x667E, 0x6680, 0x6681, 0x6682,
	0x6683, 0x6684, 0x6685, 0x6686, 0x6687, 0x6688, 0x6689, 0x668A, 0x668B, 0x668C, 0x668D, 0x668E,
	0x6690, 0x6691, 0x6694, 0x6695, 0x6696, 0x6697, 0x6698, 0x6699, 0x669D, 0x669F, 0x66A0, 0x66A1,
	0x66A2, 0x66A6, 0x66A7, 0x66A8, 0x66A9, 0x66AA, 0x66AB, 0x66AE, 0x66AF, 0x66B0, 0x66B1, 0x66B2,
	0x66B4, 0x66B5, 0x66B6, 0x66B7, 0x66B8, 0x66B9, 0x66BA, 0x66BB, 0x66BC, 0x66BD, 0x66BE, 0x66BF,
	0x66C0, 0x66C1, 0x66C4, 0x66C6, 0x66C7, 0x66C8, 0x66C9, 0x66CA, 0x66CB, 0x66CC, 0x66CF, 0x66D2,
	0x66D6, 0x66D8, 0x66D9, 0x66DA, 0x66DB, 0x66DC, 0x66DD, 0x66DE, 0x66E0, 0x66E3, 0x66E4, 0x66E6,
	0x66E8, 0x66E9, 0x66EB, 0x66EC, 0x66ED, 0x66EE, 0x66F0, 0x66F2, 0x66F3, 0x66F4, 0x66F5, 0x66F6,
	0x66F7, 0x66F8, 0x66F9, 0x66FC, 0x66FD, 0x66FE, 0x66FF, 0x6700, 0x6701, 0x6703, 0x6704, 0x6705,
	0x6708, 0x6709, 0x670A, 0x670B, 0x670D, 0x670F, 0x6710, 0x6712, 0x6713, 0x6714, 0x6715, 0x6716,
	0x6717, 0x6718, 0x671B, 0x671D, 0x671E, 0x671F, 0x6720, 0x6721, 0x6722, 0x6723, 0x6726, 0x6727,
	0x6728, 0x672A, 0x672B, 0x672C, 0x672D, 0x672E, 0x672F, 0x6731, 0x6733, 0x6734, 0x6735, 0x6736,
	0x6737, 0x6738, 0x6739, 0x673A, 0x673B, 0x673C, 0x673D, 0x673E, 0x673F, 0x6740, 0x6741, 0x6742,
	0x6743, 0x6744, 0x6745, 0x6746, 0x6747, 0x6748, 0x6749, 0x674B, 0x674C, 0x674D, 0x674E, 0x674F,
	0x6750, 0x6751, 0x6753, 0x6755, 0x6756, 0x6757, 0x6759, 0x675A, 0x675C, 0x675D, 0x675E, 0x675F,
	0x6760, 0x6761, 0x6762, 0x6763, 0x6764, 0x6765, 0x6767, 0x6768, 0x6769, 0x676A, 0x676C, 0x676D,
	0x676F, 0x6770, 0x6771, 0x6772, 0x6773, 0x6774, 0x6775, 0x6776, 0x6777, 0x6778, 0x6779, 0x677A,
	0x677B, 0x677C, 0x677D, 0x677E, 0x677F, 0x6781, 0x6783, 0x6784, 0x6785, 0x6786, 0x6787, 0x6789,
	0x678B, 0x678C, 0x678D, 0x678E, 0x6790, 0x6791, 0x6792, 0x6793, 0x6794, 0x6795, 0x6797, 0x6798,
	0x6799, 0x679A, 0x679C, 0x679D, 0x679E, 0x679F, 0x67A0, 0x67A1, 0x67A2, 0x67A3, 0x67A5, 0x67A6,
	0x67A7, 0x67A8, 0x67A9, 0x67AA, 0x67AB, 0x67AD, 0x67AE, 0x67AF, 0x67B0, 0x67B2, 0x67B3, 0x67B4,
	0x67B5, 0x67B6, 0x67B7, 0x67B8, 0x67B9, 0x67BA, 0x67BB, 0x67C0, 0x67C1, 0x67C2, 0x67C3, 0x67C4,
	0x67C5, 0x67C6, 0x67C8, 0x67C9, 0x67CA, 0x67CB, 0x67CC, 0x67CD, 0x67CE, 0x67CF, 0x67D0, 0x67D1,
	0x67D2, 0x67D3, 0x67D4, 0x67D6, 0x67D8, 0x67D9, 0x67DA, 0x67DB, 0x67DC, 0x67DD, 0x67DE, 0x67DF,
	0x67E0, 0x67E2, 0x67E3, 0x67E4, 0x67E5, 0x67E6, 0x67E7, 0x67E9, 0x67EA, 0x67EB, 0x67EC, 0x67ED,
	0x67EE, 0x67EF, 0x67F0, 0x67F1, 0x67F2, 0x67F3, 0x67F4, 0x67F5, 0x67F6, 0x67F7, 0x67F8, 0x67FA,
	0x67FB, 0x67FC, 0x67FD, 0x67FE, 0x67FF, 0x6800, 0x6802, 0x6803, 0x6804, 0x6805, 0x6807, 0x6808,
	0x6809, 0x680A, 0x680B, 0x680C, 0x680E, 0x680F, 0x6810, 0x6811, 0x6812, 0x6813, 0x6814, 0x6816,
	0x6817, 0x6818, 0x681A, 0x681C, 0x681D, 0x681E, 0x681F, 0x6820, 0x6821, 0x6822, 0x6825, 0x6826,
	0x6828, 0x6829, 0x682A, 0x682B, 0x682D, 0x682E, 0x682F, 0x6831, 0x6832, 0x6833, 0x6834, 0x6835,
	0x6837, 0x6838, 0x6839, 0x683A, 0x683B, 0x683C, 0x683D, 0x683E, 0x6840, 0x6841, 0x6842, 0x6843,
	0x6844, 0x6845, 0x6846, 0x6848, 0x6849, 0x684A, 0x684B, 0x684C, 0x684D, 0x684E, 0x684F, 0x6850,
	0x6851, 0x6853, 0x6854, 0x6855, 0x6859, 0x685C, 0x685D, 0x685F, 0x6860, 0x6861, 0x6862, 0x6863,
	0x6864, 0x6865, 0x6866, 0x6867, 0x6868, 0x6869, 0x686B, 0x686D, 0x686E, 0x686F, 0x6871, 0x6872,
	0x6874, 0x6875, 0x6876, 0x6877, 0x6878, 0x6879, 0x687B, 0x687C, 0x687D, 0x687E, 0x687F, 0x6880,
	0x6881, 0x6882, 0x6883, 0x6885, 0x6886, 0x6887, 0x6889, 0x688A, 0x688B, 0x688C, 0x688D, 0x688F,
	0x6890, 0x6891, 0x6892, 0x6893, 0x6894, 0x6896, 0x6897, 0x689B, 0x689C, 0x689D, 0x689F, 0x68A0,
	0x68A1, 0x68A2, 0x68A3, 0x68A4, 0x68A6, 0x68A7, 0x68A8, 0x68A9, 0x68AA, 0x68AB, 0x68AC, 0x68AD,
	0x68AE, 0x68AF, 0x68B0, 0x68B1, 0x68B2, 0x68B3, 0x68B4, 0x68B5, 0x68B6, 0x68B9, 0x68BA, 0x68BC,
	0x68BD, 0x68BE, 0x68BF, 0x68C0, 0x68C1, 0x68C2, 0x68C4, 0x68C6, 0x68C7, 0x68C8, 0x68C9, 0x68CA,
	0x68CB, 0x68CC, 0x68CD, 0x68CE, 0x68D0, 0x68D1, 0x68D2, 0x68D3, 0x68D4, 0x68D5, 0x68D6, 0x68D7,
	0x68D8, 0x68DA, 0x68DC, 0x68DD, 0x68DE, 0x68DF, 0x68E0, 0x68E1, 0x68E3, 0x68E4, 0x68E6, 0x68E7,
	0x68E8, 0x68E9, 0x68EA, 0x68EB, 0x68EC, 0x68EE, 0x68EF, 0x68F0, 0x68F1, 0x68F2, 0x68F3, 0x68F4,
	0x68F5, 0x68F6, 0x68F7, 0x68F8, 0x68F9, 0x68FA, 0x68FB, 0x68FC, 0x68FD, 0x6900, 0x6901, 0x6904,
	0x6905, 0x6906, 0x6907, 0x6908, 0x690A, 0x690B, 0x690C, 0x690D, 0x690E, 0x690F, 0x6910, 0x6911,
	0x6912, 0x6913, 0x6914, 0x6915, 0x6917, 0x6919, 0x691A, 0x691B, 0x691C, 0x691F, 0x6920, 0x6921,
	0x6922, 0x6923, 0x6924, 0x6925, 0x6926, 0x6928, 0x692A, 0x692D, 0x692F, 0x6930, 0x6932, 0x6933,
	0x6934, 0x6935, 0x6936, 0x6937, 0x6938, 0x6939, 0x693B, 0x693C, 0x693D, 0x693F, 0x6940, 0x6941,
	0x6942, 0x6944, 0x6945, 0x6948, 0x6949, 0x694A, 0x694B, 0x694C, 0x694E, 0x694F, 0x6951, 0x6952,
	0x6953, 0x6954, 0x6955, 0x6956, 0x6957, 0x6958, 0x6959, 0x695A, 0x695B, 0x695C, 0x695D, 0x695E,
	0x695F, 0x6960, 0x6961, 0x6962, 0x6963, 0x6965, 0x6966, 0x6968, 0x6969, 0x696A, 0x696B, 0x696C,
	0x696D, 0x696E, 0x696F, 0x6970, 0x6971, 0x6973, 0x6974, 0x6975, 0x6976, 0x6977, 0x6978, 0x6979,
	0x697A, 0x697B, 0x697C, 0x697D, 0x697E, 0x6980, 0x6981, 0x6982, 0x6983, 0x6984, 0x6985, 0x6986,
	0x6987, 0x6988, 0x6989, 0x698A, 0x698D, 0x698E, 0x6990, 0x6991, 0x6993, 0x6994, 0x6995, 0x6996,
	0x6997, 0x6998, 0x6999, 0x699A, 0x699B, 0x699C, 0x699E, 0x69A0, 0x69A1, 0x69A3, 0x69A4, 0x69A5,
	0x69A6, 0x69A7, 0x69A8, 0x69A9, 0x69AA, 0x69AB, 0x69AC, 0x69AD, 0x69AE, 0x69AF, 0x69B0, 0x69B1,
	0x69B2, 0x69B3, 0x69B4, 0x69B5, 0x69B6, 0x69B7, 0x69B9, 0x69BB, 0x69BC, 0x69BD, 0x69BE, 0x69BF,
	0x69C1, 0x69C2, 0x69C3, 0x69C4, 0x69C6, 0x69C7, 0x69C9, 0x69CA, 0x69CB, 0x69CC, 0x69CD, 0x69CE,
	0x69CF, 0x69D0, 0x69D3, 0x69D4, 0x69D8, 0x69D9, 0x69DA, 0x69DB, 0x69DC, 0x69DD, 0x69DE, 0x69DF,
	0x69E0, 0x69E2, 0x69E4, 0x69E5, 0x69E6, 0x69E7, 0x69E8, 0x69EB, 0x69EC, 0x69ED, 0x69EE, 0x69F1,
	0x69F2, 0x69F3, 0x69F4, 0x69F6, 0x69F7, 0x69F8, 0x69F9, 0x69FB, 0x69FC, 0x69FD, 0x69FE, 0x69FF,
	0x6A00, 0x6A01, 0x6A02, 0x6A04, 0x6A05, 0x6A06, 0x6A07, 0x6A08, 0x6A09, 0x6A0A, 0x6A0B, 0x6A0C,
	0x6A0D, 0x6A0F, 0x6A11, 0x6A12, 0x6A13, 0x6A14, 0x6A15, 0x6A16, 0x6A17, 0x6A18, 0x6A19, 0x6A1B,
	0x6A1D, 0x6A1E, 0x6A1F, 0x6A20, 0x6A21, 0x6A22, 0x6A23, 0x6A25, 0x6A26, 0x6A27, 0x6A28, 0x6A29,
	0x6A2A, 0x6A2B, 0x6A2E, 0x6A2F, 0x6A31, 0x6A32, 0x6A34, 0x6A35, 0x6A36, 0x6A38, 0x6A39, 0x6A3A,
	0x6A3B, 0x6A3C, 0x6A3D, 0x6A3E, 0x6A3F, 0x6A40, 0x6A41, 0x6A44, 0x6A46, 0x6A47, 0x6A48, 0x6A49,
	0x6A4B, 0x6A4D, 0x6A4E, 0x6A4F, 0x6A50, 0x6A51, 0x6A54, 0x6A55, 0x6A56, 0x6A58, 0x6A59, 0x6A5A,
	0x6A5B, 0x6A5D, 0x6A5E, 0x6A5F, 0x6A60, 0x6A61, 0x6A62, 0x6A64, 0x6A65, 0x6A66, 0x6A67, 0x6A68,
	0x6A69, 0x6A6A, 0x6A6B, 0x6A6D, 0x6A6F, 0x6A71, 0x6A72, 0x6A76, 0x6A78, 0x6A79, 0x6A7C, 0x6A7E,
	0x6A7F, 0x6A80, 0x6A81, 0x6A83, 0x6A84, 0x6A85, 0x6A87, 0x6A89, 0x6A8C, 0x6A8D, 0x6A8E, 0x6A90,
	0x6A91, 0x6A92, 0x6A93, 0x6A94, 0x6A95, 0x6A96, 0x6A97, 0x6A9A, 0x6A9B, 0x6A9C, 0x6A9E, 0x6A9F,
	0x6AA0, 0x6AA1, 0x6AA2, 0x6AA3, 0x6AA4, 0x6AA5, 0x6AA6, 0x6AA8, 0x6AA9, 0x6AAA, 0x6AAB, 0x6AAC,
	0x6AAD, 0x6AAE, 0x6AAF, 0x6AB3, 0x6AB4, 0x6AB6, 0x6AB7, 0x6AB8, 0x6AB9, 0x6ABA, 0x6ABB, 0x6ABD,
	0x6AC1, 0x6AC2, 0x6AC3, 0x6AC5, 0x6AC6, 0x6AC7, 0x6ACB, 0x6ACC, 0x6ACD, 0x6ACF, 0x6AD0, 0x6AD1,
	0x6AD3, 0x6AD9, 0x6ADA, 0x6ADB, 0x6ADC, 0x6ADD, 0x6ADE, 0x6ADF, 0x6AE0, 0x6AE1, 0x6AE5, 0x6AE7,
	0x6AE8, 0x6AEA, 0x6AEB, 0x6AEC, 0x6AEE, 0x6AEF, 0x6AF0, 0x6AF1, 0x6AF3, 0x6AF8, 0x6AF9, 0x6AFA,
	0x6AFB, 0x6AFC, 0x6B00, 0x6B02, 0x6B03, 0x6B04, 0x6B05, 0x6B08, 0x6B09, 0x6B0A, 0x6B0B, 0x6B0F,
	0x6B10, 0x6B11, 0x6B12, 0x6B13, 0x6B16, 0x6B17, 0x6B18, 0x6B19, 0x6B1A, 0x6B1D, 0x6B1E, 0x6B1F,
	0x6B20, 0x6B21, 0x6B22, 0x6B23, 0x6B24, 0x6B25, 0x6B27, 0x6B28, 0x6B2C, 0x6B2D, 0x6B2F, 0x6B31,
	0x6B32, 0x6B33, 0x6B34, 0x6B36, 0x6B37, 0x6B38, 0x6B39, 0x6B3A, 0x6B3B, 0x6B3C, 0x6B3D, 0x6B3E,
	0x6B3F, 0x6B41, 0x6B42, 0x6B43, 0x6B45, 0x6B46, 0x6B47, 0x6B48, 0x6B49, 0x6B4A, 0x6B4B, 0x6B4C,
	0x6B4D, 0x6B4E, 0x6B50, 0x6B51, 0x6B53, 0x6B54, 0x6B55, 0x6B56, 0x6B59, 0x6B5B, 0x6B5C, 0x6B5E,
	0x6B5F, 0x6B60, 0x6B61, 0x6B62, 0x6B63, 0x6B64, 0x6B65, 0x6B66, 0x6B67, 0x6B69, 0x6B6A, 0x6B6D,
	0x6B6F, 0x6B72, 0x6B73, 0x6B74, 0x6B76, 0x6B77, 0x6B78, 0x6B79, 0x6B7B, 0x6B7C, 0x6B7E, 0x6B7F,
	0x6B80, 0x6B81, 0x6B82, 0x6B83, 0x6B84, 0x6B86, 0x6B87, 0x6B88, 0x6B89, 0x6B8A, 0x6B8B, 0x6B8C,
	0x6B8D, 0x6B8E, 0x6B8F, 0x6B91, 0x6B92, 0x6B93, 0x6B94, 0x6B95, 0x6B96, 0x6B97, 0x6B98, 0x6B99,
	0x6B9A, 0x6B9B, 0x6B9E, 0x6B9F, 0x6BA0, 0x6BA1, 0x6BA2, 0x6BA3, 0x6BA4, 0x6BA5, 0x6BA6, 0x6BA7,
	0x6BAA, 0x6BAB, 0x6BAD, 0x6BAE, 0x6BAF, 0x6BB0, 0x6BB1, 0x6BB2, 0x6BB3, 0x6BB4, 0x6BB5, 0x6BB6,
	0x6BB7, 0x6BBA, 0x6BBB, 0x6BBC, 0x6BBD, 0x6BBF, 0x6BC0, 0x6BC1, 0x6BC2, 0x6BC3, 0x6BC4, 0x6BC5,
	0x6BC6, 0x6BC7, 0x6BC8, 0x6BC9, 0x6BCA, 0x6BCB, 0x6BCC, 0x6BCD, 0x6BCE, 0x6BCF, 0x6BD0, 0x6BD2,
	0x6BD3, 0x6BD4, 0x6BD5, 0x6BD6, 0x6BD7, 0x6BD8, 0x6BD9, 0x6BDA, 0x6BDB, 0x6BDE, 0x6BDF, 0x6BE0,
	0x6BE1, 0x6BE2, 0x6BE3, 0x6BE4, 0x6BE6, 0x6BE7, 0x6BE8, 0x6BEA, 0x6BEB, 0x6BEC, 0x6BEF, 0x6BF0,
	0x6BF2, 0x6BF3, 0x6BF5, 0x6BF7, 0x6BF8, 0x6BF9, 0x6BFB, 0x6BFC, 0x6BFD, 0x6BFE, 0x6BFF, 0x6C00,
	0x6C01, 0x6C02, 0x6C03, 0x6C04, 0x6C05, 0x6C06, 0x6C07, 0x6C08, 0x6C09, 0x6C0B, 0x6C0C, 0x6C0D,
	0x6C0F, 0x6C10, 0x6C11, 0x6C13, 0x6C14, 0x6C15, 0x6C16, 0x6C17, 0x6C18, 0x6C19, 0x6C1A, 0x6C1B,
	0x6C1D, 0x6C1F, 0x6C20, 0x6C21, 0x6C22, 0x6C23, 0x6C24, 0x6C25, 0x6C26, 0x6C27, 0x6C28, 0x6C29,
	0x6C2A, 0x6C2B, 0x6C2C, 0x6C2E, 0x6C2F, 0x6C30, 0x6C32, 0x6C33, 0x6C34, 0x6C35, 0x6C36, 0x6C37,
	0x6C38, 0x6C3B, 0x6C3D, 0x6C3E, 0x6C3F, 0x6C40, 0x6C41, 0x6C42, 0x6C43, 0x6C46, 0x6C47, 0x6C48,
	0x6C49, 0x6C4A, 0x6C4B, 0x6C4C, 0x6C4D, 0x6C4E, 0x6C4F, 0x6C50, 0x6C52, 0x6C54, 0x6C55, 0x6C57,
	0x6C59, 0x6C5A, 0x6C5B, 0x6C5C, 0x6C5D, 0x6C5E, 0x6C5F, 0x6C60, 0x6C61, 0x6C62, 0x6C64, 0x6C65,
	0x6C66, 0x6C67, 0x6C68, 0x6C69, 0x6C6A, 0x6C6B, 0x6C6D, 0x6C6F, 0x6C70, 0x6C71, 0x6C72, 0x6C73,
	0x6C74, 0x6C76, 0x6C78, 0x6C79, 0x6C7A, 0x6C7B, 0x6C7D, 0x6C7E, 0x6C80, 0x6C81, 0x6C82, 0x6C83,
	0x6C84, 0x6C85, 0x6C86, 0x6C87, 0x6C88, 0x6C89, 0x6C8A, 0x6C8B, 0x6C8C, 0x6C8D, 0x6C8E, 0x6C8F,
	0x6C90, 0x6C92, 0x6C93, 0x6C94, 0x6C95, 0x6C96, 0x6C98, 0x6C99, 0x6C9A, 0x6C9B, 0x6C9C, 0x6C9D,
	0x6C9F, 0x6CA1, 0x6CA2, 0x6CA3, 0x6CA4, 0x6CA5, 0x6CA6, 0x6CA7, 0x6CA8, 0x6CA9, 0x6CAA, 0x6CAB,
	0x6CAC, 0x6CAD, 0x6CAE, 0x6CB0, 0x6CB1, 0x6CB2, 0x6CB3, 0x6CB4, 0x6CB6, 0x6CB7, 0x6CB8, 0x6CB9,
	0x6CBA, 0x6CBB, 0x6CBC, 0x6CBD, 0x6CBE, 0x6CBF, 0x6CC0, 0x6CC1, 0x6CC2, 0x6CC3, 0x6CC4, 0x6CC5,
	0x6CC6, 0x6CC7, 0x6CC9, 0x6CCA, 0x6CCC, 0x6CCD, 0x6CCF, 0x6CD0, 0x6CD1, 0x6CD2, 0x6CD3, 0x6CD4,
	0x6CD5, 0x6CD6, 0x6CD7, 0x6CD9, 0x6CDA, 0x6CDB, 0x6CDC, 0x6CDD, 0x6CDE, 0x6CE0, 0x6CE1, 0x6CE2,
	0x6CE3, 0x6CE5, 0x6CE7, 0x6CE8, 0x6CE9, 0x6CEA, 0x6CEB, 0x6CEC, 0x6CED, 0x6CEE, 0x6CEF, 0x6CF0,
	0x6CF1, 0x6CF2, 0x6CF3, 0x6CF5, 0x6CF6, 0x6CF7, 0x6CF8, 0x6CF9, 0x6CFA, 0x6CFB, 0x6CFC, 0x6CFD,
	0x6CFE, 0x6D00, 0x6D01, 0x6D03, 0x6D04, 0x6D07, 0x6D08, 0x6D09, 0x6D0A, 0x6D0B, 0x6D0C, 0x6D0D,
	0x6D0E, 0x6D0F, 0x6D10, 0x6D11, 0x6D12, 0x6D13, 0x6D16, 0x6D17, 0x6D18, 0x6D19, 0x6D1A, 0x6D1B,
	0x6D1D, 0x6D1E, 0x6D1F, 0x6D20, 0x6D22, 0x6D23, 0x6D25, 0x6D27, 0x6D28, 0x6D29, 0x6D2A, 0x6D2B,
	0x6D2C, 0x6D2D, 0x6D2E, 0x6D2F, 0x6D30, 0x6D31, 0x6D32, 0x6D33, 0x6D34, 0x6D35, 0x6D36, 0x6D37,
	0x6D38, 0x6D39, 0x6D3A, 0x6D3B, 0x6D3C, 0x6D3D, 0x6D3E, 0x6D3F, 0x6D40, 0x6D41, 0x6D42, 0x6D43,
	0x6D44, 0x6D45, 0x6D46, 0x6D47, 0x6D48, 0x6D49, 0x6D4A, 0x6D4B, 0x6D4D, 0x6D4E, 0x6D4F, 0x6D50,
	0x6D51, 0x6D52, 0x6D53, 0x6D54, 0x6D55, 0x6D58, 0x6D59, 0x6D5A, 0x6D5B, 0x6D5C, 0x6D5E, 0x6D5F,
	0x6D60, 0x6D61, 0x6D62, 0x6D63, 0x6D64, 0x6D65, 0x6D66, 0x6D67, 0x6D68, 0x6D69, 0x6D6A, 0x6D6C,
	0x6D6D, 0x6D6E, 0x6D6F, 0x6D70, 0x6D72, 0x6D74, 0x6D75, 0x6D76, 0x6D77, 0x6D78, 0x6D79, 0x6D7A,
	0x6D7B, 0x6D7C, 0x6D7D, 0x6D7E, 0x6D7F, 0x6D80, 0x6D82, 0x6D83, 0x6D84, 0x6D85, 0x6D86, 0x6D87,
	0x6D88, 0x6D89, 0x6D8A, 0x6D8B, 0x6D8C, 0x6D8D, 0x6D8E, 0x6D90, 0x6D91, 0x6D92, 0x6D93, 0x6D94,
	0x6D95, 0x6D97, 0x6D98, 0x6D99, 0x6D9B, 0x6D9C, 0x6D9D, 0x6D9E, 0x6D9F, 0x6DA0, 0x6DA1, 0x6DA2,
	0x6DA3, 0x6DA4, 0x6DA6, 0x6DA7, 0x6DA8, 0x6DA9, 0x6DAA, 0x6DAB, 0x6DAC, 0x6DAE, 0x6DAF, 0x6DB2,
	0x6DB3, 0x6DB4, 0x6DB5, 0x6DB7, 0x6DB8, 0x6DBA, 0x6DBB, 0x6DBC, 0x6DBD, 0x6DBE, 0x6DBF, 0x6DC0,
	0x6DC2, 0x6DC4, 0x6DC5, 0x6DC6, 0x6DC7, 0x6DC8, 0x6DC9, 0x6DCA, 0x6DCB, 0x6DCC, 0x6DCD, 0x6DCF,
	0x6DD0, 0x6DD1, 0x6DD2, 0x6DD3, 0x6DD4, 0x6DD5, 0x6DD6, 0x6DD7, 0x6DD8, 0x6DD9, 0x6DDA, 0x6DDB,
	0x6DDC, 0x6DDD, 0x6DDE, 0x6DDF, 0x6DE0, 0x6DE1, 0x6DE2, 0x6DE3, 0x6DE4, 0x6DE5, 0x6DE6, 0x6DE8,
	0x6DE9, 0x6DEA, 0x6DEB, 0x6DEC, 0x6DED, 0x6DEE, 0x6DEF, 0x6DF0, 0x6DF1, 0x6DF2, 0x6DF3, 0x6DF4,
	0x6DF5, 0x6DF6, 0x6DF7, 0x6DF9, 0x6DFA, 0x6DFB, 0x6DFC, 0x6DFD, 0x6E00, 0x6E03, 0x6E05, 0x6E07,
	0x6E08, 0x6E09, 0x6E0A, 0x6E0B, 0x6E0C, 0x6E0D, 0x6E0E, 0x6E10, 0x6E11, 0x6E13, 0x6E14, 0x6E15,
	0x6E16, 0x6E17, 0x6E19, 0x6E1A, 0x6E1B, 0x6E1C, 0x6E1D, 0x6E1F, 0x6E20, 0x6E21, 0x6E22, 0x6E23,
	0x6E24, 0x6E25, 0x6E26, 0x6E27, 0x6E28, 0x6E29, 0x6E2B, 0x6E2C, 0x6E2D, 0x6E2E, 0x6E2F, 0x6E30,
	0x6E31, 0x6E32, 0x6E33, 0x6E34, 0x6E35, 0x6E36, 0x6E38, 0x6E39, 0x6E3A, 0x6E3B, 0x6E3C, 0x6E3D,
	0x6E3E, 0x6E3F, 0x6E40, 0x6E41, 0x6E43, 0x6E44, 0x6E45, 0x6E46, 0x6E47, 0x6E49, 0x6E4A, 0x6E4B,
	0x6E4D, 0x6E4E, 0x6E51, 0x6E52, 0x6E53, 0x6E54, 0x6E55, 0x6E56, 0x6E58, 0x6E5A, 0x6E5B, 0x6E5C,
	0x6E5D, 0x6E5E, 0x6E5F, 0x6E60, 0x6E61, 0x6E62, 0x6E63, 0x6E64, 0x6E65, 0x6E66, 0x6E67, 0x6E68,
	0x6E69, 0x6E6B, 0x6E6E, 0x6E6F, 0x6E71, 0x6E72, 0x6E73, 0x6E74, 0x6E76, 0x6E77, 0x6E78, 0x6E79,
	0x6E7E, 0x6E7F, 0x6E80, 0x6E81, 0x6E82, 0x6E83, 0x6E85, 0x6E86, 0x6E87, 0x6E88, 0x6E89, 0x6E8C,
	0x6E8D, 0x6E8E, 0x6E8F, 0x6E90, 0x6E92, 0x6E93, 0x6E94, 0x6E96, 0x6E97, 0x6E98, 0x6E99, 0x6E9A,
	0x6E9B, 0x6E9C, 0x6E9D, 0x6E9E, 0x6E9F, 0x6EA0, 0x6EA1, 0x6EA2, 0x6EA3, 0x6EA4, 0x6EA5, 0x6EA6,
	0x6EA7, 0x6EAA, 0x6EAB, 0x6EAE, 0x6EAF, 0x6EB0, 0x6EB1, 0x6EB2, 0x6EB3, 0x6EB4, 0x6EB5, 0x6EB6,
	0x6EB7, 0x6EB9, 0x6EBA, 0x6EBB, 0x6EBC, 0x6EBD, 0x6EBE, 0x6EBF, 0x6EC0, 0x6EC1, 0x6EC2, 0x6EC3,
	0x6EC4, 0x6EC5, 0x6EC6, 0x6EC7, 0x6EC8, 0x6EC9, 0x6ECA, 0x6ECB, 0x6ECC, 0x6ECD, 0x6ECE, 0x6ECF,
	0x6ED0, 0x6ED1, 0x6ED2, 0x6ED3, 0x6ED4, 0x6ED5, 0x6ED6, 0x6ED7, 0x6ED8, 0x6EDA, 0x6EDC, 0x6EDD,
	0x6EDE, 0x6EDF, 0x6EE0, 0x6EE1, 0x6EE2, 0x6EE4, 0x6EE5, 0x6EE6, 0x6EE7, 0x6EE8, 0x6EE9, 0x6EEA,
	0x6EEB, 0x6EEC, 0x6EED, 0x6EEE, 0x6EEF, 0x6EF1, 0x6EF2, 0x6EF4, 0x6EF5, 0x6EF6, 0x6EF7, 0x6EF8,
	0x6EF9, 0x6EFB, 0x6EFC, 0x6EFD, 0x6EFE, 0x6EFF, 0x6F00, 0x6F01, 0x6F02, 0x6F03, 0x6F05, 0x6F06,
	0x6F07, 0x6F08, 0x6F09, 0x6F0A, 0x6F0B, 0x6F0D, 0x6F0E, 0x6F0F, 0x6F11, 0x6F12, 0x6F13, 0x6F14,
	0x6F15, 0x6F16, 0x6F18, 0x6F19, 0x6F1A, 0x6F1C, 0x6F1E, 0x6F1F, 0x6F20, 0x6F21, 0x6F22, 0x6F23,
	0x6F24, 0x6F25, 0x6F26, 0x6F27, 0x6F29, 0x6F2A, 0x6F2B, 0x6F2C, 0x6F2D, 0x6F2E, 0x6F2F, 0x6F30,
	0x6F31, 0x6F32, 0x6F33, 0x6F34, 0x6F35, 0x6F36, 0x6F37, 0x6F38, 0x6F39, 0x6F3A, 0x6F3B, 0x6F3C,
	0x6F3E, 0x6F3F, 0x6F40, 0x6F41, 0x6F43, 0x6F45, 0x6F46, 0x6F47, 0x6F4B, 0x6F4D, 0x6F4E, 0x6F4F,
	0x6F50, 0x6F51, 0x6F52, 0x6F53, 0x6F54, 0x6F55, 0x6F56, 0x6F57, 0x6F58, 0x6F5A, 0x6F5B, 0x6F5C,
	0x6F5D, 0x6F5E, 0x6F5F, 0x6F60, 0x6F61, 0x6F62, 0x6F63, 0x6F64, 0x6F66, 0x6F67, 0x6F69, 0x6F6A,
	0x6F6B, 0x6F6C, 0x6F6D, 0x6F6E, 0x6F6F, 0x6F70, 0x6F72, 0x6F73, 0x6F74, 0x6F75, 0x6F76, 0x6F77,
	0x6F78, 0x6F7A, 0x6F7B, 0x6F7C, 0x6F7D, 0x6F7E, 0x6F7F, 0x6F80, 0x6F81, 0x6F82, 0x6F84, 0x6F85,
	0x6F86, 0x6F87, 0x6F88, 0x6F89, 0x6F8B, 0x6F8C, 0x6F8D, 0x6F8E, 0x6F90, 0x6F91, 0x6F92, 0x6F93,
	0x6F94, 0x6F95, 0x6F96, 0x6F97, 0x6F9B, 0x6F9C, 0x6F9E, 0x6FA0, 0x6FA1, 0x6FA2, 0x6FA3, 0x6FA4,
	0x6FA5, 0x6FA6, 0x6FA7, 0x6FA8, 0x6FA9, 0x6FAA, 0x6FAB, 0x6FAC, 0x6FAD, 0x6FAE, 0x6FAF, 0x6FB0,
	0x6FB1, 0x6FB2, 0x6FB3, 0x6FB4, 0x6FB6, 0x6FB8, 0x6FB9, 0x6FBA, 0x6FBC, 0x6FBD, 0x6FBF, 0x6FC0,
	0x6FC1, 0x6FC2, 0x6FC3, 0x6FC4, 0x6FC6, 0x6FC7, 0x6FC8, 0x6FC9, 0x6FCA, 0x6FCB, 0x6FCC, 0x6FCD,
	0x6FCE, 0x6FCF, 0x6FD1, 0x6FD2, 0x6FD4, 0x6FD5, 0x6FD8, 0x6FDB, 0x6FDC, 0x6FDD, 0x6FDE, 0x6FDF,
	0x6FE0, 0x6FE1, 0x6FE2, 0x6FE3, 0x6FE4, 0x6FE6, 0x6FE7, 0x6FE8, 0x6FE9, 0x6FEB, 0x6FEC, 0x6FED,
	0x6FEE, 0x6FEF, 0x6FF0, 0x6FF1, 0x6FF2, 0x6FF3, 0x6FF4, 0x6FF6, 0x6FF7, 0x6FFA, 0x6FFB, 0x6FFC,
	0x6FFE, 0x6FFF, 0x7000, 0x7001, 0x7004, 0x7005, 0x7006, 0x7007, 0x7009, 0x700A, 0x700B, 0x700C,
	0x700D, 0x700E, 0x700F, 0x7011, 0x7014, 0x7015, 0x7016, 0x7017, 0x7018, 0x7019, 0x701A, 0x701B,
	0x701C, 0x701D, 0x701E, 0x701F, 0x7020, 0x7021, 0x7022, 0x7023, 0x7024, 0x7026, 0x7027, 0x7028,
	0x7029, 0x702A, 0x702B, 0x702C, 0x702F, 0x7030, 0x7031, 0x7032, 0x7033, 0x7034, 0x7035, 0x7037,
	0x7038, 0x7039, 0x703A, 0x703B, 0x703C, 0x703E, 0x703F, 0x7040, 0x7041, 0x7042, 0x7043, 0x7044,
	0x7045, 0x7046, 0x7048, 0x7049, 0x704A, 0x704C, 0x704F, 0x7051, 0x7052, 0x7055, 0x7056, 0x7057,
	0x7058, 0x705A, 0x705B, 0x705D, 0x705E, 0x705F, 0x7060, 0x7061, 0x7062, 0x7063, 0x7064, 0x7065,
	0x7066, 0x7068, 0x7069, 0x706A, 0x706B, 0x706C, 0x706D, 0x706F, 0x7070, 0x7071, 0x7074, 0x7075,
	0x7076, 0x7078, 0x707A, 0x707C, 0x707D, 0x707E, 0x707F, 0x7080, 0x7082, 0x7083, 0x7084, 0x7085,
	0x7086, 0x7089, 0x708A, 0x708C, 0x708E, 0x7091, 0x7092, 0x7093, 0x7094, 0x7095, 0x7096, 0x7098,
	0x7099, 0x709A, 0x709C, 0x709D, 0x709F, 0x70A1, 0x70A3, 0x70A4, 0x70A9, 0x70AB, 0x70AC, 0x70AD,
	0x70AE, 0x70AF, 0x70B0, 0x70B1, 0x70B3, 0x70B4, 0x70B5, 0x70B7, 0x70B8, 0x70B9, 0x70BA, 0x70BB,
	0x70BC, 0x70BD, 0x70BE, 0x70C0, 0x70C1, 0x70C2, 0x70C3, 0x70C5, 0x70C6, 0x70C7, 0x70C8, 0x70CA,
	0x70CB, 0x70CD, 0x70CE, 0x70CF, 0x70D1, 0x70D2, 0x70D3, 0x70D4, 0x70D7, 0x70D8, 0x70D9, 0x70DA,
	0x70DB, 0x70DC, 0x70DD, 0x70DE, 0x70DF, 0x70E0, 0x70E1, 0x70E2, 0x70E4, 0x70E6, 0x70E7, 0x70E8,
	0x70E9, 0x70EB, 0x70EC, 0x70ED, 0x70EF, 0x70F0, 0x70F1, 0x70F3, 0x70F4, 0x70F6, 0x70F7, 0x70F8,
	0x70F9, 0x70FA, 0x70FB, 0x70FC, 0x70FD, 0x70FF, 0x7100, 0x7102, 0x7104, 0x7106, 0x7109, 0x710A,
	0x710B, 0x710C, 0x710D, 0x710E, 0x7110, 0x7113, 0x7114, 0x7115, 0x7116, 0x7117, 0x7118, 0x7119,
	0x711A, 0x711B, 0x711C, 0x711E, 0x711F, 0x7120, 0x7121, 0x7122, 0x7123, 0x7125, 0x7126, 0x7128,
	0x712E, 0x712F, 0x7130, 0x7131, 0x7132, 0x7136, 0x713A, 0x713C, 0x7141, 0x7142, 0x7143, 0x7144,
	0x7145, 0x7146, 0x7147, 0x7149, 0x714A, 0x714B, 0x714C, 0x714D, 0x714E, 0x7150, 0x7152, 0x7153,
	0x7154, 0x7155, 0x7156, 0x7158, 0x7159, 0x715A, 0x715C, 0x715D, 0x715E, 0x715F, 0x7160, 0x7161,
	0x7162, 0x7163, 0x7164, 0x7165, 0x7166, 0x7167, 0x7168, 0x7169, 0x716A, 0x716C, 0x716E, 0x7170,
	0x7172, 0x7173, 0x7174, 0x7178, 0x717A, 0x717B, 0x717D, 0x7180, 0x7181, 0x7182, 0x7184, 0x7185,
	0x7186, 0x7187, 0x7188, 0x7189, 0x718A, 0x718F, 0x7190, 0x7192, 0x7194, 0x7195, 0x7197, 0x7198,
	0x7199, 0x719A, 0x719B, 0x719C, 0x719D, 0x719E, 0x719F, 0x71A0, 0x71A1, 0x71A4, 0x71A5, 0x71A7,
	0x71A8, 0x71A9, 0x71AA, 0x71AC, 0x71AF, 0x71B0, 0x71B1, 0x71B2, 0x71B3, 0x71B5, 0x71B8, 0x71B9,
	0x71BB, 0x71BC, 0x71BD, 0x71BE, 0x71BF, 0x71C0, 0x71C1, 0x71C2, 0x71C3, 0x71C4, 0x71C5, 0x71C6,
	0x71C7, 0x71C8, 0x71C9, 0x71CA, 0x71CB, 0x71CE, 0x71CF, 0x71D0, 0x71D2, 0x71D4, 0x71D5, 0x71D6,
	0x71D7, 0x71D8, 0x71D9, 0x71DA, 0x71DB, 0x71DC, 0x71DF, 0x71E0, 0x71E1, 0x71E2, 0x71E4, 0x71E5,
	0x71E6, 0x71E7, 0x71E8, 0x71EC, 0x71ED, 0x71EE, 0x71F0, 0x71F1, 0x71F2, 0x71F4, 0x71F5, 0x71F8,
	0x71F9, 0x71FB, 0x71FC, 0x71FD, 0x71FE, 0x71FF, 0x7201, 0x7202, 0x7203, 0x7205, 0x7206, 0x7207,
	0x720A, 0x720C, 0x720D, 0x7210, 0x7213, 0x7214, 0x7219, 0x721A, 0x721B, 0x721D, 0x721E, 0x721F,
	0x7222, 0x7223, 0x7226, 0x7227, 0x7228, 0x7229, 0x722A, 0x722C, 0x722D, 0x7230, 0x7231, 0x7232,
	0x7235, 0x7236, 0x7237, 0x7238, 0x7239, 0x723A, 0x723B, 0x723C, 0x723D, 0x723E, 0x723F, 0x7240,
	0x7241, 0x7242, 0x7244, 0x7246, 0x7247, 0x7248, 0x7249, 0x724A, 0x724B, 0x724C, 0x724D, 0x724F,
	0x7252, 0x7253, 0x7256, 0x7258, 0x7259, 0x725A, 0x725B, 0x725D, 0x725E, 0x725F, 0x7260, 0x7261,
	0x7262, 0x7263, 0x7264, 0x7265, 0x7266, 0x7267, 0x7269, 0x726A, 0x726C, 0x726E, 0x726F, 0x7270,
	0x7272, 0x7273, 0x7274, 0x7275, 0x7276, 0x7277, 0x7278, 0x7279, 0x727A, 0x727B, 0x727C, 0x727D,
	0x727E, 0x727F, 0x7280, 0x7281, 0x7282, 0x7284, 0x7285, 0x7286, 0x7287, 0x7288, 0x7289, 0x728A,
	0x728B, 0x728C, 0x728D, 0x728E, 0x728F, 0x7290, 0x7291, 0x7292, 0x7293, 0x7295, 0x7296, 0x7297,
	0x7298, 0x729A, 0x729B, 0x729D, 0x729E, 0x729F, 0x72A0, 0x72A1, 0x72A2, 0x72A3, 0x72A4, 0x72A5,
	0x72A6, 0x72A7, 0x72A8, 0x72A9, 0x72AA, 0x72AC, 0x72AD, 0x72AE, 0x72AF, 0x72B0, 0x72B2, 0x72B4,
	0x72B5, 0x72B6, 0x72B7, 0x72B8, 0x72B9, 0x72BA, 0x72BD, 0x72BF, 0x72C0, 0x72C1, 0x72C2, 0x72C3,
	0x72C4, 0x72C5, 0x72C6, 0x72C8, 0x72C9, 0x72CA, 0x72CB, 0x72CC, 0x72CD, 0x72CE, 0x72D0, 0x72D1,
	0x72D2, 0x72D4, 0x72D6, 0x72D7, 0x72D8, 0x72D9, 0x72DA, 0x72DB, 0x72DC, 0x72DD, 0x72DE, 0x72DF,
	0x72E0, 0x72E1, 0x72E2, 0x72E3, 0x72E4, 0x72E6, 0x72E8, 0x72E9, 0x72EA, 0x72EB, 0x72EC, 0x72ED,
	0x72EE, 0x72EF, 0x72F0, 0x72F1, 0x72F2, 0x72F3, 0x72F4, 0x72F6, 0x72F7, 0x72F8, 0x72F9, 0x72FA,
	0x72FB, 0x72FC, 0x72FD, 0x72FE, 0x72FF, 0x7300, 0x7301, 0x7303, 0x7304, 0x7307, 0x7308, 0x730A,
	0x730B, 0x730C, 0x730E, 0x730F, 0x7311, 0x7312, 0x7313, 0x7315, 0x7316, 0x7317, 0x7318, 0x7319,
	0x731B, 0x731C, 0x731D, 0x731E, 0x731F, 0x7321, 0x7322, 0x7323, 0x7325, 0x7326, 0x7327, 0x7329,
	0x732A, 0x732B, 0x732C, 0x732D, 0x732E, 0x732F, 0x7330, 0x7331, 0x7332, 0x7333, 0x7334, 0x7335,
	0x7336, 0x7337, 0x7338, 0x7339, 0x733A, 0x733B, 0x733C, 0x733E, 0x733F, 0x7340, 0x7342, 0x7343,
	0x7344, 0x7345, 0x7349, 0x734A, 0x734C, 0x734D, 0x734E, 0x734F, 0x7350, 0x7351, 0x7352, 0x7357,
	0x7358, 0x7359, 0x735A, 0x735B, 0x735D, 0x735E, 0x735F, 0x7360, 0x7361, 0x7362, 0x7363, 0x7365,
	0x7366, 0x7367, 0x7368, 0x7369, 0x736A, 0x736B, 0x736C, 0x736D, 0x736E, 0x736F, 0x7370, 0x7372,
	0x7373, 0x7374, 0x7375, 0x7376, 0x7377, 0x7378, 0x737A, 0x737B, 0x737C, 0x737D, 0x737E, 0x737F,
	0x7380, 0x7381, 0x7382, 0x7383, 0x7384, 0x7385, 0x7387, 0x7388, 0x7389, 0x738A, 0x738B, 0x738E,
	0x7391, 0x7392, 0x7393, 0x7394, 0x7395, 0x7396, 0x7397, 0x7398, 0x7399, 0x739A, 0x739B, 0x739D,
	0x739E, 0x739F, 0x73A0, 0x73A1, 0x73A2, 0x73A4, 0x73A5, 0x73A6, 0x73A8, 0x73A9, 0x73AB, 0x73AC,
	0x73AD, 0x73AE, 0x73AF, 0x73B0, 0x73B1, 0x73B2, 0x73B3, 0x73B4, 0x73B5, 0x73B6, 0x73B7, 0x73B8,
	0x73B9, 0x73BA, 0x73BB, 0x73BC, 0x73BE, 0x73BF, 0x73C0, 0x73C2, 0x73C3, 0x73C5, 0x73C6, 0x73C7,
	0x73C8, 0x73C9, 0x73CA, 0x73CB, 0x73CC, 0x73CD, 0x73CE, 0x73CF, 0x73D0, 0x73D1, 0x73D2, 0x73D3,
	0x73D4, 0x73D5, 0x73D6, 0x73D7, 0x73D8, 0x73D9, 0x73DA, 0x73DB, 0x73DC, 0x73DD, 0x73DE, 0x73E0,
	0x73E2, 0x73E3, 0x73E5, 0x73E6, 0x73E7, 0x73E8, 0x73E9, 0x73EA, 0x73EB, 0x73ED, 0x73EE, 0x73F0,
	0x73F1, 0x73F2, 0x73F4, 0x73F5, 0x73F6, 0x73F7, 0x73F8, 0x73F9, 0x73FA, 0x73FC, 0x73FD, 0x73FE,
	0x73FF, 0x7400, 0x7401, 0x7403, 0x7404, 0x7405, 0x7406, 0x7407, 0x7408, 0x7409, 0x740A, 0x740B,
	0x740C, 0x740D, 0x740E, 0x740F, 0x7410, 0x7414, 0x7416, 0x741A, 0x741B, 0x741D, 0x741F, 0x7420,
	0x7421, 0x7422, 0x7423, 0x7424, 0x7425, 0x7426, 0x7428, 0x7429, 0x742A, 0x742B, 0x742C, 0x742D,
	0x742E, 0x742F, 0x7430, 0x7431, 0x7432, 0x7433, 0x7434, 0x7435, 0x7436, 0x743A, 0x743C, 0x743F,
	0x7440, 0x7441, 0x7442, 0x7443, 0x7444, 0x7445, 0x7446, 0x744A, 0x744B, 0x744D, 0x744E, 0x744F,
	0x7450, 0x7451, 0x7452, 0x7453, 0x7454, 0x7455, 0x7456, 0x7457, 0x7459, 0x745A, 0x745B, 0x745C,
	0x745D, 0x745E, 0x745F, 0x7460, 0x7462, 0x7463, 0x7464, 0x7467, 0x7468, 0x7469, 0x746A, 0x746C,
	0x746D, 0x746E, 0x746F, 0x7470, 0x7471, 0x7472, 0x7473, 0x7475, 0x7476, 0x7477, 0x7479, 0x747C,
	0x747D, 0x747E, 0x747F, 0x7480, 0x7481, 0x7483, 0x7485, 0x7486, 0x7487, 0x7488, 0x7489, 0x748A,
	0x748B, 0x748E, 0x7490, 0x7492, 0x7494, 0x7495, 0x7497, 0x7498, 0x749A, 0x749C, 0x749E, 0x749F,
	0x74A0, 0x74A1, 0x74A2, 0x74A3, 0x74A5, 0x74A6, 0x74A7, 0x74A8, 0x74A9, 0x74AA, 0x74AB, 0x74AC,
	0x74AD, 0x74AE, 0x74AF, 0x74B0, 0x74B1, 0x74B2, 0x74B5, 0x74B6, 0x74B7, 0x74B8, 0x74BA, 0x74BB,
	0x74BD, 0x74BE, 0x74BF, 0x74C0, 0x74C1, 0x74C2, 0x74C3, 0x74C5, 0x74CA, 0x74CB, 0x74CF, 0x74D2,
	0x74D4, 0x74D5, 0x74D6, 0x74D7, 0x74D8, 0x74D9, 0x74DA, 0x74DB, 0x74DC, 0x74DD, 0x74DE, 0x74DF,
	0x74E0, 0x74E1, 0x74E2, 0x74E3, 0x74E4, 0x74E5, 0x74E6, 0x74E7, 0x74E8, 0x74E9, 0x74EC, 0x74EE,
	0x74EF, 0x74F0, 0x74F1, 0x74F2, 0x74F4, 0x74F5, 0x74F6, 0x74F7, 0x74F8, 0x74FB, 0x74FD, 0x74FE,
	0x74FF, 0x7500, 0x7502, 0x7503, 0x7504, 0x7505, 0x7507, 0x7508, 0x750B, 0x750C, 0x750D, 0x750E,
	0x750F, 0x7510, 0x7511, 0x7512, 0x7513, 0x7514, 0x7515, 0x7516, 0x7517, 0x7518, 0x7519, 0x751A,
	0x751C, 0x751D, 0x751E, 0x751F, 0x7521, 0x7522, 0x7523, 0x7525, 0x7526, 0x7528, 0x7529, 0x752A,
	0x752B, 0x752C, 0x752D, 0x752E, 0x752F, 0x7530, 0x7531, 0x7532, 0x7533, 0x7535, 0x7537, 0x7538,
	0x7539, 0x753A, 0x753B, 0x753C, 0x753D, 0x753E, 0x753F, 0x7540, 0x7544, 0x7545, 0x7546, 0x7547,
	0x7548, 0x7549, 0x754A, 0x754B, 0x754C, 0x754D, 0x754E, 0x754F, 0x7551, 0x7554, 0x7556, 0x7559,
	0x755A, 0x755B, 0x755C, 0x755D, 0x755F, 0x7560, 0x7562, 0x7563, 0x7564, 0x7565, 0x7566, 0x7567,
	0x7569, 0x756A, 0x756B, 0x756C, 0x756D, 0x756F, 0x7570, 0x7572, 0x7573, 0x7574, 0x7576, 0x7577,
	0x7578, 0x7579, 0x757D, 0x757E, 0x757F, 0x7580, 0x7581, 0x7582, 0x7583, 0x7584, 0x7586, 0x7587,
	0x7589, 0x758A, 0x758B, 0x758C, 0x758D, 0x758E, 0x758F, 0x7590, 0x7591, 0x7592, 0x7594, 0x7595,
	0x7596, 0x7597, 0x7598, 0x7599, 0x759A, 0x759D, 0x759F, 0x75A0, 0x75A1, 0x75A2, 0x75A3, 0x75A4,
	0x75A5, 0x75A7, 0x75AA, 0x75AB, 0x75AC, 0x75AD, 0x75AE, 0x75AF, 0x75B0, 0x75B1, 0x75B2, 0x75B3,
	0x75B4, 0x75B5, 0x75B6, 0x75B8, 0x75B9, 0x75BA, 0x75BB, 0x75BC, 0x75BD, 0x75BE, 0x75BF, 0x75C0,
	0x75C1, 0x75C2, 0x75C3, 0x75C4, 0x75C5, 0x75C7, 0x75C8, 0x75C9, 0x75CA, 0x75CB, 0x75CC, 0x75CD,
	0x75CE, 0x75CF, 0x75D0, 0x75D1, 0x75D2, 0x75D3, 0x75D4, 0x75D5, 0x75D6, 0x75D7, 0x75D8, 0x75D9,
	0x75DA, 0x75DB, 0x75DD, 0x75DE, 0x75DF, 0x75E0, 0x75E1, 0x75E2, 0x75E3, 0x75E4, 0x75E6, 0x75E7,
	0x75E8, 0x75E9, 0x75EA, 0x75EB, 0x75ED, 0x75EF, 0x75F0, 0x75F1, 0x75F2, 0x75F3, 0x75F4, 0x75F5,
	0x75F6, 0x75F7, 0x75F8, 0x75F9, 0x75FA, 0x75FB, 0x75FC, 0x75FD, 0x75FE, 0x75FF, 0x7600, 0x7601,
	0x7603, 0x7605, 0x7606, 0x7608, 0x7609, 0x760A, 0x760B, 0x760C, 0x760D, 0x760F, 0x7610, 0x7611,
	0x7613, 0x7614, 0x7615, 0x7616, 0x7617, 0x7618, 0x7619, 0x761A, 0x761B, 0x761C, 0x761D, 0x761E,
	0x761F, 0x7620, 0x7621, 0x7622, 0x7623, 0x7624, 0x7625, 0x7626, 0x7627, 0x7628, 0x7629, 0x762A,
	0x762B, 0x762D, 0x762F, 0x7630, 0x7631, 0x7632, 0x7633, 0x7634, 0x7635, 0x7638, 0x763A, 0x763B,
	0x763C, 0x763D, 0x763E, 0x763F, 0x7640, 0x7642, 0x7643, 0x7646, 0x7647, 0x7648, 0x7649, 0x764C,
	0x764D, 0x7650, 0x7652, 0x7653, 0x7654, 0x7656, 0x7657, 0x7658, 0x7659, 0x765A, 0x765C, 0x765E,
	0x765F, 0x7660, 0x7661, 0x7662, 0x7663, 0x7664, 0x7665, 0x7667, 0x7668, 0x7669, 0x766A, 0x766B,
	0x766C, 0x766D, 0x766E, 0x766F, 0x7670, 0x7671, 0x7672, 0x7675, 0x7676, 0x7678, 0x7679, 0x767A,
	0x767B, 0x767C, 0x767D, 0x767E, 0x767F, 0x7680, 0x7681, 0x7682, 0x7683, 0x7684, 0x7686, 0x7687,
	0x7688, 0x7689, 0x768A, 0x768B, 0x768E, 0x768F, 0x7690, 0x7691, 0x7692, 0x7693, 0x7695, 0x7696,
	0x7699, 0x769A, 0x769B, 0x769C, 0x769D, 0x769E, 0x76A4, 0x76A6, 0x76AA, 0x76AB, 0x76AD, 0x76AE,
	0x76AF, 0x76B0, 0x76B1, 0x76B2, 0x76B4, 0x76B5, 0x76B7, 0x76B8, 0x76B9, 0x76BA, 0x76BB, 0x76BD,
	0x76BE, 0x76BF, 0x76C2, 0x76C3, 0x76C4, 0x76C5, 0x76C6, 0x76C8, 0x76C9, 0x76CA, 0x76CD, 0x76CE,
	0x76CF, 0x76D0, 0x76D1, 0x76D2, 0x76D3, 0x76D4, 0x76D6, 0x76D7, 0x76D8, 0x76DA, 0x76DB, 0x76DC,
	0x76DD, 0x76DE, 0x76DF, 0x76E1, 0x76E3, 0x76E4, 0x76E5, 0x76E6, 0x76E7, 0x76E9, 0x76EA, 0x76EC,
	0x76ED, 0x76EE, 0x76EF, 0x76F0, 0x76F1, 0x76F2, 0x76F3, 0x76F4, 0x76F5, 0x76F7, 0x76F8, 0x76F9,
	0x76FA, 0x76FB, 0x76FC, 0x76FE, 0x7701, 0x7703, 0x7704, 0x7705, 0x7707, 0x7708, 0x7709, 0x770A,
	0x770B, 0x770C, 0x770D, 0x7710, 0x7711, 0x7712, 0x7713, 0x7715, 0x7719, 0x771A, 0x771B, 0x771D,
	0x771E, 0x771F, 0x7720, 0x7722, 0x7723, 0x7724, 0x7725, 0x7726, 0x7727, 0x7728, 0x7729, 0x772C,
	0x772D, 0x772F, 0x7731, 0x7732, 0x7733, 0x7734, 0x7735, 0x7736, 0x7737, 0x7738, 0x7739, 0x773A,
	0x773B, 0x773C, 0x773D, 0x773E, 0x7740, 0x7741, 0x7743, 0x7744, 0x7745, 0x7746, 0x7747, 0x774A,
	0x774B, 0x774C, 0x774D, 0x774E, 0x774F, 0x7750, 0x7751, 0x7752, 0x7754, 0x7755, 0x7756, 0x7759,
	0x775A, 0x775B, 0x775C, 0x775E, 0x775F, 0x7760, 0x7761, 0x7762, 0x7763, 0x7765, 0x7766, 0x7767,
	0x7768, 0x7769, 0x776A, 0x776B, 0x776C, 0x776D, 0x776E, 0x776F, 0x7779, 0x777C, 0x777D, 0x777E,
	0x777F, 0x7780, 0x7781, 0x7782, 0x7783, 0x7784, 0x7785, 0x7787, 0x7788, 0x7789, 0x778B, 0x778C,
	0x778D, 0x778E, 0x778F, 0x7791, 0x7792, 0x7795, 0x7797, 0x7799, 0x779A, 0x779B, 0x779C, 0x779D,
	0x779E, 0x779F, 0x77A0, 0x77A1, 0x77A2, 0x77A3, 0x77A5, 0x77A7, 0x77A8, 0x77A9, 0x77AA, 0x77AB,
	0x77AC, 0x77AD, 0x77B0, 0x77B1, 0x77B2, 0x77B3, 0x77B4, 0x77B5, 0x77B6, 0x77B7, 0x77B9, 0x77BA,
	0x77BB, 0x77BC, 0x77BD, 0x77BF, 0x77C2, 0x77C4, 0x77C7, 0x77C9, 0x77CA, 0x77CC, 0x77CD, 0x77CE,
	0x77CF, 0x77D0, 0x77D3, 0x77D4, 0x77D5, 0x77D7, 0x77D8, 0x77D9, 0x77DA, 0x77DB, 0x77DC, 0x77DE,
	0x77E0, 0x77E2, 0x77E3, 0x77E5, 0x77E7, 0x77E8, 0x77E9, 0x77EB, 0x77EC, 0x77ED, 0x77EE, 0x77EF,
	0x77F0, 0x77F1, 0x77F2, 0x77F3, 0x77F6, 0x77F7, 0x77F8, 0x77F9, 0x77FA, 0x77FB, 0x77FC, 0x77FD,
	0x77FE, 0x77FF, 0x7800, 0x7801, 0x7802, 0x7803, 0x7804, 0x7805, 0x7806, 0x7809, 0x780C, 0x780D,
	0x780E, 0x780F, 0x7810, 0x7811, 0x7812, 0x7813, 0x7814, 0x7815, 0x7816, 0x7817, 0x7818, 0x781A,
	0x781C, 0x781D, 0x781F, 0x7820, 0x7821, 0x7822, 0x7823, 0x7825, 0x7826, 0x7827, 0x7828, 0x7829,
	0x782A, 0x782B, 0x782C, 0x782D, 0x782E, 0x782F, 0x7830, 0x7831, 0x7832, 0x7833, 0x7834, 0x7835,
	0x7837, 0x7838, 0x7839, 0x783A, 0x783B, 0x783C, 0x783E, 0x783F, 0x7840, 0x7841, 0x7843, 0x7845,
	0x7847, 0x7848, 0x7849, 0x784A, 0x784C, 0x784D, 0x784E, 0x7850, 0x7852, 0x7854, 0x7855, 0x7856,
	0x7857, 0x7859, 0x785A, 0x785C, 0x785D, 0x785E, 0x7860, 0x7862, 0x7864, 0x7865, 0x7868, 0x7869,
	0x786A, 0x786B, 0x786C, 0x786D, 0x786E, 0x786F, 0x7870, 0x7871, 0x7872, 0x7874, 0x7877, 0x7879,
	0x787B, 0x787C, 0x787E, 0x787F, 0x7880, 0x7881, 0x7883, 0x7884, 0x7885, 0x7886, 0x7887, 0x7888,
	0x7889, 0x788C, 0x788D, 0x788E, 0x788F, 0x7891, 0x7893, 0x7894, 0x7895, 0x7896, 0x7897, 0x7898,
	0x7899, 0x789A, 0x789B, 0x789C, 0x789E, 0x789F, 0x78A0, 0x78A1, 0x78A2, 0x78A3, 0x78A4, 0x78A5,
	0x78A7, 0x78A8, 0x78A9, 0x78AA, 0x78AB, 0x78AC, 0x78AD, 0x78AF, 0x78B0, 0x78B1, 0x78B2, 0x78B3,
	0x78B4, 0x78B5, 0x78B6, 0x78B9, 0x78BA, 0x78BB, 0x78BC, 0x78BE, 0x78C1, 0x78C3, 0x78C4, 0x78C5,
	0x78C6, 0x78C8, 0x78C9, 0x78CA, 0x78CB, 0x78CC, 0x78CD, 0x78CE, 0x78CF, 0x78D0, 0x78D1, 0x78D4,
	0x78D5, 0x78D9, 0x78DA, 0x78DB, 0x78DC, 0x78DD, 0x78DE, 0x78DF, 0x78E0, 0x78E1, 0x78E2, 0x78E3,
	0x78E5, 0x78E7, 0x78E8, 0x78E9, 0x78EA, 0x78EC, 0x78ED, 0x78EF, 0x78F2, 0x78F3, 0x78F4, 0x78F7,
	0x78F9, 0x78FA, 0x78FB, 0x78FC, 0x78FD, 0x78FE, 0x78FF, 0x7901, 0x7902, 0x7904, 0x7905, 0x7907,
	0x7909, 0x790C, 0x790E, 0x7910, 0x7911, 0x7912, 0x7913, 0x7914, 0x7917, 0x7919, 0x791B, 0x791C,
	0x791D, 0x791E, 0x7921, 0x7923, 0x7924, 0x7925, 0x7926, 0x7927, 0x7928, 0x7929, 0x792A, 0x792B,
	0x792C, 0x792D, 0x792F, 0x7931, 0x7934, 0x7935, 0x7938, 0x7939, 0x793A, 0x793B, 0x793C, 0x793D,
	0x793E, 0x793F, 0x7940, 0x7941, 0x7942, 0x7943, 0x7944, 0x7945, 0x7946, 0x7947, 0x7948, 0x7949,
	0x794A, 0x794B, 0x794C, 0x794E, 0x794F, 0x7950, 0x7951, 0x7952, 0x7953, 0x7954, 0x7955, 0x7956,
	0x7957, 0x795A, 0x795B, 0x795C, 0x795D, 0x795E, 0x795F, 0x7960, 0x7961, 0x7962, 0x7963, 0x7964,
	0x7965, 0x7967, 0x7968, 0x7969, 0x796A, 0x796B, 0x796D, 0x796F, 0x7970, 0x7972, 0x7973, 0x7974,
	0x7977, 0x7978, 0x7979, 0x797A, 0x797C, 0x797D, 0x797E, 0x797F, 0x7980, 0x7981, 0x7982, 0x7984,
	0x7985, 0x7988, 0x798A, 0x798B, 0x798D, 0x798E, 0x798F, 0x7990, 0x7992, 0x7993, 0x7994, 0x7995,
	0x7996, 0x7997, 0x7998, 0x799A, 0x799B, 0x799C, 0x799D, 0x79A0, 0x79A1, 0x79A2, 0x79A4, 0x79A6,
	0x79A7, 0x79A8, 0x79AA, 0x79AB, 0x79AC, 0x79AD, 0x79AE, 0x79B0, 0x79B1, 0x79B2, 0x79B3, 0x79B4,
	0x79B6, 0x79B7, 0x79B8, 0x79B9, 0x79BA, 0x79BB, 0x79BD, 0x79BE, 0x79BF, 0x79C0, 0x79C1, 0x79C3,
	0x79C5, 0x79C6, 0x79C8, 0x79C9, 0x79CB, 0x79CD, 0x79CE, 0x79CF, 0x79D1, 0x79D2, 0x79D5, 0x79D6,
	0x79D8, 0x79DC, 0x79DD, 0x79DE, 0x79DF, 0x79E0, 0x79E1, 0x79E3, 0x79E4, 0x79E6, 0x79E7, 0x79E9,
	0x79EA, 0x79EB, 0x79EC, 0x79ED, 0x79EE, 0x79EF, 0x79F0, 0x79F6, 0x79F7, 0x79F8, 0x79FA, 0x79FB,
	0x79FD, 0x79FE, 0x7A00, 0x7A02, 0x7A03, 0x7A04, 0x7A05, 0x7A06, 0x7A08, 0x7A0A, 0x7A0B, 0x7A0C,
	0x7A0D, 0x7A0E, 0x7A10, 0x7A11, 0x7A12, 0x7A13, 0x7A14, 0x7A15, 0x7A17, 0x7A18, 0x7A19, 0x7A1A,
	0x7A1B, 0x7A1C, 0x7A1E, 0x7A1F, 0x7A20, 0x7A22, 0x7A23, 0x7A26, 0x7A28, 0x7A2B, 0x7A2E, 0x7A2F,
	0x7A30, 0x7A31, 0x7A32, 0x7A33, 0x7A37, 0x7A39, 0x7A3B, 0x7A3C, 0x7A3D, 0x7A3E, 0x7A3F, 0x7A40,
	0x7A42, 0x7A43, 0x7A44, 0x7A46, 0x7A47, 0x7A48, 0x7A49, 0x7A4A, 0x7A4B, 0x7A4C, 0x7A4D, 0x7A4E,
	0x7A4F, 0x7A50, 0x7A51, 0x7A54, 0x7A56, 0x7A57, 0x7A58, 0x7A59, 0x7A5A, 0x7A5B, 0x7A5C, 0x7A5F,
	0x7A60, 0x7A61, 0x7A62, 0x7A63, 0x7A67, 0x7A68, 0x7A69, 0x7A6B, 0x7A6C, 0x7A6D, 0x7A6E, 0x7A70,
	0x7A71, 0x7A74, 0x7A75, 0x7A76, 0x7A77, 0x7A78, 0x7A79, 0x7A7A, 0x7A7B, 0x7A7D, 0x7A7E, 0x7A7F,
	0x7A80, 0x7A81, 0x7A83, 0x7A84, 0x7A85, 0x7A86, 0x7A87, 0x7A88, 0x7A89, 0x7A8A, 0x7A8B, 0x7A8C,
	0x7A8D, 0x7A8E, 0x7A8F, 0x7A90, 0x7A91, 0x7A92, 0x7A93, 0x7A94, 0x7A95, 0x7A96, 0x7A97, 0x7A98,
	0x7A99, 0x7A9C, 0x7A9D, 0x7A9E, 0x7A9F, 0x7AA0, 0x7AA2, 0x7AA3, 0x7AA5, 0x7AA6, 0x7AA8, 0x7AA9,
	0x7AAA, 0x7AAB, 0x7AAC, 0x7AAD, 0x7AAE, 0x7AAF, 0x7AB0, 0x7AB1, 0x7AB2, 0x7AB3, 0x7AB4, 0x7AB5,
	0x7AB6, 0x7AB7, 0x7AB8, 0x7ABA, 0x7ABE, 0x7ABF, 0x7AC0, 0x7AC1, 0x7AC3, 0x7AC4, 0x7AC5, 0x7AC7,
	0x7AC8, 0x7ACA, 0x7ACB, 0x7ACD, 0x7ACF, 0x7AD1, 0x7AD2, 0x7AD3, 0x7AD5, 0x7AD6, 0x7AD8, 0x7AD9,
	0x7ADA, 0x7ADC, 0x7ADD, 0x7ADE, 0x7ADF, 0x7AE0, 0x7AE1, 0x7AE2, 0x7AE3, 0x7AE4, 0x7AE5, 0x7AE6,
	0x7AEA, 0x7AEB, 0x7AED, 0x7AEE, 0x7AEF, 0x7AF0, 0x7AF6, 0x7AF7, 0x7AF8, 0x7AF9, 0x7AFA, 0x7AFB,
	0x7AFD, 0x7AFF, 0x7B00, 0x7B01, 0x7B02, 0x7B03, 0x7B04, 0x7B05, 0x7B06, 0x7B08, 0x7B09, 0x7B0A,
	0x7B0B, 0x7B0E, 0x7B0F, 0x7B10, 0x7B11, 0x7B12, 0x7B13, 0x7B14, 0x7B15, 0x7B18, 0x7B19, 0x7B1A,
	0x7B1B, 0x7B1D, 0x7B1E, 0x7B20, 0x7B22, 0x7B23, 0x7B24, 0x7B25, 0x7B26, 0x7B28, 0x7B2A, 0x7B2B,
	0x7B2C, 0x7B2D, 0x7B2E, 0x7B2F, 0x7B30, 0x7B31, 0x7B32, 0x7B33, 0x7B34, 0x7B35, 0x7B36, 0x7B38,
	0x7B39, 0x7B3A, 0x7B3B, 0x7B3C, 0x7B3E, 0x7B40, 0x7B44, 0x7B45, 0x7B46, 0x7B47, 0x7B48, 0x7B49,
	0x7B4A, 0x7B4B, 0x7B4C, 0x7B4D, 0x7B4E, 0x7B4F, 0x7B50, 0x7B51, 0x7B52, 0x7B54, 0x7B56, 0x7B58,
	0x7B5A, 0x7B5B, 0x7B5C, 0x7B5D, 0x7B60, 0x7B61, 0x7B62, 0x7B63, 0x7B64, 0x7B65, 0x7B66, 0x7B67,
	0x7B69, 0x7B6C, 0x7B6D, 0x7B6E, 0x7B70, 0x7B71, 0x7B72, 0x7B73, 0x7B74, 0x7B75, 0x7B76, 0x7B77,
	0x7B78, 0x7B79, 0x7B7A, 0x7B7B, 0x7B7C, 0x7B7E, 0x7B80, 0x7B82, 0x7B84, 0x7B85, 0x7B86, 0x7B87,
	0x7B88, 0x7B8A, 0x7B8B, 0x7B8C, 0x7B8D, 0x7B8E, 0x7B8F, 0x7B90, 0x7B91, 0x7B92, 0x7B93, 0x7B94,
	0x7B95, 0x7B96, 0x7B97, 0x7B98, 0x7B99, 0x7B9A, 0x7B9B, 0x7B9C, 0x7B9D, 0x7B9F, 0x7BA0, 0x7BA1,
	0x7BA2, 0x7BA4, 0x7BA6, 0x7BA7, 0x7BA8, 0x7BA9, 0x7BAA, 0x7BAB, 0x7BAC, 0x7BAD, 0x7BAF, 0x7BB1,
	0x7BB4, 0x7BB5, 0x7BB7, 0x7BB8, 0x7BB9, 0x7BBE, 0x7BC0, 0x7BC1, 0x7BC4, 0x7BC6, 0x7BC7, 0x7BC9,
	0x7BCA, 0x7BCB, 0x7BCC, 0x7BCE, 0x7BCF, 0x7BD1, 0x7BD3, 0x7BD4, 0x7BD5, 0x7BD8, 0x7BD9, 0x7BDA,
	0x7BDB, 0x7BDC, 0x7BDD, 0x7BDE, 0x7BDF, 0x7BE0, 0x7BE1, 0x7BE2, 0x7BE3, 0x7BE4, 0x7BE5, 0x7BE6,
	0x7BE7, 0x7BE8, 0x7BE9, 0x7BEA, 0x7BEB, 0x7BED, 0x7BEE, 0x7BEF, 0x7BF0, 0x7BF1, 0x7BF2, 0x7BF3,
	0x7BF4, 0x7BF6, 0x7BF7, 0x7BF8, 0x7BF9, 0x7BFB, 0x7BFC, 0x7BFD, 0x7BFE, 0x7BFF, 0x7C00, 0x7C01,
	0x7C02, 0x7C03, 0x7C05, 0x7C06, 0x7C07, 0x7C09, 0x7C0A, 0x7C0B, 0x7C0C, 0x7C0D, 0x7C0E, 0x7C0F,
	0x7C10, 0x7C11, 0x7C12, 0x7C13, 0x7C14, 0x7C15, 0x7C16, 0x7C17, 0x7C19, 0x7C1C, 0x7C1D, 0x7C1E,
	0x7C1F, 0x7C20, 0x7C21, 0x7C22, 0x7C23, 0x7C25, 0x7C26, 0x7C27, 0x7C28, 0x7C29, 0x7C2A, 0x7C2B,
	0x7C2C, 0x7C2D, 0x7C30, 0x7C33, 0x7C37, 0x7C38, 0x7C39, 0x7C3B, 0x7C3C, 0x7C3D, 0x7C3E, 0x7C3F,
	0x7C40, 0x7C41, 0x7C43, 0x7C45, 0x7C47, 0x7C48, 0x7C49, 0x7C4A, 0x7C4C, 0x7C4D, 0x7C4F, 0x7C50,
	0x7C53, 0x7C54, 0x7C56, 0x7C57, 0x7C58, 0x7C59, 0x7C5A, 0x7C5B, 0x7C5C, 0x7C5F, 0x7C60, 0x7C63,
	0x7C64, 0x7C65, 0x7C66, 0x7C67, 0x7C69, 0x7C6A, 0x7C6B, 0x7C6C, 0x7C6E, 0x7C6F, 0x7C72, 0x7C73,
	0x7C74, 0x7C75, 0x7C78, 0x7C79, 0x7C7A, 0x7C7B, 0x7C7C, 0x7C7D, 0x7C7E, 0x7C7F, 0x7C80, 0x7C81,
	0x7C82, 0x7C83, 0x7C84, 0x7C85, 0x7C88, 0x7C89, 0x7C8A, 0x7C8B, 0x7C8C, 0x7C8D, 0x7C90, 0x7C91,
	0x7C92, 0x7C94, 0x7C95, 0x7C96, 0x7C97, 0x7C98, 0x7C9B, 0x7C9C, 0x7C9D, 0x7C9E, 0x7C9F, 0x7CA1,
	0x7CA2, 0x7CA3, 0x7CA4, 0x7CA5, 0x7CA7, 0x7CA8, 0x7CAA, 0x7CAB, 0x7CAD, 0x7CAE, 0x7CAF, 0x7CB1,
	0x7CB2, 0x7CB3, 0x7CB4, 0x7CB5, 0x7CB9, 0x7CBA, 0x7CBB, 0x7CBC, 0x7CBD, 0x7CBE, 0x7CBF, 0x7CC0,
	0x7CC1, 0x7CC2, 0x7CC5, 0x7CC7, 0x7CC8, 0x7CCA, 0x7CCB, 0x7CCC, 0x7CCD, 0x7CCE, 0x7CD0, 0x7CD1,
	0x7CD2, 0x7CD4, 0x7CD5, 0x7CD6, 0x7CD7, 0x7CD8, 0x7CD9, 0x7CDC, 0x7CDD, 0x7CDE, 0x7CDF, 0x7CE0,
	0x7CE2, 0x7CE7, 0x7CE8, 0x7CEA, 0x7CEC, 0x7CEE, 0x7CEF, 0x7CF0, 0x7CF1, 0x7CF2, 0x7CF4, 0x7CF5,
	0x7CF6, 0x7CF7, 0x7CF8, 0x7CFA, 0x7CFB, 0x7CFD, 0x7CFE, 0x7D00, 0x7D01, 0x7D02, 0x7D03, 0x7D04,
	0x7D05, 0x7D06, 0x7D07, 0x7D08, 0x7D09, 0x7D0A, 0x7D0B, 0x7D0C, 0x7D0D, 0x7D0E, 0x7D0F, 0x7D10,
	0x7D11, 0x7D12, 0x7D13, 0x7D14, 0x7D15, 0x7D16, 0x7D17, 0x7D18, 0x7D19, 0x7D1A, 0x7D1B, 0x7D1C,
	0x7D1D, 0x7D1E, 0x7D1F, 0x7D20, 0x7D21, 0x7D22, 0x7D27, 0x7D28, 0x7D29, 0x7D2B, 0x7D2C, 0x7D2E,
	0x7D2F, 0x7D30, 0x7D31, 0x7D32, 0x7D33, 0x7D35, 0x7D36, 0x7D38, 0x7D39, 0x7D3A, 0x7D3B, 0x7D3C,
	0x7D3D, 0x7D3E, 0x7D3F, 0x7D40, 0x7D41, 0x7D42, 0x7D43, 0x7D44, 0x7D45, 0x7D46, 0x7D47, 0x7D4A,
	0x7D4B, 0x7D4C, 0x7D4E, 0x7D4F, 0x7D50, 0x7D51, 0x7D52, 0x7D53, 0x7D54, 0x7D55, 0x7D56, 0x7D58,
	0x7D5B, 0x7D5C, 0x7D5E, 0x7D5F, 0x7D61, 0x7D62, 0x7D63, 0x7D66, 0x7D67, 0x7D68, 0x7D69, 0x7D6A,
	0x7D6B, 0x7D6D, 0x7D6E, 0x7D6F, 0x7D70, 0x7D71, 0x7D72, 0x7D73, 0x7D75, 0x7D76, 0x7D77, 0x7D79,
	0x7D7A, 0x7D7B, 0x7D7C, 0x7D7D, 0x7D7F, 0x7D80, 0x7D81, 0x7D83, 0x7D84, 0x7D85, 0x7D86, 0x7D88,
	0x7D89, 0x7D8C, 0x7D8D, 0x7D8E, 0x7D8F, 0x7D91, 0x7D92, 0x7D93, 0x7D94, 0x7D96, 0x7D99, 0x7D9A,
	0x7D9B, 0x7D9C, 0x7D9D, 0x7D9E, 0x7D9F, 0x7DA0, 0x7DA1, 0x7DA2, 0x7DA3, 0x7DA6, 0x7DA7, 0x7DA9,
	0x7DAA, 0x7DAB, 0x7DAC, 0x7DAD, 0x7DAE, 0x7DAF, 0x7DB0, 0x7DB1, 0x7DB2, 0x7DB4, 0x7DB5, 0x7DB7,
	0x7DB8, 0x7DB9, 0x7DBA, 0x7DBB, 0x7DBC, 0x7DBD, 0x7DBE, 0x7DBF, 0x7DC0, 0x7DC1, 0x7DC2, 0x7DC4,
	0x7DC5, 0x7DC6, 0x7DC7, 0x7DC9, 0x7DCA, 0x7DCB, 0x7DCC, 0x7DCE, 0x7DCF, 0x7DD1, 0x7DD2, 0x7DD5,
	0x7DD7, 0x7DD8, 0x7DD9, 0x7DDA, 0x7DDB, 0x7DDC, 0x7DDD, 0x7DDE, 0x7DDF, 0x7DE0, 0x7DE1, 0x7DE3,
	0x7DE4, 0x7DE6, 0x7DE7, 0x7DE8, 0x7DE9, 0x7DEA, 0x7DEC, 0x7DEE, 0x7DEF, 0x7DF0, 0x7DF1, 0x7DF2,
	0x7DF3, 0x7DF4, 0x7DF6, 0x7DF7, 0x7DF9, 0x7DFA, 0x7DFB, 0x7E01, 0x7E03, 0x7E04, 0x7E05, 0x7E08,
	0x7E09, 0x7E0A, 0x7E0B, 0x7E0C, 0x7E0D, 0x7E0E, 0x7E0F, 0x7E10, 0x7E11, 0x7E12, 0x7E13, 0x7E14,
	0x7E15, 0x7E16, 0x7E17, 0x7E1A, 0x7E1B, 0x7E1C, 0x7E1D, 0x7E1E, 0x7E1F, 0x7E20, 0x7E21, 0x7E22,
	0x7E23, 0x7E24, 0x7E25, 0x7E26, 0x7E29, 0x7E2A, 0x7E2B, 0x7E2D, 0x7E2E, 0x7E2F, 0x7E30, 0x7E31,
	0x7E32, 0x7E33, 0x7E34, 0x7E35, 0x7E36, 0x7E37, 0x7E38, 0x7E39, 0x7E3A, 0x7E3B, 0x7E3C, 0x7E3D,
	0x7E3E, 0x7E3F, 0x7E40, 0x7E41, 0x7E42, 0x7E43, 0x7E44, 0x7E45, 0x7E46, 0x7E47, 0x7E48, 0x7E49,
	0x7E4A, 0x7E4B, 0x7E4C, 0x7E4D, 0x7E50, 0x7E51, 0x7E52, 0x7E53, 0x7E54, 0x7E55, 0x7E56, 0x7E57,
	0x7E58, 0x7E59, 0x7E5A, 0x7E5C, 0x7E5D, 0x7E5E, 0x7E5F, 0x7E60, 0x7E61, 0x7E62, 0x7E63, 0x7E66,
	0x7E67, 0x7E68, 0x7E69, 0x7E6A, 0x7E6B, 0x7E6D, 0x7E6F, 0x7E70, 0x7E72, 0x7E73, 0x7E74, 0x7E75,
	0x7E76, 0x7E77, 0x7E78, 0x7E79, 0x7E7A, 0x7E7B, 0x7E7C, 0x7E7D, 0x7E7E, 0x7E7F, 0x7E80, 0x7E81,
	0x7E82, 0x7E83, 0x7E86, 0x7E87, 0x7E88, 0x7E89, 0x7E8A, 0x7E8B, 0x7E8C, 0x7E8D, 0x7E8E, 0x7E8F,
	0x7E90, 0x7E91, 0x7E92, 0x7E93, 0x7E94, 0x7E95, 0x7E96, 0x7E97, 0x7E98, 0x7E99, 0x7E9A, 0x7E9B,
	0x7E9C, 0x7E9F, 0x7EA0, 0x7EA1, 0x7EA2, 0x7EA3, 0x7EA4, 0x7EA5, 0x7EA6, 0x7EA7, 0x7EA8, 0x7EA9,
	0x7EAA, 0x7EAB, 0x7EAC, 0x7EAD, 0x7EAE, 0x7EAF, 0x7EB0, 0x7EB1, 0x7EB2, 0x7EB3, 0x7EB4, 0x7EB5,
	0x7EB6, 0x7EB7, 0x7EB8, 0x7EB9, 0x7EBA, 0x7EBB, 0x7EBC, 0x7EBD, 0x7EBE, 0x7EBF, 0x7EC0, 0x7EC1,
	0x7EC2, 0x7EC3, 0x7EC4, 0x7EC5, 0x7EC6, 0x7EC7, 0x7EC8, 0x7EC9, 0x7ECA, 0x7ECB, 0x7ECC, 0x7ECD,
	0x7ECE, 0x7ECF, 0x7ED0, 0x7ED1, 0x7ED2, 0x7ED3, 0x7ED4, 0x7ED5, 0x7ED6, 0x7ED7, 0x7ED8, 0x7ED9,
	0x7EDA, 0x7EDB, 0x7EDC, 0x7EDD, 0x7EDE, 0x7EDF, 0x7EE0, 0x7EE1, 0x7EE2, 0x7EE3, 0x7EE4, 0x7EE5,
	0x7EE6, 0x7EE7, 0x7EE8, 0x7EE9, 0x7EEA, 0x7EEB, 0x7EED, 0x7EEE, 0x7EEF, 0x7EF0, 0x7EF1, 0x7EF2,
	0x7EF3, 0x7EF4, 0x7EF5, 0x7EF6, 0x7EF7, 0x7EF8, 0x7EF9, 0x7EFA, 0x7EFB, 0x7EFC, 0x7EFD, 0x7EFE,
	0x7EFF, 0x7F00, 0x7F01, 0x7F02, 0x7F03, 0x7F04, 0x7F05, 0x7F06, 0x7F07, 0x7F08, 0x7F09, 0x7F0A,
	0x7F0B, 0x7F0C, 0x7F0D, 0x7F0E, 0x7F0F, 0x7F10, 0x7F11, 0x7F12, 0x7F13, 0x7F14, 0x7F15, 0x7F16,
	0x7F17, 0x7F18, 0x7F19, 0x7F1A, 0x7F1B, 0x7F1C, 0x7F1D, 0x7F1E, 0x7F1F, 0x7F20, 0x7F21, 0x7F22,
	0x7F23, 0x7F24, 0x7F25, 0x7F26, 0x7F27, 0x7F28, 0x7F29, 0x7F2A, 0x7F2B, 0x7F2C, 0x7F2D, 0x7F2E,
	0x7F2F, 0x7F30, 0x7F31, 0x7F32, 0x7F33, 0x7F34, 0x7F35, 0x7F36, 0x7F38, 0x7F39, 0x7F3A, 0x7F3D,
	0x7F3E, 0x7F3F, 0x7F42, 0x7F43, 0x7F44, 0x7F45, 0x7F48, 0x7F4A, 0x7F4B, 0x7F4C, 0x7F4D, 0x7F4E,
	0x7F4F, 0x7F50, 0x7F51, 0x7F54, 0x7F55, 0x7F57, 0x7F58, 0x7F5A, 0x7F5B, 0x7F5C, 0x7F5D, 0x7F5E,
	0x7F5F, 0x7F60, 0x7F61, 0x7F62, 0x7F63, 0x7F65, 0x7F66, 0x7F67, 0x7F68, 0x7F69, 0x7F6A, 0x7F6B,
	0x7F6C, 0x7F6D, 0x7F6E, 0x7F70, 0x7F71, 0x7F72, 0x7F73, 0x7F74, 0x7F75, 0x7F76, 0x7F77, 0x7F78,
	0x7F79, 0x7F7A, 0x7F7B, 0x7F7C, 0x7F7D, 0x7F7E, 0x7F7F, 0x7F81, 0x7F82, 0x7F83, 0x7F85, 0x7F86,
	0x7F87, 0x7F88, 0x7F89, 0x7F8A, 0x7F8B, 0x7F8C, 0x7F8D, 0x7F8E, 0x7F91, 0x7F92, 0x7F93, 0x7F94,
	0x7F95, 0x7F96, 0x7F9A, 0x7F9B, 0x7F9C, 0x7F9D, 0x7F9E, 0x7F9F, 0x7FA0, 0x7FA1, 0x7FA2, 0x7FA3,
	0x7FA4, 0x7FA5, 0x7FA6, 0x7FA7, 0x7FA8, 0x7FA9, 0x7FAC, 0x7FAD, 0x7FAE, 0x7FAF, 0x7FB0, 0x7FB1,
	0x7FB2, 0x7FB3, 0x7FB5, 0x7FB6, 0x7FB7, 0x7FB8, 0x7FB9, 0x7FBA, 0x7FBB, 0x7FBC, 0x7FBD, 0x7FBE,
	0x7FBF, 0x7FC0, 0x7FC1, 0x7FC2, 0x7FC3, 0x7FC5, 0x7FC6, 0x7FC7, 0x7FC8, 0x7FC9, 0x7FCA, 0x7FCB,
	0x7FCC, 0x7FCD, 0x7FCE, 0x7FCF, 0x7FD0, 0x7FD1, 0x7FD2, 0x7FD4, 0x7FD5, 0x7FD7, 0x7FD8, 0x7FD9,
	0x7FDA, 0x7FDB, 0x7FDC, 0x7FDE, 0x7FDF, 0x7FE0, 0x7FE1, 0x7FE2, 0x7FE3, 0x7FE5, 0x7FE6, 0x7FE8,
	0x7FE9, 0x7FEA, 0x7FEB, 0x7FEC, 0x7FED, 0x7FEE, 0x7FEF, 0x7FF0, 0x7FF1, 0x7FF2, 0x7FF3, 0x7FF4,
	0x7FF5, 0x7FF7, 0x7FF8, 0x7FF9, 0x7FFB, 0x7FFC, 0x7FFD, 0x7FFE, 0x7FFF, 0x8000, 0x8001, 0x8003,
	0x8004, 0x8005, 0x8006, 0x8007, 0x800B, 0x800C, 0x800D, 0x800E, 0x800F, 0x8010, 0x8011, 0x8012,
	0x8014, 0x8015, 0x8016, 0x8017, 0x8018, 0x8019, 0x801B, 0x801C, 0x801E, 0x801F, 0x8020, 0x8021,
	0x8022, 0x8024, 0x8025, 0x8026, 0x8027, 0x8028, 0x8029, 0x802A, 0x802C, 0x8030, 0x8031, 0x8033,
	0x8034, 0x8035, 0x8036, 0x8037, 0x8038, 0x8039, 0x803B, 0x803D, 0x803E, 0x803F, 0x8042, 0x8043,
	0x8046, 0x8047, 0x8048, 0x804A, 0x804B, 0x804C, 0x804D, 0x804F, 0x8050, 0x8051, 0x8052, 0x8054,
	0x8056, 0x8058, 0x805A, 0x805C, 0x805D, 0x805E, 0x805F, 0x8061, 0x8062, 0x8064, 0x8067, 0x8068,
	0x8069, 0x806A, 0x806C, 0x806F, 0x8070, 0x8071, 0x8072, 0x8073, 0x8074, 0x8075, 0x8076, 0x8077,
	0x8078, 0x8079, 0x807D, 0x807E, 0x807F, 0x8080, 0x8082, 0x8083, 0x8084, 0x8085, 0x8086, 0x8087,
	0x8089, 0x808A, 0x808B, 0x808C, 0x808F, 0x8090, 0x8092, 0x8093, 0x8095, 0x8096, 0x8098, 0x8099,
	0x809A, 0x809B, 0x809C, 0x809D, 0x809F, 0x80A0, 0x80A1, 0x80A2, 0x80A3, 0x80A4, 0x80A5, 0x80A9,
	0x80AA, 0x80AB, 0x80AC, 0x80AD, 0x80AE, 0x80AF, 0x80B1, 0x80B2, 0x80B4, 0x80B5, 0x80B7, 0x80B8,
	0x80BA, 0x80BC, 0x80BD, 0x80BE, 0x80BF, 0x80C0, 0x80C1, 0x80C2, 0x80C3, 0x80C4, 0x80C5, 0x80C6,
	0x80C7, 0x80C8, 0x80C9, 0x80CA, 0x80CC, 0x80CD, 0x80CE, 0x80CF, 0x80D0, 0x80D1, 0x80D4, 0x80D5,
	0x80D6, 0x80D7, 0x80D8, 0x80D9, 0x80DA, 0x80DB, 0x80DC, 0x80DD, 0x80DE, 0x80E0, 0x80E1, 0x80E3,
	0x80E4, 0x80E5, 0x80E6, 0x80E7, 0x80E8, 0x80E9, 0x80EA, 0x80EB, 0x80EC, 0x80ED, 0x80EF, 0x80F0,
	0x80F1, 0x80F2, 0x80F3, 0x80F4, 0x80F5, 0x80F6, 0x80F8, 0x80F9, 0x80FA, 0x80FB, 0x80FC, 0x80FD,
	0x80FE, 0x8100, 0x8101, 0x8102, 0x8105, 0x8106, 0x8107, 0x8108, 0x8109, 0x810A, 0x810D, 0x810E,
	0x810F, 0x8110, 0x8111, 0x8112, 0x8113, 0x8114, 0x8115, 0x8116, 0x8118, 0x8119, 0x811A, 0x811B,
	0x811D, 0x811E, 0x811F, 0x8121, 0x8122, 0x8123, 0x8124, 0x8125, 0x8127, 0x8129, 0x812B, 0x812C,
	0x812D, 0x812F, 0x8130, 0x8131, 0x8132, 0x8133, 0x8136, 0x8138, 0x8139, 0x813A, 0x813D, 0x813E,
	0x813F, 0x8143, 0x8144, 0x8146, 0x8147, 0x8148, 0x814A, 0x814B, 0x814C, 0x814D, 0x814E, 0x814F,
	0x8150, 0x8151, 0x8152, 0x8153, 0x8154, 0x8155, 0x8158, 0x8159, 0x815A, 0x815B, 0x815C, 0x815E,
	0x815F, 0x8160, 0x8161, 0x8162, 0x8164, 0x8165, 0x8166, 0x8167, 0x8168, 0x8169, 0x816B, 0x816D,
	0x816E, 0x816F, 0x8170, 0x8171, 0x8172, 0x8173, 0x8174, 0x8176, 0x8177, 0x8178, 0x8179, 0x817A,
	0x817B, 0x817C, 0x817D, 0x817E, 0x817F, 0x8180, 0x8182, 0x8183, 0x8186, 0x8187, 0x8188, 0x8189,
	0x818A, 0x818B, 0x818C, 0x818D, 0x818F, 0x8191, 0x8193, 0x8195, 0x8197, 0x8198, 0x8199, 0x819A,
	0x819B, 0x819C, 0x819D, 0x819E, 0x819F, 0x81A0, 0x81A2, 0x81A3, 0x81A4, 0x81A6, 0x81A7, 0x81A8,
	0x81A9, 0x81AA, 0x81AB, 0x81AC, 0x81AE, 0x81B0, 0x81B1, 0x81B2, 0x81B3, 0x81B4, 0x81B5, 0x81B7,
	0x81B8, 0x81B9, 0x81BA, 0x81BB, 0x81BC, 0x81BD, 0x81BE, 0x81BF, 0x81C0, 0x81C1, 0x81C2, 0x81C3,
	0x81C4, 0x81C5, 0x81C6, 0x81C7, 0x81C8, 0x81C9, 0x81CA, 0x81CC, 0x81CD, 0x81CF, 0x81D0, 0x81D1,
	0x81D2, 0x81D3, 0x81D5, 0x81D7, 0x81D8, 0x81D9, 0x81DA, 0x81DB, 0x81DC, 0x81DD, 0x81DE, 0x81DF,
	0x81E0, 0x81E1, 0x81E2, 0x81E3, 0x81E5, 0x81E6, 0x81E7, 0x81E8, 0x81E9, 0x81EA, 0x81EC, 0x81ED,
	0x81EE, 0x81F2, 0x81F3, 0x81F4, 0x81F7, 0x81F8, 0x81F9, 0x81FA, 0x81FB, 0x81FC, 0x81FE, 0x81FF,
	0x8200, 0x8201, 0x8202, 0x8204, 0x8205, 0x8206, 0x8207, 0x8208, 0x8209, 0x820A, 0x820B, 0x820C,
	0x820D, 0x820E, 0x8210, 0x8211, 0x8212, 0x8214, 0x8215, 0x8216, 0x8217, 0x8218, 0x821B, 0x821C,
	0x821D, 0x821E, 0x821F, 0x8220, 0x8221, 0x8222, 0x8223, 0x8225, 0x8228, 0x8229, 0x822A, 0x822B,
	0x822C, 0x822D, 0x822E, 0x822F, 0x8230, 0x8231, 0x8232, 0x8233, 0x8234, 0x8235, 0x8236, 0x8237,
	0x8238, 0x8239, 0x823A, 0x823B, 0x823C, 0x823D, 0x823E, 0x823F, 0x8240, 0x8242, 0x8244, 0x8245,
	0x8247, 0x8249, 0x824B, 0x824E, 0x824F, 0x8250, 0x8251, 0x8252, 0x8253, 0x8255, 0x8256, 0x8257,
	0x8258, 0x8259, 0x825A, 0x825B, 0x825C, 0x825D, 0x825E, 0x825F, 0x8261, 0x8262, 0x8263, 0x8264,
	0x8266, 0x8268, 0x8269, 0x826A, 0x826B, 0x826C, 0x826D, 0x826E, 0x826F, 0x8270, 0x8271, 0x8272,
	0x8273, 0x8274, 0x8275, 0x8276, 0x8277, 0x8278, 0x8279, 0x827A, 0x827C, 0x827D, 0x827E, 0x827F,
	0x8280, 0x8282, 0x8283, 0x8284, 0x8285, 0x8288, 0x828A, 0x828B, 0x828D, 0x828E, 0x828F, 0x8290,
	0x8291, 0x8292, 0x8293, 0x8294, 0x8297, 0x8298, 0x8299, 0x829A, 0x829B, 0x829C, 0x829D, 0x829E,
	0x829F, 0x82A0, 0x82A1, 0x82A2, 0x82A3, 0x82A4, 0x82A5, 0x82A6, 0x82A7, 0x82A8, 0x82A9, 0x82AA,
	0x82AB, 0x82AC, 0x82AD, 0x82AE, 0x82AF, 0x82B0, 0x82B1, 0x82B3, 0x82B4, 0x82B5, 0x82B6, 0x82B7,
	0x82B8, 0x82B9, 0x82BA, 0x82BB, 0x82BC, 0x82BD, 0x82BE, 0x82C0, 0x82C1, 0x82C2, 0x82C3, 0x82C4,
	0x82C5, 0x82C7, 0x82C8, 0x82C9, 0x82CA, 0x82CB, 0x82CC, 0x82CD, 0x82CE, 0x82CF, 0x82D1, 0x82D2,
	0x82D3, 0x82D4, 0x82D5, 0x82D6, 0x82D7, 0x82D8, 0x82D9, 0x82DB, 0x82DC, 0x82DE, 0x82DF, 0x82E0,
	0x82E1, 0x82E3, 0x82E4, 0x82E5, 0x82E6, 0x82E7, 0x82E8, 0x82EA, 0x82EB, 0x82EC, 0x82ED, 0x82EF,
	0x82F0, 0x82F1, 0x82F2, 0x82F3, 0x82F4, 0x82F5, 0x82F6, 0x82F7, 0x82F9, 0x82FA, 0x82FB, 0x82FE,
	0x8300, 0x8301, 0x8302, 0x8303, 0x8304, 0x8305, 0x8306, 0x8307, 0x8308, 0x8309, 0x830B, 0x830C,
	0x830D, 0x830E, 0x830F, 0x8311, 0x8313, 0x8314, 0x8315, 0x8316, 0x8317, 0x8318, 0x8319, 0x831A,
	0x831B, 0x831C, 0x831D, 0x831E, 0x8320, 0x8322, 0x8323, 0x8324, 0x8325, 0x8326, 0x8327, 0x8328,
	0x8329, 0x832A, 0x832B, 0x832C, 0x832D, 0x832F, 0x8331, 0x8332, 0x8333, 0x8334, 0x8335, 0x8336,
	0x8337, 0x8338, 0x8339, 0x833A, 0x833B, 0x833C, 0x833D, 0x833F, 0x8340, 0x8341, 0x8342, 0x8343,
	0x8344, 0x8345, 0x8346, 0x8347, 0x8348, 0x8349, 0x834A, 0x834B, 0x834C, 0x834D, 0x834E, 0x834F,
	0x8350, 0x8351, 0x8352, 0x8353, 0x8354, 0x8356, 0x8358, 0x8359, 0x835A, 0x835B, 0x835C, 0x835E,
	0x835F, 0x8360, 0x8361, 0x8363, 0x8364, 0x8365, 0x8366, 0x8367, 0x8368, 0x8369, 0x836A, 0x836B,
	0x836C, 0x836D, 0x836E, 0x836F, 0x8373, 0x8374, 0x8375, 0x8376, 0x8377, 0x8378, 0x837A, 0x837B,
	0x837C, 0x837D, 0x837E, 0x837F, 0x8381, 0x8383, 0x8385, 0x8386, 0x8387, 0x8388, 0x8389, 0x838A,
	0x838B, 0x838C, 0x838D, 0x838E, 0x838F, 0x8390, 0x8392, 0x8393, 0x8394, 0x8395, 0x8396, 0x8397,
	0x8398, 0x8399, 0x839A, 0x839B, 0x839C, 0x839D, 0x839E, 0x839F, 0x83A0, 0x83A2, 0x83A3, 0x83A4,
	0x83A5, 0x83A6, 0x83A7, 0x83A8, 0x83A9, 0x83AA, 0x83AB, 0x83AE, 0x83AF, 0x83B0, 0x83B1, 0x83B2,
	0x83B3, 0x83B4, 0x83B5, 0x83B6, 0x83B7, 0x83B8, 0x83B9, 0x83BA, 0x83BC, 0x83BD, 0x83BF, 0x83C0,
	0x83C1, 0x83C2, 0x83C3, 0x83C4, 0x83C5, 0x83C6, 0x83C7, 0x83C8, 0x83C9, 0x83CA, 0x83CB, 0x83CC,
	0x83CD, 0x83CE, 0x83CF, 0x83D1, 0x83D3, 0x83D4, 0x83D5, 0x83D6, 0x83D7, 0x83D8, 0x83D9, 0x83DB,
	0x83DC, 0x83DD, 0x83DE, 0x83DF, 0x83E0, 0x83E1, 0x83E2, 0x83E3, 0x83E4, 0x83E5, 0x83E7, 0x83E8,
	0x83E9, 0x83EA, 0x83EB, 0x83EC, 0x83EE, 0x83EF, 0x83F0, 0x83F1, 0x83F2, 0x83F3, 0x83F4, 0x83F5,
	0x83F6, 0x83F7, 0x83F8, 0x83F9, 0x83FA, 0x83FB, 0x83FC, 0x83FD, 0x83FE, 0x83FF, 0x8401, 0x8403,
	0x8404, 0x8406, 0x8407, 0x8409, 0x840A, 0x840B, 0x840C, 0x840D, 0x840E, 0x840F, 0x8410, 0x8411,
	0x8412, 0x8413, 0x8418, 0x841A, 0x841B, 0x841C, 0x841D, 0x8420, 0x8422, 0x8423, 0x8424, 0x8425,
	0x8426, 0x8427, 0x8428, 0x8429, 0x842A, 0x842B, 0x842C, 0x842D, 0x842F, 0x8430, 0x8431, 0x8432,
	0x8433, 0x8434, 0x8435, 0x8436, 0x8437, 0x8438, 0x8439, 0x843A, 0x843B, 0x843C, 0x843D, 0x843F,
	0x8440, 0x8442, 0x8443, 0x8444, 0x8445, 0x8446, 0x8447, 0x8449, 0x844B, 0x844C, 0x844D, 0x844E,
	0x8450, 0x8451, 0x8452, 0x8454, 0x8456, 0x8457, 0x8459, 0x845A, 0x845B, 0x845C, 0x845D, 0x845E,
	0x845F, 0x8460, 0x8461, 0x8462, 0x8463, 0x8465, 0x8466, 0x8467, 0x8468, 0x8469, 0x846B, 0x846C,
	0x846D, 0x846E, 0x846F, 0x8470, 0x8471, 0x8473, 0x8474, 0x8475, 0x8476, 0x8477, 0x8478, 0x8479,
	0x847A, 0x847D, 0x847E, 0x8482, 0x8484, 0x8486, 0x8487, 0x8488, 0x8489, 0x848B, 0x848C, 0x848D,
	0x848E, 0x848F, 0x8490, 0x8491, 0x8494, 0x8497, 0x8498, 0x8499, 0x849A, 0x849B, 0x849C, 0x849D,
	0x849E, 0x849F, 0x84A0, 0x84A1, 0x84A2, 0x84A4, 0x84A7, 0x84A8, 0x84A9, 0x84AA, 0x84AB, 0x84AC,
	0x84AD, 0x84AE, 0x84AF, 0x84B0, 0x84B1, 0x84B2, 0x84B4, 0x84B6, 0x84B8, 0x84B9, 0x84BA, 0x84BB,
	0x84BC, 0x84BD, 0x84BF, 0x84C0, 0x84C1, 0x84C2, 0x84C4, 0x84C5, 0x84C6, 0x84C7, 0x84C9, 0x84CA,
	0x84CB, 0x84CC, 0x84CD, 0x84CE, 0x84CF, 0x84D0, 0x84D1, 0x84D2, 0x84D3, 0x84D4, 0x84D6, 0x84D7,
	0x84D9, 0x84DA, 0x84DB, 0x84DD, 0x84DF, 0x84E0, 0x84E2, 0x84E3, 0x84E5, 0x84E6, 0x84E7, 0x84E8,
	0x84E9, 0x84EA, 0x84EB, 0x84EC, 0x84EE, 0x84EF, 0x84F0, 0x84F1, 0x84F2, 0x84F3, 0x84F4, 0x84F6,
	0x84F7, 0x84F9, 0x84FA, 0x84FB, 0x84FC, 0x84FD, 0x84FE, 0x84FF, 0x8500, 0x8502, 0x8503, 0x8506,
	0x8507, 0x8508, 0x8509, 0x850A, 0x850B, 0x850C, 0x850D, 0x850E, 0x850F, 0x8511, 0x8512, 0x8513,
	0x8514, 0x8515, 0x8516, 0x8517, 0x8518, 0x8519, 0x851A, 0x851C, 0x851D, 0x851E, 0x851F, 0x8520,
	0x8521, 0x8523, 0x8524, 0x8525, 0x8526, 0x8527, 0x8528, 0x8529, 0x852A, 0x852B, 0x852C, 0x852D,
	0x852E, 0x852F, 0x8530, 0x8531, 0x8535, 0x8537, 0x8538, 0x8539, 0x853A, 0x853B, 0x853C, 0x853D,
	0x853E, 0x8540, 0x8541, 0x8543, 0x8544, 0x8545, 0x8546, 0x8547, 0x8548, 0x8549, 0x854A, 0x854B,
	0x854D, 0x854E, 0x8551, 0x8553, 0x8554, 0x8555, 0x8556, 0x8557, 0x8558, 0x8559, 0x855A, 0x855B,
	0x855D, 0x855E, 0x8560, 0x8561, 0x8562, 0x8563, 0x8564, 0x8565, 0x8566, 0x8567, 0x8568, 0x8569,
	0x856A, 0x856B, 0x856C, 0x856D, 0x856E, 0x8570, 0x8571, 0x8572, 0x8574, 0x8575, 0x8576, 0x8577,
	0x8578, 0x8579, 0x857A, 0x857B, 0x857C, 0x857E, 0x8580, 0x8581, 0x8582, 0x8583, 0x8584, 0x8585,
	0x8586, 0x8587, 0x8588, 0x8589, 0x858A, 0x858B, 0x858C, 0x858D, 0x858E, 0x858F, 0x8590, 0x8591,
	0x8594, 0x8595, 0x8596, 0x8597, 0x8598, 0x8599, 0x859A, 0x859B, 0x859C, 0x859D, 0x859E, 0x859F,
	0x85A0, 0x85A1, 0x85A2, 0x85A3, 0x85A4, 0x85A6, 0x85A7, 0x85A8, 0x85A9, 0x85AA, 0x85AB, 0x85AC,
	0x85AE, 0x85AF, 0x85B0, 0x85B1, 0x85B3, 0x85B4, 0x85B5, 0x85B6, 0x85B7, 0x85B8, 0x85B9, 0x85BA,
	0x85BD, 0x85BE, 0x85BF, 0x85C0, 0x85C1, 0x85C2, 0x85C3, 0x85C4, 0x85C5, 0x85C6, 0x85C7, 0x85C8,
	0x85C9, 0x85CB, 0x85CD, 0x85CE, 0x85CF, 0x85D0, 0x85D1, 0x85D2, 0x85D3, 0x85D5, 0x85D7, 0x85D8,
	0x85D9, 0x85DA, 0x85DC, 0x85DD, 0x85DE, 0x85DF, 0x85E0, 0x85E1, 0x85E2, 0x85E3, 0x85E4, 0x85E5,
	0x85E6, 0x85E8, 0x85E9, 0x85EA, 0x85EB, 0x85EC, 0x85ED, 0x85EF, 0x85F0, 0x85F1, 0x85F2, 0x85F6,
	0x85F7, 0x85F8, 0x85F9, 0x85FA, 0x85FB, 0x85FD, 0x85FE, 0x85FF, 0x8600, 0x8601, 0x8602, 0x8604,
	0x8605, 0x8606, 0x8607, 0x8609, 0x860A, 0x860B, 0x860C, 0x8611, 0x8613, 0x8616, 0x8617, 0x8618,
	0x8619, 0x861A, 0x861B, 0x861C, 0x861E, 0x861F, 0x8620, 0x8621, 0x8622, 0x8623, 0x8624, 0x8625,
	0x8626, 0x8627, 0x8629, 0x862A, 0x862C, 0x862D, 0x862E, 0x862F, 0x8630, 0x8631, 0x8632, 0x8633,
	0x8634, 0x8635, 0x8636, 0x8638, 0x8639, 0x863A, 0x863B, 0x863C, 0x863E, 0x863F, 0x8640, 0x8643,
	0x8646, 0x8647, 0x8648, 0x864B, 0x864C, 0x864D, 0x864E, 0x864F, 0x8650, 0x8651, 0x8652, 0x8653,
	0x8654, 0x8655, 0x8656, 0x8659, 0x865A, 0x865B, 0x865C, 0x865E, 0x865F, 0x8661, 0x8662, 0x8663,
	0x8664, 0x8665, 0x8667, 0x8668, 0x8669, 0x866A, 0x866B, 0x866C, 0x866D, 0x866E, 0x866F, 0x8670,
	0x8671, 0x8673, 0x8674, 0x8677, 0x8678, 0x8679, 0x867A, 0x867B, 0x867C, 0x867D, 0x867E, 0x867F,
	0x8680, 0x8681, 0x8682, 0x8684, 0x8685, 0x8686, 0x8687, 0x868A, 0x868B, 0x868C, 0x868D, 0x868E,
	0x8690, 0x8691, 0x8693, 0x8694, 0x8695, 0x8696, 0x8697, 0x8698, 0x8699, 0x869A, 0x869C, 0x869D,
	0x869E, 0x86A1, 0x86A2, 0x86A3, 0x86A4, 0x86A5, 0x86A7, 0x86A8, 0x86A9, 0x86AA, 0x86AB, 0x86AC,
	0x86AF, 0x86B0, 0x86B1, 0x86B2, 0x86B3, 0x86B4, 0x86B5, 0x86B6, 0x86B7, 0x86B8, 0x86B9, 0x86BA,
	0x86BB, 0x86BC, 0x86BD, 0x86BE, 0x86BF, 0x86C0, 0x86C1, 0x86C2, 0x86C3, 0x86C4, 0x86C5, 0x86C6,
	0x86C7, 0x86C8, 0x86C9, 0x86CA, 0x86CB, 0x86CC, 0x86CD, 0x86CE, 0x86CF, 0x86D0, 0x86D1, 0x86D3,
	0x86D4, 0x86D6, 0x86D7, 0x86D8, 0x86D9, 0x86DA, 0x86DB, 0x86DC, 0x86DD, 0x86DE, 0x86DF, 0x86E2,
	0x86E3, 0x86E4, 0x86E6, 0x86E8, 0x86E9, 0x86EA, 0x86EB, 0x86EC, 0x86ED, 0x86EE, 0x86EF, 0x86F0,
	0x86F1, 0x86F2, 0x86F3, 0x86F4, 0x86F5, 0x86F6, 0x86F7, 0x86F8, 0x86F9, 0x86FA, 0x86FB, 0x86FE,
	0x8700, 0x8701, 0x8702, 0x8703, 0x8704, 0x8705, 0x8706, 0x8707, 0x8708, 0x8709, 0x870A, 0x870B,
	0x870C, 0x870D, 0x870E, 0x8710, 0x8711, 0x8712, 0x8713, 0x8715, 0x8717, 0x8718, 0x8719, 0x871A,
	0x871B, 0x871C, 0x871E, 0x8720, 0x8721, 0x8722, 0x8723, 0x8724, 0x8725, 0x8726, 0x8727, 0x8728,
	0x8729, 0x872A, 0x872C, 0x872D, 0x872E, 0x8730, 0x8731, 0x8732, 0x8733, 0x8734, 0x8735, 0x8737,
	0x8738, 0x873A, 0x873B, 0x873C, 0x873E, 0x873F, 0x8740, 0x8741, 0x8742, 0x8743, 0x8746, 0x8747,
	0x8748, 0x8749, 0x874B, 0x874C, 0x874D, 0x874E, 0x874F, 0x8750, 0x8751, 0x8752, 0x8753, 0x8754,
	0x8755, 0x8756, 0x8757, 0x8758, 0x8759, 0x875A, 0x875B, 0x875C, 0x875D, 0x875E, 0x875F, 0x8760,
	0x8761, 0x8762, 0x8763, 0x8764, 0x8765, 0x8766, 0x8767, 0x8768, 0x8769, 0x876A, 0x876B, 0x876C,
	0x876D, 0x876E, 0x876F, 0x8770, 0x8772, 0x8773, 0x8774, 0x8775, 0x8776, 0x8777, 0x8778, 0x8779,
	0x877A, 0x877B, 0x877C, 0x877D, 0x877E, 0x877F, 0x8781, 0x8782, 0x8783, 0x8784, 0x8785, 0x8787,
	0x8788, 0x8789, 0x878B, 0x878D, 0x878F, 0x8790, 0x8791, 0x8792, 0x8793, 0x8794, 0x8796, 0x8797,
	0x8798, 0x879A, 0x879B, 0x879C, 0x879D, 0x879E, 0x879F, 0x87A0, 0x87A2, 0x87A3, 0x87A4, 0x87A8,
	0x87AA, 0x87AB, 0x87AC, 0x87AD, 0x87AE, 0x87AF, 0x87B0, 0x87B1, 0x87B2, 0x87B3, 0x87B4, 0x87B5,
	0x87B6, 0x87B7, 0x87B8, 0x87B9, 0x87BA, 0x87BB, 0x87BC, 0x87BD, 0x87BE, 0x87BF, 0x87C0, 0x87C2,
	0x87C3, 0x87C4, 0x87C5, 0x87C6, 0x87C7, 0x87C8, 0x87C9, 0x87CA, 0x87CB, 0x87CC, 0x87CF, 0x87D0,
	0x87D1, 0x87D2, 0x87D3, 0x87D4, 0x87D7, 0x87D8, 0x87D9, 0x87DB, 0x87DC, 0x87DD, 0x87DE, 0x87DF,
	0x87E0, 0x87E1, 0x87E2, 0x87E3, 0x87E4, 0x87E5, 0x87E6, 0x87E7, 0x87E8, 0x87EA, 0x87EB, 0x87EC,
	0x87ED, 0x87EE, 0x87EF, 0x87F2, 0x87F3, 0x87F4, 0x87F6, 0x87F7, 0x87F9, 0x87FA, 0x87FB, 0x87FC,
	0x87FE, 0x87FF, 0x8800, 0x8801, 0x8802, 0x8803, 0x8805, 0x8806, 0x8808, 0x8809, 0x880A, 0x880B,
	0x880C, 0x880D, 0x880E, 0x880F, 0x8810, 0x8811, 0x8813, 0x8814, 0x8815, 0x8816, 0x8817, 0x8819,
	0x881B, 0x881C, 0x881D, 0x881F, 0x8820, 0x8821, 0x8822, 0x8823, 0x8824, 0x8825, 0x8826, 0x8827,
	0x8828, 0x8829, 0x882A, 0x882B, 0x882C, 0x882E, 0x882F, 0x8830, 0x8831, 0x8832, 0x8833, 0x8835,
	0x8836, 0x8837, 0x8838, 0x8839, 0x883B, 0x883C, 0x883D, 0x883E, 0x883F, 0x8840, 0x8841, 0x8842,
	0x8843, 0x8844, 0x8845, 0x8846, 0x8848, 0x884A, 0x884B, 0x884C, 0x884D, 0x884E, 0x8852, 0x8853,
	0x8854, 0x8855, 0x8856, 0x8857, 0x8859, 0x885A, 0x885B, 0x885D, 0x885E, 0x8860, 0x8861, 0x8862,
	0x8863, 0x8864, 0x8865, 0x8867, 0x8868, 0x8869, 0x886A, 0x886B, 0x886C, 0x886D, 0x886E, 0x886F,
	0x8870, 0x8871, 0x8872, 0x8874, 0x8875, 0x8876, 0x8877, 0x8879, 0x887C, 0x887D, 0x887E, 0x887F,
	0x8880, 0x8881, 0x8882, 0x8883, 0x8884, 0x8885, 0x8886, 0x8888, 0x8889, 0x888B, 0x888C, 0x888D,
	0x888E, 0x8891, 0x8892, 0x8893, 0x8895, 0x8896, 0x8897, 0x8898, 0x8899, 0x889A, 0x889B, 0x889C,
	0x889E, 0x889F, 0x88A1, 0x88A2, 0x88A4, 0x88A7, 0x88A8, 0x88AA, 0x88AB, 0x88AC, 0x88AD, 0x88AE,
	0x88AF, 0x88B0, 0x88B1, 0x88B2, 0x88B4, 0x88B5, 0x88B6, 0x88B7, 0x88B8, 0x88B9, 0x88BA, 0x88BC,
	0x88BD, 0x88BE, 0x88BF, 0x88C0, 0x88C1, 0x88C2, 0x88C3, 0x88C4, 0x88C5, 0x88C6, 0x88C8, 0x88C9,
	0x88CA, 0x88CB, 0x88CC, 0x88CD, 0x88CE, 0x88CF, 0x88D0, 0x88D2, 0x88D4, 0x88D5, 0x88D6, 0x88D7,
	0x88D8, 0x88D9, 0x88DA, 0x88DB, 0x88DC, 0x88DD, 0x88DE, 0x88DF, 0x88E1, 0x88E2, 0x88E3, 0x88E4,
	0x88E5, 0x88E7, 0x88E8, 0x88EB, 0x88EC, 0x88EE, 0x88EF, 0x88F0, 0x88F1, 0x88F2, 0x88F3, 0x88F4,
	0x88F6, 0x88F7, 0x88F8, 0x88F9, 0x88FA, 0x88FB, 0x88FC, 0x88FD, 0x88FE, 0x8901, 0x8902, 0x8904,
	0x8905, 0x8906, 0x8907, 0x8909, 0x890A, 0x890B, 0x890C, 0x890E, 0x8910, 0x8911, 0x8912, 0x8913,
	0x8914, 0x8915, 0x8916, 0x8917, 0x8918, 0x8919, 0x891A, 0x891B, 0x891D, 0x891E, 0x891F, 0x8921,
	0x8922, 0x8923, 0x8925, 0x8926, 0x8927, 0x8929, 0x892A, 0x892B, 0x892C, 0x892D, 0x892E, 0x892F,
	0x8930, 0x8931, 0x8932, 0x8933, 0x8934, 0x8935, 0x8936, 0x8937, 0x8938, 0x893B, 0x893C, 0x893D,
	0x893E, 0x8941, 0x8942, 0x8943, 0x8944, 0x8946, 0x8949, 0x894B, 0x894C, 0x894D, 0x894F, 0x8950,
	0x8951, 0x8952, 0x8953, 0x8955, 0x8956, 0x8957, 0x8958, 0x8959, 0x895A, 0x895B, 0x895C, 0x895D,
	0x895E, 0x895F, 0x8960, 0x8961, 0x8962, 0x8963, 0x8964, 0x8966, 0x8969, 0x896A, 0x896B, 0x896C,
	0x896D, 0x896E, 0x896F, 0x8971, 0x8972, 0x8973, 0x8974, 0x8976, 0x8977, 0x8979, 0x897A, 0x897B,
	0x897C, 0x897E, 0x897F, 0x8981, 0x8982, 0x8983, 0x8985, 0x8986, 0x8987, 0x8988, 0x898A, 0x898B,
	0x898F, 0x8993, 0x8995, 0x8996, 0x8997, 0x8998, 0x899A, 0x899B, 0x899C, 0x899D, 0x899E, 0x899F,
	0x89A1, 0x89A2, 0x89A3, 0x89A4, 0x89A6, 0x89A7, 0x89A9, 0x89AA, 0x89AC, 0x89AD, 0x89AE, 0x89AF,
	0x89B2, 0x89B3, 0x89B6, 0x89B7, 0x89B9, 0x89BA, 0x89BD, 0x89BE, 0x89BF, 0x89C0, 0x89C1, 0x89C2,
	0x89C3, 0x89C4, 0x89C5, 0x89C6, 0x89C7, 0x89C8, 0x89C9, 0x89CA, 0x89CB, 0x89CC, 0x89CE, 0x89CF,
	0x89D0, 0x89D1, 0x89D2, 0x89D3, 0x89D4, 0x89D5, 0x89D6, 0x89D9, 0x89DA, 0x89DB, 0x89DC, 0x89DD,
	0x89DE, 0x89DF, 0x89E0, 0x89E1, 0x89E2, 0x89E3, 0x89E4, 0x89E5, 0x89E6, 0x89E7, 0x89E8, 0x89E9,
	0x89EB, 0x89EC, 0x89ED, 0x89EF, 0x89F0, 0x89F1, 0x89F2, 0x89F3, 0x89F4, 0x89F6, 0x89F7, 0x89F8,
	0x89FA, 0x89FB, 0x89FC, 0x89FE, 0x89FF, 0x8A00, 0x8A02, 0x8A03, 0x8A04, 0x8A07, 0x8A08, 0x8A0A,
	0x8A0C, 0x8A0E, 0x8A0F, 0x8A10, 0x8A11, 0x8A12, 0x8A13, 0x8A15, 0x8A16, 0x8A17, 0x8A18, 0x8A1A,
	0x8A1B, 0x8A1D, 0x8A1E, 0x8A1F, 0x8A22, 0x8A23, 0x8A25, 0x8A27, 0x8A2A, 0x8A2C, 0x8A2D, 0x8A30,
	0x8A31, 0x8A33, 0x8A34, 0x8A36, 0x8A39, 0x8A3A, 0x8A3B, 0x8A3C, 0x8A3E, 0x8A3F, 0x8A40, 0x8A41,
	0x8A44, 0x8A45, 0x8A46, 0x8A48, 0x8A4A, 0x8A4C, 0x8A4D, 0x8A4E, 0x8A4F, 0x8A50, 0x8A51, 0x8A52,
	0x8A54, 0x8A55, 0x8A56, 0x8A57, 0x8A58, 0x8A59, 0x8A5B, 0x8A5E, 0x8A5F, 0x8A60, 0x8A61, 0x8A62,
	0x8A63, 0x8A66, 0x8A68, 0x8A69, 0x8A6B, 0x8A6C, 0x8A6D, 0x8A6E, 0x8A70, 0x8A71, 0x8A72, 0x8A73,
	0x8A74, 0x8A75, 0x8A76, 0x8A77, 0x8A79, 0x8A7A, 0x8A7B, 0x8A7C, 0x8A7F, 0x8A81, 0x8A82, 0x8A83,
	0x8A84, 0x8A85, 0x8A86, 0x8A87, 0x8A89, 0x8A8A, 0x8A8B, 0x8A8C, 0x8A8D, 0x8A8F, 0x8A91, 0x8A92,
	0x8A93, 0x8A95, 0x8A96, 0x8A98, 0x8A99, 0x8A9A, 0x8A9E, 0x8AA0, 0x8AA1, 0x8AA3, 0x8AA4, 0x8AA5,
	0x8AA6, 0x8AA7, 0x8AA8, 0x8AAA, 0x8AAB, 0x8AAC, 0x8AAD, 0x8AB0, 0x8AB2, 0x8AB6, 0x8AB8, 0x8AB9,
	0x8ABA, 0x8ABB, 0x8ABC, 0x8ABD, 0x8ABE, 0x8ABF, 0x8AC0, 0x8AC2, 0x8AC3, 0x8AC4, 0x8AC5, 0x8AC6,
	0x8AC7, 0x8AC8, 0x8AC9, 0x8ACB, 0x8ACC, 0x8ACD, 0x8ACF, 0x8AD1, 0x8AD2, 0x8AD3, 0x8AD4, 0x8AD5,
	0x8AD6, 0x8AD7, 0x8AD8, 0x8AD9, 0x8ADA, 0x8ADB, 0x8ADC, 0x8ADD, 0x8ADE, 0x8ADF, 0x8AE0, 0x8AE1,
	0x8AE2, 0x8AE4, 0x8AE6, 0x8AE7, 0x8AE8, 0x8AEB, 0x8AED, 0x8AEE, 0x8AEF, 0x8AF0, 0x8AF1, 0x8AF2,
	0x8AF3, 0x8AF4, 0x8AF5, 0x8AF6, 0x8AF7, 0x8AF8, 0x8AFA, 0x8AFB, 0x8AFC, 0x8AFE, 0x8AFF, 0x8B00,
	0x8B01, 0x8B02, 0x8B04, 0x8B05, 0x8B06, 0x8B07, 0x8B08, 0x8B0A, 0x8B0B, 0x8B0C, 0x8B0D, 0x8B0E,
	0x8B0F, 0x8B10, 0x8B11, 0x8B12, 0x8B13, 0x8B14, 0x8B15, 0x8B16, 0x8B17, 0x8B18, 0x8B19, 0x8B1A,
	0x8B1B, 0x8B1C, 0x8B1D, 0x8B1E, 0x8B20, 0x8B21, 0x8B22, 0x8B23, 0x8B24, 0x8B25, 0x8B26, 0x8B27,
	0x8B28, 0x8B2A, 0x8B2B, 0x8B2C, 0x8B2E, 0x8B2F, 0x8B30, 0x8B31, 0x8B33, 0x8B35, 0x8B36, 0x8B37,
	0x8B39, 0x8B3A, 0x8B3B, 0x8B3C, 0x8B3D, 0x8B3E, 0x8B40, 0x8B41, 0x8B42, 0x8B45, 0x8B46, 0x8B47,
	0x8B48, 0x8B49, 0x8B4A, 0x8B4B, 0x8B4C, 0x8B4E, 0x8B4F, 0x8B50, 0x8B51, 0x8B52, 0x8B53, 0x8B54,
	0x8B55, 0x8B56, 0x8B57, 0x8B58, 0x8B59, 0x8B5A, 0x8B5B, 0x8B5C, 0x8B5D, 0x8B5F, 0x8B60, 0x8B63,
	0x8B65, 0x8B66, 0x8B67, 0x8B68, 0x8B6A, 0x8B6B, 0x8B6C, 0x8B6D, 0x8B6F, 0x8B70, 0x8B71, 0x8B72,
	0x8B74, 0x8B77, 0x8B78, 0x8B79, 0x8B7A, 0x8B7B, 0x8B7D, 0x8B7E, 0x8B7F, 0x8B80, 0x8B82, 0x8B83,
	0x8B84, 0x8B85, 0x8B86, 0x8B88, 0x8B8A, 0x8B8B, 0x8B8C, 0x8B8E, 0x8B90, 0x8B92, 0x8B93, 0x8B94,
	0x8B95, 0x8B96, 0x8B98, 0x8B99, 0x8B9A, 0x8B9C, 0x8B9E, 0x8B9F, 0x8BA0, 0x8BA1, 0x8BA2, 0x8BA3,
	0x8BA4, 0x8BA5, 0x8BA6, 0x8BA7, 0x8BA8, 0x8BA9, 0x8BAA, 0x8BAB, 0x8BAD, 0x8BAE, 0x8BAF, 0x8BB0,
	0x8BB1, 0x8BB2, 0x8BB3, 0x8BB4, 0x8BB5, 0x8BB6, 0x8BB7, 0x8BB8, 0x8BB9, 0x8BBA, 0x8BBB, 0x8BBC,
	0x8BBD, 0x8BBE, 0x8BBF, 0x8BC0, 0x8BC1, 0x8BC2, 0x8BC3, 0x8BC4, 0x8BC5, 0x8BC6, 0x8BC7, 0x8BC8,
	0x8BC9, 0x8BCA, 0x8BCB, 0x8BCC, 0x8BCD, 0x8BCE, 0x8BCF, 0x8BD0, 0x8BD1, 0x8BD2, 0x8BD3, 0x8BD4,
	0x8BD5, 0x8BD6, 0x8BD7, 0x8BD8, 0x8BD9, 0x8BDA, 0x8BDB, 0x8BDC, 0x8BDD, 0x8BDE, 0x8BDF, 0x8BE0,
	0x8BE1, 0x8BE2, 0x8BE3, 0x8BE4, 0x8BE5, 0x8BE6, 0x8BE7, 0x8BE8, 0x8BE9, 0x8BEB, 0x8BEC, 0x8BED,
	0x8BEE, 0x8BEF, 0x8BF0, 0x8BF1, 0x8BF2, 0x8BF3, 0x8BF4, 0x8BF5, 0x8BF6, 0x8BF7, 0x8BF8, 0x8BF9,
	0x8BFA, 0x8BFB, 0x8BFC, 0x8BFD, 0x8BFE, 0x8BFF, 0x8C00, 0x8C01, 0x8C02, 0x8C03, 0x8C04, 0x8C05,
	0x8C06, 0x8C07, 0x8C08, 0x8C0A, 0x8C0B, 0x8C0C, 0x8C0D, 0x8C0E, 0x8C0F, 0x8C10, 0x8C11, 0x8C12,
	0x8C13, 0x8C14, 0x8C15, 0x8C16, 0x8C17, 0x8C18, 0x8C19, 0x8C1A, 0x8C1B, 0x8C1C, 0x8C1D, 0x8C1E,
	0x8C1F, 0x8C20, 0x8C21, 0x8C22, 0x8C23, 0x8C24, 0x8C25, 0x8C26, 0x8C27, 0x8C28, 0x8C29, 0x8C2A,
	0x8C2B, 0x8C2C, 0x8C2D, 0x8C2E, 0x8C2F, 0x8C30, 0x8C31, 0x8C32, 0x8C33, 0x8C34, 0x8C35, 0x8C36,
	0x8C37, 0x8C39, 0x8C3A, 0x8C3B, 0x8C3C, 0x8C3D, 0x8C3E, 0x8C3F, 0x8C41, 0x8C42, 0x8C43, 0x8C45,
	0x8C46, 0x8C47, 0x8C48, 0x8C49, 0x8C4A, 0x8C4B, 0x8C4C, 0x8C4D, 0x8C4E, 0x8C4F, 0x8C50, 0x8C54,
	0x8C55, 0x8C56, 0x8C57, 0x8C5A, 0x8C5C, 0x8C5D, 0x8C5F, 0x8C61, 0x8C62, 0x8C64, 0x8C65, 0x8C66,
	0x8C68, 0x8C69, 0x8C6A, 0x8C6B, 0x8C6C, 0x8C6D, 0x8C6E, 0x8C6F, 0x8C70, 0x8C71, 0x8C72, 0x8C73,
	0x8C75, 0x8C76, 0x8C77, 0x8C78, 0x8C79, 0x8C7A, 0x8C7B, 0x8C7C, 0x8C7D, 0x8C80, 0x8C81, 0x8C82,
	0x8C84, 0x8C85, 0x8C86, 0x8C89, 0x8C8A, 0x8C8C, 0x8C8D, 0x8C8E, 0x8C8F, 0x8C90, 0x8C91, 0x8C92,
	0x8C93, 0x8C94, 0x8C95, 0x8C97, 0x8C98, 0x8C99, 0x8C9A, 0x8C9C, 0x8C9D, 0x8C9E, 0x8CA0, 0x8CA1,
	0x8CA2, 0x8CA3, 0x8CA4, 0x8CA5, 0x8CA7, 0x8CA8, 0x8CA9, 0x8CAA, 0x8CAB, 0x8CAC, 0x8CAD, 0x8CAE,
	0x8CAF, 0x8CB0, 0x8CB2, 0x8CB3, 0x8CB4, 0x8CB5, 0x8CB6, 0x8CB7, 0x8CB8, 0x8CB9, 0x8CBA, 0x8CBB,
	0x8CBC, 0x8CBD, 0x8CBE, 0x8CBF, 0x8CC0, 0x8CC1, 0x8CC2, 0x8CC3, 0x8CC4, 0x8CC5, 0x8CC7, 0x8CC8,
	0x8CCA, 0x8CCC, 0x8CCD, 0x8CCE, 0x8CCF, 0x8CD1, 0x8CD2, 0x8CD3, 0x8CD5, 0x8CD7, 0x8CD9, 0x8CDA,
	0x8CDB, 0x8CDC, 0x8CDD, 0x8CDE, 0x8CDF, 0x8CE0, 0x8CE1, 0x8CE2, 0x8CE3, 0x8CE4, 0x8CE5, 0x8CE6,
	0x8CE7, 0x8CE8, 0x8CEA, 0x8CEC, 0x8CED, 0x8CEE, 0x8CF0, 0x8CF1, 0x8CF3, 0x8CF4, 0x8CF5, 0x8CF8,
	0x8CF9, 0x8CFA, 0x8CFB, 0x8CFC, 0x8CFD, 0x8CFE, 0x8D00, 0x8D02, 0x8D04, 0x8D05, 0x8D06, 0x8D07,
	0x8D08, 0x8D09, 0x8D0A, 0x8D0B, 0x8D0D, 0x8D0F, 0x8D10, 0x8D13, 0x8D14, 0x8D15, 0x8D16, 0x8D17,
	0x8D19, 0x8D1B, 0x8D1D, 0x8D1E, 0x8D1F, 0x8D21, 0x8D22, 0x8D23, 0x8D24, 0x8D25, 0x8D26, 0x8D27,
	0x8D28, 0x8D29, 0x8D2A, 0x8D2B, 0x8D2C, 0x8D2D, 0x8D2E, 0x8D2F, 0x8D30, 0x8D31, 0x8D32, 0x8D33,
	0x8D34, 0x8D35, 0x8D36, 0x8D37, 0x8D38, 0x8D39, 0x8D3A, 0x8D3B, 0x8D3C, 0x8D3D, 0x8D3E, 0x8D3F,
	0x8D40, 0x8D41, 0x8D42, 0x8D43, 0x8D44, 0x8D45, 0x8D46, 0x8D47, 0x8D48, 0x8D49, 0x8D4A, 0x8D4B,
	0x8D4C, 0x8D4D, 0x8D4E, 0x8D4F, 0x8D50, 0x8D51, 0x8D52, 0x8D53, 0x8D54, 0x8D55, 0x8D56, 0x8D57,
	0x8D58, 0x8D59, 0x8D5A, 0x8D5B, 0x8D5C, 0x8D5D, 0x8D5E, 0x8D5F, 0x8D60, 0x8D61, 0x8D62, 0x8D63,
	0x8D64, 0x8D66, 0x8D67, 0x8D68, 0x8D69, 0x8D6A, 0x8D6B, 0x8D6C, 0x8D6D, 0x8D6E, 0x8D6F, 0x8D70,
	0x8D71, 0x8D72, 0x8D73, 0x8D74, 0x8D75, 0x8D76, 0x8D77, 0x8D78, 0x8D79, 0x8D7B, 0x8D7D, 0x8D80,
	0x8D81, 0x8D84, 0x8D85, 0x8D89, 0x8D8A, 0x8D8B, 0x8D8C, 0x8D8D, 0x8D8E, 0x8D8F, 0x8D90, 0x8D91,
	0x8D92, 0x8D93, 0x8D94, 0x8D95, 0x8D96, 0x8D99, 0x8D9B, 0x8D9C, 0x8D9F, 0x8DA0, 0x8DA1, 0x8DA3,
	0x8DA5, 0x8DA7, 0x8DA8, 0x8DAA, 0x8DAB, 0x8DAC, 0x8DAD, 0x8DAE, 0x8DAF, 0x8DB1, 0x8DB2, 0x8DB3,
	0x8DB4, 0x8DB5, 0x8DB6, 0x8DB7, 0x8DB8, 0x8DB9, 0x8DBA, 0x8DBC, 0x8DBE, 0x8DBF, 0x8DC1, 0x8DC2,
	0x8DC3, 0x8DC4, 0x8DC5, 0x8DC6, 0x8DC7, 0x8DC8, 0x8DCB, 0x8DCC, 0x8DCD, 0x8DCE, 0x8DCF, 0x8DD0,
	0x8DD1, 0x8DD3, 0x8DD5, 0x8DD6, 0x8DD7, 0x8DD8, 0x8DD9, 0x8DDA, 0x8DDB, 0x8DDC, 0x8DDD, 0x8DDE,
	0x8DDF, 0x8DE0, 0x8DE1, 0x8DE2, 0x8DE3, 0x8DE4, 0x8DE6, 0x8DE7, 0x8DE8, 0x8DE9, 0x8DEA, 0x8DEB,
	0x8DEC, 0x8DEE, 0x8DEF, 0x8DF0, 0x8DF1, 0x8DF2, 0x8DF3, 0x8DF4, 0x8DF5, 0x8DF6, 0x8DF7, 0x8DF8,
	0x8DF9, 0x8DFA, 0x8DFB, 0x8DFC, 0x8DFD, 0x8DFE, 0x8DFF, 0x8E00, 0x8E02, 0x8E03, 0x8E04, 0x8E05,
	0x8E06, 0x8E07, 0x8E08, 0x8E09, 0x8E0A, 0x8E0C, 0x8E0D, 0x8E0F, 0x8E10, 0x8E11, 0x8E12, 0x8E13,
	0x8E14, 0x8E15, 0x8E16, 0x8E17, 0x8E18, 0x8E19, 0x8E1A, 0x8E1B, 0x8E1C, 0x8E1D, 0x8E1E, 0x8E1F,
	0x8E20, 0x8E21, 0x8E22, 0x8E23, 0x8E24, 0x8E25, 0x8E26, 0x8E27, 0x8E29, 0x8E2A, 0x8E2B, 0x8E2C,
	0x8E2E, 0x8E2F, 0x8E30, 0x8E31, 0x8E33, 0x8E34, 0x8E35, 0x8E36, 0x8E38, 0x8E39, 0x8E3A, 0x8E3C,
	0x8E3D, 0x8E3E, 0x8E3F, 0x8E40, 0x8E41, 0x8E42, 0x8E44, 0x8E45, 0x8E47, 0x8E48, 0x8E49, 0x8E4A,
	0x8E4B, 0x8E4C, 0x8E4D, 0x8E4E, 0x8E50, 0x8E51, 0x8E52, 0x8E53, 0x8E54, 0x8E55, 0x8E56, 0x8E57,
	0x8E59, 0x8E5A, 0x8E5B, 0x8E5C, 0x8E5D, 0x8E5E, 0x8E5F, 0x8E60, 0x8E61, 0x8E62, 0x8E63, 0x8E64,
	0x8E65, 0x8E66, 0x8E67, 0x8E69, 0x8E6A, 0x8E6C, 0x8E6D, 0x8E6F, 0x8E70, 0x8E72, 0x8E73, 0x8E74,
	0x8E76, 0x8E78, 0x8E7A, 0x8E7B, 0x8E7C, 0x8E7D, 0x8E7E, 0x8E7F, 0x8E81, 0x8E82, 0x8E84, 0x8E85,
	0x8E86, 0x8E87, 0x8E88, 0x8E89, 0x8E8A, 0x8E8B, 0x8E8C, 0x8E8D, 0x8E8E, 0x8E8F, 0x8E90, 0x8E91,
	0x8E92, 0x8E93, 0x8E94, 0x8E95, 0x8E96, 0x8E97, 0x8E98, 0x8E99, 0x8E9A, 0x8E9C, 0x8E9D, 0x8E9E,
	0x8E9F, 0x8EA0, 0x8EA1, 0x8EA3, 0x8EA4, 0x8EA5, 0x8EA6, 0x8EA8, 0x8EA9, 0x8EAA, 0x8EAB, 0x8EAC,
	0x8EAF, 0x8EB0, 0x8EB1, 0x8EB2, 0x8EBA, 0x8EBD, 0x8EBE, 0x8EC0, 0x8EC2, 0x8EC5, 0x8EC6, 0x8EC8,
	0x8EC9, 0x8ECA, 0x8ECB, 0x8ECC, 0x8ECD, 0x8ECE, 0x8ECF, 0x8ED1, 0x8ED2, 0x8ED3, 0x8ED4, 0x8ED7,
	0x8ED8, 0x8EDB, 0x8EDC, 0x8EDD, 0x8EDE, 0x8EDF, 0x8EE0, 0x8EE1, 0x8EE2, 0x8EE3, 0x8EE5, 0x8EE6,
	0x8EE7, 0x8EE8, 0x8EE9, 0x8EEB, 0x8EEC, 0x8EEE, 0x8EEF, 0x8EF1, 0x8EF4, 0x8EF5, 0x8EF6, 0x8EF7,
	0x8EF8, 0x8EF9, 0x8EFA, 0x8EFB, 0x8EFC, 0x8EFD, 0x8EFE, 0x8EFF, 0x8F00, 0x8F01, 0x8F02, 0x8F03,
	0x8F05, 0x8F06, 0x8F07, 0x8F08, 0x8F09, 0x8F0A, 0x8F0B, 0x8F0C, 0x8F0D, 0x8F0E, 0x8F10, 0x8F11,
	0x8F12, 0x8F13, 0x8F14, 0x8F15, 0x8F16, 0x8F17, 0x8F18, 0x8F19, 0x8F1A, 0x8F1B, 0x8F1C, 0x8F1D,
	0x8F1E, 0x8F1F, 0x8F20, 0x8F23, 0x8F24, 0x8F25, 0x8F26, 0x8F29, 0x8F2A, 0x8F2C, 0x8F2E, 0x8F2F,
	0x8F32, 0x8F33, 0x8F34, 0x8F35, 0x8F36, 0x8F37, 0x8F38, 0x8F39, 0x8F3B, 0x8F3E, 0x8F3F, 0x8F40,
	0x8F42, 0x8F43, 0x8F44, 0x8F45, 0x8F46, 0x8F47, 0x8F48, 0x8F49, 0x8F4B, 0x8F4C, 0x8F4D, 0x8F4E,
	0x8F4F, 0x8F50, 0x8F51, 0x8F52, 0x8F53, 0x8F54, 0x8F55, 0x8F56, 0x8F57, 0x8F58, 0x8F59, 0x8F5A,
	0x8F5B, 0x8F5C, 0x8F5D, 0x8F5E, 0x8F5F, 0x8F60, 0x8F61, 0x8F62, 0x8F63, 0x8F64, 0x8F66, 0x8F67,
	0x8F68, 0x8F69, 0x8F6A, 0x8F6B, 0x8F6C, 0x8F6D, 0x8F6E, 0x8F6F, 0x8F70, 0x8F71, 0x8F72, 0x8F73,
	0x8F74, 0x8F75, 0x8F76, 0x8F77, 0x8F78, 0x8F79, 0x8F7A, 0x8F7B, 0x8F7C, 0x8F7D, 0x8F7E, 0x8F7F,
	0x8F80, 0x8F81, 0x8F82, 0x8F83, 0x8F84, 0x8F85, 0x8F86, 0x8F87, 0x8F88, 0x8F89, 0x8F8A, 0x8F8B,
	0x8F8C, 0x8F8D, 0x8F8E, 0x8F8F, 0x8F90, 0x8F91, 0x8F92, 0x8F93, 0x8F94, 0x8F95, 0x8F96, 0x8F97,
	0x8F98, 0x8F99, 0x8F9A, 0x8F9B, 0x8F9C, 0x8F9E, 0x8F9F, 0x8FA3, 0x8FA6, 0x8FA7, 0x8FA8, 0x8FA9,
	0x8FAB, 0x8FAD, 0x8FAE, 0x8FAF, 0x8FB0, 0x8FB1, 0x8FB2, 0x8FB4, 0x8FB6, 0x8FB7, 0x8FB9, 0x8FBA,
	0x8FBB, 0x8FBC, 0x8FBD, 0x8FBE, 0x8FBF, 0x8FC1, 0x8FC2, 0x8FC4, 0x8FC5, 0x8FC6, 0x8FC7, 0x8FC8,
	0x8FC9, 0x8FCB, 0x8FCD, 0x8FCE, 0x8FD0, 0x8FD1, 0x8FD2, 0x8FD3, 0x8FD4, 0x8FD5, 0x8FD6, 0x8FD7,
	0x8FD8, 0x8FD9, 0x8FDA, 0x8FDB, 0x8FDC, 0x8FDD, 0x8FDE, 0x8FDF, 0x8FE0, 0x8FE1, 0x8FE2, 0x8FE3,
	0x8FE4, 0x8FE5, 0x8FE6, 0x8FE8, 0x8FE9, 0x8FEA, 0x8FEB, 0x8FED, 0x8FEE, 0x8FEF, 0x8FF0, 0x8FF3,
	0x8FF4, 0x8FF5, 0x8FF6, 0x8FF7, 0x8FF8, 0x8FF9, 0x8FFA, 0x8FFB, 0x8FFC, 0x8FFD, 0x8FFE, 0x8FFF,
	0x9000, 0x9001, 0x9002, 0x9003, 0x9004, 0x9005, 0x9006, 0x9009, 0x900A, 0x900B, 0x900C, 0x900D,
	0x900E, 0x900F, 0x9010, 0x9011, 0x9012, 0x9013, 0x9014, 0x9015, 0x9016, 0x9017, 0x9019, 0x901A,
	0x901B, 0x901C, 0x901D, 0x901E, 0x901F, 0x9020, 0x9021, 0x9022, 0x9023, 0x9024, 0x9026, 0x9027,
	0x902D, 0x902E, 0x902F, 0x9031, 0x9032, 0x9034, 0x9035, 0x9036, 0x9038, 0x9039, 0x903B, 0x903C,
	0x903D, 0x903E, 0x903F, 0x9041, 0x9042, 0x9044, 0x9045, 0x9046, 0x9047, 0x9049, 0x904A, 0x904B,
	0x904D, 0x904E, 0x904F, 0x9050, 0x9051, 0x9052, 0x9053, 0x9054, 0x9055, 0x9056, 0x9057, 0x9058,
	0x9059, 0x905B, 0x905C, 0x905D, 0x905E, 0x9060, 0x9061, 0x9062, 0x9063, 0x9065, 0x9067, 0x9068,
	0x9069, 0x906B, 0x906D, 0x906E, 0x906F, 0x9070, 0x9072, 0x9073, 0x9074, 0x9075, 0x9076, 0x9077,
	0x9078, 0x9079, 0x907A, 0x907B, 0x907C, 0x907D, 0x907E, 0x907F, 0x9080, 0x9081, 0x9082, 0x9083,
	0x9084, 0x9085, 0x9086, 0x9087, 0x9088, 0x9089, 0x908A, 0x908B, 0x908D, 0x908F, 0x9090, 0x9091,
	0x9093, 0x9094, 0x9095, 0x9097, 0x9098, 0x9099, 0x909B, 0x909D, 0x909E, 0x909F, 0x90A0, 0x90A1,
	0x90A2, 0x90A3, 0x90A5, 0x90A6, 0x90A7, 0x90A8, 0x90AA, 0x90AC, 0x90AE, 0x90AF, 0x90B0, 0x90B1,
	0x90B2, 0x90B3, 0x90B4, 0x90B5, 0x90B6, 0x90B8, 0x90B9, 0x90BA, 0x90BB, 0x90BD, 0x90BE, 0x90BF,
	0x90C1, 0x90C3, 0x90C4, 0x90C5, 0x90C7, 0x90C8, 0x90CA, 0x90CB, 0x90CE, 0x90CF, 0x90D0, 0x90D1,
	0x90D3, 0x90D4, 0x90D5, 0x90D6, 0x90D7, 0x90D8, 0x90D9, 0x90DA, 0x90DB, 0x90DC, 0x90DD, 0x90DF,
	0x90E0, 0x90E1, 0x90E2, 0x90E3, 0x90E4, 0x90E5, 0x90E6, 0x90E7, 0x90E8, 0x90E9, 0x90EA, 0x90EB,
	0x90EC, 0x90ED, 0x90EF, 0x90F0, 0x90F1, 0x90F2, 0x90F3, 0x90F4, 0x90F5, 0x90F7, 0x90F8, 0x90F9,
	0x90FA, 0x90FB, 0x90FC, 0x90FD, 0x90FE, 0x90FF, 0x9100, 0x9101, 0x9102, 0x9103, 0x9104, 0x9105,
	0x9106, 0x9107, 0x9108, 0x9109, 0x910B, 0x910C, 0x910D, 0x910E, 0x910F, 0x9110, 0x9111, 0x9112,
	0x9114, 0x9116, 0x9117, 0x9118, 0x9119, 0x911A, 0x911B, 0x911C, 0x911D, 0x911E, 0x911F, 0x9120,
	0x9121, 0x9122, 0x9123, 0x9124, 0x9126, 0x9127, 0x9128, 0x9129, 0x912A, 0x912B, 0x912C, 0x912D,
	0x912E, 0x912F, 0x9130, 0x9131, 0x9132, 0x9133, 0x9134, 0x9135, 0x9136, 0x9138, 0x9139, 0x913A,
	0x913B, 0x913E, 0x913F, 0x9140, 0x9141, 0x9142, 0x9143, 0x9144, 0x9145, 0x9146, 0x9147, 0x9148,
	0x9149, 0x914A, 0x914B, 0x914C, 0x914D, 0x914E, 0x914F, 0x9150, 0x9152, 0x9153, 0x9154, 0x9155,
	0x9156, 0x9157, 0x9158, 0x915A, 0x915D, 0x915E, 0x915F, 0x9160, 0x9161, 0x9162, 0x9163, 0x9164,
	0x9165, 0x9166, 0x9168, 0x9169, 0x916A, 0x916C, 0x916E, 0x916F, 0x9170, 0x9171, 0x9172, 0x9173,
	0x9174, 0x9175, 0x9176, 0x9177, 0x9178, 0x9179, 0x917A, 0x917D, 0x917E, 0x917F, 0x9180, 0x9181,
	0x9182, 0x9183, 0x9184, 0x9185, 0x9186, 0x9187, 0x9189, 0x918A, 0x918B, 0x918C, 0x918D, 0x918F,
	0x9190, 0x9191, 0x9192, 0x9193, 0x9197, 0x9199, 0x919A, 0x919B, 0x919C, 0x919D, 0x919E, 0x919F,
	0x91A0, 0x91A1, 0x91A2, 0x91A3, 0x91A4, 0x91A5, 0x91A7, 0x91A8, 0x91AA, 0x91AB, 0x91AC, 0x91AD,
	0x91AE, 0x91AF, 0x91B0, 0x91B1, 0x91B2, 0x91B3, 0x91B4, 0x91B5, 0x91B7, 0x91B8, 0x91B9, 0x91BA,
	0x91BC, 0x91BD, 0x91BE, 0x91C0, 0x91C1, 0x91C2, 0x91C3, 0x91C5, 0x91C6, 0x91C7, 0x91C8, 0x91C9,
	0x91CA, 0x91CB, 0x91CC, 0x91CD, 0x91CE, 0x91CF, 0x91D0, 0x91D1, 0x91D3, 0x91D4, 0x91D5, 0x91D6,
	0x91D7, 0x91D8, 0x91D9, 0x91DA, 0x91DB, 0x91DC, 0x91DD, 0x91DF, 0x91E1, 0x91E2, 0x91E3, 0x91E4,
	0x91E6, 0x91E7, 0x91E8, 0x91E9, 0x91EA, 0x91EB, 0x91EC, 0x91ED, 0x91EE, 0x91F1, 0x91F3, 0x91F4,
	0x91F5, 0x91F6, 0x91F7, 0x91F8, 0x91F9, 0x91FC, 0x91FD, 0x91FF, 0x9200, 0x9201, 0x9202, 0x9203,
	0x9204, 0x9205, 0x9206, 0x9207, 0x9209, 0x920A, 0x920C, 0x920D, 0x920E, 0x920F, 0x9210, 0x9211,
	0x9212, 0x9214, 0x9215, 0x9216, 0x9217, 0x9219, 0x921A, 0x921C, 0x921E, 0x9223, 0x9224, 0x9225,
	0x9226, 0x9227, 0x9229, 0x922C, 0x922D, 0x922E, 0x9230, 0x9231, 0x9232, 0x9233, 0x9234, 0x9236,
	0x9237, 0x9238, 0x9239, 0x923A, 0x923D, 0x923E, 0x923F, 0x9240, 0x9244, 0x9245, 0x9246, 0x9248,
	0x9249, 0x924A, 0x924B, 0x924C, 0x924D, 0x924E, 0x924F, 0x9250, 0x9251, 0x9252, 0x9253, 0x9254,
	0x9256, 0x9257, 0x925A, 0x925B, 0x925E, 0x9260, 0x9261, 0x9262, 0x9263, 0x9264, 0x9265, 0x9266,
	0x9267, 0x926C, 0x926D, 0x926F, 0x9270, 0x9271, 0x9272, 0x9274, 0x9276, 0x9278, 0x9279, 0x927A,
	0x927B, 0x927C, 0x927D, 0x927E, 0x927F, 0x9280, 0x9282, 0x9283, 0x9285, 0x9286, 0x9287, 0x9288,
	0x928A, 0x928B, 0x928C, 0x928D, 0x928E, 0x9291, 0x9293, 0x9294, 0x9295, 0x9296, 0x9297, 0x9298,
	0x9299, 0x929A, 0x929B, 0x929C, 0x929D, 0x92A0, 0x92A1, 0x92A2, 0x92A3, 0x92A4, 0x92A5, 0x92A6,
	0x92A7, 0x92A8, 0x92A9, 0x92AA, 0x92AB, 0x92AC, 0x92AD, 0x92AE, 0x92B2, 0x92B3, 0x92B4, 0x92B5,
	0x92B6, 0x92B7, 0x92B9, 0x92BB, 0x92BC, 0x92C0, 0x92C1, 0x92C2, 0x92C3, 0x92C4, 0x92C5, 0x92C6,
	0x92C7, 0x92C8, 0x92C9, 0x92CA, 0x92CB, 0x92CC, 0x92CD, 0x92CE, 0x92CF, 0x92D0, 0x92D1, 0x92D2,
	0x92D3, 0x92D5, 0x92D7, 0x92D8, 0x92D9, 0x92DD, 0x92DE, 0x92DF, 0x92E0, 0x92E1, 0x92E4, 0x92E6,
	0x92E7, 0x92E8, 0x92E9, 0x92EA, 0x92ED, 0x92EE, 0x92EF, 0x92F0, 0x92F1, 0x92F2, 0x92F3, 0x92F7,
	0x92F8, 0x92F9, 0x92FA, 0x92FB, 0x92FC, 0x92FE, 0x92FF, 0x9300, 0x9301, 0x9302, 0x9304, 0x9306,
	0x9308, 0x9309, 0x930B, 0x930C, 0x930D, 0x930E, 0x930F, 0x9310, 0x9312, 0x9313, 0x9314, 0x9315,
	0x9316, 0x9318, 0x9319, 0x931A, 0x931B, 0x931D, 0x931E, 0x931F, 0x9320, 0x9321, 0x9322, 0x9323,
	0x9324, 0x9325, 0x9326, 0x9327, 0x9328, 0x9329, 0x932A, 0x932B, 0x932C, 0x932D, 0x932E, 0x932F,
	0x9332, 0x9333, 0x9334, 0x9335, 0x9336, 0x9338, 0x9339, 0x933A, 0x933B, 0x933C, 0x933E, 0x9344,
	0x9346, 0x9347, 0x9349, 0x934A, 0x934B, 0x934C, 0x934D, 0x934E, 0x934F, 0x9350, 0x9351, 0x9352,
	0x9354, 0x9355, 0x9356, 0x9357, 0x9358, 0x9359, 0x935A, 0x935B, 0x935C, 0x935E, 0x9360, 0x9361,
	0x9363, 0x9364, 0x9365, 0x9367, 0x936A, 0x936C, 0x936D, 0x936E, 0x9370, 0x9371, 0x9375, 0x9376,
	0x9377, 0x9379, 0x937A, 0x937B, 0x937C, 0x937E, 0x9380, 0x9382, 0x9383, 0x9388, 0x9389, 0x938A,
	0x938C, 0x938D, 0x938E, 0x938F, 0x9391, 0x9392, 0x9394, 0x9395, 0x9396, 0x9397, 0x9398, 0x9399,
	0x939A, 0x939B, 0x939D, 0x939E, 0x939F, 0x93A1, 0x93A2, 0x93A3, 0x93A4, 0x93A5, 0x93A6, 0x93A7,
	0x93A8, 0x93A9, 0x93AA, 0x93AC, 0x93AD, 0x93AE, 0x93AF, 0x93B0, 0x93B1, 0x93B2, 0x93B3, 0x93B4,
	0x93B5, 0x93B7, 0x93B9, 0x93C0, 0x93C2, 0x93C3, 0x93C4, 0x93C7, 0x93C8, 0x93CA, 0x93CC, 0x93CD,
	0x93CE, 0x93CF, 0x93D0, 0x93D1, 0x93D2, 0x93D4, 0x93D5, 0x93D6, 0x93D7, 0x93D8, 0x93D9, 0x93DA,
	0x93DC, 0x93DD, 0x93DE, 0x93DF, 0x93E1, 0x93E2, 0x93E3, 0x93E4, 0x93E5, 0x93E6, 0x93E7, 0x93E8,
	0x93EC, 0x93EE, 0x93F5, 0x93F6, 0x93F7, 0x93F8, 0x93F9, 0x93FA, 0x93FB, 0x93FC, 0x93FD, 0x93FE,
	0x93FF, 0x9400, 0x9403, 0x9406, 0x9407, 0x9409, 0x940A, 0x940B, 0x940C, 0x940D, 0x940E, 0x940F,
	0x9410, 0x9411, 0x9412, 0x9413, 0x9414, 0x9415, 0x9416, 0x9418, 0x9419, 0x941A, 0x9420, 0x9421,
	0x9428, 0x9429, 0x942A, 0x942B, 0x942C, 0x942E, 0x9430, 0x9431, 0x9432, 0x9433, 0x9435, 0x9436,
	0x9437, 0x9438, 0x9439, 0x943A, 0x943B, 0x943C, 0x943D, 0x943E, 0x943F, 0x9440, 0x9441, 0x9444,
	0x9445, 0x9446, 0x9447, 0x9448, 0x9449, 0x944A, 0x944B, 0x944C, 0x944F, 0x9450, 0x9451, 0x9452,
	0x9453, 0x9455, 0x9457, 0x945A, 0x945B, 0x945D, 0x945E, 0x9460, 0x9462, 0x9463, 0x9468, 0x9469,
	0x946A, 0x946B, 0x946D, 0x946E, 0x946F, 0x9470, 0x9471, 0x9472, 0x9473, 0x9474, 0x9475, 0x9476,
	0x9477, 0x9478, 0x947C, 0x947D, 0x947E, 0x947F, 0x9480, 0x9481, 0x9482, 0x9483, 0x9485, 0x9486,
	0x9487, 0x9488, 0x9489, 0x948A, 0x948B, 0x948C, 0x948D, 0x948E, 0x948F, 0x9490, 0x9492, 0x9493,
	0x9494, 0x9495, 0x9496, 0x9497, 0x9498, 0x9499, 0x949A, 0x949B, 0x949C, 0x949D, 0x949E, 0x949F,
	0x94A0, 0x94A1, 0x94A2, 0x94A3, 0x94A4, 0x94A5, 0x94A6, 0x94A7, 0x94A8, 0x94A9, 0x94AA, 0x94AB,
	0x94AC, 0x94AD, 0x94AE, 0x94AF, 0x94B0, 0x94B1, 0x94B2, 0x94B3, 0x94B4, 0x94B5, 0x94B6, 0x94B7,
	0x94B8, 0x94B9, 0x94BA, 0x94BB, 0x94BC, 0x94BD, 0x94BE, 0x94BF, 0x94C0, 0x94C1, 0x94C2, 0x94C3,
	0x94C4, 0x94C5, 0x94C6, 0x94C8, 0x94C9, 0x94CA, 0x94CB, 0x94CC, 0x94CD, 0x94CE, 0x94CF, 0x94D0,
	0x94D1, 0x94D2, 0x94D5, 0x94D6, 0x94D7, 0x94D8, 0x94D9, 0x94DA, 0x94DB, 0x94DC, 0x94DD, 0x94DE,
	0x94DF, 0x94E0, 0x94E1, 0x94E2, 0x94E3, 0x94E4, 0x94E5, 0x94E7, 0x94E8, 0x94E9, 0x94EA, 0x94EB,
	0x94EC, 0x94ED, 0x94EE, 0x94EF, 0x94F0, 0x94F1, 0x94F2, 0x94F3, 0x94F4, 0x94F5, 0x94F6, 0x94F7,
	0x94F8, 0x94F9, 0x94FA, 0x94FB, 0x94FC, 0x94FD, 0x94FE, 0x94FF, 0x9500, 0x9501, 0x9502, 0x9503,
	0x9504, 0x9505, 0x9506, 0x9507, 0x9508, 0x9509, 0x950A, 0x950B, 0x950C, 0x950D, 0x950E, 0x950F,
	0x9510, 0x9511, 0x9512, 0x9513, 0x9514, 0x9515, 0x9516, 0x9517, 0x9518, 0x9519, 0x951A, 0x951B,
	0x951C, 0x951D, 0x951E, 0x951F, 0x9521, 0x9522, 0x9523, 0x9524, 0x9525, 0x9526, 0x9527, 0x9528,
	0x9529, 0x952A, 0x952B, 0x952C, 0x952D, 0x952E, 0x952F, 0x9530, 0x9531, 0x9532, 0x9533, 0x9534,
	0x9535, 0x9536, 0x9537, 0x9538, 0x9539, 0x953A, 0x953B, 0x953C, 0x953D, 0x953E, 0x953F, 0x9540,
	0x9541, 0x9542, 0x9543, 0x9544, 0x9545, 0x9546, 0x9547, 0x9548, 0x9549, 0x954A, 0x954B, 0x954C,
	0x954D, 0x954E, 0x954F, 0x9550, 0x9551, 0x9552, 0x9553, 0x9554, 0x9555, 0x9556, 0x9557, 0x9558,
	0x9559, 0x955A, 0x955B, 0x955C, 0x955D, 0x955E, 0x955F, 0x9560, 0x9561, 0x9562, 0x9563, 0x9564,
	0x9565, 0x9566, 0x9567, 0x9568, 0x9569, 0x956A, 0x956B, 0x956C, 0x956D, 0x956E, 0x956F, 0x9570,
	0x9571, 0x9572, 0x9573, 0x9574, 0x9575, 0x9576, 0x9577, 0x957A, 0x957B, 0x957C, 0x957D, 0x957F,
	0x9580, 0x9582, 0x9583, 0x9586, 0x9587, 0x9588, 0x9589, 0x958A, 0x958B, 0x958C, 0x958D, 0x958E,
	0x958F, 0x9590, 0x9591, 0x9592, 0x9593, 0x9594, 0x9596, 0x9598, 0x9599, 0x959B, 0x959C, 0x959E,
	0x959F, 0x95A0, 0x95A1, 0x95A2, 0x95A3, 0x95A4, 0x95A5, 0x95A7, 0x95A8, 0x95A9, 0x95AB, 0x95AC,
	0x95AD, 0x95AE, 0x95B0, 0x95B1, 0x95B2, 0x95B5, 0x95B6, 0x95B7, 0x95B9, 0x95BA, 0x95BB, 0x95BC,
	0x95BD, 0x95BE, 0x95BF, 0x95C0, 0x95C3, 0x95C5, 0x95C6, 0x95C7, 0x95C8, 0x95C9, 0x95CA, 0x95CB,
	0x95CC, 0x95CD, 0x95D0, 0x95D1, 0x95D2, 0x95D3, 0x95D4, 0x95D5, 0x95D6, 0x95D8, 0x95DA, 0x95DB,
	0x95DC, 0x95DE, 0x95DF, 0x95E0, 0x95E1, 0x95E2, 0x95E3, 0x95E4, 0x95E5, 0x95E8, 0x95E9, 0x95EA,
	0x95EB, 0x95ED, 0x95EE, 0x95EF, 0x95F0, 0x95F1, 0x95F2, 0x95F3, 0x95F4, 0x95F5, 0x95F6, 0x95F7,
	0x95F8, 0x95F9, 0x95FA, 0x95FB, 0x95FC, 0x95FD, 0x95FE, 0x95FF, 0x9600, 0x9601, 0x9602, 0x9603,
	0x9604, 0x9605, 0x9606, 0x9607, 0x9608, 0x9609, 0x960A, 0x960B, 0x960C, 0x960D, 0x960E, 0x960F,
	0x9610, 0x9611, 0x9612, 0x9614, 0x9615, 0x9616, 0x9617, 0x9618, 0x9619, 0x961A, 0x961C, 0x961D,
	0x961E, 0x961F, 0x9620, 0x9621, 0x9622, 0x9623, 0x9624, 0x9628, 0x962A, 0x962C, 0x962D, 0x962E,
	0x962F, 0x9630, 0x9631, 0x9632, 0x9633, 0x9634, 0x9635, 0x9636, 0x9639, 0x963A, 0x963B, 0x963C,
	0x963D, 0x963F, 0x9640, 0x9642, 0x9643, 0x9644, 0x9645, 0x9646, 0x9647, 0x9648, 0x9649, 0x964A,
	0x964B, 0x964C, 0x964D, 0x964E, 0x964F, 0x9650, 0x9651, 0x9653, 0x9654, 0x9655, 0x9658, 0x965B,
	0x965C, 0x965D, 0x965E, 0x965F, 0x9661, 0x9662, 0x9663, 0x9664, 0x9665, 0x9666, 0x9667, 0x9668,
	0x9669, 0x966A, 0x966B, 0x966C, 0x966D, 0x966F, 0x9670, 0x9671, 0x9672, 0x9673, 0x9674, 0x9675,
	0x9676, 0x9677, 0x9678, 0x967A, 0x967C, 0x967D, 0x967E, 0x9680, 0x9683, 0x9684, 0x9685, 0x9686,
	0x9687, 0x9688, 0x9689, 0x968A, 0x968B, 0x968D, 0x968E, 0x968F, 0x9690, 0x9691, 0x9692, 0x9693,
	0x9694, 0x9695, 0x9697, 0x9698, 0x9699, 0x969B, 0x969C, 0x969E, 0x96A0, 0x96A1, 0x96A2, 0x96A3,
	0x96A4, 0x96A7, 0x96A8, 0x96A9, 0x96AA, 0x96AC, 0x96AE, 0x96B0, 0x96B1, 0x96B2, 0x96B3, 0x96B4,
	0x96B6, 0x96B7, 0x96B8, 0x96B9, 0x96BA, 0x96BB, 0x96BC, 0x96BD, 0x96BE, 0x96BF, 0x96C0, 0x96C1,
	0x96C2, 0x96C3, 0x96C4, 0x96C5, 0x96C6, 0x96C7, 0x96C8, 0x96C9, 0x96CA, 0x96CB, 0x96CC, 0x96CD,
	0x96CE, 0x96CF, 0x96D1, 0x96D2, 0x96D3, 0x96D4, 0x96D5, 0x96D6, 0x96D7, 0x96D8, 0x96D9, 0x96DA,
	0x96DB, 0x96DC, 0x96DD, 0x96DE, 0x96DF, 0x96E0, 0x96E1, 0x96E2, 0x96E3, 0x96E5, 0x96E8, 0x96E9,
	0x96EA, 0x96EB, 0x96EF, 0x96F0, 0x96F1, 0x96F2, 0x96F3, 0x96F5, 0x96F6, 0x96F7, 0x96F8, 0x96F9,
	0x96FA, 0x96FB, 0x96FD, 0x96FE, 0x96FF, 0x9700, 0x9701, 0x9702, 0x9704, 0x9705, 0x9706, 0x9707,
	0x9708, 0x9709, 0x970A, 0x970B, 0x970D, 0x970E, 0x970F, 0x9710, 0x9711, 0x9712, 0x9713, 0x9716,
	0x9718, 0x9719, 0x971C, 0x971D, 0x971E, 0x971F, 0x9720, 0x9722, 0x9723, 0x9724, 0x9725, 0x9726,
	0x9727, 0x9728, 0x9729, 0x972A, 0x972B, 0x972C, 0x972D, 0x972E, 0x972F, 0x9730, 0x9732, 0x9735,
	0x9738, 0x9739, 0x973A, 0x973D, 0x973E, 0x973F, 0x9742, 0x9743, 0x9744, 0x9746, 0x9747, 0x9748,
	0x9749, 0x974B, 0x9752, 0x9753, 0x9756, 0x9758, 0x9759, 0x975A, 0x975B, 0x975C, 0x975E, 0x9760,
	0x9761, 0x9762, 0x9764, 0x9765, 0x9766, 0x9768, 0x9769, 0x976A, 0x976B, 0x976C, 0x976D, 0x976E,
	0x9770, 0x9771, 0x9772, 0x9773, 0x9774, 0x9776, 0x9777, 0x9778, 0x9779, 0x977A, 0x977B, 0x977C,
	0x977D, 0x977E, 0x977F, 0x9780, 0x9781, 0x9782, 0x9783, 0x9784, 0x9785, 0x9786, 0x9788, 0x978A,
	0x978B, 0x978D, 0x978E, 0x978F, 0x9790, 0x9791, 0x9792, 0x9794, 0x9797, 0x9798, 0x9799, 0x979A,
	0x979C, 0x979D, 0x979E, 0x97A0, 0x97A1, 0x97A2, 0x97A3, 0x97A4, 0x97A5, 0x97A6, 0x97A7, 0x97A8,
	0x97AA, 0x97AB, 0x97AC, 0x97AD, 0x97AE, 0x97AF, 0x97B2, 0x97B3, 0x97B4, 0x97B6, 0x97B7, 0x97B9,
	0x97BB, 0x97BF, 0x97C1, 0x97C2, 0x97C3, 0x97C4, 0x97C5, 0x97C6, 0x97C7, 0x97C8, 0x97C9, 0x97CB,
	0x97CC, 0x97CD, 0x97CE, 0x97CF, 0x97D0, 0x97D3, 0x97D4, 0x97D5, 0x97D6, 0x97D7, 0x97D8, 0x97D9,
	0x97DC, 0x97DD, 0x97DE, 0x97DF, 0x97E1, 0x97E3, 0x97E5, 0x97E6, 0x97E7, 0x97E8, 0x97E9, 0x97EA,
	0x97EB, 0x97EC, 0x97ED, 0x97EE, 0x97F0, 0x97F1, 0x97F2, 0x97F3, 0x97F5, 0x97F6, 0x97F8, 0x97F9,
	0x97FA, 0x97FB, 0x97FD, 0x97FE, 0x97FF, 0x9800, 0x9801, 0x9802, 0x9803, 0x9804, 0x9805, 0x9806,
	0x9807, 0x9808, 0x980A, 0x980C, 0x980D, 0x980E, 0x980F, 0x9810, 0x9811, 0x9812, 0x9813, 0x9816,
	0x9817, 0x9818, 0x981A, 0x981B, 0x981C, 0x981D, 0x981E, 0x9820, 0x9821, 0x9824, 0x9826, 0x9827,
	0x9828, 0x9829, 0x982B, 0x982C, 0x982D, 0x982F, 0x9830, 0x9832, 0x9834, 0x9835, 0x9837, 0x9838,
	0x9839, 0x983B, 0x983C, 0x983D, 0x9841, 0x9843, 0x9844, 0x9845, 0x9846, 0x9848, 0x9849, 0x984A,
	0x984B, 0x984C, 0x984D, 0x984E, 0x984F, 0x9850, 0x9851, 0x9852, 0x9853, 0x9854, 0x9855, 0x9857,
	0x9858, 0x9859, 0x985B, 0x985C, 0x985D, 0x985E, 0x985F, 0x9860, 0x9862, 0x9863, 0x9864, 0x9865,
	0x9867, 0x9869, 0x986A, 0x986B, 0x986F, 0x9870, 0x9871, 0x9872, 0x9873, 0x9874, 0x9875, 0x9876,
	0x9877, 0x9878, 0x9879, 0x987A, 0x987B, 0x987C, 0x987D, 0x987E, 0x987F, 0x9880, 0x9881, 0x9882,
	0x9883, 0x9884, 0x9885, 0x9886, 0x9887, 0x9888, 0x9889, 0x988A, 0x988B, 0x988C, 0x988D, 0x988E,
	0x988F, 0x9890, 0x9891, 0x9893, 0x9894, 0x9896, 0x9897, 0x9898, 0x9899, 0x989A, 0x989B, 0x989C,
	0x989D, 0x989E, 0x989F, 0x98A0, 0x98A1, 0x98A2, 0x98A4, 0x98A5, 0x98A6, 0x98A7, 0x98A8, 0x98A9,
	0x98AA, 0x98AC, 0x98AD, 0x98AE, 0x98AF, 0x98B1, 0x98B2, 0x98B3, 0x98B6, 0x98B8, 0x98BA, 0x98BB,
	0x98BC, 0x98BD, 0x98BE, 0x98BF, 0x98C0, 0x98C1, 0x98C2, 0x98C3, 0x98C4, 0x98C6, 0x98C9, 0x98CB,
	0x98CC, 0x98CE, 0x98CF, 0x98D0, 0x98D1, 0x98D2, 0x98D3, 0x98D4, 0x98D5, 0x98D7, 0x98D8, 0x98D9,
	0x98DA, 0x98DB, 0x98DC, 0x98DE, 0x98DF, 0x98E2, 0x98E3, 0x98E5, 0x98E7, 0x98E8, 0x98E9, 0x98EA,
	0x98EB, 0x98ED, 0x98EE, 0x98EF, 0x98F2, 0x98F4, 0x98F6, 0x98F9, 0x98FA, 0x98FC, 0x98FD, 0x98FE,
	0x9900, 0x9902, 0x9903, 0x9905, 0x9907, 0x9908, 0x9909, 0x990A, 0x990C, 0x990D, 0x9910, 0x9911,
	0x9912, 0x9913, 0x9914, 0x9915, 0x9916, 0x9917, 0x9918, 0x991A, 0x991B, 0x991D, 0x991E, 0x991F,
	0x9920, 0x9921, 0x9924, 0x9925, 0x9927, 0x9928, 0x9929, 0x992A, 0x992B, 0x992C, 0x992D, 0x992E,
	0x992F, 0x9930, 0x9931, 0x9932, 0x9933, 0x9935, 0x993A, 0x993C, 0x993D, 0x993E, 0x993F, 0x9941,
	0x9942, 0x9943, 0x9945, 0x9947, 0x9948, 0x9949, 0x994B, 0x994C, 0x994E, 0x9950, 0x9951, 0x9952,
	0x9953, 0x9954, 0x9955, 0x9956, 0x9957, 0x9958, 0x9959, 0x995B, 0x995C, 0x995E, 0x995F, 0x9961,
	0x9963, 0x9965, 0x9967, 0x9968, 0x9969, 0x996A, 0x996B, 0x996C, 0x996D, 0x996E, 0x996F, 0x9970,
	0x9971, 0x9972, 0x9973, 0x9974, 0x9975, 0x9976, 0x9977, 0x9978, 0x9979, 0x997A, 0x997B, 0x997C,
	0x997D, 0x997F, 0x9980, 0x9981, 0x9983, 0x9984, 0x9985, 0x9986, 0x9987, 0x9988, 0x9989, 0x998A,
	0x998B, 0x998C, 0x998D, 0x998F, 0x9990, 0x9991, 0x9992, 0x9993, 0x9994, 0x9995, 0x9996, 0x9997,
	0x9998, 0x9999, 0x999C, 0x999D, 0x999E, 0x99A1, 0x99A3, 0x99A5, 0x99A6, 0x99A7, 0x99A8, 0x99AB,
	0x99AC, 0x99AD, 0x99AE, 0x99AF, 0x99B0, 0x99B1, 0x99B2, 0x99B3, 0x99B4, 0x99B5, 0x99B9, 0x99BA,
	0x99BB, 0x99BC, 0x99BD, 0x99C1, 0x99C2, 0x99C3, 0x99C4, 0x99C5, 0x99C6, 0x99C7, 0x99C8, 0x99C9,
	0x99CB, 0x99CC, 0x99CD, 0x99CE, 0x99CF, 0x99D0, 0x99D1, 0x99D2, 0x99D3, 0x99D4, 0x99D5, 0x99D6,
	0x99D7, 0x99D8, 0x99D9, 0x99DB, 0x99DC, 0x99DD, 0x99DF, 0x99E2, 0x99E3, 0x99E4, 0x99E5, 0x99E7,
	0x99E9, 0x99EA, 0x99EC, 0x99ED, 0x99EE, 0x99F0, 0x99F1, 0x99F2, 0x99F4, 0x99F6, 0x99F7, 0x99F8,
	0x99F9, 0x99FA, 0x99FB, 0x99FC, 0x99FD, 0x99FE, 0x99FF, 0x9A01, 0x9A02, 0x9A03, 0x9A04, 0x9A05,
	0x9A06, 0x9A07, 0x9A09, 0x9A0A, 0x9A0B, 0x9A0D, 0x9A0E, 0x9A0F, 0x9A11, 0x9A12, 0x9A13, 0x9A14,
	0x9A15, 0x9A16, 0x9A19, 0x9A1A, 0x9A1B, 0x9A1C, 0x9A1D, 0x9A1E, 0x9A20, 0x9A22, 0x9A23, 0x9A24,
	0x9A25, 0x9A27, 0x9A28, 0x9A29, 0x9A2A, 0x9A2B, 0x9A2C, 0x9A2D, 0x9A2E, 0x9A30, 0x9A31, 0x9A32,
	0x9A34, 0x9A35, 0x9A36, 0x9A37, 0x9A38, 0x9A39, 0x9A3A, 0x9A3D, 0x9A3E, 0x9A3F, 0x9A40, 0x9A41,
	0x9A42, 0x9A43, 0x9A44, 0x9A45, 0x9A46, 0x9A48, 0x9A49, 0x9A4A, 0x9A4C, 0x9A4D, 0x9A4E, 0x9A4F,
	0x9A50, 0x9A52, 0x9A53, 0x9A54, 0x9A55, 0x9A56, 0x9A57, 0x9A59, 0x9A5A, 0x9A5B, 0x9A5E, 0x9A5F,
	0x9A60, 0x9A62, 0x9A64, 0x9A65, 0x9A66, 0x9A67, 0x9A68, 0x9A69, 0x9A6A, 0x9A6B, 0x9A6C, 0x9A6D,
	0x9A6E, 0x9A6F, 0x9A70, 0x9A71, 0x9A72, 0x9A73, 0x9A74, 0x9A75, 0x9A76, 0x9A77, 0x9A78, 0x9A79,
	0x9A7A, 0x9A7B, 0x9A7C, 0x9A7D, 0x9A7E, 0x9A7F, 0x9A80, 0x9A81, 0x9A82, 0x9A83, 0x9A84, 0x9A85,
	0x9A86, 0x9A87, 0x9A88, 0x9A89, 0x9A8A, 0x9A8B, 0x9A8C, 0x9A8D, 0x9A8E, 0x9A8F, 0x9A90, 0x9A91,
	0x9A92, 0x9A93, 0x9A95, 0x9A96, 0x9A97, 0x9A98, 0x9A99, 0x9A9A, 0x9A9B, 0x9A9C, 0x9A9D, 0x9A9E,
	0x9A9F, 0x9AA0, 0x9AA1, 0x9AA2, 0x9AA3, 0x9AA4, 0x9AA5, 0x9AA6, 0x9AA7, 0x9AA8, 0x9AAB, 0x9AAD,
	0x9AAF, 0x9AB0, 0x9AB1, 0x9AB3, 0x9AB4, 0x9AB6, 0x9AB7, 0x9AB8, 0x9AB9, 0x9ABA, 0x9ABB, 0x9ABC,
	0x9ABE, 0x9ABF, 0x9AC0, 0x9AC1, 0x9AC2, 0x9AC3, 0x9AC4, 0x9AC5, 0x9AC6, 0x9AC7, 0x9ACA, 0x9ACB,
	0x9ACC, 0x9ACD, 0x9ACE, 0x9ACF, 0x9AD0, 0x9AD1, 0x9AD2, 0x9AD3, 0x9AD4, 0x9AD5, 0x9AD6, 0x9AD8,
	0x9ADC, 0x9ADE, 0x9ADF, 0x9AE1, 0x9AE2, 0x9AE3, 0x9AE6, 0x9AE7, 0x9AEA, 0x9AEB, 0x9AEC, 0x9AED,
	0x9AEE, 0x9AEF, 0x9AF1, 0x9AF2, 0x9AF3, 0x9AF4, 0x9AF6, 0x9AF7, 0x9AF9, 0x9AFA, 0x9AFB, 0x9AFC,
	0x9AFD, 0x9AFE, 0x9B01, 0x9B03, 0x9B04, 0x9B05, 0x9B06, 0x9B08, 0x9B0A, 0x9B0B, 0x9B0C, 0x9B0D,
	0x9B0E, 0x9B0F, 0x9B10, 0x9B11, 0x9B12, 0x9B13, 0x9B15, 0x9B16, 0x9B17, 0x9B18, 0x9B19, 0x9B1A,
	0x9B1E, 0x9B1F, 0x9B20, 0x9B22, 0x9B23, 0x9B24, 0x9B25, 0x9B27, 0x9B28, 0x9B29, 0x9B2A, 0x9B2B,
	0x9B2E, 0x9B2F, 0x9B31, 0x9B32, 0x9B33, 0x9B35, 0x9B36, 0x9B37, 0x9B3A, 0x9B3B, 0x9B3C, 0x9B3E,
	0x9B3F, 0x9B41, 0x9B42, 0x9B43, 0x9B44, 0x9B45, 0x9B46, 0x9B47, 0x9B48, 0x9B49, 0x9B4A, 0x9B4B,
	0x9B4C, 0x9B4D, 0x9B4E, 0x9B4F, 0x9B51, 0x9B52, 0x9B54, 0x9B55, 0x9B56, 0x9B58, 0x9B59, 0x9B5A,
	0x9B5B, 0x9B5F, 0x9B60, 0x9B61, 0x9B64, 0x9B66, 0x9B67, 0x9B68, 0x9B6C, 0x9B6F, 0x9B70, 0x9B71,
	0x9B74, 0x9B75, 0x9B76, 0x9B77, 0x9B7A, 0x9B7B, 0x9B7C, 0x9B7D, 0x9B7E, 0x9B80, 0x9B82, 0x9B83,
	0x9B85, 0x9B86, 0x9B87, 0x9B88, 0x9B8E, 0x9B90, 0x9B91, 0x9B92, 0x9B93, 0x9B95, 0x9B96, 0x9B97,
	0x9B9A, 0x9B9B, 0x9B9E, 0x9B9F, 0x9BA0, 0x9BA1, 0x9BA2, 0x9BA4, 0x9BA5, 0x9BA6, 0x9BA8, 0x9BAA,
	0x9BAB, 0x9BAD, 0x9BAE, 0x9BAF, 0x9BB4, 0x9BB5, 0x9BB6, 0x9BB8, 0x9BB9, 0x9BBD, 0x9BBF, 0x9BC0,
	0x9BC1, 0x9BC3, 0x9BC4, 0x9BC6, 0x9BC7, 0x9BC8, 0x9BC9, 0x9BCA, 0x9BCF, 0x9BD1, 0x9BD2, 0x9BD3,
	0x9BD4, 0x9BD5, 0x9BD6, 0x9BD7, 0x9BD9, 0x9BDA, 0x9BDB, 0x9BDC, 0x9BDE, 0x9BE0, 0x9BE1, 0x9BE2,
	0x9BE3, 0x9BE4, 0x9BE5, 0x9BE6, 0x9BE7, 0x9BE8, 0x9BEA, 0x9BEB, 0x9BEC, 0x9BF0, 0x9BF1, 0x9BF2,
	0x9BF5, 0x9BF7, 0x9BF8, 0x9BFD, 0x9C04, 0x9C05, 0x9C06, 0x9C07, 0x9C08, 0x9C09, 0x9C0A, 0x9C0B,
	0x9C0C, 0x9C0D, 0x9C0E, 0x9C10, 0x9C12, 0x9C13, 0x9C14, 0x9C15, 0x9C17, 0x9C1B, 0x9C1C, 0x9C1D,
	0x9C21, 0x9C23, 0x9C24, 0x9C25, 0x9C28, 0x9C29, 0x9C2B, 0x9C2C, 0x9C2D, 0x9C2E, 0x9C2F, 0x9C30,
	0x9C31, 0x9C32, 0x9C33, 0x9C34, 0x9C36, 0x9C37, 0x9C39, 0x9C3A, 0x9C3B, 0x9C3C, 0x9C3D, 0x9C3E,
	0x9C3F, 0x9C40, 0x9C41, 0x9C44, 0x9C46, 0x9C47, 0x9C48, 0x9C49, 0x9C4A, 0x9C4B, 0x9C4C, 0x9C4D,
	0x9C4E, 0x9C50, 0x9C52, 0x9C54, 0x9C55, 0x9C56, 0x9C57, 0x9C58, 0x9C59, 0x9C5A, 0x9C5E, 0x9C5F,
	0x9C60, 0x9C62, 0x9C63, 0x9C66, 0x9C67, 0x9C68, 0x9C6D, 0x9C6E, 0x9C71, 0x9C73, 0x9C74, 0x9C75,
	0x9C76, 0x9C77, 0x9C78, 0x9C79, 0x9C7A, 0x9C7C, 0x9C7D, 0x9C7E, 0x9C7F, 0x9C80, 0x9C81, 0x9C82,
	0x9C83, 0x9C85, 0x9C86, 0x9C87, 0x9C88, 0x9C89, 0x9C8A, 0x9C8B, 0x9C8C, 0x9C8D, 0x9C8E, 0x9C8F,
	0x9C90, 0x9C91, 0x9C92, 0x9C94, 0x9C95, 0x9C96, 0x9C97, 0x9C98, 0x9C99, 0x9C9A, 0x9C9B, 0x9C9C,
	0x9C9D, 0x9C9E, 0x9C9F, 0x9CA0, 0x9CA1, 0x9CA2, 0x9CA3, 0x9CA4, 0x9CA5, 0x9CA6, 0x9CA7, 0x9CA8,
	0x9CA9, 0x9CAA, 0x9CAB, 0x9CAC, 0x9CAD, 0x9CAE, 0x9CAF, 0x9CB0, 0x9CB1, 0x9CB2, 0x9CB3, 0x9CB4,
	0x9CB5, 0x9CB6, 0x9CB7, 0x9CB8, 0x9CB9, 0x9CBA, 0x9CBB, 0x9CBC, 0x9CBD, 0x9CBE, 0x9CBF, 0x9CC0,
	0x9CC1, 0x9CC2, 0x9CC3, 0x9CC4, 0x9CC5, 0x9CC6, 0x9CC7, 0x9CC8, 0x9CC9, 0x9CCA, 0x9CCB, 0x9CCC,
	0x9CCD, 0x9CCE, 0x9CCF, 0x9CD0, 0x9CD1, 0x9CD2, 0x9CD3, 0x9CD4, 0x9CD5, 0x9CD6, 0x9CD7, 0x9CD8,
	0x9CD9, 0x9CDA, 0x9CDB, 0x9CDC, 0x9CDD, 0x9CDE, 0x9CDF, 0x9CE0, 0x9CE1, 0x9CE2, 0x9CE3, 0x9CE4,
	0x9CE5, 0x9CE6, 0x9CE7, 0x9CE9, 0x9CEA, 0x9CEB, 0x9CEC, 0x9CED, 0x9CF0, 0x9CF1, 0x9CF2, 0x9CF3,
	0x9CF4, 0x9CF5, 0x9CF6, 0x9CF7, 0x9CF9, 0x9CFA, 0x9CFB, 0x9CFC, 0x9CFD, 0x9CFF, 0x9D00, 0x9D03,
	0x9D04, 0x9D05, 0x9D06, 0x9D07, 0x9D08, 0x9D09, 0x9D0E, 0x9D10, 0x9D12, 0x9D14, 0x9D15, 0x9D17,
	0x9D18, 0x9D19, 0x9D1B, 0x9D1D, 0x9D1E, 0x9D1F, 0x9D20, 0x9D22, 0x9D23, 0x9D25, 0x9D26, 0x9D28,
	0x9D29, 0x9D2A, 0x9D2B, 0x9D2C, 0x9D2D, 0x9D2E, 0x9D2F, 0x9D30, 0x9D31, 0x9D33, 0x9D36, 0x9D37,
	0x9D38, 0x9D3B, 0x9D3D, 0x9D3E, 0x9D3F, 0x9D40, 0x9D41, 0x9D42, 0x9D43, 0x9D44, 0x9D45, 0x9D46,
	0x9D48, 0x9D4A, 0x9D4B, 0x9D4C, 0x9D4F, 0x9D50, 0x9D51, 0x9D52, 0x9D53, 0x9D54, 0x9D56, 0x9D57,
	0x9D58, 0x9D59, 0x9D5A, 0x9D5B, 0x9D5C, 0x9D5D, 0x9D5E, 0x9D5F, 0x9D60, 0x9D61, 0x9D64, 0x9D67,
	0x9D68, 0x9D69, 0x9D6A, 0x9D6B, 0x9D6C, 0x9D6F, 0x9D70, 0x9D71, 0x9D72, 0x9D73, 0x9D74, 0x9D75,
	0x9D77, 0x9D78, 0x9D79, 0x9D7A, 0x9D7B, 0x9D7D, 0x9D7F, 0x9D80, 0x9D81, 0x9D82, 0x9D84, 0x9D85,
	0x9D86, 0x9D87, 0x9D88, 0x9D89, 0x9D8A, 0x9D8B, 0x9D8C, 0x9D8F, 0x9D90, 0x9D92, 0x9D94, 0x9D96,
	0x9D97, 0x9D98, 0x9D99, 0x9D9A, 0x9D9B, 0x9D9C, 0x9D9D, 0x9D9E, 0x9D9F, 0x9DA0, 0x9DA1, 0x9DA2,
	0x9DA3, 0x9DA4, 0x9DA6, 0x9DA7, 0x9DA8, 0x9DA9, 0x9DAA, 0x9DAB, 0x9DAC, 0x9DAD, 0x9DAF, 0x9DB1,
	0x9DB2, 0x9DB3, 0x9DB4, 0x9DB5, 0x9DB6, 0x9DB7, 0x9DB8, 0x9DB9, 0x9DBA, 0x9DBB, 0x9DBC, 0x9DBE,
	0x9DBF, 0x9DC1, 0x9DC2, 0x9DC3, 0x9DC4, 0x9DC5, 0x9DC6, 0x9DC7, 0x9DC8, 0x9DCA, 0x9DCB, 0x9DCC,
	0x9DCD, 0x9DCE, 0x9DCF, 0x9DD0, 0x9DD1, 0x9DD2, 0x9DD3, 0x9DD5, 0x9DD6, 0x9DD7, 0x9DD8, 0x9DD9,
	0x9DDA, 0x9DDB, 0x9DDC, 0x9DDD, 0x9DDE, 0x9DDF, 0x9DE1, 0x9DE2, 0x9DE3, 0x9DE4, 0x9DE5, 0x9DE6,
	0x9DE8, 0x9DE9, 0x9DEB, 0x9DEC, 0x9DED, 0x9DEE, 0x9DEF, 0x9DF0, 0x9DF2, 0x9DF3, 0x9DF4, 0x9DF5,
	0x9DF6, 0x9DF7, 0x9DF8, 0x9DF9, 0x9DFA, 0x9DFB, 0x9DFD, 0x9DFE, 0x9DFF, 0x9E00, 0x9E01, 0x9E02,
	0x9E03, 0x9E04, 0x9E05, 0x9E06, 0x9E07, 0x9E09, 0x9E0B, 0x9E0D, 0x9E0F, 0x9E10, 0x9E11, 0x9E12,
	0x9E13, 0x9E14, 0x9E15, 0x9E17, 0x9E19, 0x9E1A, 0x9E1B, 0x9E1D, 0x9E1E, 0x9E1F, 0x9E20, 0x9E21,
	0x9E22, 0x9E23, 0x9E24, 0x9E25, 0x9E26, 0x9E27, 0x9E28, 0x9E29, 0x9E2A, 0x9E2B, 0x9E2C, 0x9E2D,
	0x9E2E, 0x9E2F, 0x9E30, 0x9E31, 0x9E32, 0x9E33, 0x9E35, 0x9E36, 0x9E37, 0x9E38, 0x9E39, 0x9E3A,
	0x9E3B, 0x9E3C, 0x9E3D, 0x9E3E, 0x9E3F, 0x9E40, 0x9E41, 0x9E42, 0x9E43, 0x9E44, 0x9E45, 0x9E46,
	0x9E47, 0x9E48, 0x9E49, 0x9E4A, 0x9E4B, 0x9E4C, 0x9E4D, 0x9E4E, 0x9E4F, 0x9E50, 0x9E51, 0x9E52,
	0x9E54, 0x9E55, 0x9E56, 0x9E57, 0x9E58, 0x9E59, 0x9E5A, 0x9E5B, 0x9E5C, 0x9E5D, 0x9E5E, 0x9E5F,
	0x9E60, 0x9E61, 0x9E62, 0x9E63, 0x9E64, 0x9E66, 0x9E67, 0x9E68, 0x9E69, 0x9E6A, 0x9E6B, 0x9E6C,
	0x9E6D, 0x9E6E, 0x9E6F, 0x9E70, 0x9E71, 0x9E72, 0x9E73, 0x9E74, 0x9E75, 0x9E78, 0x9E79, 0x9E7A,
	0x9E7C, 0x9E7D, 0x9E7E, 0x9E7F, 0x9E80, 0x9E81, 0x9E82, 0x9E83, 0x9E86, 0x9E87, 0x9E88, 0x9E89,
	0x9E8A, 0x9E8B, 0x9E8C, 0x9E8D, 0x9E8E, 0x9E91, 0x9E92, 0x9E93, 0x9E94, 0x9E95, 0x9E96, 0x9E97,
	0x9E99, 0x9E9A, 0x9E9B, 0x9E9C, 0x9E9D, 0x9E9F, 0x9EA0, 0x9EA1, 0x9EA4, 0x9EA5, 0x9EA6, 0x9EA7,
	0x9EA9, 0x9EAA, 0x9EAD, 0x9EAE, 0x9EB0, 0x9EB4, 0x9EB5, 0x9EB6, 0x9EB7, 0x9EB8, 0x9EB9, 0x9EBA,
	0x9EBB, 0x9EBC, 0x9EBD, 0x9EBE, 0x9EBF, 0x9EC0, 0x9EC2, 0x9EC3, 0x9EC4, 0x9EC7, 0x9EC8, 0x9EC9,
	0x9ECC, 0x9ECD, 0x9ECE, 0x9ECF, 0x9ED0, 0x9ED1, 0x9ED2, 0x9ED3, 0x9ED4, 0x9ED5, 0x9ED6, 0x9ED8,
	0x9ED9, 0x9EDA, 0x9EDB, 0x9EDC, 0x9EDD, 0x9EDE, 0x9EDF, 0x9EE0, 0x9EE1, 0x9EE2, 0x9EE4, 0x9EE5,
	0x9EE6, 0x9EE7, 0x9EE8, 0x9EE9, 0x9EEA, 0x9EEB, 0x9EED, 0x9EEE, 0x9EEF, 0x9EF0, 0x9EF2, 0x9EF3,
	0x9EF4, 0x9EF5, 0x9EF6, 0x9EF7, 0x9EF9, 0x9EFA, 0x9EFB, 0x9EFC, 0x9EFD, 0x9EFE, 0x9EFF, 0x9F00,
	0x9F01, 0x9F06, 0x9F07, 0x9F08, 0x9F09, 0x9F0A, 0x9F0B, 0x9F0D, 0x9F0E, 0x9F0F, 0x9F10, 0x9F12,
	0x9F13, 0x9F15, 0x9F16, 0x9F17, 0x9F18, 0x9F19, 0x9F1A, 0x9F1B, 0x9F1C, 0x9F1E, 0x9F20, 0x9F21,
	0x9F22, 0x9F23, 0x9F24, 0x9F25, 0x9F28, 0x9F29, 0x9F2A, 0x9F2B, 0x9F2C, 0x9F2D, 0x9F2E, 0x9F2F,
	0x9F30, 0x9F31, 0x9F32, 0x9F33, 0x9F34, 0x9F35, 0x9F36, 0x9F37, 0x9F38, 0x9F39, 0x9F3B, 0x9F3D,
	0x9F3E, 0x9F40, 0x9F41, 0x9F42, 0x9F43, 0x9F44, 0x9F46, 0x9F47, 0x9F48, 0x9F49, 0x9F4A, 0x9F4B,
	0x9F4C, 0x9F4D, 0x9F4E, 0x9F4F, 0x9F50, 0x9F51, 0x9F52, 0x9F54, 0x9F55, 0x9F56, 0x9F57, 0x9F58,
	0x9F59, 0x9F5B, 0x9F5C, 0x9F5D, 0x9F5E, 0x9F5F, 0x9F60, 0x9F61, 0x9F62, 0x9F63, 0x9F64, 0x9F65,
	0x9F66, 0x9F67, 0x9F6A, 0x9F6B, 0x9F6C, 0x9F6E, 0x9F6F, 0x9F70, 0x9F71, 0x9F72, 0x9F74, 0x9F75,
	0x9F76, 0x9F77, 0x9F78, 0x9F79, 0x9F7A, 0x9F7B, 0x9F7E, 0x9F7F, 0x9F80, 0x9F81, 0x9F82, 0x9F83,
	0x9F84, 0x9F85, 0x9F86, 0x9F87, 0x9F88, 0x9F89, 0x9F8A, 0x9F8B, 0x9F8C, 0x9F8D, 0x9F90, 0x9F91,
	0x9F92, 0x9F94, 0x9F95, 0x9F98, 0x9F99, 0x9F9A, 0x9F9B, 0x9F9C, 0x9F9D, 0x9F9F, 0x9FA0, 0x9FA2,
	0x9FA4, 0x9FCD, 0x9FCE, 0x9FCF, 0x20164, 0x20676, 0x20CD0, 0x2139A, 0x21413, 0x235CB, 0x23C97, 0x23C98,
	0x23E23, 0x249DB, 0x24A7D, 0x24AC9, 0x25532, 0x25562, 0x255A8, 0x25ED7, 0x26221, 0x2648D, 0x26676, 0x2677C,
	0x26B5C, 0x26C21, 0x27FF9, 0x28408, 0x28678, 0x28695, 0x287E0, 0x28B49, 0x28C47, 0x28C4F, 0x28C51, 0x28C54,
	0x28E99, 0x29F7E, 0x29F83, 0x29F8C, 0x2A7DD, 0x2A8FB, 0x2A917, 0x2AA30, 0x2AA36, 0x2AA58, 0x2AFA2, 0x2B127,
	0x2B128, 0x2B137, 0x2B138, 0x2B1ED, 0x2B300, 0x2B363, 0x2B36F, 0x2B372, 0x2B37D, 0x2B404, 0x2B410, 0x2B413,
	0x2B461, 0x2B4E7, 0x2B4EF, 0x2B4F6, 0x2B4F9, 0x2B50D, 0x2B50E, 0x2B536, 0x2B5AE, 0x2B5AF, 0x2B5B3, 0x2B5E7,
	0x2B5F4, 0x2B61C, 0x2B61D, 0x2B626, 0x2B627, 0x2B628, 0x2B62A, 0x2B62C, 0x2B695, 0x2B696, 0x2B6AD, 0x2B6ED,
	0x2B7A9, 0x2B7C5, 0x2B7E6, 0x2B7F9, 0x2B7FC, 0x2B806, 0x2B80A, 0x2B81C, 0x2B8B8, 0x2BAC7, 0x2BB5F, 0x2BB62,
	0x2BB7C, 0x2BB83, 0x2BC1B, 0x2BD77, 0x2BD87, 0x2BDF7, 0x2BE29, 0x2C029, 0x2C02A, 0x2C0A9, 0x2C0CA, 0x2C1D5,
	0x2C1D9, 0x2C1F9, 0x2C27C, 0x2C288, 0x2C2A4, 0x2C317, 0x2C35B, 0x2C361, 0x2C364, 0x2C488, 0x2C494, 0x2C497,
	0x2C542, 0x2C613, 0x2C618, 0x2C621, 0x2C629, 0x2C62B, 0x2C62C, 0x2C62D, 0x2C62F, 0x2C642, 0x2C64A, 0x2C64B,
	0x2C72C, 0x2C72F, 0x2C79F, 0x2C7C1, 0x2C7FD, 0x2C8D9, 0x2C8DE, 0x2C8E1, 0x2C8F3, 0x2C907, 0x2C90A, 0x2C91D,
	0x2CA02, 0x2CA0E, 0x2CA7D, 0x2CAA9, 0x2CB29, 0x2CB2D, 0x2CB2E, 0x2CB31, 0x2CB38, 0x2CB39, 0x2CB3B, 0x2CB3F,
	0x2CB41, 0x2CB4A, 0x2CB4E, 0x2CB5A, 0x2CB5B, 0x2CB64, 0x2CB69, 0x2CB6C, 0x2CB6F, 0x2CB73, 0x2CB76, 0x2CB78,
	0x2CB7C, 0x2CBB1, 0x2CBBF, 0x2CBC0, 0x2CBCE, 0x2CC56, 0x2CC5F, 0x2CCF5, 0x2CCF6, 0x2CCFD, 0x2CCFF, 0x2CD02,
	0x2CD03, 0x2CD0A, 0x2CD8B, 0x2CD8D, 0x2CD8F, 0x2CD90, 0x2CD9F, 0x2CDA0, 0x2CDA8, 0x2CDAD, 0x2CDAE, 0x2CDD5,
	0x2CE18, 0x2CE1A, 0x2CE23, 0x2CE26, 0x2CE2A, 0x2CE7C, 0x2CE88, 0x2CE93,
}

// sijiaoCode[i] 是 sijiaoCP[i] 的四角号码（空格分隔的多值整串）。
var sijiaoCode = []string{
	"2727.7", "2023.0", "6804.0", "6702.0", "4714.7", "4114.4", "8410.4", "5740.4",
	"4742.7", "4144.6", "2772.0", "2291.4", "2473.2", "9707.7", "9404.7", "5704.0",
	"5402.7", "5101.0", "6303.2", "6044.7", "6033.3", "6804.0", "4792.0", "4493.1",
	"3790.4", "4793.2", "3814.0", "3011.3", "3315.0", "3713.7", "3118.2", "9782.0",
	"9481.1", "9181.4", "4822.1", "1112.7", "3877.6", "2961.1", "6904.4", "5760.1",
	"1865.6", "1462.7", "2392.2", "2712.0", "5742.0", "8762.0", "7523.7", "7129.1",
	"7822.7", "7620.0", "4442.7", "4427.2", "4477.2", "4462.1", "4440.6", "5412.7",
	"5712.7", "0023.6", "5814.1", "3272.1", "2121.4", "2772.7", "4782.7", "9712.7",
	"8374.7", "8476.4", "2712.0", "2516.3", "7921.6", "1722.7", "0742.7", "1212.7",
	"5722.7", "6742.7", "7722.7", "7762.7", "4343.0", "1000.0", "1020.0", "4071.0",
	"1022.7", "5000.0", "1010.1", "2110.0", "1023.0", "1022.0", "1090.0", "2140.7",
	"1072.7", "1020.7", "1710.5", "5030", "7710.0", "1010.9", "4471.7", "4477.0",
	"7210.1", "1022.7", "3210", "8810", "4090", "2210", "1710.3", "1073.1",
	"1022.7", "2073", "1022", "1020", "8010.2", "4073", "2000", "8020.0",
	"8020.0 8020.7", "3210", "5000.6", "1751.0", "5000.0", "2277.0", "5000.6", "5500.6",
	"2806", "3000.0", "5001.7", "7744.0", "3402", "0010.4", "5500.0", "1022",
	"9050", "2000.0", "4000.0", "1722.7", "2780.0", "2071.4", "2073.2", "4000",
	"3030.7", "2712", "8021.1", "2040.9", "2030.7", "7290", "7220.1", "7203.1",
	"2022", "7222.7", "2011.1", "2090.4", "2090.1", "1771.0", "4771.2", "4001.7",
	"8071.7", "4471.2", "1712", "2020", "2271.0", "5302", "2261.0", "1780",
	"2261.0", "2241.0", "4771.5", "4841.7", "2291.0", "2771.6", "2221.0", "9221.0",
	"4211.0", "2000.0", "1720.7", "1720.2", "2750.7", "5000.7", "5000.7", "1010.0",
	"1020.1", "1040.0", "1002", "1073.1", "1010.7", "1022.1", "1010.7", "5500.0",
	"1010.6", "1010.6", "1010", "2110.1", "1010.6", "1010.7", "1010.4", "0000.0",
	"0071.0", "0021.7", "0040.8", "0080.2", "0033.0", "0020", "0020.7", "0060",
	"0040.7", "0090.6", "0020.1", "0021.7", "0090.6", "0090", "0071.4", "0073",
	"0010.6", "0845.6", "0010.7", "8000.0", "2020", "2721", "2420.0", "2121.0",
	"2422.7", "2122.0", "7128.0", "2724.0", "2320.0", "2421.7", "2820.0", "2721.0",
	"8020.7", "8022.0", "2722.7", "8800.0", "2223.0", "8071", "8071", "2724.7",
	"2421.0", "2421.2", "2520.0", "2420.0", "2227.0", "8077.0", "2121.0", "8010.1",
	"2722.0", "2224.0", "2821.7", "2324.0", "8030.7", "2810.0", "2121.1", "2121.0",
	"2420", "2223", "2722", "2722.0 2725.0", "2124.7", "2722.0", "2822.7", "2520.6",
	"2121.0", "2722.0", "2824.0", "2520.0", "2822.0", "2221.4", "2822.7", "2022.7",
	"2823.2", "8010.1", "2522.7", "2722.7", "2521.7", "2320.0", "2021.7", "2725.7",
	"2724.7", "2121.7", "2424.7", "2323.4", "2325.0", "2429.0", "2222.1", "2129.0",
	"2721.0", "2523.0", "8088", "2321.4", "2928.0", "8073.1", "2121", "2424.1",
	"2123.1", "8040", "2522", "2523.7", "2724.0", "2721.2", "2822", "2223",
	"2821", "2821", "2422", "2321", "2623.7", "2023.2", "2620.0", "2426.0",
	"2721", "2421.7", "2925.0", "2823.7", "2520.6", "2722.0", "2124.9", "2820.0",
	"2620.0", "2121.9", "2628.0", "2326.0", "2620.0", "2621.0", "2322.1", "2422.7",
	"2423.1", "2121.0", "2021.8", "2224.0", "2021.4", "2421.1", "2426.0", "2523.0",
	"2523.0", "2126.0", "2122.0", "2329.0", "2321.1", "8090.1", "8090.4", "2523.0",
	"2522.7", "2821.1", "2722.0", "2124.4", "2723.3", "2729.0 2729.2", "2827.0", "2121.7",
	"2722.0", "2121.7", "8010", "2123.1", "2721.0", "2620.0", "2726.4", "2421.1",
	"2826.1", "2825.1", "2126.0", "2421.4", "2124.0", "2824.1", "2426.1", "2723.2",
	"2226.4", "2721.2", "2821.4", "2221.3", "2024.8", "7728.2", "2822.7", "2520.6",
	"2220.0", "2421.1", "2021.4", "2621.0", "2121.4", "2028.2", "4090.8", "2523.2",
	"2722.7", "2422.7", "2220.0", "2424.1", "2529.0", "2721.0", "2422.7", "2324.4",
	"2325.0", "2122.7", "8022.7", "2722.0", "2321.4", "2722.0", "2428.1", "2724.0",
	"2023.2", "2620.0", "2423.8", "2126.0", "2626", "2521", "2128", "2220",
	"2222", "2823", "2022", "2024.4", "2423", "2521.7", "2825.7", "2723.4",
	"2123.2", "2821.4", "8012.1", "2724.7", "2626.0", "2722.7", "2224.1", "2222.7",
	"2821.6", "2124.6", "2224.3", "2623.4", "2229.3", "2628.1", "2325.0", "2323.2",
	"2121.4", "2126.1", "2324.7", "2621.7", "2323.2", "8781.0", "2922.7", "2220.0",
	"2722.7", "2121.1", "2621.0", "2126.9", "2826.8", "2224.7", "2422.7", "2621.4",
	"2721.6", "2522.7", "2629.4", "8022.1", "2323.4", "2423.8", "2026.1", "2623.4",
	"2822.7", "2520.6", "2524", "2120", "2122", "2122", "2529.0", "2223.0",
	"2821", "2822.2", "2024.0", "2628.1", "2121.1", "2325.3", "2523.2", "2724.0",
	"2721.7", "2525.3", "2421.6", "2624.0", "2123.2", "2024.8", "2122.7", "2321.2",
	"8060.7", "2620.0", "2327.7", "2026.1", "2528.1", "2723.4", "2722.0", "2220.0",
	"2928.9", "2727.2", "2221.4", "2424.1", "2722.0", "2922.7", "2723.4", "2422.1",
	"2428.1", "2722.0", "2029.6", "2426.1", "2021.4", "2626.0", "1528.1", "2824.0",
	"2421.6", "2321.1", "2921.2", "1329.1", "2726.4", "2522.7", "2721.7", "2822.7",
	"2124.6", "2224.4", "2629", "2823.2", "2424.7", "2621.1", "2520.7", "2424.4",
	"2324.0", "2628.1 2728.1", "2429.1", "2823.6", "2528", "2722.7", "2421.6", "2128",
	"2423.5", "2224.7", "2121.4", "2221.4", "2526.3", "2724.7", "2622.7", "2425.6",
	"2222.7", "2724.1", "2426.4", "2628.1", "2623.2", "2322.7", "2022.2", "2721.0",
	"2721.4", "2126.1", "2426.0 2426.3", "2926.2", "2824.0", "2127.7", "2022.1", "2122.7",
	"2429.4", "2621.4", "2124.4", "2421.1", "2928.0", "2026.1", "2826.1", "2524.0",
	"2129.4", "2728.6", "2126.6", "2424.1", "2723.2", "2126.0", "2624.1", "2023.2",
	"2723.4", "2623.0", "2222.7", "2220.0", "2128.6", "2622.7", "2822.1", "2822.1 2823.2",
	"2826.4", "2924", "2222.7 2422.7", "2428", "2923", "2621.3", "2121.1", "2529.3",
	"2324.2", "2424.1", "2129", "2124.3", "2524.7", "2122.7", "2022.7", "2428.1",
	"2529.4", "2223.4", "2823.7", "2421.4", "2826.7", "8040.8", "2422.7", "2824.0",
	"2326.8", "2727.2", "2622.7", "2821.1", "2323.2", "2529.9", "2921", "2328",
	"2426", "2021", "2221.4", "2022.7", "2426.6", "2723.2", "2212.7", "2828.1",
	"2824.0", "2524.3", "2121.6", "2528.6", "2325.0", "2822.7", "2423.4", "2229.1",
	"2624.7", "2024.6", "2128.6", "2122.7", "2223.9", "2524.4", "2129.1", "2421.4",
	"2523.0", "2722.2", "2624.7", "8088.6", "2121.2", "2828.6", "2422.7", "2728.1",
	"2723.2", "2222.7", "2528.6", "2824.6", "2223.4", "2426.1", "2922.7", "2429.6",
	"2728.2", "2724.7", "2222.7", "2226.9", "2526.3", "2625.6", "2421.1", "2321.4",
	"2826.6", "2428.6", "2722.0", "2722.7", "2023.1", "2526.1", "2021.4", "2925.9",
	"4440.2", "2321.4", "2129.9", "2121.6", "2721.7", "2429.1", "2128.6", "2024.1",
	"2923.8", "2224.7", "2321.4", "2825.3", "2022.7", "2523.2", "2021.6", "2023.6",
	"2926.6", "2824.0", "2623.2", "2826.6", "2828.6", "2428.1", "2726.1", "2824.0",
	"2328.6", "2623.3", "2122.7", "2421.4", "2424.1", "2022.3", "2821.7", "2728.1",
	"2521.7", "2522.7", "2322.1", "2928.6", "2221.6", "2626.0", "2123.6", "2603.2",
	"2428.6", "2023.1", "2622.7", "2124.7", "2621.0", "2121.1", "2022.7", "2121.1",
	"2426.0", "2721.3", "2023.2", "2723.1", "2121.1", "2621.4", "2428.6", "2021.4",
	"2923.1", "2624.8", "2629.3", "2201.0", "1021.0", "2321.0", "1021.1", "6021.0",
	"0021.3", "3211.3", "2221.7", "2421.1", "9021.1", "4021.6", "8021.6", "2741.6",
	"2051.3", "2621.0", "8021", "7721.7", "1741.3", "7721.7", "0021", "0021.6",
	"4421.0", "9021.6", "7721.7", "2421.1", "4421.6", "8000.0", "4022.7", "8010.4",
	"1022.7", "8022.1 8023.7", "8000.0", "8073.2", "0080.0", "8020.7", "8010", "4480.1",
	"8080", "9080", "7280.1", "4480.1", "6080.1", "5580.1", "8073", "8022",
	"8023.7", "8060", "1180.1", "8753", "7722.0", "4022.7", "7722.0", "4022.7",
	"7722", "5055.7", "7744.0", "7744.5 7744.0", "1044.7", "7722.0", "6022.7", "5022.7",
	"6060.0", "5555.7", "6064.1", "6041.6", "3702.0", "3721.7", "4021.2", "3740.0",
	"3750", "4073", "7790.4", "3721.4", "3723.2", "3741.3", "3780.0", "3721.4",
	"3760.6", "3732.7", "3722.7", "3010.0", "2730.3", "3111.0", "3712", "3213.0",
	"3111.7", "3510.6", "3513.0", "3114.0", "3611.0", "3316.0", "3812.7", "3314.7",
	"3419", "3411.1", "3210.0", "3816.1", "3715", "3514.4", "3610.0", "3011.4",
	"3813", "3215.7", "3019.6", "3512.7", "3712.0", "3414.7", "3519.6", "3811.9",
	"3315", "3111.4", "3518", "3119.4", "3816.7", "3040.1", "3211.4", "3212.1",
	"3019.1", "3019.1", "3718.1", "3733.1", "7721.0", "7721.0", "7721", "2740.1",
	"7721.0", "7721.0", "7721.0", "2721", "2221.7", "2771", "7721.0", "2711.0",
	"1221.1 1221.7", "2277.0", "2277.0", "7777.7", "7777.0", "2277.2", "5077", "2277",
	"1077.2", "1777.2", "3277", "1722.0", "1712.0", "2200", "1742.0", "1745.0 1742.0",
	"8022.7", "4772.0", "4200.0", "8270.0", "1240.0", "2240.0", "4230.0", "2717",
	"2220.0", "7240.0", "1240.0", "5200.0", "1220.0", "5200.0", "7220.0", "1220.0",
	"0240", "7280", "7220", "8270", "5200.0", "3722.0", "7210.0", "7240",
	"7270.0", "9250.0", "6220.0", "4772.0", "2270.0", "2290.0", "7240.0", "6240",
	"5200.0", "1210", "2260.0", "1210.0", "8745.0", "4210.0", "4220.0", "1240.0",
	"2220.0", "7220.0", "9022.7", "4290.0", "5290.0", "0280.0", "8270", "2220",
	"2270", "7290.0", "0220", "8220.0", "1210.0", "1210.0", "3270.0", "6280.0",
	"8210.0", "9220.0", "4221.0", "5290.0", "8022.1", "4290.0", "8745.0", "6220",
	"8210", "4260.0", "6220.0", "1210.0", "0260.0", "5200.0", "7220.0", "3220.0",
	"2210.0", "4260.0", "8240.0", "9280.0", "1220.0", "8250.0", "0220.0", "2210.0",
	"7220", "2290.0", "8022.7", "0220.0", "2220.0", "7220.0", "7220.0", "1260.0",
	"2290.0", "8755.0 8752.0", "3260.0", "4260.0", "2210.0", "8260.0", "0220.0", "5230.0",
	"5822.7", "2220.0", "2220.0", "1290.0", "2290.0", "1220.0", "2230.0", "7220.0",
	"5210.0", "8862.3", "2220.0", "7022.7", "7210.0", "8260.0", "6290.0", "1220.0",
	"8280.0", "4240", "0220.0", "8782.0", "2220.0", "8785.0", "2220.0", "2280.0",
	"0220.0", "2210.0", "4002.7", "7442", "4033", "1412.7", "4600.0", "2742",
	"1422", "9042.7", "4742.7", "1472", "7412.7", "4742.7", "4772.0", "2462.7",
	"1462.7", "2452.7", "7422.7", "1412", "4442", "3242.7 9042.7", "9042.7", "0442.7",
	"7472.7", "4462.7", "0482.7", "5542", "4422.7", "1412.7", "2462.7", "4442.7",
	"5492.7", "1742.7", "2421.2", "6482", "0492.7", "1412.7", "4452.7", "2462.7",
	"1462.7", "2412.7", "6462.7", "6012.7", "4472.7", "1822.7", "4482.7", "6482.7",
	"7922.7", "9942.7", "4442.7", "1422.7", "4542.7", "5482.7", "4412.7", "2492.7",
	"8422.7", "4482.7", "2462.7", "0412.7", "4643.0", "4442.7", "2433.2", "2432.7",
	"2422.7", "7422.7", "0472.7", "4422.7", "2720.0", "2732.0", "2712.0", "2742.0",
	"2772.0", "2722.0", "2712", "2745.0", "2772.0", "2771.2", "2745.0", "2772.0",
	"2742.0", "2792.0", "2772.0", "2722.0", "2772.0", "4721.2", "2762.0", "2742.0",
	"2762.0", "4071.0", "2421.0", "1111.0", "6180.1", "7171.0", "7171.1", "7171.2",
	"7171.1", "7171.2", "7171.1", "7171.2", "7171.5", "7171", "7171.1", "7171.1",
	"7171", "7171.1", "7171.4", "7171.8", "7171.8", "7171.4", "7171.1", "7171.0 1071.0",
	"7171.1", "7171.4", "7171.3", "7171.6", "7171.4", "7171.2", "7171.6", "7171.6",
	"4000.0", "2040.0", "4400.0", "4040.1", "2440.0", "8040.0", "4044.0", "9050.0",
	"4400.0", "1221.7", "2440", "4403", "2640.0", "0040.8", "2140.6", "4402.7",
	"8050", "4080", "4022.7", "3250.6 9050.6", "4304.6", "2300.0", "0023.0", "6300",
	"2160.0", "2123.1", "2120", "2160.0", "2160", "4310.0", "7370", "7722.0",
	"1710", "2772.0", "7221.2 7221.7", "2722.0 7772.0", "7772.0", "2721.2", "1762.0", "7772.0",
	"4772.0", "7772.0", "9071.2", "8712.0", "2712.0", "1771", "4772.0 8762.0", "1721.2",
	"7772.0", "7120.0", "7121.2", "7122", "7122", "7122", "7124.1", "7121",
	"7128", "7125", "7124.2", "7121.1", "7127.4", "7121.4", "7122", "7121.2",
	"7124.1", "7121.4", "7125.0 7125.6", "7124.7", "7121.4", "7126.1", "7121.1", "7129.6",
	"7122.0", "7126", "7125", "7129.4", "7128.2", "7124.7", "7128.1", "7124.0",
	"7121.4", "7126.3", "7123.4", "7122.1", "7124.8", "7122.7", "3224.8 9024.8", "7150.6",
	"2073.0", "4773.1", "4073.1", "1771.0", "7773", "2310", "2320.2", "2320.2",
	"1274.7", "1573.3", "1740.0", "1740.0", "1724.7", "4004.7", "1744.0 7744.0", "7124.7",
	"2774.0", "2340", "2794.0", "7744.7", "1714.0", "2040.7", "0040", "8794.0",
	"7724.7", "9154.7", "7740.7", "7710", "2764.0", "3214.7", "6000.0", "4060.0",
	"2762.0", "6042.7", "6702.0", "6702.0", "6080.0", "6400.0", "1760.2", "6800.0",
	"6102.0", "1062.0", "2360.0", "6401.0", "5000.6", "4060.0", "7171.6", "6400.0",
	"6020.7", "1762.0", "6704", "6800.0", "6402.7", "6702.0", "6701", "6104.0",
	"6801.7", "2760.4", "6203.2", "6704.7", "8060.1", "4060.1", "6022.7", "6400.0",
	"7722.0", "2760.0", "7226.1", "5000.6", "6401.0", "2722.0", "6201.4 6301.4", "6103",
	"6060", "6802", "6702", "6804.0", "6908.0", "1760.7", "6701.5", "0060.4",
	"2060.3", "6802.7", "6303.4", "6201", "6300", "6802.0", "6109.0", "1060.9",
	"6071.7 6701.7", "6501.7", "6802.7", "6101.0", "8060.2", "6202.1", "6001.7", "6301.0",
	"3026", "6403.2", "6404.7", "6200", "2680.1", "6080", "6902.0", "6402.7",
	"6503.0", "6704.7", "6708.2", "6702.0", "6201.0", "6500.0", "1060.1", "6104.0",
	"6702.0", "6060.0", "6101.2", "6004.0", "6090.4", "1260.3", "6010.4", "2680.1",
	"2460.1", "6508", "6708.7", "6400.0", "6402", "2060.3", "6101", "6401",
	"6403.0", "6101", "6102", "6708", "6080", "6022", "6801", "6702",
	"6003.2", "6503.0", "6704.7", "6701.1", "6705.0", "6803.7", "6504.7", "6402.7",
	"6204.0", "7722.0", "6601.0", "6106.0", "6600.0", "6104.9", "2160.1", "6203.0",
	"6101.0", "6509.0", "6702.0", "6102.0", "6704.0", "6605.0", "6101.9", "6602.7",
	"6500.6", "6204.9", "8062.7", "6601.0", "6403.1", "6701.0", "6407.0", "6101.2",
	"6207.2", "6701.2", "6300.0", "6502.7", "6503.0", "6801.1", "2690.0", "6306.0",
	"2860.4", "6303.2", "6400.0", "6102.0", "6621.7", "6103", "6406.0", "6600.0",
	"6402.7", "6301", "6703.3", "6302", "6201", "6040.1", "6104.0", "6620.7",
	"6901", "6301.4", "6101.4", "6503.2 6508.1", "6200.0", "3760.8", "6805.1", "6909.4",
	"7680.8", "6004.8", "6406.1", "6509.0", "6706.4", "6702.0", "6600.0", "6803.4",
	"6008.2", "6408", "6206.4", "6201.3", "5320.0", "6101.6", "6409.0", "7722.7",
	"6600.0", "6401.1", "6700.0 6702.7", "0073.2", "6066.0", "6106.0", "6702.0", "6408.1",
	"6702.0", "6702.7", "6401.4", "6806.1", "4365.0", "6203", "6702", "6404.0",
	"6703.2", "6101", "6101", "6403", "6501", "6204", "6202", "6805.0",
	"6404", "6102.1", "6803", "6709", "6002", "6403", "6305.0", "6702",
	"6406.1", "6080.6", "6104.1", "6301.2", "1062.1", "6305.0", "6403.1", "6902.7",
	"6601.4", "6702.7", "6608.1", "6643.0", "6404.7", "6404.7", "5260.2", "6202.1",
	"6204.3", "6204.7", "6302.7", "6604.1", "6002.7", "6104.6", "4662.1", "6006.1",
	"6702.7", "6608.0", "6806.2", "6304.7", "7160.3", "6601.7", "6303.4", "6403.8",
	"6809.4", "6203.1", "6200.0", "6402.7", "0026.7", "6801.4", "6106.0", "6106.1",
	"6101.7", "6408.1", "6704.7", "6504", "6108.2", "6402", "6908", "6601",
	"6708", "6902.0", "6702.0", "6505.3", "6101.4", "6408.1", "2060.1", "6001.4",
	"6200.0", "6606.0", "6701.7", "6303.4", "6801.1", "6401.6", "6406.0", "6002.7",
	"6803.2", "6803.3", "6409.8", "6004.4", "6201.4", "6703", "6101.4", "6702.0",
	"6102.7", "6103.2", "6104.6", "0022.7", "6404.1", "6409", "6102.0", "6209.4",
	"6301.1", "6004.7", "8146.1", "7760.7", "6004.8", "6508.1", "6707.7", "3860.4",
	"6702.0", "6908.9", "6707.7", "6704.7", "6600.0", "6101.7", "3860.4", "6101.1",
	"6102.7", "6702.0", "6604.0", "6806.4", "6001.8", "6508", "6600.0", "6406.0",
	"4060", "6503", "6107", "6602.7", "6805.6", "6404.7", "6308.1", "6702.7",
	"6502", "0060.2", "6002.7", "6804.6", "6908.0", "6401.3", "6306.4", "6602.7",
	"6603.2", "6402.7", "8060.5", "4466.1", "6200.0", "6106.1", "6703.4", "6305.0",
	"6409.4", "6632.0", "6109.4", "6702.7", "6406.4", "6006.1", "6806.4", "6104.4",
	"6701.4", "6106.0", "6202.7", "6703.2", "6703.4", "4060.1", "6602.7", "6702.0",
	"6602.7", "6405.6", "6107.7", "6733.2", "6601.4", "6004.7", "6077.6", "6301.6",
	"6001.7", "6802.1 6803.7", "4073.2", "6703.4", "2022.7", "6002.2", "6650.6", "6803.2",
	"6101.4", "6702.0", "6401.6", "6406.0", "3260.6 9060.6", "6408", "6401", "6802.1",
	"6904", "9060", "6090.4", "4764.7", "6707.2", "6002.7", "6104.7", "6603.4",
	"6806.7", "4060.1", "6201.7", "6509.3", "6108.6", "6402.7", "6801.7", "6702.0",
	"6102.7", "6409.8", "6306.1", "6401.7", "6406.1", "6709.4", "6108.1", "6104.3",
	"6704.7", "6002.7", "6702.7", "6803.7", "6406.1", "6102.7", "6803.2", "6801.1",
	"6802.7", "6601.7", "6722.0", "6203.6", "6604.3", "6409.3", "6805.7", "6908.6",
	"6509", "6104", "6402", "6603.0", "6802.7", "6204", "6703", "6605.4",
	"6804.0", "6503.0", "6201.4", "6403.4", "6708.2", "6803.4", "6808.6", "6002.7",
	"6305.0", "6666.0", "6702.7", "6403.4", "6406.7 6506.6", "4046.1", "6109.1", "6504.4",
	"6105.3", "4764.7", "6702.2", "6507.1", "6600.0", "6101.6", "6102.7", "6508.6",
	"9060.1", "6101.7", "6604.1", "6009.4", "6402.7", "6400.0", "6402", "6702.7",
	"6901.4", "6202", "6704", "6307.3", "6405.4", "6608.6", "6604.7", "6202",
	"6902.7", "6502.7", "6205.3", "6702.7", "6702.0", "6508.6", "6102.7", "6401.1",
	"6202.1", "6803.1", "6409.6", "6202.7", "6406.1", "6605.6", "6104.6", "6603.1",
	"6708.1", "6103.1", "6804.6", "6202.7", "6106.1", "6001.4", "6301.4", "6804.0",
	"6702.7", "6806.6", "6003", "6401.8", "6666.1", "6101.7", "6201", "6203.5",
	"6108.7", "6802.7", "6704.6", "6107.2", "6706", "6808.6", "6403.4", "6703.4",
	"6602.7", "6409.1", "6503.2", "6105.0 6105.3", "6666.3", "1010.6", "6609.4", "6003.6",
	"6801.8", "6804.0", "6603.2", "6204.7", "6001.4", "6103.2", "6806.6", "6103.4",
	"6408.6", "6402.7", "6708.2", "6108.6", "6906.6", "6202.1", "6301", "6004",
	"6306.1", "6704.8", "6302.1", "6701.4", "6801.7", "6603.3", "6404.7", "6102.7",
	"6402.7", "6403.1", "6602.1", "6002.3", "6501.7", "6003.2", "6408.1", "6906.1",
	"6309.1", "6408.1", "6706.3", "6603.2", "6104.7", "6107.2", "6666.1", "6601.4",
	"6008.6", "6200.0", "5073.2", "6666", "6403.1", "6101.1", "6101.7", "6101.1",
	"6702.0", "6601.0", "6108.6", "4166.9", "2722.7", "6101", "0644.6 0645.6", "7760.1",
	"6624.8", "6701.3", "6604.4", "6003.2", "6204.6", "6708.6", "6401.4", "6504.3",
	"6104.1", "6666.8", "6001.4", "6753.2", "6403.6", "6403.1", "6601.4", "0073.2",
	"6408.6", "6409.4", "4466.1", "6806.6", "6702.7", "6107.2", "6003.2", "6000.0",
	"7722.0", "6080.0", "6021.0", "6040.7", "6060.0", "2600.0", "6043.0", "6040.4",
	"6024", "6034.0", "6071.7", "6021.1", "6022.7", "2600.0", "6022.7", "6021",
	"6021.1", "6090.4", "2600", "6055.0", "6040.0 6040.3", "6052", "6071", "6090.4",
	"6030.7", "6060.4", "6010.3", "6030", "6022.7", "6022.7", "6060.1", "6023.2",
	"6022.7", "6060.1", "6080", "6022.7", "6071.2", "6040.1", "6022.7", "6015.3",
	"6022.7", "6050.6", "6071.7", "6022.7", "6023.2", "6080.6", "6010.7", "6060.0",
	"6034.3", "6060.1", "6080.6", "6040.1", "6073.2", "6090.4", "4010.0", "4211.0",
	"4112.0", "1710.4", "4810.0", "7121.4", "4021.4", "4114.0", "4811.7", "4211.4",
	"4112.7", "4010.4", "4711.7", "4711.7", "4411.2", "4214.0", "4210.0", "4712.0",
	"4113.0", "4217.0", "4010", "4712", "4212.1", "4114.7 4714.7", "4111.0", "4214.0",
	"4114.7", "4812.7", "4712.0", "4511.7", "4012.7", "4812.7", "8010.4", "4714.0",
	"4718.2", "4119.0", "8810.4", "4011.7", "2110.4", "4518", "2710", "4113",
	"4112", "4718", "4712", "5000", "7810", "4414.7", "4915.0", "4510.6",
	"4711.0", "4611.0", "4311.1", "4417.0", "4114.9", "4116.0", "4213.0", "4711.1",
	"4111.9", "4712.0", "4513.0", "4512.7", "4412.7", "4010.4", "4211.1", "4715.0",
	"4112.0", "4214.0", "4214.1", "4813.7", "4410.0", "4214.9", "2010.4", "4011.8",
	"4310", "4311", "4110", "2310.4", "4711.2", "1210.4", "4712.0", "4610.0",
	"4716.4", "4510.7", "2310", "4018.2", "1010.4", "7221.4", "4211.3", "4313.0",
	"4911.1", "4011.4", "4719.4", "4711.2", "4311.4", "4815.1", "4713.2", "2310",
	"4216.1", "4111.6", "4111.4", "4816.1", "7710", "4712", "1010", "4814.1",
	"5510", "4111", "4412.7", "4413.3", "4113.1", "4917.7", "4211", "4112.1",
	"4017", "4314.4", "4014.1", "4311.1", "4712.7", "4214.7", "2710.4", "3210.4",
	"4614.1", "4014.7", "2010.4", "4212.7", "4114.6", "4313.4", "4712.7", "4712.7",
	"4611.4", "4313.2", "4315.0", "4214.1", "4714.7", "4214.9", "4714.2", "4312.7",
	"4611.4", "4411.1", "4112.1", "4410", "4618", "4612", "4410.4", "4813",
	"4315.0", "4714.7", "4111.2", "4911.2", "4014.8", "4614.0", "4512.7", "4718.1",
	"4215.7", "4311.1", "4912.7", "4519.6", "4513.2", "4918.9", "4411", "4219.4",
	"4714.0", "4515.3", "4717.7", "4411.6", "4211.4", "4511.7", "4541.7", "4612.7",
	"4016.1", "4410.4", "4014.7", "4412.1", "4712.7", "4717.2", "4619.4", "9010.4",
	"0010.4", "4711.7", "7710.4", "4011.4", "4410.4", "4712.0", "4412.7", "1010.4",
	"4712.0", "4610.0", "4711.3", "4414.7", "4111.4", "4210", "4719.1", "7410.4",
	"4111.4", "4116.6", "4519.6", "4712.7", "4419.4", "4713.4", "2610.4", "4612.7",
	"4618.1", "1810.4", "4113.4", "4612.7", "4111.2", "4411.1", "4812.1", "4611.4",
	"4612.7", "4021.1", "4111.4", "4744.7", "7710.4", "4716.7", "4612.7", "4416.0",
	"4412.7", "4016.1", "4711.0", "4211.4", "4612.8", "3510.4", "4410.4", "4611.1",
	"4516.3", "4315.0", "4714.1", "6010.4", "4612", "4714.7", "4012.7", "7110.4",
	"4412.7", "4611.3", "9910.4", "4612.7", "7921.4", "4316.8", "4211.8", "8710.4",
	"4414.1", "4718.0", "4416.1", "4812.7", "3810.4", "4016.7", "4012.7", "4713.2",
	"4119.4", "4012.7", "3010.4", "4712.7", "3610.4", "4618.6", "4112.7", "4413.3",
	"4811.7", "4118.1", "4119", "4611.7", "4716.0", "3810.4", "3710.4", "4812.7",
	"4212.7", "0021.4", "4011.1", "5210.4", "0021.4", "4413.4", "4514.3", "4413.4",
	"0510.4", "4514.4", "4715.3", "4614.7", "4119.1", "4011.6", "6710.4", "4412.7",
	"4014.6", "4412.7", "4012.7", "4510.4", "4312.2", "4712.7", "2710.4", "4411.4",
	"4012.7", "4012", "4410.4", "4211.4", "4112.7", "4816.6", "4811.7", "4416",
	"4319", "7810.4", "4411.1", "4816.6", "4111.7", "4615.6", "4816.1", "4213.5",
	"4011.4", "4216.9", "6010.4", "4814.0 4814.7", "4814.6", "7710.4", "7410.4", "9410.4",
	"4711.8", "4418.6", "4416.4 4416.3", "4712.0", "4713.4", "4416.1", "5710.4", "4814.0",
	"2710.4", "4614.1", "7010.4", "7710.4", "0010.4", "7710.4", "4011.6", "4019.4",
	"4113.2", "4413.2", "4013.2", "4213.1", "4811.7", "2710.4", "4411.7", "7121.4",
	"4414.1", "4013.2", "4112.7", "4511.7", "6010.4", "4018.6", "4111.7", "4712.0",
	"4613.1", "4513.8", "4413.2", "0110.4", "4111.1", "4217.2", "4013.2", "4111.4",
	"4614.8", "6610.4", "4112.7", "4010.0", "2010.4", "3411.0", "2421.0 3411.0", "4027.7",
	"4071.1", "4021.2", "4021", "4010.8", "4010", "4010.7", "4010.2", "4010.8",
	"4010.7", "4712.7", "4010.7", "4064.1", "4111.7", "4814.6", "2740.0", "1722.7",
	"2340", "2750.4", "2760", "0024.7 0040.7", "2740.0", "4040.7", "8040.7", "8840.7",
	"1024.7", "2740.7", "1040.7", "4440.7", "2720.0", "2320.0", "2721.2", "2722.0",
	"7721.0", "2720.7", "1720.7", "0024.7", "2722", "2722.0", "4420.7", "2780.6",
	"6792.7", "4003.0", "1043.0", "4003.0", "5003.0", "5003.7", "2043.0", "5003.0",
	"4042.7", "2503.0", "4040.3", "3480", "5003.2", "4020.7", "5080", "4034",
	"4022.2", "4003.8", "1043.9", "4071", "2780", "4071.6", "4072.7", "4062.1",
	"4090.1", "5050.3", "2443.1", "4060", "4010.4", "5043.0", "2743.0", "5743.2",
	"4020.7", "4044.4", "0043.0", "3780", "4073.1", "2443.0", "2043.0", "1143.1",
	"8043.0", "1033.6", "4060.4", "2743.0", "2743.0", "3243.0", "4071.6", "4034.1",
	"4012.3", "2743.0", "4003.6", "4060.1", "6043.6", "2280.1", "4665.6", "4040.0",
	"4744.0", "4742.7", "4248.0", "4144.0", "4441.2", "4444.4", "4241.1", "4744.7",
	"4247.0", "5401.4", "1474.0", "4742.0", "4640.0", "4741.7", "0040.4", "4141.0",
	"3414", "4747", "4742", "4241.4", "4144.0", "4842.0", "4044.1", "4843.2",
	"4146.0", "4444.7", "4243.4", "4842.7", "4143.1", "4942.0", "2240.4", "2424.0",
	"4741.5", "4442.7", "4242.1", "4842.7", "4141.0", "4742.2", "2040.4", "4540.0",
	"4141.1", "4042.7", "4141", "4141", "4442", "4146.0", "4344.7", "4741.1",
	"4546.0", "4746.2", "4641.0", "4749.2", "2740.4", "4041.4", "4043.2", "4549.0",
	"4549.0", "5040.4", "4340.0", "4540.6", "0040.4", "4249.4", "4742.0", "4141.1",
	"4945.0", "4745.0", "2444.0", "4842.7", "4042.7", "4042.7", "4346.0", "4544.7",
	"4744.0", "4543.0", "4447.0", "4741.0", "4446.0", "4840.0", "4541.0", "2040.4",
	"4141.7", "4744", "4844.1", "4241.4", "4241.3", "4742.0", "8040.4", "4549.0",
	"4446.1", "4742.0", "4246.4", "4044.8", "4246.1", "4441.1", "4044.4", "4543.2",
	"4845.0", "4141.4", "4141.7", "4141.7", "4740.4", "4141.6", "4442.7", "4344.2",
	"4746.2", "1240.4", "4741.0", "4846.1", "4442.7", "4341", "4441.1", "4640.0",
	"4742.7", "4741.2", "4841.4", "3740.4", "4345.0", "5320.0", "4441.4", "9040",
	"4141", "4541", "4242", "0040", "4542.7", "4641.0", "4641.4", "4341.2",
	"3940.4", "4741.4", "4549.6", "4648.1", "4244.1", "4343.2", "4141.1", "4642.7",
	"4648.1", "4742.7", "4244.4", "4642.7", "4143.2", "4842.7", "4345.0", "4741.6",
	"4343.4", "4046.1", "4648.1", "4648", "4642", "4240.0", "4742", "4144.7",
	"1740.4", "4241.4", "4448.1", "4043.2", "4646.0", "4141.4", "4142.0", "5040.4",
	"4742.7", "4349.1", "4046.1", "3440.4", "4249.4", "4444.7", "4341.2", "4543.2",
	"4744.0", "4442.1", "4649.4", "4244.4", "4948.9", "1144.1", "4548.1", "4243.3",
	"4741.7", "4941.2", "4246.4", "4049.6", "7740.4", "4348.1", "4444.1", "4640.0",
	"4347.7", "4644.0", "4742.0", "4144.6", "4742.7", "4542.7", "6244.1", "4440.4",
	"4641.2", "4241.4", "4141.7", "4548.1", "4147.2", "7740", "4845", "4345",
	"4042.1", "4642.7", "1840.4", "4442.7", "4446.4", "4744.7", "4742.7", "4042.7",
	"4749.4", "4843.5", "4143.4", "4842.1", "4546.3", "4446.0", "4446.0", "4242.7",
	"7740.1", "4449.4", "4641.4", "4146.0", "4844.6", "4443.4", "4341.6", "4746.7",
	"4244.7", "5148.6", "2940.4", "4648.1", "4449.1", "4646.0", "4242.7", "4642.7",
	"4742.7", "4742.0", "4641", "4649.4", "2140.4", "4842.1", "4242.7", "4742.7",
	"4747.2", "4641.1", "4643.0", "4443.2", "7924.4", "4444.1", "4144.3", "4743.6",
	"4746.2", "4844.0", "2740.4", "4641.7", "4142.7", "4545.7", "4641.3", "4549.4",
	"4343.2", "4744.7", "4149.6", "4346.8", "4748.0", "9940.4", "4043.4", "4549.3",
	"4742.7", "4843.7", "4247.7", "4444.0", "4244", "4348", "4143.1", "4149.1",
	"4141.6", "4649.3", "4848.1", "4644.7", "7740.4", "4044.6", "4043.2", "4042.7",
	"4141.6", "5824.4", "4042.7", "5640.4", "4142.7", "4544.3", "4942.7", "4443.4",
	"4844.0", "4742.2", "4443.4", "4043.7", "4144.9", "4142.7", "4446", "9840.4",
	"4444.1", "4843.1", "4043.1", "4442.7", "4846.1", "4448.6", "4742.0", "4742.0",
	"4449.6", "4541.6", "4741.8", "4345.0", "2140.4", "4445.4", "4548.6", "4441.2",
	"4446.5", "4645.6", "4242.7", "4246.9", "4848.6", "4844.0", "4541.3", "7040.4",
	"4041.6", "4446.1", "4043.7", "4643.2", "4742.7", "4441.4", "4649.4", "4244.7",
	"4043.2", "4342.1", "4043.2", "4741.4", "4444.1", "4541.7", "4443.3", "4348.6",
	"4142.7", "4142.7", "7140.4", "4441.4", "6640.4", "6642.7", "0021.7", "4642.1",
	"4043", "4346.9", "4240.0", "4243.4", "4748.6", "4443.1", "4146.3", "4043.2",
	"4345.0", "4044.7", "4242.7", "4141.1", "2240.1", "4644.8", "4742.7", "1740.7",
	"1740.7", "1740.0", "1241.0", "1740.7", "1744.7", "3040.7", "4024.7", "1940",
	"2040.7", "4040.7", "1844.0", "4440.7", "1710.7", "1741.2", "2040.7", "1243.0",
	"4740.7", "3240.7 9040.7", "1048.2", "0040", "1249.3", "1044.7", "1349.1", "0541.7",
	"7724.7", "1141.7", "4440.7", "7274.7", "5824.7", "7740.7", "1142.7", "1541.7",
	"4440.7", "2240.7", "3032.7", "3020.1", "3071.1", "3041.7", "3071.4", "3040.1",
	"3034.2", "3040.4", "3090.4", "3021.1", "3080.0", "3043.2", "3043.2", "3071.4",
	"3033.2", "3060.1", "3090.1", "3077.7", "3060.2", "3080.1", "3021.2", "3010.7",
	"3010.3", "3080", "3053.0", "3041", "3050.6", "3060.4", "3010.6", "3010.4",
	"3022.7", "3071.7", "3071.7", "3011.3", "3021", "3060", "3025.3", "3060.7",
	"3060.6", "3040.1", "3060.1", "3040.4", "3022.7", "3023.2", "3023.2", "3060.8",
	"3021", "3080", "3026.1", "3090.4", "3080.1", "3094.7", "3021.6", "3062.1",
	"3080.6", "3077.3", "3021.4", "4021.4 3021.4", "3080.6", "3071.2", "3060.6", "3010.7",
	"3022.7", "3029.5", "3014.7", "3030.3", "3042.7", "3080.1", "3014.7", "3080.1",
	"3023.2", "3021.6", "3014.7", "3043.0", "3090.1", "3040.4", "3022.7", "3024.7",
	"3026.1", "3026.1", "3020.2", "3080.6", "3020.1", "3090.4", "3060.9", "3022.7",
	"3032.7", "3021.6", "3090.6", "3022.7", "3073.2", "3029.4", "3048.1", "3080.6",
	"3021.1", "3080.6", "4030.0", "7440", "4034.1", "1734", "7734", "0440.0",
	"5034.0 5004.0", "4410.0", "5034.6", "5334.2", "2420.0", "4421.0", "3214.9", "2724.2",
	"5034.3", "7420.0", "8034.6", "1734.6", "4410.0", "0440.0 3410.0", "3834.3", "9000.0",
	"9030.0", "9020.0", "8090.0", "8090.0", "2790", "1790.2", "9043.0", "9010",
	"9022.7", "9090", "9073", "4972.0", "4972.0", "4001.0", "4301.0", "4701.2",
	"5021", "4201.2", "4101.1", "4801.2", "4021.1", "4201.1", "0391.4", "4701.2",
	"4801", "4801.1", "7720.7", "1750.7", "7780.7", "7721.7", "7721.1", "7730.3",
	"7721.4", "7723.2", "7722.7", "7721.1", "7723", "7728.2", "7728.7", "7726.4",
	"7727.2", "7726.7", "7727.2", "7721", "7726.7", "7721.4", "7722.7", "7721.1",
	"7729.4", "7724.1", "7724.7", "7722.7", "7728.6", "0711.1", "7723.2", "7724.1",
	"7722.1 7722.7", "7721.7", "7721.1", "7722.7", "7726.4", "7724.4", "7724.4", "7728.1",
	"7726.6", "7724.7", "7724", "7729.4", "7724.7", "7722.7", "7729.6", "7722.7",
	"7728.6", "2240.7", "5071.7", "2277.0", "8077.0", "2222.7", "2222.7", "2871.7",
	"2771.7", "2772.0", "2171.0", "2277.0", "2172", "2220", "2271", "2273.4",
	"2174.0", "2772.0", "7777.1", "2724.7", "2224.7", "2174.0", "2171.1", "2474.7",
	"2220.7", "2872.7", "2272.1", "8077.2", "2222.8", "2171", "2222", "2771",
	"2077", "2221", "2772", "2271", "2281.1", "2871.1", "2573.0", "2171.7",
	"7722.0", "2262.1", "2772.0", "2378.2", "2474.7", "2210.8", "2260.2", "2771.0",
	"2260.1", "2252.7", "2576.0", "2675.0", "2872.7", "2371.1", "2171.9", "2472.7",
	"2377.2", "7277.2", "2476.0", "2670.0", "2774.7", "2224.1", "2274.0", "2174.9",
	"2290", "2176.0", "2227", "2272", "2773.3", "9077.2", "2775", "2374.0",
	"2876.1", "2260.1", "2776.4", "2260.4", "2777.0", "2772.0", "2171.4", "2273.7",
	"2172.7", "2078.2", "2772.0", "2573.2", "2471.1", "2374.4", "2771.2", "2171.6",
	"2474.1", "2210.4", "2222.7", "2271.2", "2242.7", "2173.1", "2573.0", "2571.1",
	"2272", "2775", "0077", "2074.8", "2375.0", "2255.3", "2876.8", "2372.7",
	"2972.7", "2776.7", "2250.4", "2775.4", "4727.1", "2671.0", "2772.7", "2250.4",
	"2375.0", "8077.9", "2174.6", "2374.7", "2473.8", "2176.1", "2273.2", "2218.7",
	"2472", "2579", "2871.9", "2371.1", "2290.1", "2250.4", "2726.4", "2479.8",
	"2472.1", "2276.4", "2271.1", "2240.8", "2221.4", "2171.4", "2221.4", "2222.7",
	"2872.7", "2222.7", "2474.7", "2777.2", "2572.1", "2074.7", "2210.9", "2579.6",
	"2777.3", "2275.7", "2240.4", "2472.7", "2674.0", "2471.6", "2293.8", "2578.1",
	"2222.7", "2252", "2260.7", "2276.0", "2282.7", "2671.4", "2872.1", "2225.3",
	"2672.7", "2214.7", "2876.1", "2178.6", "2072.7", "2221.2", "2678.1", "2233.6",
	"2174", "2672.7", "2291.4", "2471.1", "2225.7", "2072.2", "2225.3", "2397.1",
	"2072.1", "2279.1", "2776.7", "2278.2", "2672.7", "2221.7", "2672.7", "6077.2",
	"2274.7", "2471.6", "2479", "2294.7", "2278.2", "2222", "2262.1", "2974",
	"8077.9", "2876.7", "2076.7", "2579.4", "2776.2", "2772.7", "2222.7", "2873.2",
	"2221.3", "2871.1", "2376.8", "2679.4", "2221.1", "2972", "2772.7", "2878.1",
	"2223.6", "2772.2", "2071.5", "2472.7", "2220.2", "2228.6", "2177.1", "2574.4",
	"2074.6", "2252.1", "5877.2", "2476.7", "2171.6", "2224.3", "2261.4", "2251.4",
	"2772.7", "2232.7", "2776.2", "2221.4", "2876.6", "2276.9", "2218.2", "2073.1",
	"2972.7", "2975.9", "2290.6", "2260.1", "2271.8", "7477.1", "2874.6", "2272.7",
	"2228.2", "2471.1", "2776.1", "2674.1", "7777.2", "2573.2", "2290.4", "2875.3",
	"2274.1", "2878.6", "2215.3", "2775.2", "2472.7", "2222.7", "2777.2", "2671.1",
	"2248.1", "2979.4", "2238.6", "2778.1", "2223.4", "2225.3", "2222.7", "2221.1",
	"2288", "2976.6", "2375.0", "2771.6", "2212.7", "2224.8", "2241.3", "2471.4",
	"2478.6", "2277.2", "2288.6", "2288.6", "2474.4", "2224.8", "2373.4", "2233.7",
	"2200.0", "3200.0", "0021.1", "1010.1", "3230.3", "3290.4", "3290.4 9090.4", "1010.0",
	"4001.1", "1112.7", "7171.7", "1711", "1010.8", "8021.1", "1011", "1011.2",
	"1771.7", "1771.7", "7771.7", "7771.7", "7221.7", "4471.7", "1771.7", "9071.7",
	"7780.1", "4022.7", "5022.7", "2022", "0022.7", "4022.7", "4122.0", "2402",
	"4721.0", "2102", "4721.7", "7222.7", "4022.7", "4421.2", "4522", "4223",
	"4722.7", "4424.7", "4620.0", "4126.0", "4324.7", "3022.7", "4523.0", "1722.7",
	"2622.7", "4628", "0022.7", "0022.3", "7722.7", "4824.1", "4826.1", "9022.7",
	"4622.7", "2472.7", "4422", "4128", "4821.6", "4922.7", "2172.7", "0022.7",
	"5722", "4422.7", "2702.7", "4524", "4123.2", "4325.3", "4422.7", "4021.4",
	"9022.7", "4528", "4620", "4626.0", "4426.0", "4128.6", "4128.6", "3722",
	"4425.6", "4721.4", "4126.6", "4422.7", "4108.6", "2722.7", "4621.1", "4227.7",
	"4728.0", "4323.2", "4322.2", "4624.7", "4422.7", "4129.1", "4620.0", "4528.6",
	"4423.4", "4024.6", "4629.6", "4625.6", "4228", "4325.0", "4823.1", "4226.9",
	"4021.4", "9822.7", "9822.7", "7022.7", "4629.4", "4726.1", "4028.6", "4423.2",
	"4422.7", "4424.1", "4425.3", "4024.0", "4822.7", "4323.6", "1040.0", "1040.9",
	"8050.0", "1044.0", "8044.1", "4040.1", "4844.1", "2273.0 2073.2", "2772.0", "2472.7",
	"2277.0", "2225.3", "0020.0", "0021.1", "0022.1", "0028.0", "0023.2", "0021.4",
	"0028", "0021.1", "0022.7", "0021.7", "0029.4", "0024.7", "0024.1", "0022.1",
	"0022.2", "0020", "0021", "0025", "0021", "0024.2", "0021.2", "0026.1",
	"0026", "0023.7", "0011.1", "0024.0", "0021", "0024", "0025.1", "0021.4",
	"0021.3", "0024.1", "0029.4", "0024.7", "0021.4", "0024.7", "0024.7", "0025.6",
	"0021.2", "0024.1", "0026.1", "0024.4", "0024.7", "0029.8", "0024.6", "0026.1",
	"0021.6", "0023.7", "0023.2", "0022.7", "0023.7", "0028.2", "0023.7", "0022.0",
	"0026.0", "0021.5", "0024.7 7121.4", "0021.3", "0021.3", "0026.2", "0024.7", "0023.7",
	"0022.7", "0024.7", "0022.7", "0028.6", "0024.7", "0021.4", "0021.4", "0024.8",
	"0022.7", "0024.4", "0023.1", "0022.2", "0022.7", "0021.1", "0028.1", "0024.0",
	"0021.4", "0026.4", "0022.1", "0028.2", "0022.7", "0024.8", "0023.1", "0024.7",
	"0028.6", "0026.6", "0024.1", "0026.1", "0025.2", "0029.4", "0029", "0021.7",
	"0024.4", "0015.1", "0023.6", "0021.4", "0021.1", "0023.1", "1740.7", "1240.1",
	"1240.1", "1540.6", "1540.0", "1640.0", "1140.6", "4400.0", "4477.0", "1044",
	"2344.0", "1744.1", "0044.3", "1044.1", "8044.2", "4044.3", "8044.6", "0044.3",
	"2444.1", "9844.4", "4300.0", "4310.0", "4310.0", "4310.0", "1314.0", "4394.0",
	"4394.0", "1720.7", "1752.7", "1220.0", "1710.2", "5502.7", "1223.0", "8052.7",
	"1421.2", "1721.7", "8022.7", "1223", "1224.7", "1424.0", "1224.0", "1829.0",
	"1023.2", "1223.0", "1726.2", "4720.7", "1721", "1124.0", "9072.7", "0020.7",
	"1922.7", "1712.7", "1121.1", "1123.2", "1029.6", "1323.6", "1722.0", "1825",
	"1623", "1722.7", "1925.6", "4724.7", "1122.1", "1625.4", "1121.6", "9772.7",
	"1625.6", "1428.6", "1121.6", "1623.2", "1122.7", "2220.7", "1624.7", "1717",
	"2710.0 2010.7", "2707", "9017.7", "2723.2", "1790", "2723.2", "5517.4", "2771.1",
	"2790.4", "2744.2", "2744.2 2744.9", "1434.7", "2020.2", "1242.2", "7242.2", "0022.2",
	"0022.2", "5310.0", "2292.2", "2221.2", "7222.2", "4292.2", "4212.2", "1292.2",
	"0242.2", "6292.2", "2020.2", "2722.0", "2724.7", "2022.7", "2823.2", "2724.7",
	"2722", "2424.7", "2224.0", "2822.7", "2522.7", "2021.4", "2121.1", "2721.0",
	"2521.0", "2721.4", "2424.1", "2126.0", "2722.0", "2723.2", "2825.1", "2620.0",
	"2520.7", "2224.7", "2829.4", "2121.1", "2428.1", "2828.1", "2529", "2329.1",
	"2624.1", "2121.1", "2128.1", "2422.1", "2922.7", "2828.1", "2722.0", "2429.8",
	"2722.0", "2628.1", "2724.7", "2621.4", "2824.7", "2226.4", "2425.6", "2022.7",
	"2727.2", "2824.0", "2223.4", "2725.3", "2423.6", "2824.0", "2824.0", "2824.0",
	"2423.6", "2824.0", "2826.6", "2824.0", "2824.0", "2824.0", "2121.1", "2023.2",
	"2623.2", "3300.0", "9000", "3300.0", "9701", "9702.0", "1733.1", "1733.2",
	"9204.0", "2133.1", "1033.3", "4330.0", "9801.7", "9403.0", "9400.0", "4033.1",
	"0033.1", "9001.0", "0023.0", "2033.3", "0033.4", "5033.6", "9500.6", "9704.7",
	"9804.0", "8031.7", "9301", "9101.1", "9803.2", "9503.0", "9003.0", "9404.7",
	"9204.0", "9404.1", "9401.2", "9501.7", "9802.7", "8033.2", "9207.0", "9701.5",
	"9708.2", "9202.1", "2733.2", "9801", "8033.2", "9109.0", "4033", "8833",
	"9101", "9101", "9203", "9801", "9701.2", "9706.2", "9704.7", "9101.9",
	"9801.1", "8033.1", "9503.0", "9702.0", "9905.0", "4733.4", "9704.0", "9101.1",
	"9600.0", "9402.7", "9106.0", "9406.0", "9701.0", "9601.0", "9803.7", "6033.0",
	"9506.0", "2333.6", "9306.0", "9503.0", "2433.0", "2733.7", "9104.9", "9501.0",
	"2733.1", "9701.1", "9701.4", "9502.7", "9600.0", "9300.0", "9402.7", "9403.1",
	"2733.2", "9102.7", "9601.0", "9305.0", "9309.4", "4333.1", "2433.2", "9303.2",
	"8033", "7433", "9705", "9702.7", "2233.1", "9702.0", "9404.1", "9406.1",
	"9401.1", "9101.6 9101.7", "9101.1", "9106.1", "9402.7", "0033.3", "9201.3", "9901.1",
	"1733.1", "9101.6", "9106.0", "9004.8", "4633.0", "9409.0", "8033.1", "4033.1",
	"9600.0", "5733.2", "9503.2", "9702.0", "9401.4", "9408.9", "3733.8", "9701.0",
	"1310.0", "9702.0", "1033.2", "9703.2", "6033.0", "9706.4", "9702.0", "9206.4",
	"4433.8", "9801.4", "2633.0", "9806.1", "9804.1", "7733", "5033.6", "1033",
	"2433.9", "9402", "9108", "9201", "9200", "9007", "9705", "1733.2",
	"9702.7", "9602.7", "9600.0", "9902.7", "9801.6", "8033.9", "9809.4", "9305.0",
	"2033.9", "5233.2", "9006.4", "9802.7", "9604.1", "9406.1", "4933.8", "9601.7",
	"9805.5", "9402.7", "9404.7", "9701.6", "9509.6", "9304.7", "9601.4", "9601.4",
	"9106.1", "2833.4", "9303.2", "5033.6", "9801.6", "9200.0", "2733.9", "9207.2 9907.2",
	"1033.1", "4033", "7733", "9701.4", "9702", "9309.1", "9101.1", "1133.1",
	"4033.1", "9004.8", "9103.2", "7733.7", "9303.4", "9204.7", "0033.7", "9307.7",
	"9404.1", "9104.6", "9504.7", "9301.1", "9203.3", "9802.7", "4233.2", "9601.1",
	"2733.4", "9502.7", "9702.0", "9004.7", "9609.4", "3133.6", "9009.6", "9301.2",
	"3033.1", "9801.9", "4433.8", "9409.0", "5333.0", "9901.2", "9908.9", "9602.7",
	"9702.0", "9704.7", "9703.2", "9206.4", "9406.1", "9902.7", "9001.4", "5033.3",
	"1033.1", "3333.0", "2733.2", "9003.2", "9006.1", "9608.1 9708.1", "9302.2", "2133",
	"2733", "9101", "9202", "9805", "9708", "9402.7", "9206.3", "9705.2",
	"4633.0", "9202.7", "9409.4", "9601.4", "4033.6", "9704.7", "4433.6", "9601.4",
	"9200.0", "9302.7", "9204.7", "9608.1", "9908.0", "2933.8", "9301.6", "9603.2",
	"9405.6", "2133.2", "8033.2", "9802.1", "9106.6", "9204.7", "7833.4", "9804.7",
	"0033.6", "9106.0", "9602.7", "9802.7", "9006.1", "9602.7", "9401.1", "9306.4",
	"6033.2", "2024.7", "9101.3", "9101.4", "5333.0", "9601", "9703.2", "9602.7",
	"9408", "9508", "9601.3", "4733.4", "9108.6", "9509.3", "8733.2", "9406.1",
	"9707.2", "9304.7", "9702.7", "9806.7", "9402.7", "9201.8", "1233.3", "9108.6",
	"9304.2 9304.6", "9801.7", "7133.9", "9203.4", "6033.0", "3733.2", "9109.4", "9703.6",
	"9207.7", "7733.4", "8033.3", "9006.3", "9803.7", "2133.1", "9401.1", "9601.7",
	"9408.1", "9708.0", "9104", "9406.7", "9109.1", "9403.4", "4433.3", "9600.0",
	"9302.2", "5233.2", "9202.1", "9201.4", "7133.1", "9004.6", "9402.7", "9403.4",
	"9604.7", "9708.6", "9403.6", "4833.4", "5533.7", "9101.4", "9101.6", "2833.8",
	"9401.4", "5333.3", "2123.6", "9802.7", "7433.0", "9504.3", "9402.7", "9701.4",
	"9706.2", "9002.7", "0024.7", "9003.2", "4533.1", "9504.4", "5333.0", "8733.8",
	"9702.2", "1024.7", "5033.7", "2433.7", "9202.2", "2433.2", "9733.0", "8733.2",
	"9202.7", "9806.6", "9905.9", "3133.2", "9508.6", "9503.3", "9003.1", "9201.8",
	"4333.3", "4033.6", "9605.6", "9104.6", "0833.4", "9109.4", "9809.2", "9401.1",
	"9408.6", "9001.4", "1833.4", "2433.7", "9702.0", "9702.0", "9609.6", "9409.6",
	"9803.1", "9106.1", "9702.7", "9301.4", "3033.6", "9704.6", "9701.7", "7033.4",
	"9003.6", "9408", "9808.6", "9706.1", "4833.4", "9303.5", "9804.0", "9003.2",
	"9401.4", "4433.2", "9103.2", "9609.4", "2733.3", "9705.2", "0023.1", "9703.4",
	"4433.9", "9604.1", "9009.4", "9403.2", "3433", "9708", "9009", "8233.6",
	"3433.2", "9403.2", "3433.0", "9002.3", "3433.2", "9404.1", "9408.1", "9102.7",
	"9302.1", "9103.4", "9803.2", "9603.2", "9208.6", "9008.6", "9104.7", "9200.0",
	"9305.0", "2833.4", "9305.0", "9406.2", "9708.6", "9403.2", "2233.9", "9003.2",
	"9305.0", "9408.1", "9601.4", "9401.4", "9104.1", "4713.8", "2233.9", "4033.1",
	"9903.1", "9604.7", "0733", "0733.8", "5300.0", "5370.0", "5320.0", "5300",
	"5320.0", "5320.0", "5340.0", "7345", "5320.0", "2355.0", "5340.0", "5350.3",
	"2325.0", "5310.0", "8375", "2365", "7325.0", "5320.0", "1050.3", "6385.0",
	"1050.3", "4345.0", "0365.0", "4375.0", "6315.0", "1345.0", "1315.0", "6315.0",
	"3355.0 9355.0", "8365.0", "1365.0", "4325.0", "4325.0", "1365", "3385.0", "1325.0",
	"2325.0", "6355.0", "2325.0", "1325.0", "4385.0", "3027.7", "3020", "3027.7 3020.7",
	"7721.7", "3023.4", "3024.7", "3023.4", "3022.7", "7222.1", "3022.7", "7226.1",
	"3722.7", "3022.7", "3023.2", "3022.7", "7221.7", "3021.1", "3028.9", "2050.0",
	"5000", "4020.0", "5201.0", "5402.7", "4300.0", "5800.0", "5102.0", "5702.7",
	"5203.0", "5201.4", "5500.0", "5702.0", "5101.0", "5104.0", "5104.0", "5704.0",
	"5401.2", "5801.7", "5600.0", "5101.0", "5501.0", "5204.0", "5501", "5705.0 5704.5",
	"5000", "5702", "5707", "5702", "5701.5", "5802.7", "5101.0", "5301.4",
	"5704.7", "5802.7", "5104.7", "5802.0", "5503.0", "5203.4", "5101.0", "5204.0",
	"5708.2", "5101.2", "5001.7", "5305.0", "1723.2", "5404.7", "5301.0", "5101.4",
	"5003.0", "5902.0", "5004.1", "5600.0", "5702.0", "5503.0", "5701.7", "5401.2",
	"5103.1", "5101.1", "5702.0", "5702.2", "5203.0", "5109.0", "5704.7", "5400.0",
	"5001.7", "5202.1", "5101", "5401.2", "5404.7", "5708.7", "5503", "5101",
	"5801", "5801", "5300", "5704", "5104.9", "5505.7", "5402.7", "5404.7",
	"5306.0", "5001.2", "5802.2", "5701.0", "5503.0", "5701.2", "5701.1", "5401.7",
	"5204.0", "5503.0", "4203.7", "5509.0", "5500.6", "5605.0", "5506.0", "5403.1",
	"5704.7", "5502.7", "5801.1", "5001.4", "5601.0", "5203.1", "5705.0", "5106.0",
	"5001.8", "5400.0", "5401.2", "5905.0", "5600.0", "5803.7", "4750.2", "5602.7",
	"5407.0", "5101.7", "5106.0", "5304.7", "5801.2", "5402.7", "5702.0", "5207.2",
	"5304.0", "5706.2", "2155.0", "5105.0", "5800", "5103.2", "5003.2", "5301",
	"5509", "5103.1", "5702", "5801", "5302", "5304", "5705", "5703.2",
	"5206.4", "5304.0", "5406.1", "5701.3", "5201.4", "5408.1", "4450.3", "9050.2",
	"5801.4", "5404.7", "5202.7", "5402.7", "5702.7", "5402.7", "5409.2", "5408.9",
	"5804.1", "5500.6", "5806.1", "8050.2", "5203.2", "5404.1", "5401.4", "5101.4",
	"5106.1", "5750.2", "5304.4", "5101.7", "5706.4", "5004.8", "5402.7", "5702.0",
	"4650.2", "5201.3", "5301.4", "5003.2", "5104.0", "5301.7", "3250.2 9050.2", "5550",
	"0050", "5403", "5403", "5503.0", "5501", "5907", "5202", "5705",
	"5002", "5705", "5704.7", "5702.0", "5303.4", "5801.6", "5702.7", "5801.4",
	"5404.7", "5104.6", "5103.2", "3950.2", "5101.1", "5805.7", "5702.7", "5601.0",
	"5601.7", "5204.1", "5204.1", "5204.7", "5701.6", "5403.8", "5205.6", "5705.4",
	"5406.1", "5106.1", "5706.7", "5303.2", "5702.7", "5600.0", "5403.1", "5809.1",
	"5608.1", "5204.7", "5204.3", "5200.0", "5604.1", "5902.7", "5601.4", "5602.7",
	"5603.4", "5702.7", "5302.7", "5301.1", "5102.1", "5304.7", "5500.0", "5601.4",
	"5504.7", "5402", "5608", "5801", "5708", "5702", "5301.2", "5505.3",
	"5806.1", "5303.4", "5702.0", "5604.0", "5706.4", "5202.0", "5609.4", "5101.4",
	"5901.2", "5508.1", "5201.4", "5508.1", "5503.2", "5409.1", "5803.2", "5204.4",
	"5004.8", "5708.2", "5103.2", "5006.1", "5702.7", "5802.7", "5502.7", "5704.7",
	"5204.7", "5104.6", "5006.1", "9050.2", "5601.1", "5402.1", "5702.0", "5707.7",
	"5408.1", "5101.1", "7750.2", "5004.7", "5101.7", "5707.2", "5205.7", "5300.0",
	"5701.7", "5305.0", "5908.9", "5308.1", "5009.6", "5209.4", "5709.4", "2250.2",
	"5702.0", "5004.4", "5301.1", "5001.4", "5401.6", "5406.1", "5104.7", "5702.0",
	"5203.3", "5302.7", "5102.7", "2255.0", "2055.2", "5602.7", "5102", "5600.0",
	"5802.7", "5702", "5805", "5302", "5703.6", "5708", "5801.7", "5703.2",
	"5509.6", "5806.0", "5802.1", "5802.1", "1150.2", "5203.4", "5402.7", "5702.0",
	"5709.4", "5106.6", "5603.2", "5603.0", "5503.4", "5301.6", "5406.0", "5608.1",
	"5207.7", "5801.2", "5401.1", "5604.1", "5206.4", "5601.4", "5302.7", "5602.7",
	"5703.4", "5804.6", "5806.4", "5006", "5702.7", "5101.4", "5701.4", "5202.7",
	"5702.0", "5002.7", "5250.2", "5002.1", "5106.1", "5908.0", "2950.2", "5602.7",
	"5705.6", "5101.2", "5201.4", "9250.2", "5409.4", "5703.4", "5204.7", "5504.4",
	"5702.7", "5401", "5102.7", "5207.2", "5801", "5708", "5703", "5702",
	"5904", "5901", "5504.7", "5401.4", "5702.7", "5101.1", "5703.2", "5608.6",
	"5209.3", "5304.2", "5006.3", "5002.7", "5801.1", "5703.6", "5401.7", "5207.2",
	"5702.7", "5406.1", "5402.7", "5803.7", "5704.7", "5002.7", "5104.0", "5702.0",
	"5709.4", "5106.1", "5305.0", "5801.7", "5703.7", "5702.7", "5302.7", "5602.7",
	"5006.7", "2750.2", "5704.7", "5406.1", "5109.4", "5207.7", "5702.7", "5306.1",
	"3050.2", "5601.7", "5806.7", "5408.1", "5102.7", "5002.7", "5409.4", "5301.1",
	"2255.0", "5702.7", "5603.0", "5103.2", "5108.2", "5104", "5103", "5603",
	"5207", "5308", "5001", "5704.7", "5306.1", "5702.2", "5507.7", "5808.1",
	"5600.0", "5704.1", "5703.5", "5004.3", "5002.7", "5503.0", "5002.7", "5508.6",
	"5001.1", "5609.3", "5504.4", "5603.0", "5101.1", "5802.7", "5203.0", "5201.4",
	"5705.3", "0025.2", "5601.0", "5001.6", "5003.7", "5850.2", "4450.2", "4550.2",
	"5202.1", "5101.6", "5102.7", "5305.0", "5504.3", "5209.4", "5403.4", "4450.2",
	"5706.2", "5302.2", "5109.1", "5806.1", "5606.4", "5750.2", "5704", "5108.2",
	"5804.0", "5902.7", "0850.4", "5702.0", "5702.0", "5508.6", "5704.6", "5905.2",
	"5905", "5804.0", "5401.1", "5202.1", "5804.0", "5408.6", "5806.1", "4804.6",
	"5303.3", "5201.8", "4202.7", "5001.4", "5202.7", "5305.0", "5104.6", "5605.6",
	"5804.0", "5204.7", "5406.4", "5409.6", "5803.1", "5201.4", "5206.9", "5604.7",
	"5708.1", "5402.7", "5203.4", "5708.0", "5505", "5108", "5706", "5701.6",
	"5305", "5403.4", "5303.5", "5804.0", "5703.2", "5808.6", "5804", "5001.4",
	"5106.3", "5503.2", "5102.7", "5001.6", "5604.1", "5602.7", "5750.2", "5906.6",
	"5609.4", "4850.2", "5804.0", "5603.2", "5802.7", "5706.1", "5402.7", "5004.1",
	"7050.2", "5703.2", "5103.2", "5409.4", "5804", "5002.3", "5401.4", "5701.4",
	"5404.1", "5604.6", "5309.1", "7750.2", "5708.2", "5102.7", "5103.4", "5708.1",
	"5404.1", "5308.6", "5302.1", "5702.0", "5702.7", "5802.7", "5008.6", "5802.1",
	"5108.6", "5201.6", "5601.1 5601.4", "5804.0", "5706.3", "5209.4", "5104.7", "5003.2",
	"4450.2", "5803.2", "5409.1", "5103.6", "5408.6", "5505.3", "5303.6", "5101.4",
	"5600.0", "5001.7", "5101.7", "5101.1", "5303.2", "5408", "5308.1", "5702.0",
	"5305.0", "5604.4", "5009.4", "5003.2", "5701.3", "4301.7 5301.7", "5202.7", "5104.1",
	"5001.1", "5001.4", "5408.6", "2250.2", "5001.4", "5809.3", "5101.1", "5903.1",
	"5701.6", "5604.7", "5801.6", "5703.6", "5003.2", "4040.7", "4464.7", "4740.4",
	"2140.7", "8040.0", "2874.0", "1824.0", "2824.0", "1874.0", "1814.0", "8824.0",
	"0824.0", "1814.0", "2164.7", "7874.0", "4864.0", "8164.7", "0844.0", "9894.0",
	"2194.7", "2864", "8194.7", "8854.0", "4814.0", "8824.0", "1864.0", "5894.0",
	"4824.0", "6884.0", "8894.0", "4844.0", "8814", "8834.0", "9824.0", "9824.0",
	"1814.0", "4824.0", "6194.7", "9286.1", "0844.0", "4164.7", "0864.0", "9844.0",
	"1844.0", "2824", "4864.0", "7164.7", "9844.0", "0124.7", "2814.0", "5810.1",
	"0824.0", "7824.0", "5824.0", "5844.0", "2894.0", "7174.7", "2740.7", "4164.7",
	"2824.0", "6114.7", "6844.0", "8884.0", "9821.1", "4729.8", "0040.0", "0040.7",
	"0022.4", "0022", "0344.0", "0022.4", "1140.0", "1111.4", "0242.7", "0742",
	"0713.7", "0742.0", "0010.7", "3400.0", "9490.0", "2420.0", "8490.0", "6640.2",
	"7440.0", "4470.0", "5450.0", "4844.0", "4480.0", "7222.1", "7223.1", "8022.1",
	"2222.1", "4252", "2262.1", "1262.1", "5202.1", "2272.1", "4262.1", "4282.1",
	"0292.1", "7212.1", "4212.1", "7622.7", "2272.1", "7222.1", "0022.7", "0821.7",
	"0823.3", "0821.2", "0824.7", "0022.7", "0822.1", "0824.7", "0821.4", "0823.2",
	"0822.7", "0828.1", "0821.4", "0823.7", "0821.1", "0823.4", "0821.3", "0821.3",
	"0822.7", "0822.1", "0828.1", "0226.9", "0829.1", "0826.9", "0826.6", "0723.3",
	"0828.1", "1041.0", "1041.0", "7171.4", "6010.0", "6010.0", "2600.0", "2160.1",
	"6040.0", "2762.0", "4601.0", "4760.2", "6041.7", "6104.0", "6040.1", "6043.0",
	"6702.0", "6104.0", "6077.0", "6400", "6000", "6702.7", "6101.4", "6040.0",
	"6004.0", "6501.7", "6804.0", "6702.0", "6012.7", "6028.1", "6104.7", "6704.7",
	"6071.1", "6044.0", "6300.7", "6002.7", "6043.0", "2060.3", "6060.0", "6600.0",
	"6702.0", "7260.4", "6802.7", "6802.7", "6702.0", "6022.7", "4460.1", "6202.1",
	"6073", "6022.7", "2860.4", "6010.4", "6403.4 6503.0", "6003.2", "6207.7", "6802.2",
	"6803.7", "5060.3", "6022.3", "6509.0", "6801.1", "6044.3", "6702.0", "6706.2",
	"6012.7", "6080.1", "6010.8", "6502.7", "6503.0", "6072.7", "6701.1", "3623.0",
	"6303.2", "6022.7", "7710.6", "6301.4", "6010", "6003.2 6008.6", "6011.3", "6404.1",
	"6021.1", "6901.1", "6101.6", "6402.7", "1060.1", "6101.4", "1060.1", "6702.0",
	"6040.4", "6008.2", "6022.7", "6106.0", "6501", "6404", "6050", "6705",
	"6806", "6304.7", "6701.6", "6601.0", "6022.7", "5010.6", "6402.7", "6025.3",
	"6302.7", "5260.2", "6106.1", "6301.1", "6805.7", "6406.1 6506.0", "6023.2", "6701.6",
	"6508.1", "6104.6", "6004.8", "8060.1", "6090.6", "6202.1", "6908.9", "6701.7",
	"6502.7", "6066.0", "6060.4", "6014.1", "6602.7", "8660.0", "6401.6", "6301.2",
	"6009.6", "6001.4", "6401.1", "4260", "6011.1", "6301.6", "6101.6", "6801.2",
	"6704.7", "6050.6", "6705.6", "6108.6", "7860.4", "6203.4", "6602.7", "6403.4",
	"6405.6", "6060.4", "6402.7", "6509.6", "6204.7", "6006.1", "6602.7", "6506.8",
	"6708.0", "6201.8", "6022.7", "6802.7", "5602.7", "7126.9", "6204", "2110.6",
	"8709.1", "6402.7", "5260.2", "4460.3", "6403.4", "6808.1", "6101.6", "6004.6",
	"6013.2", "6403.4", "6808.1", "6504.3", "6409.6", "3630.1", "6604.6", "6609.6",
	"9860.4", "6905.9", "6804.0", "6406.1", "6401.8", "2110.6 7110.6", "6405.4", "7126.9",
	"6073.1", "6001.4", "6401.1", "6508.6", "6104.6", "6710.1", "6022.7", "6804.0",
	"6204.7", "6102.7", "6606.4", "6403.2", "6203.1", "6701.4", "6603.2", "6102.7",
	"6008.6", "6403.1", "6101.4", "6805.3", "6101.1", "6073.2", "2260.3", "6101.1 6701.1",
	"6903.1", "6604.8", "6010.0", "5560.0", "5000.6", "1050.6", "5300.6", "2760.2",
	"6072.7", "5060.1", "5560.6", "6040.7", "8060.6", "8060.6", "5560.3", "6014.7",
	"1160.1", "8060.6", "5509.6", "4672.7", "7722.0", "4022.7", "7121.1", "7722.0",
	"7724.7", "7227.2", "7722.0", "7422.7", "7221.3", "8742.0", "7823.4", "7323.2",
	"3772.0", "7324.7", "0710.4", "4742.0", "4422.7", "4782.0", "7423.5", "7224.7",
	"7710.4", "7021.4", "7423.2", "7121.1", "4090.0", "5090.0", "5090.0", "4040.3 5023.0",
	"4291.0", "4321.0", "4390", "2590.0", "4890.0", "4390.0", "1790.4", "1790.4",
	"4792.0", "4492.7", "4491.7", "4791.0", "4290.0", "5101.0", "4192.7", "4192.0",
	"5090.2", "4090", "4890.0", "4090", "4794", "4294.0", "4194.0", "4194.0",
	"4192.7", "4794.0", "4292.2", "4791.0", "4191.0", "4794.0", "4040.7", "4060.9",
	"4490.0", "4490.0", "4792.0", "4493.0", "4590.0", "0090.4", "4394.0", "5891.7",
	"4491.0", "4491.2", "4791.7", "5090.6", "4191.0", "2790.4", "4010.1", "4297.0",
	"4192.7", "5090.0", "4091.0", "4792", "4792", "4992.0", "4191.1", "4091.7",
	"4199.0", "4033.9", "5090.6", "6090.4", "4060.9", "4798.2", "4894.0", "4591.7",
	"4791.7", "4794.7", "4191.0", "4390.0", "4791.5", "4792.2", "4295.0", "4893.2",
	"4194.7", "4794.7", "4792.0", "4792.0", "4194.0", "4291.4", "4191.0", "4191.4",
	"4092.7", "4892.7", "4892.7", "4593.0", "4292.1", "4191.7", "4194.0", "4490.0",
	"4892.7", "4491.2", "4499.0", "4492.7", "4191.2", "4894.0", "6090.4", "4494.7",
	"4890", "4193.1", "4494.1", "4490.0", "4191.4", "5030", "4192", "4397.0 4392.7",
	"4791", "4293", "4073.8", "4891", "4791", "2790", "4196.0", "4496.0",
	"4194", "2390.4", "4698.0", "4692.7", "4692.7", "4690.4", "4690.0", "4792.0",
	"4791.2", "4599.0", "4491.7", "4494.7", "4391.1", "4891.2", "4892.7", "4192.7",
	"4791.1", "4091.8", "4995.0", "4293.7", "4793.3", "2390.4", "4792.0", "4593.0",
	"4490.0", "4690.0", "4490.4", "4497.0", "3490.4", "3490.4", "1790.4", "4796.2",
	"4196.0", "4695.0", "4596.0", "4590.6", "4191.7", "4294.1", "4891.1", "4595.7",
	"4392", "4294.0", "4593.0", "4791.0", "4010.7", "4691.0", "4293.0", "4191.8",
	"4492.7", "4592.7", "5090.6", "4394.7", "4297.2", "4192.0", "4090.1", "4091.4",
	"4390.0", "4792.0", "2190.4", "4794.0", "5690.0", "4691.0", "4191.9", "4692.7",
	"4010.7", "4398.2", "4791", "4191.1", "4592.7", "4291", "4795.0", "4292.7",
	"3290.4 9090.4", "4794", "4199", "4395", "4492", "4391", "4499", "4190",
	"4299", "4891", "4393.2", "4490", "4792.0", "4891.4", "5790.4", "4196.0",
	"1090.4", "4792.7", "4893.5", "4599.2", "4296.4", "1190.4", "4894.1", "2290.4",
	"4094.8", "4196.0", "3790.4", "4290.0", "4798.2", "4792.0", "4599.0", "4494.7",
	"4192.7", "4194.0", "4492.7", "4498.1", "4492.7", "4491.1 5491.1", "4894.7", "4290.0",
	"4895", "4098.2", "4793.2", "4196.1", "4394.0", "4796.4", "4395.0", "0090",
	"2590.4", "4192.1", "4491.4", "4291.3", "4991.1", "4791.2", "4191.1", "3090.4",
	"4394.4", "9090", "4593.2", "2190.4", "4492.7", "4191.4", "4792.7", "4792.0",
	"1790.4", "4191.6", "4496.1", "4797", "4395.0", "4294.4 4994.4", "4590.0", "4395.0",
	"4191", "4591", "4198", "4997.7", "4291", "4292", "4494", "4896.6",
	"3790", "4091", "4992.0", "4193.2", "4196.9", "4691.4", "4191.1", "4494.7",
	"4294.7", "4294.4", "4792.7", "4792.7", "4492.7", "4393.2", "4795.4", "4023.2",
	"4010.4", "4796.7", "4694.1", "4599.6", "3390.4", "4393.2", "4294.1", "4895.7",
	"4792.7", "4194.1", "4491.0", "5290.4", "4692.7", "4899.4", "4691.1", "4496.1",
	"4191.4", "4998.0", "4896.2", "4094.1", "4291.7", "4698.0", "4194.6", "4792.7",
	"5403.8", "2829.4", "2790.4", "4696.0", "4391.1", "4992.7", "4292.7", "4292.7",
	"4420.7", "4196.1", "2290.4", "4691.4", "4191.8", "4794.7", "4592.7", "4394.7",
	"4792.7", "4892.7", "4395.0", "4690.0", "4891.6", "4091.3", "4294.1", "4421.7",
	"4791.4", "4298.1", "4423.1", "4494.1", "4493.1", "4599.0", "4493.5", "4891",
	"4891.6", "4798", "0090.4", "4892.7", "4893.3", "4592.7", "4692.7", "4490.4",
	"4498.1", "5299.4", "4691.1", "4799.4", "1190.4", "4191.1", "4595.3", "4096.1",
	"4296.4", "4399.1", "5193.2", "5090.2", "5599.2", "4792.0", "4893.3", "4690.0",
	"4690.0", "4599.6", "9090.4", "4792.0", "4593.2", "4496.1", "5205.7", "4395.3",
	"7890.4", "4290.0", "4998.9", "4395.0", "4992.7", "4099.4", "4893.2", "4291.4",
	"5404.7", "4594.4", "4794.7", "4794.7", "4699.4", "4499.8", "4794.0", "1790.4",
	"4194.6", "4397.7", "4490.4", "4422.7", "4420.7", "4391.2", "4094.7", "4094.4",
	"4492.1", "4792.0", "4698.1", "4792.0", "4094.8", "4099.6", "4391.1", "4491.6",
	"4091.4", "4191.7", "4796.4", "4694.0", "4794.0", "4192.3", "4296.0", "4499.0",
	"4398.1", "4696.0", "4792.0", "4491.4", "4893.6", "4498", "5290", "4290.0",
	"4690.0", "4598.1", "4692", "4690.0", "4992.7", "4094.0", "4891.2", "4492",
	"4292.7", "4792.7", "4595.6", "4693.2", "4794.7", "4794.7", "4294.7", "4395.0",
	"4891.2", "4491.1", "4191.4", "4192.1", "4793.2", "4596.3", "4292.7", "4396.4",
	"4491.6", "4392.7", "4196.6", "4792.7", "4496.4", "4692.7", "5290.0", "4092.2",
	"4795.0", "4491.4", "4293.4", "4693.0", "4791.0", "4793.4", "4492.7", "4792.0",
	"4594.4", "1890.4", "4499.0", "4480.1", "4496.4", "4792.0", "4599.6", "4692.7",
	"4092.1", "4492.7", "4892.1", "4896.1", "4796.7", "5294.7", "4391.6", "4198.1",
	"4194.6", "4499.4", "4694.1", "4692.7", "3290.4", "4496.0", "4296.4", "4793.7",
	"4593.4", "4499.4", "4092.7", "4191.4", "3790.4", "4196.1", "4998.0", "4791.7",
	"4799.4", "5691.4", "4994.4", "3290.4", "4693.2", "4696", "4391.4", "4191.4",
	"4460.9", "4891", "4691.7", "4892.1", "4099", "4792", "4995", "4590.6",
	"4792.7", "4194.7", "4793.2", "4394.2", "4391.7", "4792.7", "4396.8", "4794.7",
	"4196.1", "8190", "4496.1", "4893.1", "4599.4", "4092.7", "4199.6", "4798.0",
	"4599.3", "4797.2", "4599.4", "4691.1", "4849.4", "4191.1", "4391.1", "4294.7",
	"4192.7", "4094", "4493.2", "4490.0", "9990.4", "4494.1", "4496.1", "4093.2",
	"4691.7", "4394.1", "4796.2", "4494.1", "4096.7", "4491.4", "4291.7", "4692.7",
	"4491.7", "4293.4", "4792.7", "4291.8", "4092.7", "4299.3", "2790.4", "4297.7",
	"4492.7", "4498.1", "4093.4", "8790.4", "4594.7", "4793.7", "4896.7", "4891.1",
	"4893.7", "4691.3", "4198.6", "4694.3", "4893.2", "4498.1", "4198.2", "4891",
	"4092.7", "4792.7", "4091.6", "4398", "4496", "4796.2", "4593.0", "4597.1",
	"4092.7", "5290.4", "4792.7", "4594.3", "4293.0", "4395.0", "4392.2", "4198.9",
	"4490.0", "2790.4", "4291.7", "4690.0", "5590.4", "4591.7", "4694.1", "4691.0",
	"5690.4", "4596.6", "4694.7", "4491.4", "4092.7", "4597.7", "2290.4 3290.4", "4599.6",
	"4898.1", "5002.7", "4792.7", "4091.6", "4493.4", "4443.0", "4793.2", "4798.6",
	"4598.6", "4699.3", "4799.4", "4397.2", "4594.4", "4299.4", "4798.2", "8092.1",
	"4192.7", "4991.4", "4199.1", "4792.2", "4191.7", "4191.6", "4094.6", "5402.7",
	"4493.4", "4792.7", "4893.2", "4495.8", "4891.4", "4794.7", "4795.3", "4891.4",
	"4498.6", "4791.4", "4198.9", "4894", "4794", "5394.0", "4395.0", "4093.1",
	"4694.7", "4293.4", "4490.0", "4495.4", "4798.6", "4794.7", "4894.6", "4398.5",
	"4695.6", "5091.7", "4892.7", "4894.0", "8099.4", "4291.4", "4491.1", "4995.9",
	"4292.7", "4792.0", "4296.9", "4896.1", "4090.4", "4399.6", "4894.0", "4994.1",
	"4999.6", "4792.7", "4291.8", "4592.7", "4198.2", "4194.6", "4593.3", "4295.3",
	"4093.2", "4793.2", "4492.7", "3390.4", "4490", "4091.4", "4896.6", "4498.6",
	"4991.7", "4393.3", "4498.6", "4494.1", "4992.7", "4194", "4496.5 4496.1", "4395.0",
	"4696.0", "4796", "4793", "4699.4", "4191.6", "4091.6", "4099.1", "7290.4",
	"4894.0", "4195.3", "4092.7", "4691.4", "4691.1", "4093.6", "4892.7", "4796.1",
	"4196.2", "4421.7", "4794.7", "4997.7", "5790.4", "4893.3", "7090.4", "4498.1",
	"4793.2", "4896.6", "4795.2", "4198.6", "4890.4", "4694.1", "4898.6", "4496.1",
	"4893.6", "4895.3", "4199.1", "4898.2", "4099", "4299.4", "4399", "4493.2",
	"5793.2", "4494.1", "4491.4", "4398.6", "4494.7", "4491.6", "4192.7", "4392.1",
	"4892.1", "4093.2", "4891.7", "4192.7", "4393.6", "4791.4", "4191.8", "4092.3",
	"4491.0", "4198.6", "4692.7", "4194.7", "4298.6", "4193.1", "6090.4", "4696.0",
	"4796.3", "4491.6", "4792.0", "4892.7", "5090.4", "4498.6", "4793.2", "4299.4",
	"4094.7", "4896.4", "4094.0", "4496.0", "4191.7", "4191.1", "1490.4", "4691.0",
	"4191.6", "4299.4", "4093.2", "4490.4", "4191.1", "4795.2", "4492.7", "4196.3",
	"4694.4", "5395.0", "4093.2", "4494.2", "4791.3", "4792.0", "4795.2", "4292.7",
	"4394.7", "4491.4", "4691.4", "4691.4", "4191.1", "4498.6", "2290.4", "4993.1",
	"4891.6", "4492.7", "4792.7", "4699.3", "4793.6", "4474.6", "4191.4 4191.8", "4691.0",
	"2780.2", "3718.2", "7748", "7728.2", "2718", "6708.2", "7778.2", "2768.2",
	"0788.2", "6708.2", "4768.2", "8768.2", "8768.2", "2728.2", "3778.2", "5798.2",
	"4728.2", "2748.2", "4768.2", "4788.2", "9788.2", "1748.2", "8718.2", "4798.2",
	"2778.2", "4778.2", "2728.2", "2778.2", "1718.2", "0768.2", "6778.2", "8728.0",
	"8728.2", "0728.2", "7728.2", "1768.2", "2738.2", "4758.2", "7778.2", "2728.2",
	"8728.2", "2728.2", "0788.2", "4768.2", "8718.2", "8788.2", "6718.0", "6738.2",
	"7788.2", "7768.2", "4728.2", "2110.0", "1010.1", "2111.0", "2120.9", "1314.0",
	"2414.7", "2120.9", "1010.1", "2414.1", "2177.2", "2125.3", "2125.3", "7121.1",
	"2122.7", "7121.1", "2712.7", "1020.7", "1021.2", "1224", "1722.0", "1724.7",
	"1223.4", "1724", "1721.0", "1523.0", "1822.2", "1326.0", "1822", "1721.0",
	"1722.0", "1529.0", "1325.0", "1121.1", "1224.7", "1428.8", "1323.2", "1421.6",
	"1628", "1821", "1523.2", "1026.1", "1421.6", "1421.6", "1325.3", "1226.4",
	"1825", "1721.4", "1628.6", "1621.7", "1623.4", "1328", "1422.7", "1421.4",
	"1822.7", "1328.6", "1722.7", "1321.4", "1421.8", "1625.6", "1121.6", "1828.6",
	"1328.6", "1428.6", "1325.0", "1325.0", "7740.7", "7774.7", "7744.7", "0714.7",
	"2724.7", "4794.7", "4724.7", "4724.7", "4724.7", "7724.7", "7714.7", "7714",
	"4754", "0724.7", "5764.7", "0724.7", "7774.7", "7794.7", "7724.7", "7710.8",
	"4722.7", "7750.0", "7775.0", "7750.0", "8050.7", "8050.7", "4055.7", "5050.7",
	"8051.3", "2171.0", "2240", "2133.1", "6101.0", "6071.1", "2221", "2721.3",
	"2071.4", "2171.4", "9071.4", "4671.4", "2171", "2171.6", "1771.4", "8221.1",
	"1241.4", "2371.5", "2471.1", "2371", "0071.4", "2371.3", "2971.8", "2071.6",
	"1241.4", "2071.4", "2221", "6261.4", "2671.3", "8221.4", "4221.4", "6271.5",
	"2571.4", "6211.4", "2221.4", "5241.4", "2471.3", "4771.4", "0211.4", "1221.4",
	"9871.0", "2871.6", "2771", "0211.4", "6291.4", "4221.4", "2771.6", "6221.4",
	"7274.0", "7274.0", "7774.7", "0774.7", "8001.7", "8021.7", "8021.7", "8041.7",
	"8021.7", "8071.7", "8021.7", "8021.7", "8021.7", "8051.0", "8051.7", "8031.7",
	"8011", "8091.7", "8061.7", "8061.7", "8081.7", "8051.7", "8042.7", "8011",
	"8021.7", "8011.7", "8011.7", "8081.7", "8091.7", "8021.7", "8011", "8011.7",
	"1223.0", "3010", "1723.2", "3223.0", "3023.2", "3412.7", "8090", "3711.2",
	"3411.7", "3112.0", "3410.0", "4313.2", "3810.0", "8023.2", "3111", "3712.0",
	"3714", "3714.0", "3712.0", "3210.0", "3511.7", "3711.0", "3413.0", "3712.0",
	"3011.0", "3811.7", "3217.0", "3114.0", "3114.0", "3112.7", "3711.0", "3711.7",
	"3414.0", "1023.2", "3111.0", "3411.2", "3112.7", "3411.0", "3712", "3414.7",
	"3214.0", "3114.0", "3610.0", "3610.0", "3111.4", "3510.0", "3412.7", "3413.0",
	"3413.0", "3313.4", "3714.7", "3114.7", "3013.0", "3014.0", "3012.7", "3217",
	"3513.0", "3814.0", "3811.7", "3812.7", "1722.2", "3310.0", "3212.1", "3213.4",
	"3113.1", "3111.1", "3011.7", "3311.1", "3411.2", "3711.0", "4201.3", "3311.4",
	"3511.7", "3111.7", "3111.0", "3712.0", "3419.0", "3714.7", "1260.3", "3112.7",
	"3712.0", "3510.6", "3111.0", "3912.0", "3111.0", "3512.7", "3212.7", "1223.0",
	"3712", "3714.7", "3718.7", "3510", "3111", "3112", "3811", "3811",
	"3711.0", "3412", "3310", "3519.0", "3519.0", "3313.4", "3711.0", "3116.0",
	"3311.1", "3811", "3112.0", "3812.2", "3119.1", "3314.7", "3512.7", "3516.0",
	"3610.0", "3316.0", "3716.2", "3416.0", "3116.0", "3816.0", "3712.0", "3611.0",
	"3712.0", "3712.0", "3411.7", "3610.0", "3513.0", "3610.0", "2623.2", "3610.0",
	"3310.0", "3513.0", "3217.7", "3412.7", "3412.7", "3213.0", "3213.0", "3417.0",
	"3413.1", "3712.0", "3610.0", "3024.7 3114.9", "3111.0", "3213.7", "3214.0", "3214.1",
	"3312.1", "3813.7", "3711.2", "3414.7", "3011.8", "3711.1", "3315.0", "3011.4",
	"3511.0", "3610.0", "3013.2", "3318.7", "3410.0", "3915.0", "3714.7", "5013.2",
	"3513.0", "3512.7", "3313.2", "1023.2", "9090", "3712", "3110", "3611.2",
	"3219", "3712", "3314", "3715", "3711", "3714.0", "3416.1", "3418.9",
	"3610.0", "3610.0", "3711.2", "3216.1", "3414.7", "3815.1", "3210.0", "3111.7",
	"3610.0", "3112.7", "3211.2", "3313.4", "3116.0", "3519.2", "3613.4", "3411.1",
	"3412.7", "3519.0", "3715.4", "3716.4", "3314.4", "3712.0", "3513.2", "3315.0",
	"3715.7", "3919.4", "3510.7", "3412.7", "3014.8", "3510.6", "3418.1", "3711.0",
	"3711.0", "3111.1", "3211.3", "5723.2", "3111.7", "3114.0", "3210.0", "3610.0",
	"3814.1", "3712.0", "3712.0", "3111.4", "3911.1", "3111.6", "3716.2", "3216.4",
	"3411.4", "3816.1", "3213.2", "3412.7", "3516.0", "3411.3", "3813.4", "3518",
	"3715.7", "3315.0", "3790", "3511", "3118", "3112.7", "3513", "3210",
	"3813", "3012", "3210", "3010.1", "3715", "3814", "3413", "3714",
	"3713.3", "3711.4", "3212.1", "3314.7", "3816.7", "3218.1", "3618.1", "3814.0",
	"3412.7", "3414.7", "3111.8", "3311.1", "3313.2", "3611.7", "3312.7", "3611.4",
	"3319.4", "3416.1", "3713.2", "3611.4", "3114.6", "3214.7", "3116.1", "3210.0",
	"3715.4", "3816.8", "3202.2", "3315.2", "3815.7", "3714.7", "3413.8", "3510.6",
	"3712.0", "3711.6", "3214.4", "3413.1", "3618.0", "3611.0", "3819.4", "3610.0",
	"3512.7", "3611.4", "3114.0", "3111.1", "3912.7", "3112.9", "3713.2", "3313.4",
	"3712.7", "3414.7", "3214.1", "3315.0", "3519.6", "3716.7", "3612.7", "3212.7",
	"3812.7", "3811.6", "3313.4", "3313.4", "3414.1", "3418.6", "3412", "3519",
	"3413", "3610", "3612", "3618.2", "3718", "3719", "3712", "3712",
	"3213", "3711", "3016.1", "3017.7", "3414.1", "3210.0", "3111.4", "3014.7",
	"3311.1", "3311.2", "3117.2", "3519.6", "3610.0", "3716.4", "3816.4", "3019.6",
	"3216.4", "3216.3", "3113.2", "3318.1", "3614.1", "3216.0", "3212.1", "3412.7",
	"3418.1", "3717.2 3717.7", "3619.4", "3717.7", "3419.0", "3912.7", "3712.0", "3613.4",
	"3616.0", "3714.0", "3514.4", "3412.7", "3411.6", "3411.4", "3114.7", "3712.0",
	"3712.0", "3319.1", "3313.4", "3210.0", "3712.0", "3711.7", "3813.2", "3518.1",
	"3612.1", "3918.9", "3315.0", "3711.7", "3813.3", "3713.2", "3811.9", "3215.7",
	"3414.7", "3812.7", "3211.4", "3014.8", "3319.4", "3011.4", "3012.7", "3813.2",
	"3719.4", "3111.4", "3014.7", "3713.2", "3210.0", "3419.8", "3611.1", "3411.6",
	"3315.3", "3213.3", "1223.2", "3411.1", "3414.4", "3416.4", "3512.7", "3612.7",
	"3012.4", "3112.9", "3210.0", "3113.2", "3719", "3518", "3418", "3212",
	"3611", "3213.4", "3711", "3210.0", "3315", "3312", "3713.4", "3416.0",
	"3315.0", "3113.4", "3812.1", "3012.1", "3190.4", "3014.7", "3711.0", "3411.6",
	"3412.7", "3711.4", "3712.7", "3012.7", "3613.2", "3611.7", "3419.4", "3210.0",
	"3612.7", "3412.1", "3411.7", "3814.6", "3111.0", "3311.6", "3114.0", "3612.7",
	"3416.0", "3413.5", "3814.7", "3712.0", "3912.0", "3916.2", "3813.5", "3315.0",
	"3715.6", "3419.1", "3213.4", "3816.1", "3115.0", "3716.7", "3519.6", "3016.1",
	"3012.7", "3216.4", "3513.4", "3415.6", "3212.7", "3116.0", "3712.7", "3614.1",
	"3811.7", "3812.1", "3514.4", "3712.0", "3610.0", "3211.0", "3411.1", "3618.1",
	"3116.1", "3118.6", "3611.4", "3218.9", "3612.7", "3116.6", "3716.4", "3811.2",
	"3314.3", "3611.4", "3712.7", "3613.4", "3211.4", "3918.0", "3111.4", "3612.7",
	"3516.1", "3214.7", "3412.7", "3811.7", "3613.2", "3516.3", "3011.2", "3111.4",
	"3012.7", "3611.2", "3412.7", "3419.4", "3210.0", "3518", "3315", "3714",
	"3914.4", "3212.7", "3111.4", "3214.7", "3116.1", "3411.4", "3016.7", "3119.6",
	"3413.2", "3813.7", "3813.1", "3040.1", "3219.1", "3411.7", "3513.2", "3416.1",
	"3313.2", "3716.2", "3514.7", "3713.6", "3718.0", "3811.2", "3414.1", "3811.7",
	"3812.7", "3112.7", "3314.2", "3814.0", "3119.4", "3213.4", "3611.7", "3112.7",
	"3712.0", "3211.9", "3519.4", "3714.7", "3618.6", "3613.4", "3714.7", "3316.8",
	"3610.0", "3419.3", "3712.7", "3612", "3111.4", "3114.3", "3611.3", "3915.0",
	"3016.3", "3819.4", "3012.7", "3812.7", "3816.7", "3315.0", "3112.7", "3418.1",
	"3012.7", "3611.1", "3811.7", "3813.2", "3819.4", "3213.6", "9923.2", "3811.9",
	"3519.4", "3712.7", "3112.1", "3314.1", "3217.7", "7923.2", "3013.2", "3811",
	"3716.1", "3013", "3614.3", "3011.6", "3412.7", "3711", "3114", "3412",
	"3411", "3113", "3811", "3019", "3814.0", "3318", "3011", "3118.2",
	"3712.7", "3311.7", "3615.4", "3211.2", "3412.7", "3311.4", "3312.2", "3012.7",
	"3317.3", "3814.0", "3116.0", "3814.0", "3114.9", "3011.5", "3411.7", "3012.7",
	"3013.2", "3412.7", "4723.2", "3713.6", "3119.1", "3314.7", "3219.4", "3413.2",
	"3118.1", "3719.1", "3011.1", "3514.4", "3711.4", "3610.0", "3818.1", "3712.7",
	"3111.4", "3213.7", "3012.7", "3318.6", "3516.6", "3814.0", "3112.7", "3514.3",
	"3111.6", "3411.4", "3211.6", "3911.4", "3413.4", "3812.7", "3413.4", "3513.0",
	"3414", "3311.4", "5823.2", "3811.7", "3818.1", "3412.1", "3614.7", "3518.6",
	"3414.3", "3013.2", "3619.3", "3212.7", "3718.2", "3113.2", "3014.6", "3219.1",
	"3814.0", "3513.0", "3712.7", "3212.1", "3112.7", "3413.4", "3712.2", "3211.4",
	"3813.2", "2723.2", "3618.2", "2128.6", "3812.7", "3411.4", "3419", "3412",
	"3814", "3011", "3814.0", "3712.7", "3013.1", "3214.7", "3713.2", "3513.3",
	"3719.3", "3813.1", "3111.7", "3019.4", "3216.9", "3512.7", "3416.1 3516.1", "3516.3",
	"3812.7", "3716 3716.4", "3712.7", "3718.1", "3814.0", "3418.6", "3712.0", "3712.0",
	"3419.6", "3816.6", "3618.1", "3616.0", "3919.3", "3614.6", "3114.6", "3712.0",
	"3714.6", "3518.6", "3912.7", "3716.4", "3416.0 3416.3", "3814.0", "3613.1", "3815.7",
	"3412.7", "3714.7", "3212.3", "3011.4", "3816.1", "3915.1", "3610.0", "3711.1",
	"3111.1", "3814.0", "3211.8", "3511.6", "3411.1", "3912.7", "3814.0", "3814.0",
	"3619.6", "3212.1", "3410.0", "3212.2", "3113.1", "3116.7", "3118.6", "3814.7",
	"3416.1", "3415.4", "3712.0", "3712.0", "3716.1", "3712", "3113.4", "3711.7",
	"3619.4", "3916.6", "3814.1", "3614.1", "3715.2", "3118.6", "3511.8", "3811.8",
	"7723.2", "3113.7", "3412.7", "3718.6", "3011.4", "3816.6", "3719.4", "3818.6",
	"3714.7", "3219.4", "3713.4", "3613.2", "3011.6", "3315.0", "3716.1", "3013.6",
	"3014.1", "3113.2", "3419.1", "3814.0", "3612.7", "3013.7", "3513.2", "3713.2",
	"3418.6", "3416.1", "3315.0", "3011.4", "3115.3", "3418.1", "2216.3", "3413.2",
	"3612.7", "3113.1", "3718", "3118", "3112.7", "3613.3", "3312.1", "3413.2",
	"3511.7", "3419.4", "3614.6", "3012.3 3012.4", "3013.2", "3112.7", "3714.8", "3814.0",
	"3414.1", "3213.7", "3410.0", "3813.3", "3414.7", "3811.7", "3116.8", "3411.7",
	"3213.4", "3711.4", "3011.4", "3318.6", "3714.7", "3416.1", "3913.2", "3712.0",
	"1212.7", "3315.3", "3518.6", "3219.4", "3113.6", "3112.7", "3114.7", "3813.2",
	"3812.7", "3911.3", "3418.6", "3018.6", "3312.7", "3711.7", "3316.9", "3013.1",
	"3011.4", "3415.3", "3210.0", "3613.2", "3714.7", "3118.6", "3111.4", "3313.6",
	"3111.7", "3611.0", "3812.7", "3011.7", "3513.6", "3111.1", "3215.7", "3412.7",
	"3919.3", "3413.2", "3513.8", "3711.1", "3013.2", "3416.0", "3111.1", "3118.6",
	"3118.6", "8890.4", "3714.7", "3118.6", "3916.6", "3112.7", "3612.1", "3814.0",
	"3512.7", "3614.4", "3918.1", "3718.1", "3315.0", "3812.7", "3711.3", "3315.0",
	"3013.2", "3712.0", "3819.3", "3116.2", "3712.0", "3214.6", "3511.8", "3114.1",
	"3611.4", "3411.1", "3611.4", "3011.4", "3112.7", "3411.4", "3118", "3111.1",
	"3418.6", "3011.4", "3011.1", "3011.7", "3011.4", "3711.6", "3712.0", "3118.6",
	"3112.7", "3712.7", "3811.6", "3412.7", "3013.2", "3212.7", "3219.4", "2623.2",
	"3618.6", "3718.6", "3411.7", "3412.2", "9080.0", "3300", "1080", "9182.0",
	"7128.9", "9782.0", "9181.0", "1780", "3071.7", "2780.9", "9581.7", "9782.0",
	"2280.9", "3080", "9287", "9782", "9883.2", "8080.9", "9781.5", "6080.9",
	"9084.1", "9387.7 9382.7", "9788.2", "9882.0", "9080.9", "9489.0", "9982.0", "9480.0",
	"9583.0", "9081.7", "9581.7", "9282.1", "2780.9", "6908.0", "9582", "9881",
	"9681.0", "9181.1", "9182.0", "9786.2", "9882.7", "9083.2", "9181.7", "2228.9",
	"9781.2", "9782.0", "2733.7", "2380.9", "9182.7", "9583.0", "9783.3", "9081.4",
	"9881.1", "2133.6", "2022.7 3402.7", "9186.0", "9589", "9688", "9681.2", "9284",
	"9289", "9881", "9781", "9781.0", "9182.1", "9881.4", "1233.0", "9885.1",
	"2433.9", "9481.1", "1180.9", "2732.7", "9281.3", "9385.0", "9481.4", "9782.0",
	"9088.2", "9488.1", "9786.4", "9886.1", "9583", "9181.6", "1733.1", "9380.0",
	"9680.0", "9482.7", "9080.1", "9381.4", "9482.7", "9188", "9581", "9484",
	"9883", "3780", "9783", "5533", "9482.7", "9284.7", "9782.0", "9382.7",
	"9181.1", "9284.1", "9381.1", "9885.7", "0033.2", "9383.2", "9284.1", "9183.2",
	"9785.4", "9282.2", "9886.8", "2880.9", "1733.6", "9682.7", "1032.7", "9684.1",
	"2480.9", "9384.7", "9882.7", "5233.2", "9186.1", "9886.2", "9787.7", "9788",
	"9782", "9782.7", "5033", "9086.1", "4480.9", "7780.9", "9681.1", "9084.3",
	"9186.1", "9084.8", "8033.1", "9381.1", "1733.4", "9381.1", "2033.1", "9682.7",
	"9788.0", "9184.6", "9787.7", "9088.9", "9084.7", "2333.3", "9684.0", "9481.1",
	"9481.1", "9485.6", "9481.4", "9281.4", "9784", "9784.7", "9785.0", "9589.6",
	"9381", "9681.5", "9681.4", "9988.0", "8033.2", "9483.5", "9585.6", "9282.7",
	"9186.0", "7733.1", "9284.7", "9385.0", "9181.4", "6180.9", "9681.8", "9786.7",
	"2833.4", "9682.7", "9489.4", "9584.0", "9941.7", "9789.4", "9489.4", "9783.4",
	"6733.2", "6733.6", "9683.2", "9188.6", "9886.1", "9682.7", "4433.6", "9686.0",
	"2680.9", "9782", "9681.7", "9282.7", "9783", "9086.7", "9382.7", "9681.1",
	"9482.7", "9881.7", "9683.0", "9681.7", "9481.7", "9082.7", "2733.1", "9688.6",
	"2133.1", "2033.1", "9788.0", "9980.9", "9386.8", "9188.6", "9886.1", "9786",
	"7733.1", "9605.4", "9189.1", "9603.0", "9081.1", "9701.4", "0533.1", "9786.2",
	"9584.4", "9781.8", "9783.2", "2880.8", "7480.9", "9281.7", "9782.7", "5833.4",
	"9403.4", "9181.6", "4533.1", "2188.6", "9684.7", "9082.7", "9186.1", "4033.6",
	"9882.6", "9688.1", "9582.7", "9385.0", "9488.6", "9685.6", "9485.4", "9184.6",
	"9383.3", "2978.9", "4918.9", "9282.7", "9884.6", "9281.8", "9884.0", "9090.4",
	"9083.1", "9489.6", "9782.7", "9985.9", "9481.1", "9286.9", "4433.1", "9784.6",
	"9782.0", "9782.0", "3680.9", "9988.9", "1180.9", "9782.0", "9960.6", "9783.4",
	"9684.1", "7780.9", "9482.7", "9689.4", "9789.4", "9883.3", "9885.3", "9784.7",
	"9682.7", "9940.7", "9284.7", "9083.6", "9488.6", "9886.6", "9483.4", "9182.7",
	"1180.9", "9283.1", "9581.7", "9484.1", "4033.4", "9781.4", "9881.7", "7780.9",
	"9909.4", "9681.4", "9683.2", "4433.1", "9083.1", "9088.6", "9289.4", "9181.7",
	"9782.0", "9885.3", "9083.2", "9882.7", "9782.0", "9284.6", "9503.6", "9481.4",
	"0021.1", "9983.1", "9881.6", "9181.4", "7780.9", "9482.2", "7223.0", "7723.1",
	"2050.7", "2044.7", "2040", "2022.7 2032.7", "2074.6", "8040.0", "8022", "8071.7",
	"8020.7", "8012.7", "4040.0", "4741.0", "4003.4", "1022.7", "2220.0", "2429.0",
	"2722.0", "2825.1", "2826.7", "2426.1", "2202.7", "2104.7", "2925.0", "2706.2",
	"2305.3", "2604.0", "2408", "2822.1", "2409.4", "2002.7", "2002.7 2702.7", "2408.6",
	"1024.0", "9024.0", "2500.0", "2151.0", "2452.7", "2350.0", "2451.2", "2451.0",
	"3050.2", "2752.0", "2051.0", "2052.7", "2251", "2854.0", "2752.0", "2550.0",
	"2552.7", "2350.4", "2456.0", "2506.0", "2551.0", "2755.0", "2254.0", "4050",
	"9050.0", "2851.4", "2354.7", "2454.1", "2156", "2351.2", "2151.1", "0050.3",
	"2156.1", "2456.1", "7725.1", "2250.0", "2750.2", "2452.1", "2752.0", "2451.2",
	"5055.0", "2951.2", "2054.7", "2458", "2758.1", "2754.7", "2554.0 2554.4", "4450.0",
	"2352", "2450.0", "2653.4", "2052.7", "2752.7", "2452.7", "9950.2", "2356.1",
	"0025.9", "7450.0", "5825.1", "2051.4", "2252.7", "1650", "2855.3", "2152.7",
	"2458.6", "2251.6", "2651.1", "2053.1", "2653.2", "2855.3", "2050.1", "2650.1",
	"2854.7", "4303.0", "4020", "4304.0", "4721.2", "4421.7", "4420.0", "4144.0",
	"4821.7", "3313.4", "4020", "4722", "4321.4", "4021.7", "4124.0", "4423.0",
	"3313.4", "4321.0", "4121.4", "4721.5", "4928.0", "4221.4", "4520.6", "4728",
	"4121.9", "6043.3", "4129.1", "4521.0", "4721", "4625.0", "4223.0", "4822.7",
	"4522.7", "4721.1", "4328.2", "4722.0", "4325.0", "4721.0", "4621.0", "4620.0",
	"4426.0", "4729.2", "4322", "4121.6", "4723.2", "4024.8", "4726.4", "4221.3",
	"4426.1", "4725.0", "4325.0", "4324.2", "4722.0", "4421.1", "4523.6", "4523.0",
	"4122", "4823", "4725", "4328", "4920", "4829.4", "4121.4", "4422.7",
	"4622.7", "4621.4", "4423.8", "4026.1", "4324.7", "4323.2", "4628.0", "4222.1",
	"4224.1", "4922.0", "4220.0", "4821", "4029.6", "4121.7", "4624.0", "4721.7",
	"4343.4", "4393.4", "4426", "4322.7", "4621.1", "6323.4", "4629.4", "4729",
	"4626.0", "4422.1", "4220.0", "4225.7", "4721.7", "4522.7", "4024.8", "4826.4",
	"4221.7 4921.0", "4622", "4722.0", "4224.7", "4623.2", "4721.0", "4722.7", "4621.4",
	"4426.0", "4426.0", "4622", "4723.2", "4323.4", "4222.7", "4723.4", "4729.4",
	"4622.7", "4724.7", "4723.4", "4322.7", "4826.1", "8363.4", "4726", "4421",
	"4727.2", "4229.3", "4324.6", "4722.7", "4423.2", "4724.7", "4129.6", "2313.4",
	"4323.4", "4122.7", "4529.4", "4826.7", "4624.7", "4021.6", "2743.0", "4423.4",
	"4024.6", "4222.1", "5843.0", "5108.2", "9743.4", "4824.0", "4428.6", "4223.4",
	"4722.7", "4021.4", "4421.1", "4429.6", "4722.7", "4222.7", "3363.4 9363.4", "4824.0",
	"4422.7", "4623.2", "4622.7", "4125.3", "4826.6", "4828.6", "4725.2", "4728",
	"4122.7", "4223.1", "4322.1", "4424.7", "4102.7", "4423.2", "4221.6 4221.7", "4124.7",
	"4028.1", "6363.4", "4728.6", "2323.4", "4122.7", "4023.2", "4421.4", "4124.7",
	"4621.4", "4624.8", "4222.1", "4624.7", "0073.2", "0972.0", "0040.3", "0873.2",
	"1010.3", "1010.4", "1010.4", "1112.0", "1711.0", "1111.0", "1712.0", "1210.0",
	"1114.0", "1718.0", "1114.0", "1711.7", "1112.7", "1712.7", "1712", "1814.0",
	"1513.0", "1014.0", "1812.0", "1114.0", "1812.7", "1510.0", "1712.0", "1513.0",
	"1111.4", "1111.1", "1814.0", "1714.0", "1111.0", "1512", "1119", "1711",
	"1811.2", "1813.7", "1314.0", "1411.7", "1417.0", "1114.9", "1116.0", "1711.2",
	"1013.2", "2710", "1414.7", "1111.0", "1615.0", "1716.2", "1610.0", "1112.0",
	"1515.7", "1510.6", "1316.0", "1711.0", "1610.0", "1714", "1714.0", "1712.0",
	"1310.0", "1812.2", "1719.2", "1111", "1413", "1311", "1510.7", "1014.8",
	"1414.7", "1412.7", "1911.1", "1411.1", "1714.0", "1418.1", "1610.0", "1412.7",
	"1815.0", "1712.0", "1716.4", "1519.0", "1713.2", "1712.0", "1114.0", "1712.0",
	"1211.3", "1816.1", "1112.1", "1411.4", "1011.3", "1111.4", "1711.0", "1917.7",
	"1914.4", "1715", "1315.0", "1611.4", "1812.7", "1314.0", "1116.1", "1315.0",
	"1716.7", "1618.0", "1214.1", "1611.0", "1618.1", "1816.2", "1818.1", "1313.2",
	"1612.7", "1313.2", "1611.4", "1212.7", "1214.7", "1011.3", "1712.7", "1412.7",
	"1212.7", "1210.0", "1513.0", "1413", "1918", "1318.1", "1315.3", "1716.4",
	"1719.4", "1614.1", "1011.4", "1518.1", "1714.0", "1113.2", "1016.1", "1215.7",
	"1111.7", "1412.1", "1611.1", "1616.0", "1418.1", "1515.3", "1311.2", "1713.2",
	"1319.1", "1317.7", "1918.9", "1712.0", "1111.1", "1419.0", "1120.7", "1171.1",
	"1171.7", "1413.1", "1019", "1715.6", "1212.7", "1616.0", "1716.7", "1516.3",
	"1311.6", "1618.1", "1611.5", "1315.0", "1415.6", "1713.4", "1116.1", "1323.2",
	"1812.1", "1713.2", "1612.7", "1519.6", "1613.2", "1714.7", "1714.7", "1214.7",
	"1216.3", "1712.0", "1413.4", "1812.1", "1611.4", "1212.7", "1133.1", "1716.2",
	"1316.8", "1918.6", "1717.2", "1519.4", "1116.1", "9910.3", "1112.7", "3010.3",
	"1016.7", "1119.4", "1712.7", "1611.3", "1418.6", "1816.7", "1811.1", "1711.3",
	"1717.2", "1214.7", "1419.4", "1514.3", "1818.1", "1411.4", "7710.3", "1211.4",
	"1613.0", "1012.7", "1219.4", "1712.2", "1818.1", "1814.0", "1513.0", "1412.7",
	"1014.6", "1714", "1716.4", "1711.8", "1816.6", "1714.6", "3610.3", "1915.9",
	"1712.7", "1418.6", "1213.4", "1619.6", "1216.9", "1013.1", "1116.7", "1215.3",
	"1814.0", "1214.7", "7010.3", "1719.4", "1113.2", "1619.4", "1916.6", "1814.0",
	"1713.5", "1011.6", "1816.6", "1613.2", "1113.1", "1813.3", "1718.1", "1511.7",
	"1814.0", "1318.6", "7710.3", "1714.8", "1010.3", "1012.3", "1116.3 1116.8", "1112.7",
	"1414.7", "1411.7", "1616.0", "1219.4", "1714.7", "1013.2", "1111.1", "1418",
	"1614.4", "1110.7", "1013.2", "1212.7", "1411.4", "1414.1", "1418.6", "1313.4",
	"7223.0", "7723.2", "7523.3", "7723.0", "4223.0", "4243.0", "1293.0", "0044.1",
	"0271.0", "7113.6", "1071.7", "1471.0", "1111.7", "1271.4", "0121.7", "8071.7",
	"7171", "1871.2", "1271.1", "1571.1", "8121.7", "2161.7", "8141.7", "3771.7",
	"1171.6", "4121.7", "9071.7", "2141.7", "0161.7", "2111.7", "7123.7", "2971.7",
	"1111.7", "1171.1", "9971.7", "2191.7", "0121.7", "7171.7", "4471.7", "5131.7",
	"4271.7", "9121.7", "8161.7", "8131.7", "7071.7", "2161.7", "0071.7", "6671.7",
	"2121.7", "4477.0", "4370", "4471.1", "2467.0", "2421.7", "9077.5", "2510.0",
	"2511.0", "0021.4", "0021.4", "2612.7", "1550.1", "7722.0", "7721.2", "2722.0",
	"5322.7", "1722.7", "1022.7", "2722.7", "3022.7", "6040.0", "5060.0", "6050.0",
	"5000.6", "5071", "6042.7", "2762.0", "5072.7", "6102.0", "1077.2", "6020.1",
	"6200.0", "2260.0", "6001.0", "6022.1", "9060.0", "5702", "0263.0", "6702.0",
	"6104.7", "6503.0", "6500.0", "6804.0", "4612.8 6022.8", "6802.0", "6303.4", "6073.2",
	"9680.0", "6905.0", "6203.0", "7760.2", "2360.3", "6802.2", "0060.3", "0768.0",
	"6040.7", "2660.0", "6050.7", "8060.6", "6404.1", "6706.4", "6401.4", "6060.4",
	"6003.2", "2060.9", "5010.6", "6809.4", "6809.4", "6304.7", "6080.1", "8060",
	"6010.7", "6504.4", "9060.6", "6704.7", "6402.1", "6301.2", "6201.4", "6066.0",
	"2265.3", "2568.1", "6702.2", "6010.7", "6001", "6905.9", "1111.6", "6404.1",
	"6010.7", "6010.7", "1780.1", "5080.1", "1710.6", "1519.6", "1011.3", "4080.1",
	"2748.1", "0010", "0012.1", "0011.1", "0012", "0012", "0011.1", "0011.7",
	"0018.7", "0017.2", "0011", "0012", "0012", "0018.9", "0011.4", "0011.7",
	"0012.8", "0014.2", "0011.1", "0014.7", "0012", "0018.0", "0011", "0011",
	"0011.4", "0011.2", "0014.7", "0017.5", "0012", "0011.1", "0011.7", "0011.6",
	"0012.2", "0013.7", "0018.6", "0013.3", "0011.7", "0013.4", "0012.7", "0012.7",
	"0016.2", "0016.0", "0013.2", "0011.1", "0012.7", "0011.1", "0012", "0011",
	"0011.4", "0013.6", "0012.7", "0013.2", "0018.2", "0012.7", "0016.0", "0012.7",
	"0015.1", "0011.4", "0014.1", "0013.2", "0011", "0015.7", "0011.8", "0011.1",
	"0014.7", "0012.7", "0011.2", "0016.9", "0012.7", "0014.7", "0012.7", "0012.0",
	"0013.1", "0011.4", "0016.1", "0012.9", "0012", "0014.7", "0018", "0012",
	"0012.7", "0017.7", "0018.9", "0011.1", "0011.4", "0019.4", "0016.0", "0014.9",
	"0018.1", "0021.6", "0012.0", "0012.1", "0014.6", "0016.4", "0016.0", "0011.4",
	"0012.1", "0014.4", "0013.3", "0014.8", "0013.2", "0015", "0012.2", "0013.4",
	"0012.1", "0013.4", "0011.7", "0012.0", "0012.7", "0016.4", "3013.7", "0012.7",
	"0018.1", "0016.4", "0014.7", "0016.1", "0011", "0014", "0013.6", "0018.7",
	"0013.2", "0013.6", "0019.9", "0011.4", "0011.7", "0012.7", "0016.7", "0014.7",
	"0011.3", "0016.2", "0011.2", "0014.7", "0011.4", "0018.1", "0016.1", "0011",
	"0011", "0019.1", "0013.4", "0019.3", "0013.3", "0018.1", "0012.2", "0014.6",
	"0019.1", "0012.7", "0012.7", "0014.4", "0013.4", "0011.4", "0013", "0014",
	"0018", "0019.6", "0011.4", "0012.7", "0012.7", "0014.7", "0014.6", "0017.2",
	"0011", "0016.6", "0013.2", "0014.8", "0013", "0014.1", "0016.2", "0012.7",
	"0011.7", "0016.1", "0014.7", "0018", "0012.7", "0012.3", "0018.1", "0013.2",
	"0015", "0012.7", "0014.8", "0011.1", "0011.4", "0018.6", "0018.6", "0018",
	"0015.1", "0014.4", "0013.6", "0011", "0011.4", "0011.4", "0018.6", "0012.7",
	"1223.2", "1243.0", "1240.7", "1241.5", "1210.8", "1224.7", "2600.0", "1060.0",
	"2261.0", "2671.1", "2640.0", "2671.1", "2621.0", "2762.0", "2160.1", "2610.4",
	"2164.7", "2161.0", "2862.7", "2640.3", "2064.8", "2864.1", "2640.1", "2261",
	"2365.0", "2466.1", "1166.0", "2361.1", "4260.2", "2261.8", "2666.0", "2062.7",
	"2911.1", "2665.3", "2266.9", "2864.0", "2269.4", "2063.1", "2264.6", "4024.7",
	"4124.0", "4721.2", "2414", "3454", "2444.7", "4464.7", "4414.7", "3454.7",
	"4725.6", "2444.7", "2424.7", "0414.7", "4484.7", "7710.0", "1010.7", "1010.7",
	"1710.7", "5010.7", "8010.7", "1710.7", "2010.1", "8010.7", "4010.7", "5010.7",
	"5310", "4310", "2810", "8010.7", "3110.7", "4010.7", "8010.7", "3710.7",
	"2710", "4310.7", "5310.7", "3710.7", "2710.7", "5310.7", "6710.7", "5010.7",
	"7810.7", "2710.7", "7710.7", "8010.7", "2121.7", "4810.7", "3610.7", "7810.7",
	"2810.7", "6010.1", "6102.0", "6104.0", "6104.0", "0060.1", "6001.0", "4071.6",
	"6801.7", "6702.0", "4690.0", "6501.7", "6202.1", "6802.7", "6802.7", "7226.4",
	"9060.2", "6103.1", "6102.7", "6104.7", "6902.0", "6401.2", "7726.7", "6201.4",
	"2060.4", "2690.1", "6101", "6101.1", "6402.7", "6500.6", "6305.0", "6802.2",
	"6306.0", "2560.1", "6509.0", "6302.1", "2180.1", "2180.1 4080.1", "6704.7", "2760.1",
	"6503.0", "6701.1", "2160.1", "6101.1", "6706.2", "6203.7", "6003.2", "6301.4",
	"6401.4", "6909.4", "6503.2", "6104.0", "6706.2", "6702.0", "6702.7", "6101.1",
	"9060.3", "6305.0", "6803.5", "6201.3", "6805.1", "6703.2", "6203.2", "2723.2",
	"8060.4 8060.1", "6705", "6304", "6902.7", "6604.1", "6301.1", "6802.7", "6602.7",
	"6305.0", "6701.7", "6601.0", "6402.7", "6600.0", "6509", "6801", "6908.9",
	"6802.7", "6301.2", "6404.7", "6303.4", "6101.4", "6502.7", "6205.7", "6409.8",
	"6004.8", "6901.2", "6201.4", "6001.4", "2760.4", "6604.0", "6401.4", "6206.4",
	"6701.7", "6703.2", "2640.1", "6508.1", "6209.4", "6702.0", "6802.1", "7860.4",
	"6406.0", "6608.1", "6203.4", "2640.1", "2160.8", "1860.4", "6603.3", "7324.7",
	"6206.4", "6406.0", "6908.0", "6903.9", "6802.7", "4764.7", "6108.1", "6401.7",
	"6704.7", "6306.1", "6073.2", "6708.0", "6402", "6004.6", "6702.7", "6403.4",
	"6008.6", "6868.1", "6504.4", "6002.7", "6402.7", "6109.1", "6901.4", "6601.0",
	"4460.2", "6503.0", "9860.4", "6003.1", "6203.5", "6702", "6201.8", "6104.6",
	"6205.2", "6409.6", "6804.0", "6405.4", "6702.7", "6001.4", "6803.1", "6905.9",
	"6508.6", "6702.0", "6204.7", "6806.6", "6706.1", "6808.6", "4460.4", "6621.4",
	"6609.4", "6203.1", "6403.2", "6308.6", "6602.7", "6008.6", "6640.7", "6704.7",
	"6602.7", "6101.4", "6101.1", "6401.4", "2260.9", "4071.6", "6903.1", "6707.7",
	"6702.7", "1722.2", "1822.7", "2022.7", "1426.1", "8043.0", "2343.0", "8640.0",
	"2240.0", "8243.4", "8141.7", "8282", "8841.4", "8141.8", "8244.4", "8242.7",
	"8848.6", "2444.7", "8641.1", "1060.0", "1761", "1764.7", "1164.0", "1161.0",
	"1261.4", "1861.7", "1161.0", "1762.0", "1761", "1060", "1762", "1762",
	"1962.0", "1764.0", "1563.0", "1263.0", "1563.0", "5060.1", "1762.0", "1768.2",
	"1862.0", "1862.7", "1764.7", "1164.0", "1161.0", "1764.7", "1164.0", "1464.1",
	"1563", "1465", "1561", "1761", "1761", "1463.1", "1861.1", "1761.0",
	"1161.3", "1162.0", "1361.1", "1264.0", "2160.1", "1166.0", "1361.7", "1562.7",
	"1765.0", "1061.4", "1061.8", "1263.7", "4760.1", "1263.0", "1164.9", "1862.7",
	"1761.2", "1166.0", "1464.7", "1464.0", "1560.6", "1161.2", "1464", "1162.7",
	"4360", "1861", "1269", "1068.6", "2523", "1761.1", "1569.0", "1461.4",
	"1660", "1466.1", "1560.7", "1761.2", "1766.4", "1763.2", "1260.0", "1762.0",
	"1166.0", "1468.1", "1168", "1568", "1561", "1261.7", "1262.3", "1161.1",
	"1962.7", "1466.1", "1763.2", "1869.4", "1463.8", "1361.2", "1560.0", "5260.1",
	"1365.0", "1061.3", "1164.6", "1461.0", "1762.7", "1661.0", "3960.1", "1660.0",
	"1866.8", "1461.1", "1861", "1863.2", "7760.1", "1762.0", "1261.4", "1361.1",
	"1265.7", "4460.1", "1562.7", "1469.0", "1660.0", "3460.1", "1368.1", "1266.4",
	"1762.0", "1763.2", "1664.1", "1064.8", "1466.1", "1664.0", "1061.4", "1364.0",
	"1462.1", "1862.7", "1361.2", "1568.1", "1762.0", "1066.1", "1568", "1362",
	"6060.1", "1469.4", "1062.1", "1565.7", "1762.7", "1662.7", "1463.5", "1262.7",
	"1660.1", "1663.2", "1168.6", "1461.1", "1764.7", "1764.7", "1662.7", "1266.3",
	"1861.2", "1365", "1062.7", "1268.9", "1961.6", "1168.6", "1763.4", "1361",
	"1461.4", "1062.7", "1162.7", "1763.2", "1863.2", "1261.7", "1066.7", "1062.7",
	"1762.7", "1661.3", "1769.4", "1066.1", "1861.1", "1168.6", "1366.1", "1263.5",
	"1863.7", "2760.1", "1261.8", "1569.4", "1461.7", "1063", "1564.3", "5260.1",
	"1769.1", "1864.0", "1262.7", "1762.2", "1166.0", "1462.7", "1463.4", "1362.2",
	"1669.3", "1568.6", "0026.1", "1365.0", "1261.4", "4760.1", "1162.7", "1265.3",
	"1169.4", "1866.6", "1261.8", "1965.9", "1164.6", "1468.6", "1266.9", "1069.4",
	"1461.1", "1664.6", "7126.1", "1063.1", "1466.1", "1262.7", "1864.0", "1763.4",
	"1864.0", "1166.2", "1468.1", "7760.1", "1966.6", "1865.3", "1161.6", "1064.1",
	"1368.6", "1768.1", "1161.7", "7760.1", "1162.7", "1463.2", "1464.2", "1465.3",
	"1469.1", "1768.6", "1068.6", "1666.0", "6060.1", "1268.6", "1162.7", "1269.4",
	"4460.1", "1161.4", "1969.3", "0160.1 1161.1", "1464", "1166.2", "1468.6", "1664.8",
	"1090.1", "3023", "3221.0", "3722.7", "3421.0", "3722.0", "3721.7", "3722.7",
	"3421.2", "3722.7", "3832.0", "3223.4", "3223.4", "3224.0", "3222.1", "3121.0",
	"3022.7", "3724.7", "3520.0", "3522.7", "3126.0", "3426.0", "3523.0", "3726.2",
	"3324.7", "3420.0", "3320.0", "3721.0", "3224.0", "3821.1", "3423.1", "3426.0",
	"3621.0", "3520.6", "2290.1", "3722.0", "2190.1", "3829.0", "3823.2", "3722.0",
	"3825.1", "3221.3", "1090.1", "3529.0", "3721.2", "3826.1", "2790.1", "3128",
	"3426.1", "3724.7", "3123.2", "3325.0", "3424.1", "3622", "3722.7", "3428.1",
	"3629.4", "3024.8", "3424.7", "3723.2", "0090.1", "4490.1", "3722.0", "3723.2",
	"3925.6 3225.6", "3725.0", "3723.4", "3121.4", "3722.7", "3128.6", "3126.6", "3224.7",
	"3723.2", "3622.7", "3628.1", "3425.6", "3429.4", "3623.0", "3022.7", "3823.1",
	"3428.1", "9990.1", "3624.7", "3221.7", "3122.7", "3622.7", "3622.7", "2790.1",
	"3426.5", "3225.3", "3625.6", "3124.6", "3826.6", "3823.3", "3521.8", "3122.7",
	"3424.1", "3122.7", "3023.2", "3822.7", "3428.6", "3128.6", "4022.7", "2042.7",
	"6042.7", "0022.7", "8042.7", "2090.4", "2021.7", "2022.7", "2293.0", "2021",
	"2291.4", "2194", "2297.0", "2090.7", "2998.0", "2590.6", "2892.7", "2291.4",
	"2490.0", "2992.0", "2191.0", "2294.0", "2390.0", "2791.1", "2299.4", "2596.0",
	"2791.0", "2191.9", "2394.7 2394.4", "2599.0", "2194.9", "5090.4", "2593.0", "2593.0",
	"2294.0", "2393.4", "2191.7", "2592.7", "2296.3", "2698", "2899.0", "3790.4",
	"2191.4", "2496.1", "2391.4", "2792.7", "2292", "2493.2", "2492.7", "2393.2",
	"2294.7", "2394.7", "2891.6", "2696", "2694.1", "2892.7", "2691.4", "2899.4",
	"2992.7", "2891.6", "2892.7", "2491.4", "2690.0", "2496.1", "2893.2", "2094.7",
	"2694.0", "2498.1", "2491.6", "2091.4", "2690.0", "2494.7", "2699.4", "0090.1",
	"2792.0", "2395.0", "2416", "2495.6", "2392.7", "2196.6", "2291.4", "2294.7",
	"2792.7", "2295.7", "2296.3 2296.9", "2793", "2694.7", "2498.6", "2297.7", "2393.2",
	"2396.1", "0090.4", "2092.7", "4794.7", "2593.6", "2396.8", "2799.1", "2692.2",
	"2392.2", "0029.4", "2795.1", "2191.4", "2792.2", "2239.4", "2598.6", "2198.6",
	"2293.7", "2791.6", "2496", "2498.6", "2295.3", "2593.3", "2491.1", "2293.4",
	"2292.7", "2093.1", "2091.4", "2893.3", "2593.2", "2496.1", "2195.3", "2093.2",
	"2092.3", "2528.6", "2293.7", "2494.7", "2098.6", "2796.3", "2093.1", "2093.2",
	"2294.6", "3080.2", "3071.7", "3041.7", "3042", "3020.7", "3020.7", "3010.1",
	"3040.1", "3055.8 3055.1", "3043.2", "3024.1", "3071.7", "3043.0", "3072.7", "3021.1",
	"3060.8", "3030.7", "3071.2", "3072.7", "3022.7", "3023.2", "3077.7", "3022.7",
	"3012", "3012.7", "3014.1", "3010.4", "3077", "3010.4", "3033.3", "3040.8",
	"3011.3", "3060.1", "3060.8", "3060.7", "3044.7", "3050", "3022", "3077.7",
	"3027.2", "3090.4", "3015.3", "3040.8", "3081", "3080", "3060.1", "3022.7",
	"3011.4", "3043.2", "3022.1", "3040", "3022.7", "3033.1", "3077.2", "3029.4",
	"3094.8", "3023.2", "3080.1", "3032.7", "3040.4", "3012.7", "3033.9", "3051.6",
	"3098.2", "3021.4", "3011.6", "3071.5", "3071.7", "3071.7", "3024.8", "3080.6",
	"3071.6", "3092.7", "0010.8", "0410.0", "0214.0", "0413.2", "0062.1", "0211.4",
	"0812.7", "2710", "0712.0", "0116.0", "0312.1", "0071.6", "0011.8", "0021",
	"0021.6", "0040.6", "0116.0", "0313.4", "0314.7", "0313.4", "0010.4", "0519.6",
	"7710.8", "0215.7", "0612.7", "0714.1", "0212.7", "0111.4", "0021.6", "0844.7",
	"0021.6", "8822.0", "8810.1", "8842.7", "8840.1", "8840.1", "8871.0", "8810.4",
	"8851.7", "8812", "8844.1", "8840.8", "8871.7", "8824.7", "8812.7", "8823.2",
	"8850.7", "8821.1", "8822.7", "8821.7", "8843.2", "8820.7", "8871.1", "8871",
	"8821", "8860.1", "8810.4", "8850.0", "8860.3", "8860.3", "8860.3", "8810.8",
	"8874.7", "8871.2", "8860.2", "8862.7", "8824.3", "8823.4", "8810.6", "8822.7",
	"8822.7", "8820.7", "8821.1", "8844.7", "8852.7", "8862.7", "8844.1", "8846.3",
	"8862.1", "8811.2", "8843.0", "8871.6", "8871.7", "8850", "8812.7", "8841",
	"8830", "8810.4", "8811.3", "8821.1", "8850.7", "8812.7", "8860.4", "8834.1",
	"8840.8", "8822.7", "8810.4", "8862.7", "8846.3", "8825.3", "8871.1", "8811.7",
	"8822.7", "8860.1", "8890.2", "8856.3", "8840", "8822", "8817.7", "8850.7",
	"8812.7", "8890.4", "8851", "8892.0", "8873.2", "8860.6", "8821.1", "8821.6",
	"8822.7", "8825.3", "8844.1 9944.1", "8810.8", "8821.1", "8824.8", "8822.7", "8840.1",
	"8843.8", "8840.1", "8860.1", "8893.4", "8840.1", "8834", "8871.1", "8850",
	"8880.2", "8810", "8822", "8890.8", "8840.6", "8822.1", "8871.1 8811.1", "8860.3",
	"8816.3", "8823.3", "8850.3", "8812.0 8812.3", "8851.2", "8821.7", "8850.7", "8822.7",
	"8880.1", "8822.7", "8813.2", "8816.3", "8880.1", "8899.4", "8844.6", "8860.3",
	"8824.7", "8862.3", "8843.2", "8810.1", "8857.5", "8871.1", "8810.4", "8877.7",
	"8821", "8840.8", "8880", "8871", "8855", "8820", "8850.6", "8822",
	"8860.4", "8822.1", "8824.6", "8896.3", "8825.3", "8860.2", "8821.2", "8860.4",
	"8892.7", "8822.3", "8872.7", "8810.4", "8851.2", "8823.2", "8822.7", "8890.4",
	"8818.1", "8871.3", "8823.4", "8862.9", "8878.2", "8880", "8840", "8880.6",
	"8810.7", "8842.7", "8822.7", "8871.1", "8812.7", "8822.7", "8855.7", "8831.1",
	"8822.7", "8829.3", "8873.2", "8880.6", "8822.7", "8832.7", "8890.4", "8871.1",
	"8821.4", "8829.4", "8872.7", "8821.7", "8850.2", "8821.1", "8810", "8875.3",
	"8862.7", "8822.7", "8817.1", "8850.4", "8830.3", "8832.7", "8830.4", "8820.2",
	"8871.2", "8890.1", "8821", "8822.7", "8825.3", "8834.3", "8880.6", "8828.1",
	"8860.0", "8892.7", "8821.5", "8821.4", "8823.4", "8830.6", "8810.4", "8810.7",
	"8858.2", "8840.4", "8856.1", "8821.1", "8858.2", "8873.2", "8873.2", "8822.2",
	"8873.2", "8852.7", "8872", "8890.4", "8844.2", "8812.7", "8890.6", "8850.6",
	"8840.6", "8810.7", "8822.7", "8822.7", "8880.6", "8822.7", "8810.8", "8880.6",
	"8880.1", "8842.7", "8860.1", "8822.7", "8816.4", "8860.8", "8824.6", "8844.1",
	"8826.1", "8884.7", "8860.6", "8830.2", "8858.6", "8888.6", "8823.7", "8814.6",
	"8856.2", "8898", "8810.7", "8880.1", "8823.2", "8811.7", "8810.4", "8821.4",
	"8864.1", "8896.1", "8828.1", "8823.2", "8816.9", "8844.8", "8815.3", "8821.4",
	"8829.3", "8813.2", "8821.7", "8815.3", "8854.1", "8898.6", "8821.1", "8822.7",
	"8815.3", "8822.7", "8811.4", "8830.3", "8830.2", "8872.1", "8880.6", "8841.4",
	"8891.4", "8821.7", "8128.6", "9090.4", "8090", "9490.0", "9791.0", "9494.4",
	"9891.7", "9080", "9297", "9794.7", "9795.0", "9490.0", "9590.0", "9294.0",
	"2790.4", "9191.0", "9194.7", "9792.0", "9791.5", "9892.7", "2190.9", "9494.1",
	"9290.0", "9291.4", "9397.7 9392.7", "9791.7", "9091.8", "9191.7", "9690.0", "9599.0",
	"9791.0", "9196.0", "5022.7", "2290", "9192", "9196.3", "1090.4", "9792.0",
	"3790.4", "9794.0", "2620.7", "1722.7", "9091.4", "9196.0", "9080", "9192.7",
	"9896.1", "9393.2", "9691.0", "3390.4", "2790.4", "9194.6", "9691.4", "2620.7",
	"9094.8", "9694.0", "9193.2", "9220.0", "9399.1", "9592.7", "9699.4", "9491.4",
	"9392", "9491.1", "9799.4", "9798", "9792.7", "9792.0", "9892.1", "9896.4",
	"9893", "9191.4", "9394.2", "9792.7", "9492.7", "9793.6", "9893.1", "9096.7",
	"9693.4", "9393.2", "9493.6", "0029.4", "9392.2", "9080.1", "9596.6", "9093.2",
	"9493.4", "9691.4", "9393.6", "7090.4", "9696.4", "9191.7", "9192.7", "9690.0",
	"1722.7", "9192.7", "8791.4", "4490.4", "2791.4", "9492.7", "2290.3", "2291.0",
	"2090.3", "2192.0", "2290.0", "2791.7", "2490.0", "2490.0", "2290.0", "2792.0",
	"2191.0", "2194.0", "2891.7", "2591.7", "2792.0", "0090.3", "2094.0", "2391.4",
	"2492.7", "2393.4", "2490.0", "2791.5", "2199.0", "2892.0", "2792.2", "2591.7",
	"2191.0", "2290.0", "2992.0", "2493.2", "2294.0", "2794.7", "2892.7", "2193.1",
	"2291.4", "2491.2", "2892.7", "5090.3", "2092.7", "4090.3", "2790", "2490.0",
	"2593.0", "2190.3", "2596.0", "4290.3", "6090.3", "2690.0", "2394.4", "2491.7",
	"2590.6", "2392.1", "2493.1", "2091.4", "2796.2", "2497.0", "2593.0", "2592.7",
	"2391.1", "2892.2", "2396.0", "2297.7", "2891.2", "2793.3", "2093.2", "2791.0",
	"2792.0", "2995.0", "2792.0", "2593.3", "2093.2", "2791.4", "2192.1", "2590.6",
	"2496.1", "2599.0", "2290.0", "2491.4", "2196.0", "2791.7", "2991.1", "2798.2",
	"2829.3", "5790.3", "2094.8", "2891.4", "2796.4", "2792.0", "2894.1", "2896.1",
	"2792.0", "2395.0", "2291.3", "2690.0", "2390.3", "9090.3", "4690.3", "2098.2",
	"2191.3 2191.4", "2091.3", "2299.3", "2795.4", "2893.1", "2791.7", "5590", "2692.7",
	"2492.7", "2791.6", "2292.2", "2696.0", "2393.2", "2599.6", "2792.7", "2992.7",
	"2391.1", "2794.7", "2194.6", "2892.7", "2292.7", "2896.8", "2494.7", "2294.1",
	"2294.4", "2690.0", "2294.7", "2191.1", "4229.3", "2191.1", "2991.9", "2491.2",
	"2793.2", "2399.1", "2499.0", "2291.4", "2393.4", "2793.2", "2099.6", "2792.0",
	"2991.2", "4490.0", "2094.7", "2391.2", "2592.7", "2395.3", "3294.7", "2091.4",
	"3890.3", "2792.0", "2397.7", "2792.0", "2792.0", "2794.7", "2299.4", "2094.8",
	"2892.7", "2896.4", "2492.1", "2398.1", "2694.0", "2194.6", "2494.7", "2692.7",
	"2594.4", "2598.1", "2998.9", "2691.1", "2794.0", "2692.7", "2296.3", "2192.7",
	"7790.3", "2191.1", "2294.4", "2395.0", "2893.3", "2793.2", "2496.0", "2092.4",
	"2690.0", "2395.0", "2495.6", "2693.2", "2193.4", "2229.3", "2694.1", "2794.7",
	"2291.4", "2092.7", "2796.4", "2793.2", "2499.4", "2693.0", "2896.1", "2392.7",
	"2294.7", "2191.2", "2196.0", "2894.7", "2495.6", "2892.1", "2793.4", "2992.0",
	"0029.3", "2599.6", "2194.6", "2795.0", "2498.1", "2792.7", "2894.0", "2793.2",
	"2792.7", "2691.6", "2395.0", "9990.3", "2196.1", "2891.7", "2793.7", "2893.4",
	"2092.7", "2792.7", "2790.3", "2792.7", "2893.7", "2891.1", "2199.6", "2799.4",
	"2691.7", "2396.1", "2093.2 2093.5", "2297.7", "2394.2", "2698.6", "2498.1", "2092.7",
	"2194.3", "4794.7", "2394.1", "7929.3", "6299.3", "2599.3", "2499.4", "2898.1",
	"2799.1", "2694.4", "2793.4", "2092.7", "2396.1", "2398.6", "2198.1", "2898.1",
	"2699.3", "2594.3", "2095.3", "2694.7", "4590.3", "2594.4", "2493.4", "2199.1",
	"2593.0", "0029.3", "2898.1", "2693.0", "2598.6", "2392.2", "2291.4", "8890.3",
	"2094.3", "2292.7", "7790.3", "2299.4", "2792.2", "2279.3", "2393.6", "2691.3",
	"2395.0", "5790.3", "2694.3", "2592.7", "2593.3", "2292.7", "2896.6", "2694.7",
	"2395.0", "2896.1", "2894.0", "2995.9", "2792.7", "2296.9", "2499.6", "2894.6",
	"2792.0", "2491.1", "2695.6", "3390.3", "2592.7", "2598.6", "2591.6", "2393.6 2693.6",
	"2193.1", "2493.4", "2691.6 2791.7", "2896.6", "5790.3", "4422.7", "2693.2", "2699.4",
	"2795.2", "2894.0", "7090.3", "2091.6", "2093.6", "2593.2", "2993.3", "2694.1",
	"2893.4", "2192.7", "2291.3 2991.9", "2398.6", "2593.7", "2891.7", "2393.4", "2293.1",
	"8890.3", "2092.3", "2691.4", "9198.6", "2198.6", "2598.6", "2093.2", "2194.7",
	"2498.6", "6090.3", "2395.0", "2091.4", "2198.6", "2191.7", "2191.4", "2694.4",
	"2791.3", "2093.2", "2395.0", "2292.7", "2598.6", "2691.4", "2191.1", "5099.3",
	"2891.6", "2010", "2210", "2114", "2111", "2410", "2214", "2811",
	"2712", "2714", "2511", "2010", "2711", "2712", "2512", "2113",
	"2413.2", "2511", "2211", "2912", "2712", "2412", "2211.4", "2810",
	"2811", "2812", "2214", "2014", "2012", "2311.2", "2210.0", "2711",
	"2712", "2315", "2417", "2411", "2314", "2519", "2711", "2510",
	"2610", "2618", "2713", "2717", "2915", "2512", "2217", "2716",
	"2715", "2711", "2316", "2712", "2315", "2416", "2412", "2511",
	"2111.4", "2112", "2813", "2816", "2712", "2715", "2716", "2711",
	"2014", "2011", "2114", "2912", "2612", "2212", "2816.8", "2214",
	"2719", "2911", "2812", "2518", "2416", "2414", "2418", "2412",
	"2111", "2114", "2912", "2611", "2611", "2011", "2612", "2214",
	"2712", "2712", "2712.0", "2316", "2911", "2319", "2318", "2317",
	"2719", "2714", "2216", "2415", "2610", "2315", "2116", "2811",
	"2618", "2912", "2614", "2611.7", "2518", "2613", "2211", "2714",
	"2114", "2613.2", "2718", "2713", "2214", "2012", "2914", "2312",
	"2716", "2713", "2116", "2314", "2114", "2418", "2713", "2013.2",
	"2012", "2011", "2012", "2811", "2813", "2318", "2119", "2614",
	"2619", "2714", "2316", "2712", "2219", "2118", "2419", "2816.1",
	"2816", "2111", "2513", "2619", "2613", "2814", "2418", "8077.2",
	"8171.0", "8033.7", "8573.0", "8474.9", "2874.1", "2276.1", "7777", "9977.2",
	"4777.4", "8174.9", "2174.6", "0777.1", "0077.2", "6677.2", "6077.2", "8673.1",
	"2171.7", "8471.4", "7722.0", "7722.0", "3740.1", "6020", "6090.1", "6072",
	"6023.2", "6010.4", "6010.7", "6022.7", "6060.4", "6074.7", "6010.1", "6073",
	"6010.4", "6022.7", "6040.7", "6099.4", "6071.6", "6040.6", "6011.1", "6013.0",
	"6044.7", "6015.3", "6071.6", "6062.0", "6022", "6060.4", "6033.6", "6033",
	"6032.7", "6060.2", "6021.1", "6064.0", "6091.4", "6090.4", "6024.0", "6050.4",
	"6022.1", "6060.6", "6010.4", "6052", "6092.7", "6022.7", "6091.4", "6033.1",
	"6052.1", "6052.7", "6099.3", "8050.1", "1150.0", "8021.1", "4050.1", "8043.1",
	"8080.7", "8852.7", "8751.7", "8033.1", "8023.2", "8754.7", "8853.7", "8052.7",
	"8352.1", "8254.0", "8021.5", "8751", "8553.2", "8018.2", "8355.0", "1750.1",
	"1865.1", "8151.1", "8351.1", "8354.7", "8018.2", "8055.3", "8355.0", "8852.1",
	"8053.0", "8652.7", "8258.9", "8159.6", "8025.3", "8256.9", "8458.6", "8051.7",
	"8858.6", "0021.7", "8053.0", "8152.7", "8054.7", "7725.1", "1712.0", "1111.0",
	"1744.2", "1510.6", "8012.7", "1822.7", "0772.0", "4740.2", "1740.1", "1744.0",
	"6752.0", "5702.0", "0712.0", "1011.8", "1710.8", "1424.7", "8732.0", "1720.2",
	"1513.0", "1712.0", "1760.2", "8752.0", "8012.7", "2722.0", "5721", "2722.0",
	"1750.4", "2722.7", "1743.8", "1019.6", "1721.4", "1740.8", "1122.7", "7722.0",
	"1740.4", "4412.7", "8012.7", "1780.1", "1722.0", "1214.7", "1161.1", "1750.2",
	"1713.4", "1722.0", "1722.7", "4842.7", "2742.0", "1792.0", "7712.7", "1513.0",
	"1712.7", "9722.0", "0782.0", "4721.2", "2762.0", "1780.1", "2722.0", "6772.0",
	"4762.0", "9721.4", "4471.1", "4420.7", "4471.4", "4460.0", "4460.1", "4462.7",
	"4410.4", "1022.7", "1040.4", "1043.2", "1222.2", "1420.0", "2222.7", "5090.0",
	"5794.7", "5590.0", "5992.0", "5291.4", "5193.1", "5791.7", "5396.0", "5797.7",
	"5690.0", "5791.7", "5896", "5492.7", "5492", "5496.1", "5992", "5692.7",
	"5994", "5194.3", "5595.7", "5092.7", "5594.4", "5194.7", "5096", "1040.0",
	"1211.0", "1142.0", "1712.7", "4040.1", "8840", "1812.7", "1111.0", "1411.2",
	"1413.2", "1918.0", "1044", "1544.7", "1813.7", "1111.1", "1442.0", "1712.0",
	"4340", "1648", "1342", "1142.7", "1416.1", "1144.0", "1216.4", "1848",
	"1610.4", "1512.7", "1723.2", "1341.0", "1345.0", "7740.1", "8640.1 8612.1", "1813.3",
	"1318.1", "1012.1", "1213.4", "1214.3", "1548", "1843", "1812.7", "1217.2",
	"1613.0", "4840.1 5840.1", "4740.1", "2840.1", "1413.6", "6518.6", "1044.1", "1315.0",
	"1746.1", "1312.1", "1413.1", "0140.1", "5000.7", "5000", "1520.7", "5022",
	"2540.7", "5022.7", "7570.7", "3850.7", "4022.7", "7721.7", "7422.7", "7721.0",
	"8022.7", "7821.7", "7521.7", "0022.7", "7722.0", "9022.7", "7420.0", "6022.7",
	"7421.0", "7121.0", "7222.2", "7124.0", "7122", "7722", "7724.7", "7424.7",
	"7822.7", "7528", "7721.7", "3022.7", "7022.7", "7521.7", "7321.4", "7422.7",
	"7021.7", "2122.7", "7423.2", "0022.7", "4022.7", "7222.1", "7728", "7824.0",
	"7522.7", "7520", "7423", "2722", "7520", "7223", "7423", "7520.0",
	"6022.7", "5022.7", "7523.0", "7621.0", "7522.7", "7324.7", "7620.0", "7722.0",
	"1122.7", "7223.0", "7326.0", "7522.7", "7227.7", "7628.0", "2122.7", "7420.0",
	"7925.0", "7822.2", "7023.2", "7821.1", "7121.9", "7625.0", "7521.0", "7224.0",
	"7721.2", "7423.1", "4762.0", "7821.2", "2201.0", "1722.7", "7523.0", "7321",
	"7429", "7123", "7120", "7721", "4722", "7620.0", "7422.7", "7523.2",
	"7921.1", "7028.2", "7726.4", "7722.0", "7121.4", "7024", "7722.0", "7122.7",
	"7324.4", "7122.1", "7824.1", "2121.1", "4325.0", "1722.7", "7221.3", "7126.1",
	"4022.7", "7721.2", "7422.7", "7223.2", "7323.2", "1122.7", "7823", "7429",
	"7021", "7022", "7027", "7929", "7423", "0022", "7721.7", "7424.7",
	"7321.1", "7323.2", "7722.0", "7121.1", "7022.7", "7821.4", "7224.3", "7224.1",
	"7825.7", "7122.7", "7123.2", "7423.8", "7324.7", "2822.7", "7821.6", "7214.7",
	"7621.4", "7322.7", "7121.8", "7821.6", "7729", "7227.2 7927.2", "7622", "7821",
	"7123.2", "7024.8", "7021.4", "7624.0", "7523.2", "6922.7", "7221.4", "7528.1",
	"7224.4", "7522", "7426.1", "7024.7", "7421.6", "7823.2", "7722.7", "7724.7",
	"0022.7", "7024.0", "7726.4", "7121.1", "7321.1", "7321.2", "7620.0", "7329",
	"7328", "7721.4", "7429.4", "7723.2", "7321.4", "7523.4", "7722.7", "7622.7",
	"7026.1", "7621.4", "7226.3", "2822.1", "7222.7", "7422.7", "7221.4", "7622",
	"7623.0", "7226.4", "7124.4", "7524.0", "7623.2", "7722.0", "7723.7", "7724.7",
	"7126.6", "7622.7", "7824.7", "7623.2", "7324", "7126", "7621", "7922",
	"7723.3", "7022.7", "0822.7", "7621.7", "7529.3", "7723.7", "7122.7", "7821.7",
	"7324.2", "9922.7", "7422.7", "7621.1", "0022.7", "7328", "7822.7", "7620.0",
	"7221.4", "7129.1", "7323.6", "2122.7", "7921.4", "7423.4", "7423.2", "7504.3",
	"7024.3", "7722.2", "7524.6", "7321.4", "7127.4 7127.7", "7925.9", "7021.4", "7222.2",
	"7324.0", "7026", "2429.6", "7221.5", "7421.1", "7226.9", "7325.0", "7023.1",
	"7826.5", "7823.1", "7424.8", "7722.7", "7423.2", "7428.6", "0022.7", "7021.6",
	"7723.2", "7726.1", "7826.6", "7523.2", "7722.7", "7023", "7022.7", "7021.4",
	"7123.2", "7622.7", "7023.6", "7022.7", "7422.7", "7828.6", "7629.4", "7424.7",
	"7022.3", "7328.6", "7223.1", "7122.7", "7424.7", "7425.3", "7023.1", "7321.6",
	"7221.7", "7423.1", "7121.7", "7121.4", "7428.2", "0021.7", "7621.4", "7425.3",
	"2222.7", "4022.7", "7428.6", "7171.7", "7870.0", "1111.7", "2325.0", "7876.6",
	"1122.3", "2600.0", "2690.4", "2643.0", "2688.0", "2791.2", "1010.4", "1814.0",
	"4315.0", "1111.4", "1315.0", "4010.4", "1519.4", "7777.0", "7723.7", "1077.7",
	"2077.7", "7744.7", "5077.7", "7732.7", "7742.7", "7780", "7780.1", "7780.1",
	"7750.2 7750.8", "4477.7", "7710.7", "2060.4", "8060.4", "8060.1", "2264.0", "1565.7",
	"8762.2", "2263.3", "2968.9", "8362.7", "8362.7", "8367.7", "2520.0", "2025.2",
	"4050.3", "8025.1", "2744.0", "2742.0", "2141.0", "2247.0", "2440", "2741.7",
	"2144.7", "2843.2", "2041.7", "2042.7", "2744.7", "2241", "2242.7 2342.7", "2540.6",
	"2741", "2841", "2843.7", "2546.0", "2841.1", "2341.1", "2640.0", "2043.2",
	"2142.0", "2846.0", "2645.0", "2140", "2448.1", "2745.4", "2146", "2422.1",
	"2244.7", "2745.4", "2942.7", "2849.4", "2244.1", "2741.4", "2741.7", "2641.1",
	"2846.1", "2244.8", "2342.7", "2646.0", "2449.4", "2042.7", "2841.2", "2841.7",
	"2744.7", "2846.7", "2546.6", "2544.4", "2442.7", "2147.7", "2841.3", "2041.4",
	"2946.6", "2446.1", "2746.3", "2845.3", "2841.7", "2443.2", "2042.3", "2746.3",
	"2141.7", "2741.3", "2044.7", "7773.2", "3073.2", "7743", "4753.2", "2771.7",
	"5701", "5701.7", "8741.7", "5711.7", "5711.7", "2244.7", "4400", "4471",
	"4420.1", "4441.7", "4440.0", "4422.7", "4422.7", "4422", "4421.7", "4451.7",
	"4404.3", "1150", "4440.2", "4440.1", "4412.7", "4472.7", "4410.4", "4423.1",
	"4471.7", "4471.0", "4440.7", "2244.7", "4420", "4471.1", "4453.0", "4471.4",
	"4450.7", "4441", "4430.7", "4401.7", "4440.7", "4440.1", "4480.2", "4421.1",
	"4490.1", "4441.0", "4422.8", "4427.7 4420.7", "4440.7", "4424.7", "4420.7", "4474",
	"4421.1", "4422.7", "4471.7", "4422.7", "4433.0", "4440.7", "4421.4", "4422.7",
	"4422.7", "4453.0", "4472.7", "4410.1", "4473.1", "4422.1", "4443.0", "2742.7",
	"4471.4", "4424.1", "4422.7", "4421.7", "4488", "4480.9", "4444.7", "4423",
	"4442.0", "4452", "4422", "4471.1", "4421", "4421", "4473", "4471",
	"4410", "4433", "4421.2", "4455.7", "4430.7", "4460.3", "4460.2", "4460.0",
	"4460.0", "4422", "4410.8", "4462.1", "4460.0", "4471.2", "4462.7", "4474.7",
	"4418.0", "4471.7", "4410.9", "4460.4", "4460.4", "4420.1", "4421.1", "4422.7",
	"4460.1", "4460.0", "4472.7", "4423.4", "4423.2", "4453.0", "4481.1", "4430.3",
	"4410.7", "4453.0", "4490.8", "4477", "4440.9", "4450.7", "4424.0", "4433.0",
	"4452.7", "4477.7", "4425.3", "4411.2", "4446.0", "4422.2", "4472.7", "4444.7",
	"4411.1", "4490.4", "4474.2", "4421.4", "4462.7", "4410.4", "4441", "4412",
	"4480.2", "4410", "4473", "4460.4", "4460.7", "4422.7", "4445.3", "4472",
	"4473.2", "4460.1", "4471.6", "4471.2", "4429.4", "4422.0", "4480.1", "4420.7",
	"4410.4", "4490.2", "4413.6", "4418.2", "4426.1", "4421.1", "4411.0", "4421.4",
	"4440.8", "4423.4", "4490.4", "4473.2", "4411.1", "4460.0", "4460.0", "4490.4",
	"4425.3", "4440.1", "4446.0", "4421.3", "2244.7", "4422.7", "4425.6", "4411.7",
	"4462.7", "4410.6", "4412.7", "4410.4", "4480.2", "4460.1", "4240", "4422.1",
	"4425.0", "4440.6", "4440.0", "4422.7", "4440.4", "4474.8", "4410.4", "4421.4",
	"4424.7", "4453.2", "4421.1", "4444.1", "4422.7", "4441.1", "4411.4", "4430.3",
	"4480", "4421", "4440", "4422", "4473.1", "4422", "4412", "4490",
	"4450", "4490", "4450", "4480", "4434", "4430", "4449", "4422",
	"4480", "4411", "4414", "4412", "4410.8", "4453.5", "4433.2", "4462.7",
	"4422.1", "4440.7", "4412.7", "4428.9", "4490.4", "4440.4", "4440.7", "4425.3",
	"4410.8", "4422.7", "4421.8", "4422.7", "4412.7", "4434.7", "4492.0", "4421.4",
	"4421.1", "4421.6", "4423.2", "4412.9", "4452.9", "4411.2", "4460.6", "4450.7",
	"4460.0", "4460.9", "4410.1", "4450.0", "4440.1", "4460.7", "4440.1", "4440.1",
	"4424", "4410.4", "4421.1", "4460.2", "4422.7", "4490.8", "4433.1", "4460.1",
	"4421.5", "4422.7", "4421.6", "4473.2", "4440.7", "4455.3", "4443.0", "4442.7",
	"4439.4", "4418.2", "4490.8", "4430", "4464", "4422", "4441.3", "4410",
	"4428", "4421", "4410", "4412", "4411", "4444.3", "4492.0", "4421.2",
	"4422.7", "4462.7", "4411.7", "4490.6", "4477.7", "4414.7", "4446.4", "4451.8",
	"4423.2", "4492.7", "4469.5", "4460.0", "4433.2", "4471.1", "4412.1", "4460.2 4460.3",
	"4490.4", "4424.7", "4422.7", "4460.6", "4456.0", "4493.2", "4410.4", "4422.7",
	"4490.4", "4454.7", "4492.7", "4441.3", "4414.7", "4477.2", "4411.2", "4474.7",
	"4471.2", "4492.1", "4424.0", "4440.4", "4460.1", "4460.1", "4410.4", "4416.2",
	"4423.4", "4450.4", "4443.2", "4440.7", "4411.1", "4410.9", "4471.6", "4422.7",
	"4450.3", "4422.7", "4423.3", "4411.7", "4422.7", "4499.4", "4480.9", "4494.7",
	"4433.3", "4412.0", "4480.1", "4440.8", "4472.7", "4440.6", "4473.2", "4421.7",
	"4490.8", "4440.4", "4462.7", "4414.9", "4440.4", "4477.7", "4480.1", "4421.4",
	"4421.3", "4410.7", "4490", "4455.4", "4444.6", "4426", "4420", "4422.7",
	"4411.2", "4480.1", "4413", "4460", "4490", "4422", "4420", "4498.9",
	"4494.0", "4460.9", "4442.7", "4422.7", "4480.6", "4490.6", "4410.6", "4444.7",
	"4422.7", "4482.0", "4422.7", "4460.8", "4422.0", "4423.7", "4422.7", "4460.6",
	"4460.1", "4420.7", "4416.4", "4416.4", "4456.4", "4421.2", "4461.1", "4421.1",
	"4481.7", "4429.4", "4490.4", "4490.4", "4422.7", "4444.4", "4460.6", "4425.7",
	"4410.7", "4414.0", "4491.1", "4423.4", "4443.3", "4460.4", "4496.0", "4471.1",
	"4472.7", "4480", "4412.7", "4424.1", "4410.4", "4424.7", "4422.7", "4410.7",
	"4410.4", "4422.1", "4450.6", "4442.7", "4473.2", "4461.7", "4462.7", "4444.1",
	"4424.7", "4444.7", "4492.7", "4424.3", "4433.2", "4425.3", "4425.3", "4443.0",
	"4420.1", "4450.6", "4433.6", "4421.2", "4440.1", "4440.4", "4433.1", "4422.7",
	"4421.4", "4440.4", "4425.3", "4460", "4480", "4424.2", "4440", "4432.7",
	"4413.2", "4460.4", "4421.3", "4424.7", "4464.1", "4413.2", "4450.2", "4423.2",
	"4422.7", "4473.5", "4499.1", "4429.6", "4421.8", "4412.7", "4433.6", "4422.7",
	"4429.4", "4419.1", "4425.3", "4422.7", "4491.7", "4434.6", "4451.0", "4441.3",
	"4442.7", "4421.4", "4220.0", "4444.7", "4452.7", "4412.7", "4442.7", "4492.7",
	"4433.1", "4423.7", "4413.4", "4422.7", "4460.7", "4433.6", "4422.7", "4449.3",
	"4490.4", "4480.0", "4460.3", "4411.3", "4422.7", "4422.7", "4460.8", "4422.7",
	"4410.7", "4440.7", "4460.1", "4426.7", "4421.2", "4424.3", "4473.2", "4454.1",
	"4426.1", "4430.1", "4471.1", "4428.1", "4421.4", "4422.2", "4494.8", "4410",
	"4412", "4422", "4472.7", "4428", "4410", "4412", "4429.4", "4422.7",
	"4422.4", "4430.2", "4430.3", "4430.4", "4430.4", "4428.1", "4428.1", "4434.1",
	"4471.6", "4410.4", "4434.3", "4461.4", "4451.4", "4422.7", "4411.7", "4441.0",
	"4420.2", "4450.4", "4460.1", "4426.1", "4462.7", "4490.3", "4423.6", "4414.7",
	"4471.4", "4490.1", "4473.2", "4494.1", "4434.7", "4498.2", "4421.1", "4464.7",
	"4422.7", "4425.3", "4433.6", "4440.7", "4462.7", "4422.7", "4421.7", "4423.1",
	"4420.2", "4428.1", "4424.0", "4424.8", "4469.4", "4440.4", "4423.4", "4493.3",
	"4490.1", "4424.2", "4477.3", "4433.2", "4432.7", "4417.1", "4460.0", "4480.6",
	"4452.1", "4432.7", "4411.3", "4423.1", "4460.0", "4429.6", "4421.7", "4494.7",
	"4425.3", "4460", "4421", "4414", "4422", "4421.4", "4472", "4424.8",
	"4490.4", "4499.2", "4434.6", "4460.9", "4422.7", "5532.7", "4425.0", "4440.6",
	"4440.6", "4433.1", "4433.3", "4411.1", "4412.1", "4422.7", "4422.7", "4413.1",
	"4444.7", "4426.1", "4490.4", "4416.4", "4421.1", "4433.3", "4420.7", "4492.7",
	"4491.7", "4414.7", "4490.3", "4480.6", "4480.6", "4425.2", "4423.1", "4421.4",
	"4428.6", "4424.7", "4428.2", "4412.7", "4433.1", "5510.4", "4499.3", "4422.7",
	"4432.7", "4411.7", "2992.0", "4452", "4411", "4423.2", "4430.7", "4428.6",
	"4430.4", "4421.4", "4415.3", "4478.1", "4475.7", "4460.3", "4411.7", "4443.0",
	"4424.8", "4412.7", "4414.6", "4444.3", "4424.7", "4424.8", "4460.6", "4425.3",
	"4432.0", "4480.6", "4422.7", "4421.2", "4425.3", "4433.6", "4494.7", "4410.6",
	"4460.1", "4423.7", "4430.2", "4460.0", "4430.4", "4441.4", "4422.7", "4474.1",
	"4464.1", "4426.1", "4423.2", "4488.6", "4488.6", "4422.7", "4425.2", "4414.7",
	"4421.1", "4422.7", "4421.1", "4421.1", "4421.4", "4492.1", "4433.1", "4490.4",
	"4444.8", "4460.4", "4433.1", "4414.0", "4430.3", "4420.1", "4464.1", "4421.4",
	"4422.7", "4419.1", "4410.4", "4422.3", "4411.7", "4422.7", "4448.1", "4480.9",
	"4490.4", "4433.4", "4428.2", "4490.0", "4462.6", "4450.2", "4480.1", "4463.4",
	"4496.1", "4421.4", "4410.7", "4410.7", "4425.3", "4421.6", "4440.7", "4492.7",
	"4415", "4492.7", "4430.8", "4423.6", "4424.7", "4480.6", "4413.2", "4473.1",
	"4466.1", "4466.6", "4466.2", "4430.2", "4424.8", "4421.1", "4423.2", "4490.4",
	"4425.2", "4423.1", "4416.9", "4444.8", "4414.6", "4428.6", "4442.7", "4433.4",
	"4412.0", "4411.3", "4491.6", "4421.1", "4466.4", "4426.4", "4462.7", "4422.7",
	"4419.4", "4491.6", "4498.6", "4421.4", "4454.1", "4410.6", "4433.3", "4452.1",
	"4422.1", "4421.7", "4439.4", "4424.2", "4491.7", "4428.6", "4490.1", "4426.1",
	"4493.6", "4490.4", "4490.4", "4473.2", "4412.7", "4435.1", "4472.7", "4452.7",
	"4484.8", "4423.7", "4426.1", "4440.4", "4421.1", "4481.4", "4462.7", "4422.7",
	"4466.2", "4430.3", "4490.3", "4490.4", "4412.7", "4422.7", "4422.1", "4410.7",
	"4494.7", "4448.6", "4410.4", "4481.4", "4410.8", "4415.3", "4441.3", "4433.1 4463.1",
	"4493.2", "4441.0", "4490.0", "4421.1", "4413.2", "4491.4", "4410.1", "4415.3",
	"4490.3", "4421.4", "4466.6", "4422.7", "4471.1", "2121.4", "2121.7", "2122",
	"2121.1", "2123", "7121.7", "4101.7", "2124.0", "2124.1", "2124.9", "2123.1",
	"2121.2", "2121.2", "2122.7", "2128.1", "6121.1", "2128.1", "2131.7", "1111.7",
	"2121.7", "2325.3", "2122.7", "2222.2", "9291.7", "2723.1", "5013.6", "5211",
	"5712.0", "5711.0", "5210.0", "5112.0", "1711.0", "5712.0", "5211.4", "5114.0",
	"5714.7", "5111.0", "1521.3", "5011.0", "5811.7", "6013", "5113", "1013",
	"2573", "5410", "5712", "5012.7", "5111.2", "5711.7", "5713.7", "5014.0",
	"5412.7", "5510.0", "5111.0", "5610.0", "5712.0", "5414.7", "5210.0", "5214.0",
	"2013.6", "5111.1", "5513.0", "5311.4", "5812.7", "5212.1", "5114.0", "5211.5",
	"5419.0", "5812.7", "5011.7", "5813.2", "1713.6", "5814.0", "5812.0", "5513.0",
	"2213.6", "5410.0", "5711.2", "5711", "5211.1", "5516.0", "5811.1", "5114.9",
	"5214.0", "5412.7", "5112.0", "5417.0", "5711.7", "5213.1", "5410.0", "5515.7",
	"4213.6", "5712.0", "5111.9", "5414.7", "5013.2", "5011.4", "5716.2", "5314.4",
	"5112.7", "5416.0", "5116.0", "5711.0", "5311.1", "5513.0", "5813.7", "5010",
	"1713.6", "5213.0", "3213.6 9013.6", "5112.7", "5711", "5516.0", "5315.0", "4315.0",
	"5610.0", "5311.2", "2713.6", "5815.1", "5411.4", "5210.0", "5519.0", "5715.7",
	"5713.2", "5216.4", "5014.8", "5814.1", "5416.1", "5816.1", "5513.2", "5116.0",
	"1713.6", "5713.6", "5711.2", "4413.6", "5111.4", "0013.6", "5411.1", "5513",
	"5518", "5511", "5112", "5012", "5111.1", "5214.3", "5313.2", "5912.7",
	"5712.7", "5413.8", "5811.6", "5315.0", "6012.7", "5818.1", "5715.4", "7113.6",
	"5113.2", "5312.7", "5611.0", "5213.6", "5613.4", "5214.7", "5210.0", "5313.2",
	"5111.4", "5819.4", "5612.7", "5412.7", "1113.6", "5214.1", "5213.1", "5811",
	"5612", "5610.0", "5813.2", "1113.6", "5716.4", "3013.6", "5418.1", "5610.0",
	"5416.1", "5711.7", "5811.1", "4213.6", "5212.1", "5812.7", "5314.3", "5518.1",
	"5712.0", "5712.0", "5717.2", "5717.7", "5315.0", "7713.6", "5614.0", "5214.4",
	"5014.7", "5612.7", "5210.0", "5911.2", "7713.6", "5711.7", "5512.7", "5011.4",
	"5619.4", "5311.2", "5519.6", "1013.6", "5214.7", "5714.7", "5115.0", "5611",
	"5610", "5615.6", "5211.6", "5410.0", "5712.0", "5612.7", "5012.1", "5616.0",
	"5712.2", "5116.0", "5812.1", "5116.1", "8573.6", "5311.6", "5611.4", "5111.4",
	"5312.7", "5719.4", "5315.0", "5718.6", "5713.2", "5716.7", "5612.7", "5116.6",
	"5113.4", "5118.6", "5814.7", "5816.1", "1813.6", "5714.7", "5413.5", "1713.6",
	"5211.4", "5612.7", "5416.0", "5214.7", "5618.1", "5814.7", "5214.7", "5411",
	"5210.0", "5515.7", "5712.0", "2913.6", "5419.4", "5014.7", "5712.7", "5611.7",
	"5212.7", "5412.7", "5914", "5516", "5419", "5711.7", "5713.3", "5712.7",
	"5012.7", "5112.7", "5613.0", "5213.5", "5119.6", "5812.7", "5714", "1523.6",
	"5013.4", "5712.7", "5613.4", "5803.6", "5519.1", "5211.7", "5712.7", "5016.7",
	"5211.8", "2113.6", "5316.1", "4713.6", "5611.3", "5112.7", "5718.0", "5811.7",
	"9913.6", "7923.6", "0713.7", "5412", "5012.7", "4813.6", "5426.7", "5012.7",
	"5412.7", "4813.6", "5011.1", "7413.6", "5311.4", "5911.4", "7529.6", "5119.1",
	"7113.6", "0023.6", "8713.6", "5212.1", "5619.3", "5514.4", "5411.4", "2713.6",
	"5318.6", "2713.6", "5014.3", "5712.7", "5714.7", "4513.6", "5013.7", "4413.6 5413.4",
	"4413.6", "5610.0", "5712.2", "1713.6", "5213.9", "5613.0", "5412.7", "5912.7",
	"5014.6", "5414.3", "5713.2", "5613.1", "4013.6", "5318.6", "5315.0", "5212.2",
	"5212.7", "5119.4", "9713.6", "5419.6", "5216.9", "5212.7", "5416.1", "5215.3",
	"5718.1", "5418.6", "5418.6", "5912.7", "7113.6", "5513.3", "5114.6", "5615.6",
	"5013.1", "5816", "5411.1", "5013.6", "5714.6", "4213.6", "5611.4", "5916.6",
	"2713.6", "5011.6", "5815.3", "4813.6", "5716.1", "4713.6", "5718.6", "2713.6",
	"5419.4", "0021.7", "5611.6 5711.7", "4413.6", "6313.6", "5613.2", "5013.7", "5612.7",
	"5614.1", "5718.2", "5414.3", "5715.2", "5012.3", "5919.4", "5413.2", "5013.2",
	"5112.7", "5414.7", "5711.4", "5318.6", "5415.3", "2213.6", "5616.0", "5211.6",
	"1013.6", "2713.6", "5013.6", "5112.7", "8013.6", "2013.6", "5111.7", "4013.6",
	"5412.7", "5416.0", "0113.6", "2213.6", "5111.1", "5712.7", "0023.6", "5013.2",
	"5010.7", "8612.7", "5614.4", "5212.7", "1113.6", "5611.4", "5411.4", "4013.6",
	"2213.6", "5614.7", "9313.6", "5712.7", "2213.6", "2710.0", "0010.7", "2712.0 2715.0",
	"2119.0", "2711.5", "2915", "2723.2", "2114.0", "2415.3", "5010.7", "2122.1",
	"2110.3", "2122.1", "2173.2", "2190.4", "2122", "2122.1", "2122.1", "2110.4",
	"2160.1", "2122.1", "2122.7", "2110.4", "2122.7 2122.1", "2180.1", "2122.1", "2122.1",
	"0073.2", "3023", "3320", "3124.0", "5073.2", "3724.0", "3421.2", "3222.2",
	"3420", "3523.0", "0073", "3822.7", "0073.2", "3724.7", "3422.7", "3421.2",
	"3620.0", "3520.6", "5073.2", "3224.0", "3424.7", "3221.4", "8073.2", "3822.7",
	"3722.0", "4073.2", "3523.7", "4773.2", "3228", "2773", "3522.7", "4673.2",
	"3321.1", "2373.2", "0073.2", "3721.2", "3422.7", "3726.2", "3621.0", "3721.0",
	"3328.2", "3526.0", "3822.2", "3821.2", "3620.2", "3324.4", "3224.0", "3529",
	"0073.2", "3523.0", "3525.7", "3925.0", "0073.2", "3722.0", "3023.2", "3423.1",
	"3424.7", "0073.2", "4373", "3829.0", "3324.7", "7773.2", "3323.4", "0073.2",
	"3422.7", "3221.4", "3725.4", "3826.1", "3424.7", "3126.0", "3426.1", "3726.4",
	"3620.0", "3529.0", "3421.4", "3620.0", "4375.0", "1273.2", "3123.1", "3122.1",
	"3473.2", "3927", "3725.4", "3723.2", "2773.2", "3121.8", "3423.8", "3620.0",
	"3621.4", "0073.2", "3622.7", "0073.2", "0022.7", "3826.8", "3123.2", "3021.3",
	"4373.2", "3726.7", "5273.2", "0073.2", "3322.7", "2473.2", "3821.6", "3973.2",
	"3621.4", "3423", "3821", "3025", "3722", "3928.9", "3624.0", "3220.0",
	"3424.7", "3626.0", "3722.0", "3724.7 3829.0", "3533.2", "3122.7", "9073.2", "1173.2",
	"3121.1", "3921.2", "3629.4", "0073.2", "3421.6", "2773.2", "3622.7", "2273.2",
	"3726.4", "6073.2", "3320.0", "3524.4", "3011.7", "3628.1", "3824.7", "3723.4",
	"3222.7", "3429.4", "3725.6", "0073.2", "3622.7", "3224.7", "0073.2", "3629.4",
	"3126.6", "3822.1", "3723.2", "3121.4", "3525.6", "3122.7", "3426.4", "3924",
	"3225.6 3925.6", "3621.7", "3622.7", "3426.1", "0073.2", "3326.8", "3124.3", "3121.1",
	"1973.2", "2773.2", "3723.3", "3221.7", "3729.4", "0073.2", "9973.2", "3022.7",
	"3073.2", "0073.2", "3422.7", "3523.0", "3821", "3022.7", "3726.2", "3128.1",
	"3524.4", "0073.2", "3121.2", "7473.2", "3139.1", "3623.6", "3322.2", "0073.2",
	"0073.2", "3223.4", "3722.0", "3529.2", "3625.6", "3029.4 0021.4", "3224.7", "3723.2",
	"3724.6", "3834.0", "3421.1", "3722.0", "3723.4", "3624.1", "3826.6", "3629.4",
	"3813.3", "3523.2", "3726.1", "3828.6", "7073.2", "3429.1", "3926.6", "3622.7",
	"3021.6", "3624.6", "3821.7", "3122.7", "3428.6", "3425.3", "3423.6", "3621.1",
	"3128.6", "3623.2", "3621.0", "3121.1", "0173.2", "3325.0", "3722.0", "3325.0",
	"3725.2", "3121.1", "3422.7", "3425.2", "3423.1", "1022.7", "1060.0", "1040.4",
	"1030.7", "1040.6", "1742.0", "1024.7", "1052.7", "1024.8", "1052.7", "6021.0",
	"5601.0", "2021.6", "3601.0", "3621.0", "1661.0", "2661.0", "3221.6 9021.6", "7621.0",
	"3611.6", "1681.0", "6621.0", "4631.0", "1611.0", "9681.0", "2641.0", "2621.0",
	"8621.0", "7821.6", "4661.0", "0691.0", "2611.0", "7681.0", "9921.6", "5651.0",
	"4611.0", "8621.0", "2621.0", "2621.0", "7821.4", "7721.6", "7821.6", "0661.0",
	"4681.0", "4621.0", "7721", "7741", "7721.4", "5781", "2021", "3721",
	"2761", "2821", "9021", "2771", "1711", "4781", "8721", "5741",
	"4711", "2721", "2722.7", "2220.0", "2422.7", "2752.7", "2523.0", "2724.7",
	"2223.0", "2621.0", "2122.7", "2224.0", "2822", "2421.4", "9022.7", "2726.4",
	"5722.7", "2725.2", "2721.2", "2921.1", "2523.6", "2825.1", "2123.2", "2323.2",
	"2529.6", "2721.7", "2422.1", "2825", "2426.0", "7322.7", "2825.5", "4724.7",
	"2822.7", "2625.6", "7722.7", "2622.7", "2722.7", "2229.4", "2724.7", "2423.1",
	"2222.7", "0060.1", "0162.0", "0360.0", "4001.6", "2762.0", "0460.0", "0761.0",
	"0161.0", "0460.0", "0164.0", "0164.0", "0461.2", "0762.0", "0260.0", "0267.0",
	"0861.7", "0261.4", "0761.7", "3760.1", "0461.0", "0164.0", "0263.4", "0863.2",
	"0262.1", "0563.0", "0462.7", "0361.4", "0062.7", "0962.0", "0764.7", "0561.7",
	"0864.0", "0768.7", "0263.1", "0162.0", "0369.4", "0862.2", "0061.4", "0161.1",
	"2160.1", "0161.0", "0166.0", "0466.0", "0563.0", "0863.7", "0264.0", "6060.1",
	"0965.0", "0467.0", "0461.7", "0161.7", "0462.7", "0861.1", "0361.1", "0366.0",
	"0766.2", "0164.9", "0464.7", "0762.0", "0267.7", "0364.7", "0761.0", "0762.0",
	"4360.1", "0363.2", "0762.0", "0762.0", "0166.1", "0364.0", "0064.8", "0464.1",
	"0361.4", "0266.1", "0761.2", "0861.4", "0466.1", "0266.4", "0068.2", "0865.1",
	"0462.7", "0461.1", "0260.0", "0762.0", "2726.1", "0766.2", "0766.4", "0468.9",
	"0464.1", "0464.0", "0261.3", "0762.7", "0569.0", "0569.0", "0161.1", "0462.7",
	"3260.1 9060.1", "9060", "0763.1", "0463.1", "0763.2", "0363.2", "0161.4", "0363.4",
	"5260.1", "0264.1", "0464.7", "0262.7", "0161.1", "0962.7", "0166.1", "0365.0",
	"0365.0", "0161.8", "0668.1", "0466.1", "0762.7", "0362.7", "0865.7", "0861.6",
	"0163.2", "0861.6", "0461.2", "0061.4", "0669.4", "0064.8", "0063.2", "0161.1",
	"0469.8", "0266.3", "0361.7", "0762.7", "7760.1", "0762.0", "0664.0", "0767.7",
	"0469.0", "0064.7", "4460.1", "0468.1", "0968.9", "0261.4", "0264.4", "0562.7",
	"0569.6", "0265.7", "0164.7", "0163.2", "0069.6", "0365.3", "0764.0", "0161.7",
	"0862.7", "0863.2", "0563.2", "0266.4", "0368.1", "0763.7", "0469.4", "0762.7",
	"0362.7", "0668.1", "0361.6", "0861.7", "0765.6", "0662.7", "0062.7", "0166.1",
	"0166.6", "0569.6", "0862.1", "0766.8", "0262.7", "0663.0", "0465.6", "0161.4",
	"0066.1", "0365.0", "0462.7", "0461.1", "0761.0", "0466.0", "0062.2", "0661.4",
	"0264.7", "0466.4", "0664.1", "0469.4", "0662.7", "0662.7", "7926.1", "0762.7",
	"0362.7", "3060.1", "6060.1", "0461.1", "0569.4", "0162.1", "9960.1", "0963.9",
	"0764.7", "0361.7", "0263.4", "0866.7", "0468.1", "0161.4", "0261.7", "0664.7",
	"0062.7", "0764.1", "0863.7", "0861.7", "0565.7", "0169.6", "0460.0", "0062.7",
	"0767.2", "0267.2", "0064.7", "0762.7", "0169.1", "0663.0", "4760.1", "0062.7",
	"0463.4", "0062.7", "0062.7", "0762.2", "0568.6", "0161.7", "0563.0", "0564.4",
	"0161.6", "0766.2", "0063.7", "5860.1", "0461.4", "4560.1", "0762.7", "0164.9",
	"1360.1", "0664.7", "0864.0", "0465.4", "0665.6", "0761.1", "0466.1", "0466.4",
	"0864.0", "0261.8", "0461.1", "0762.0", "0262.7", "0762.7", "0265.3", "0864.6",
	"0262.7", "0266.9", "0563.3", "0768.1", "0863.1", "0566.1", "0866.1", "0365.0",
	"0063.1", "0164.6", "0566.3", "0866.1", "0761.7", "0669.4", "0061.7", "0868.6",
	"2860.1", "4860.1", "0063.7", "0563.2", "0462.7", "0766.1", "7060.1", "0764.7",
	"0664.1", "0865.3", "8066.1", "0063.2", "0563.7", "0464.7", "0464.1", "0063.2",
	"0768.1", "6660.1", "7760.1", "0862.7", "0463.7", "0468.6", "0764.7", "0568.6",
	"0666.0", "0366.9", "2160.1", "0161.1", "2240.8", "0160.1", "0463.1", "2021.4",
	"2060.1", "0761.6", "0063.2", "0263.7", "0762.0", "0365.0", "0164.1", "0461.4",
	"0468.6", "0963.1", "0353.4", "0066.1", "3070", "3470", "3172", "3370",
	"3870", "3771", "3174", "3171", "3470", "3171", "3277", "3871",
	"3270", "3470", "3771", "3771", "3772.0", "3570", "3572", "3171",
	"3171", "3174", "3472", "3874", "3471", "3871", "3277.4", "3873",
	"3771", "3774", "3072", "3578", "3171", "3476", "3172", "3174",
	"3771", "3678", "3772.0", "3871", "3274", "3872", "3274", "3777",
	"3772", "3277", "3776", "3474.7", "3775", "3376", "3171", "3579",
	"3374", "3471", "3474", "3476", "3478", "3375", "3579", "3471",
	"3276", "3274", "3276", "3871.4", "3771", "3772", "3276", "3775",
	"3078.2", "3875", "3371", "3775", "3772", "3375", "3171", "3176",
	"3972", "3678", "3476", "3272", "3875", "3171", "3871", "3772",
	"3378", "3572", "3476", "3774", "3476", "3478", "3173", "3171",
	"3679", "3274", "3778", "3071", "3873", "3772", "3777", "3079",
	"3074", "3074", "3978", "3371", "3479", "3471", "3479", "3471",
	"3579", "3276", "3171", "3672", "3672", "3672", "3872", "3274",
	"3773", "3776", "3076", "3072", "3072", "3973", "3372", "3772.7",
	"3478", "3971", "3674", "3470", "3277", "3072", "3871", "3873",
	"3371", "3471", "3674", "3072", "3872", "3772", "3174", "3176",
	"3073", "3772", "3876", "3772", "3378", "3573", "3776", "3375",
	"8060.8", "8463.2", "8164.0", "8761.0", "8468.1", "8866.2", "8361.1", "2846.8",
	"3866.8", "8762.2", "8864.0", "8161.1", "1010.8", "1111.0", "2210.8", "1414.7",
	"5510.8", "2710.8", "1311.2", "1614.0", "7710.8", "1813.7", "5510.8", "5411.7",
	"1023.2", "1023.2", "1121.3", "7123.2", "1124.0", "1721.7", "1121.7", "2723.2",
	"9023.2", "1723.2", "1028.2", "2123.2", "1422.7", "1123.2", "0023.2", "1723.2",
	"1426.0", "1724.7", "1428.2", "1223.4", "4724.7", "1621.7", "1129.6", "2277.0",
	"1828.1", "1428.6", "1421.8", "2022.2", "2722.0", "2420.0", "1124.0", "2121.0",
	"1422.7", "1227.7", "1328.2", "2726.2", "1520.7", "2429.0", "1121.6", "2726.4",
	"2126.0", "2621.0", "2621.4", "2721.7", "2624.0", "2822.1", "2724.7", "2222.7",
	"4426.0", "2621.1", "1223.4", "2524.4", "2423.4 4423.4", "2121.6", "2624.6", "1624.7",
	"6080.0", "2180.6", "2780.6", "6480.0", "1080.6", "4380.6", "6481.2", "6081.7",
	"8080.6", "2480.6", "6184.7", "8080.6", "7780.6", "5080.6", "7228.6", "1384.0",
	"6382.1", "4480.6", "2180.6", "4380.0", "5080.6", "2380.6", "6283.7", "6080.6",
	"2380.6", "6581.0", "6681.0", "5580.6", "6186.0", "6386.0", "6284.0", "7780.6",
	"4680.6", "4080.6", "6786.4", "2280.6", "6482.7", "6088.2", "3780.6", "1080.6",
	"6385.0", "0080.6", "6081.4", "6385.3", "6688.0", "6183.2", "6889.1", "3080.6",
	"6383.2", "6580.6", "6782.0", "4080.6", "5580.6", "6682.7", "6789.4", "9080.6",
	"6588.1", "6086.1", "0028.6", "7780.6", "4080.6", "6385.3", "6084.8", "6384.0",
	"6988.9", "3080.6", "7280.6", "6183.2", "6486.3", "5080.6", "6586.3", "6785.2",
	"6385.0", "5198.6", "6686.0", "7928.6", "6881.7", "6883.7", "6384.2", "6585.7",
	"3080.6", "7578.6", "7780.6", "6382.2", "4580.6", "4880.6", "6388.9", "0380.6",
	"6886.6", "6184.6", "2480.6", "7128.6", "6786.1", "0021.7", "6581.7", "6385.0",
	"6088.6", "7428.6", "6488.6", "7128.6", "2180.6", "0748.6", "7780", "2180",
	"2780", "1080", "7480", "5080", "2780", "7884", "7283", "2480",
	"7228", "7284", "8080", "8080", "7283", "7782", "7381", "7780",
	"4380", "7385", "4080", "4480", "7186", "5080", "7681", "2380",
	"7780", "5580", "4680", "7386", "7385", "5580", "1080", "7482",
	"2280", "2280", "7786", "7081", "3780", "7088", "7783", "7389",
	"7183", "5080", "7889", "7384", "7486", "4080", "7488", "9080",
	"7682", "7788.2", "7782.0", "0028", "7086", "7988", "5798", "7686.0",
	"5880", "7384", "7883", "3080", "7578", "7128", "2480", "0380.2",
	"7886", "7786", "0021", "0748", "4033.1", "4834.0", "4734.7", "4523.6",
	"4731.7", "4138.2", "4433.1", "4128.6", "4436.0", "4734.7", "4026.7", "4080.1",
	"4030.2", "4480.2", "4280.0", "4380.0", "4480", "4280.4", "4780.1", "4280.7",
	"4780.2", "4980.2", "4580.3", "4580.2", "4880.2", "4780.1", "4780.6", "4280.7",
	"4380.5", "4780", "4480.6", "4780.2", "4580.9", "4280.6", "4780.2", "4780.8",
	"4280.1", "4780.9", "4280.0", "4680.4", "4880.1", "4980.2", "4880.1", "4780.2",
	"4980.2", "4180.4", "4080.1", "4180.4", "4880.6", "4680.1", "4780.2", "4480.8",
	"4280.2", "4480.1", "4080.3", "4680.9", "4780.1", "4480", "4480.8", "6080.1",
	"6810.0", "6712.0", "6114.0", "6811.7", "1080", "6513.0", "6513.0", "6114.0",
	"6111.0", "6714.7", "6711.7", "6414.7", "6218", "6811", "6213.1", "6316.0",
	"6411.7", "6812.2", "6314.4", "6513.0", "6416.0", "6311.1", "6610.0", "6111.0",
	"6711.2", "6011.4", "6116.0", "6116.0", "6410.0", "6915.0", "6711.0", "6714.0",
	"6414.7", "6711.1", "6111.7", "6219", "6713.2", "6613.2", "6013.0", "6712.7",
	"6411.1", "6014.8", "6519.4", "6811.4", "6412.7", "6510.6", "6711.2", "1780.1",
	"6411.4", "6111.4", "6716.4", "6814.1", "6414.1", "6816.1", "6211.3", "6116.0",
	"6315.0", "6413.3", "6511", "6214", "6213", "6719.4", "6012", "6712.7",
	"6713.1", "2880.1", "6418.1", "6618.1", "6211.0", "6912.7", "6112.1", "4280.1",
	"6314.7", "6815.7", "6519.6", "6313.2", "6712.7", "6514", "6414.7", "6216.3",
	"6315.3", "6418.1", "6214.4", "6011.4", "6114.6", "6518.1", "6416.1", "6813.2",
	"6712.0", "6714.0", "6812.7", "6411.4", "6414.7", "6619.4", "6716.4", "6610.0",
	"6311.2", "6911.2", "6612.7", "6016.1", "6014.8", "6014.4", "6412.1", "6714.0",
	"6219.4", "6319.1", "6811.7", "6218", "6016.1", "6712", "6812.1", "6014.7",
	"6516.2", "6712.7", "6211.4", "6618.1", "6411.1", "6212.7", "6514", "6612.7",
	"6212.7", "6116.6", "6918.0", "6419.4", "6712.7", "6719.4", "6012.7", "6411.6",
	"3080.1", "6217.7", "6811.1", "6213.4", "6612.7", "6816.7", "6713.2", "6418.1",
	"6112.7", "6114", "6412", "6716.0", "5280.1", "6615.0", "6517.7", "6011.1",
	"5380.1", "6911.4", "6412.7", "6316.1", "6118.1", "6118.6", "6518.6", "6013.7",
	"6214.3", "6012.7", "6412.7", "6818.1", "6513.0", "6212.7", "6416.6", "9730.1",
	"6518.6", "6211.8", "6816.6", "6216.9", "6114", "6814.6", "6214.7", "6311.4",
	"6118.2", "6915.9", "6411.1", "6212.7", "6213.4", "6419.6", "6814.0", "6315",
	"6619.4", "6413.5", "7080.1", "6612.7", "6113.2", "6416.4", "6814.0", "4480.1",
	"6414.1", "6012.3", "6815.1", "6711.4", "6112.7", "6412", "6211.6", "6712.7",
	"6219.4", "6218.6", "6011.4", "6114.0", "6217.0", "2180.1", "6111.1", "6712.0",
	"6113.1", "6418", "6712.0", "6014.7", "6013.2", "4480.1", "6114.1", "6611.4",
	"6416.1", "6311.7", "6418.6", "6814.7", "6614.7", "6712.0", "2740.0", "2722.7",
	"2121.6 2141.6", "2523.0", "2729.4", "2729.4", "2942.7", "2121.4", "2823.4", "2121.6",
	"2922.7", "2121.4", "2521.8", "2023.1", "2348.6", "5000.6", "5201.0", "5401.7",
	"3750.6", "5060", "5101.0", "5403.0", "5104.0", "5701.0", "5702.0", "5704.7",
	"5501.7", "5101.2", "5402.7", "5204.0", "5201.4", "5708.2", "5201.4", "5802.7",
	"5103.1", "5013.2", "5702.0", "5601.0", "5204.0", "5803.7", "5306.0", "5802.2",
	"2350.6", "5503.0", "5104.9", "5203.0", "5001.4", "5400.0", "5101.7", "5304.7",
	"5506.0", "5608.0", "5706.2", "5102.0", "5503.0", "5701.4", "5304.0", "5804.1",
	"5102.7", "5408.1", "4450.3", "5004.8", "5706.4", "5008.2", "5801.4", "5704.0",
	"4355.0", "5101.4", "2250.2", "5102.7", "5806.8", "5902.7", "5301.1", "5706.7",
	"5101.0", "5701.6", "5302.7", "5101.1", "5702.0", "5701.7", "5404.7", "5104.7",
	"5305.3", "5102.7", "5206.3", "9725.6", "5702.0", "5704.7", "5609.4", "5702.0",
	"5502.7", "5601.1", "5550.6", "1150.6", "5802.7", "5009.6", "5709.4", "5604.1",
	"5202.7", "5503.4", "5206.4", "5602.7", "5806.1", "5702.0", "5802.1", "5804.7",
	"5106.6", "5703.2", "7780.1", "5601.7", "4754.7", "5509.4", "5306.1", "5403.2",
	"5001.1", "5702.2", "5209.4", "5504.3", "5503.0", "5107.7", "5804.0", "5202.7",
	"5704.7", "4243.4", "5409.6", "5408.6", "5206.9", "5905.9", "4442.7", "5406.1",
	"5303.5", "5603.2", "5805.3", "5750.4", "5400.0", "5102.7", "7750.6", "5801.7",
	"5055.6", "5606.0", "2260.9", "5209.4", "5101.1", "5101.7", "4050", "4251",
	"4451", "4154", "4453.0", "4752", "4553", "4151", "4851", "4758",
	"4044", "4456", "4152", "4150", "4556", "4658", "4558", "4254",
	"4852", "4259", "4756", "4751", "4354", "4355", "4151", "4252",
	"4754.0", "4851", "4756", "4054", "4151", "4352", "4152", "5550",
	"1150", "9725", "4651", "4752", "4059.6", "4754", "4256", "4558",
	"4156", "4654", "4651.7", "4852", "2260", "4453", "4356", "4753",
	"4051", "4854", "4955", "0040.1", "4040.1", "2064.1", "7064.1", "0549.6",
	"0044.1", "0044.1", "0044.1", "0044", "0044", "2024.1", "0044.1", "0044.1",
	"7123.2", "7134.3", "5523.2", "6153.2", "3030", "3130.0", "3430", "3730.2",
	"3430.0", "3830.0", "3730", "3430", "3230.7", "3230", "3130.4", "3830.1",
	"3730.1", "3430.1", "3430", "3130", "3730.0", "3130.1", "3530.1", "3730.2",
	"3130", "3230.2", "3030.1", "3130.4", "3130.4", "3830.4", "3330.3", "3230.3",
	"3130", "3030", "3530.6", "3530", "3130", "3530", "3430", "3730",
	"3130.6", "3730.1", "3730.6", "3430.7", "3830.1", "3730.2", "3630.0", "3330.6",
	"3130.2", "3530.6", "3630.0", "3530.3", "3830.1", "3330.0", "3330.9", "3730",
	"1630.0 3630.0", "3730.2", "3430.2", "3930.9", "3830.5", "3030.3", "1140.6 3130.6", "3730.2",
	"3430.6", "3730.7", "3230.0", "3730.2", "3730.3", "3830.3", "3230.6", "3230.1 3330.0",
	"3730.5", "3230.6", "3830.4", "3430", "3930", "3330.2", "3130.6", "3930.2",
	"3130.6", "3230.2", "3130.3", "3330.3", "3830", "3230.2", "3830.9", "3130.1",
	"3930.8", "3130.1", "3030.6", "3730.2", "3230.1", "3130.6", "3230.2", "3630.1",
	"3530.9", "3430.6", "3330.4", "3730.4", "3530.0", "3930.2", "3130", "3830.6",
	"3330.7", "3530.3", "3730.3", "3730.2", "3030.1", "3130.4", "3430.1", "3230.4",
	"3730.1", "3430.4", "3630", "3130.6", "3430.6", "3830.2", "3630.2", "3230.6",
	"3830.3", "3230.2", "3730.4", "3030.2", "3630.2", "3130.8", "3830.4", "3730.4",
	"3330.2", "3730.2", "3630.2", "3730.4", "3630.1", "3830.6", "3830.6", "3430.4",
	"3430.4", "3430.2", "3530", "3530.5", "3730.7", "3730.6", "3230.9", "3730.3",
	"3230.1", "3430.3", "3730.2", "3630.2", "3530.7", "3730.7", "3030.4", "3830.4",
	"3030.2", "3830.4", "3530.6", "3030.3", "3130.3", "3430.2", "3730.4", "3430.1",
	"3930.5", "3830.4", "3430.1", "3130.1", "3730.8", "3730.2", "3530.8", "3630.4",
	"3430.9", "3130.3", "3830.1", "3030.4", "3830.4", "3430.2", "3730.4", "3330.3",
	"3630.3", "3018.1", "3730.1", "3130.2", "3630.1 3730.1", "3630.6", "3630.2", "3230.1",
	"3130.9", "3630.1", "3130.1", "6071.7", "7742", "1772.7", "2271.7", "1742.7",
	"1742.7", "0772.7", "1712.7", "7621", "5702.7", "0722.7", "8722.7", "0722.7",
	"1742.7", "1752.7", "4702.7", "5702.7", "1722.7", "5772.7", "1722.7", "2712",
	"5762", "4772.7", "2762.7", "7712.7", "3702.7", "1712.7", "1722.7", "1762.7",
	"1712.7", "7772.7", "2712", "3712", "8732", "4712.7", "2792.7", "4732.7",
	"4722.7", "8762.7", "4772", "1712.7", "2762.7", "7722.7", "0742.7", "2762.7",
	"3772.7", "5782", "8772", "8782", "3752", "1742.7", "7722.7", "1712.7",
	"4722.7", "6762.7", "5722.7", "1762.7", "2742.7", "2762.7", "4732.7", "4702.7",
	"1742.7", "1762.7", "6712.7", "4742.7", "8762.7", "6782.7", "1722", "6782",
	"0762.7", "4742.7", "5742.7", "2742.7", "5722.7", "0742.7", "9782.7", "1712.7",
	"8742.7", "4792.7", "7722.7", "4792.7", "2712.7", "2772.7", "8752", "6742.7",
	"2221.7", "6722.7", "4752.7", "4762.7", "7772.7", "7722.7", "4762.7", "1722.7",
	"6722.7", "8722.7", "1712.7", "2722.7", "7752.7", "2722.7", "1742.7", "2772.7",
	"7742.7", "0722.7", "7782.7", "2732.7", "7732.7", "0762.7", "1762.7", "2742.7",
	"2732.7", "6782.7", "0722.7", "0722.7", "6762.7", "4742.7", "2792.7", "0222.7",
	"1722.7", "4712.7", "5732.7", "1722.7", "7792.7", "1732.7", "0742.7", "6742.7",
	"8732.7", "1712.7", "9771.7", "2732.7", "5722.7", "8762.7", "2732.7", "8742.7",
	"7782.7", "8762.7", "9722.7", "2762.7", "6752.7", "7772.7", "3792.7", "6792.7",
	"8762.7", "4722.7", "1722.7", "0722.7", "5752.7", "1242.7", "4752.7", "4732.7",
	"2722.7", "2782.7", "1762.7", "4722.7", "2722.7", "5712.7", "2782.7", "1722.7",
	"1060.0", "1162.0", "8060.1", "1762.0", "1761.7", "1460.0", "1461.2", "1164.0",
	"3116.0", "8060.1", "1464.1", "1261.4", "1461.2", "1267.0", "1764.7", "1862.7",
	"1163", "1463", "1166.0", "1762.0", "1361.1", "1861.1", "1467.0", "1466.0",
	"1269.4", "1364.7", "4365.0", "1766.0", "1766.4", "1260.0", "1762.0", "1168.1",
	"1461", "3760", "1661.4", "1262.7", "1869.4", "1464.7", "1865", "1466.1",
	"1364.7", "1264.3", "1362.7", "1160", "1162", "1363", "1061.4", "1763.2",
	"1469.0", "1461.7", "1762.0", "1066.1", "1365.3", "1064.7", "1064.8", "1764.7",
	"1466.1", "1661", "1668.1", "1466.0", "1762.0", "1762.7", "1661.4", "1461.7",
	"1264.7", "1764.7", "1963.9", "1461.4", "1661.3", "1861.0", "1661.7", "9960.1",
	"1561.7", "1361.1", "1461.7", "1066.7", "2760.1", "1169.1", "1161.6", "1062.7",
	"1762.2", "7760.1", "2760.1", "1263.4 1363.4", "1063.1", "1061.7", "1164.6", "1264.7",
	"1563.2", "1664.1", "1561.8", "1163.2", "1063.6", "1063.2", "1162.7", "1263.1",
	"1463.1", "1166.2", "1069.4", "1063.2", "7722.7", "1264.6", "1161.1", "1664.8",
	"2090.9", "2090.4", "2798.7", "2596.0", "2795", "2694.1", "6010.4", "2010.4",
	"6712.2", "6010.4", "5821.4", "8010.9", "8211.0", "8711.0", "8712.7", "8712.0",
	"8712.0", "8112.0", "8310.0", "8411.7", "8412.7", "8010.9", "8410.0", "8810.0",
	"8010.9", "8712.7", "8712.0", "8212.2", "8610.0", "8210.0", "8714.7", "8711.0",
	"8114.0", "8112.7", "8114.0", "8111.0", "8410.0", "8413.0", "8811.7", "8314.0",
	"8714.0", "8411.2", "8411.0", "8712.0", "8414.4", "8715.0", "8211.0", "8212.1",
	"8711.7", "8012.7", "8411.2", "8114.0", "8410.0", "8712.0", "8813.2", "8513.0",
	"8412.7", "8310.0", "8513.0", "8511.7", "8712.0", "8210.0", "8812.7", "8114.7",
	"8714.7", "8912.0", "8711.5", "8810.7", "8311.0", "8114.7", "8111.1", "8413.2",
	"8712.0", "8112.7", "8610.0", "8918.0", "8413.0", "8011.7", "8312.7", "8718.7",
	"2110.9", "8711.1", "8012.7", "8714.7", "8213.0", "8112.0", "8813.7", "8316.0",
	"8416.0", "8314.7 8414.0", "8414.7", "8111.3", "8412.7", "8516.0", "8610.0", "8615.0",
	"8513.0", "8111.7", "8116.0", "8311.1", "8013.2", "8716.2", "8711.2", "8219.4",
	"8310.0", "8511.0", "8711.2", "8116.0", "8610.0", "8011.4", "8812.7", "8111.2",
	"8713.3", "8417.0", "8712.0", "8816.0", "8315.0", "8513.0", "8915.0", "8513.0",
	"8413.1", "8712.0", "8313.4", "8111.1", "8715.0", "8711.0", "8611.0", "8810.0",
	"8712.0", "8013.2", "8113.1", "2810", "8210.0", "8014.8", "8712.7", "8114.0",
	"8716.4", "8814.1", "8314.0", "8315.0", "8816.1", "8713.2", "8210.0", "8011.3",
	"8712.0", "8116.0", "8519.0", "8411.4", "8315.0", "8211.4", "8414.7", "8111.4",
	"1710.9", "8411.1", "8811.4", "8114.9", "8513.2", "8519.0", "8216.1", "8716.0",
	"8412.7", "8211.3", "8216.4", "2110.9", "8419.0", "8411.1", "8416.1", "8319.9",
	"8610.0", "8919.4", "8013.2", "8610.0", "8911.1", "8314.4", "8113.1", "8412.7",
	"8711.7", "8412.7", "8315.0", "0010", "8614.1", "8811.6", "5210.9", "8714.0",
	"8313.2", "8912.7", "8212.7", "8812.7", "8811.4", "8111.8", "8616.0", "8815.7",
	"8313.2", "8114.7", "8014.1", "4710.9", "8618.0", "3210.9", "8519.6", "8816.8",
	"8214.1", "8214.1", "8414.7", "8311.1", "8413.8", "8313.2", "8314.7", "8715.4",
	"8210.0", "8413.1", "8612.7", "8613.4", "8116.1", "8214.3", "8111.1", "8714.7",
	"8113.2", "8816.2", "8412.7", "8712.7", "8611.0", "8315.0", "8411.0", "8312.7",
	"8811.6", "8315.0", "8416.1", "8611.4", "8314.0", "8218.1", "8514.0", "8714.0",
	"8716.4", "8113.2", "8311.2", "7710.9", "8712.0", "8712.0", "8912.7", "8812.7",
	"8619.4", "8414.7", "8713.2", "8512.7", "8911.2", "8216.4", "8712.0", "8214.1",
	"8614.0", "8717.7", "8111.7", "8011.4", "8112.0", "8811.1", "8216.3", "8611.1",
	"2710.9", "8211.4", "8216.0", "8215.3", "8414.4", "8319.1", "8014.7", "8918.9",
	"8318.1", "8412.1", "8315.3", "8714.7", "8418.1", "8012.7", "8612.7", "8317.7",
	"8416.0", "8616.0", "8518.1", "8612.7", "8519.6", "8712.0", "8610.0", "8416.1",
	"8713.2", "8711.7", "8411.4", "8411.4", "8513.2", "8419.8", "8112.7", "8412.7",
	"8314.0", "8019.1", "4210", "8019.6", "8712.0", "8116.1", "8618.1", "8519.6",
	"8712.7", "3410.9", "8014.7", "8216.4", "8415.6", "8214.7", "8814.7", "8719.4",
	"8612.7", "8715.2", "8411.1", "8012.7", "8210.0", "3410.9", "8612.7", "8714.7",
	"8714.7", "8118.6", "8611.4", "8613.2", "8416.2", "8117.7", "8713.4", "8712.0",
	"1810.9", "8918.0", "8713.4", "8812.1", "8214.7", "8419.4", "8514.0", "8613.0",
	"8411.4", "8311.6", "8416.0", "8612.7", "8315.0", "8211.4", "8712.2", "8813.5",
	"8213.2", "8811.2", "8612.7", "8012.7", "8813.7", "8419.3", "8811.7", "3010.9",
	"8411.7", "8114.3", "8316.8", "8016.7", "8918.6", "8816.7", "8112.7", "8712.0",
	"8713.7", "8314.2", "8416.1", "8611.1", "8719.4", "8813.2", "8712.7", "9910.9",
	"8611.1", "2710.9", "8216.3", "8211.8", "8014.1", "8714.7", "8714.7", "8012.7",
	"8118.1", "8418.1", "8712.7", "8811.7", "8413.2", "8911.6", "8719.4", "8613.0",
	"8313.2", "8112.7", "8813.3", "8116.0", "8111.6", "8813.4", "8514.3", "8818.1",
	"8513.0", "5810.9", "8413.4", "8619.3", "8614.4", "8517.4", "8712.2", "8012.7",
	"8312.2", "8318.6", "8011.1", "0010.9", "8711.4", "8714.2", "8211.4", "8315.0",
	"8911.4", "8614.7", "8012.7", "8011.5", "8011.6", "8119.1", "8013.7", "8514.4",
	"8316.1", "8818.1", "4710.9", "5210.9", "8114.9", "8013.2", "8415.4", "8019.4",
	"8213.5", "8513.3", "8313.6", "8214.7", "8915.9", "8819.2", "8212.7", "8814.0",
	"8919.4", "8518.6", "8411.1", "7410.9", "8216.9", "8718.1", "8612.7", "8612.7",
	"8713.2", "8712.7", "8013.1", "8814.6", "8419.6", "8416.1", "8912.7", "8814.0",
	"8114.6", "8116.3", "8215.3", "8011.4", "8211.8", "8113.1", "8216.1", "8315.0",
	"8518.6", "8813.3", "8112.7", "8012.7", "8115.3", "8013.7", "8619.4", "8818.6",
	"8612.7", "8116.2", "8315.0", "8613.2", "8419.4", "8614.1", "8713.2", "8916.6",
	"8113.2", "8418.6", "8413.4", "7010", "8013.6", "8214.7", "8214.7", "8414.1",
	"8919.4", "8410.0", "8012.3", "8112.7", "8411.7", "8414.7", "5110.9", "8318.6",
	"8311.2", "8112.7", "8811.7", "7810.9", "8513.7", "8218.6", "8713.2", "8518.6",
	"8018.6", "8411.4", "8211.6", "8219.4", "8113.6", "8013.1", "8111.1", "8111.6",
	"8111.7", "8011.9", "8712.0", "8414.2", "8315.0", "8812.7", "8711.3", "8013.2",
	"8318.1", "8212.7", "8411.4", "8415.3", "8114.1", "8611.4", "8611.4", "8418.6",
	"2210.9", "3710.9", "8313.4", "8614.7", "8913.1", "8712.7", "8070", "8271",
	"8771", "8470", "8172", "8270", "8370", "8772", "8471", "8274",
	"8270", "8272", "8771", "8772", "8772", "8474", "8772.7", "8774",
	"8174.0", "8172", "8179", "8473", "8171", "8571", "8972", "8570",
	"8472", "8778", "8772", "8274", "8872.7", "8772", "8778", "8772",
	"8772", "8772", "8071", "8072", "8978", "8470", "8771", "8771",
	"8171", "8375", "8171", "8477", "8476", "8573", "8172", "8171",
	"8472", "8374", "8375", "8176", "8670", "8671", "8675", "8670",
	"8576", "8578", "8670", "8873", "8279", "8776", "8772", "8072",
	"8073", "8371", "8370", "8771", "8474", "8775", "8270.0", "8472",
	"8471", "8174", "8472", "8375", "8578", "8772", "8571", "8171.4",
	"8977", "8772", "8676", "8672", "8670", "8271", "8270", "8579",
	"8471", "8274", "8273", "8474", "8871", "8479", "8876", "8271",
	"8776", "8776", "8775", "8771", "8074", "8073", "8070", "8071",
	"8772", "8374", "8773", "8670", "8574", "8472", "8372", "8176.1",
	"8579", "8374", "8473", "8771", "8972", "8978", "8671", "8671",
	"8472", "8672", "8476", "8375", "8272", "8871", "8274", "8775",
	"8074", "8071", "8772", "8772", "8871", "8872.7", "8373", "8774",
	"8772", "8172", "8572", "8476", "8476", "8476", "8476", "8474",
	"8472.1", "8674", "8679", "8671", "8672", "8670", "8672", "8271",
	"8071", "8672", "8278.2", "8778", "8971", "8773", "8076", "8978",
	"8378", "8574", "8776", "8771", "8276", "8778", "8473.4", "8276",
	"8774", "8673", "8672", "8277", "8978", "8211", "8774", "8774",
	"8671.4", "8274", "8073", "8074", "8878", "8974", "8873.2", "8578",
	"8776", "8478", "8478", "8374.2", "8172", "8174", "8971.6", "8072",
	"8679", "8875", "8776", "8072", "8072", "8871", "8373", "8378",
	"8376.8", "8179", "8971", "8674", "8679", "8272.7", "8072", "8071",
	"8072", "8878", "8878", "8772.2", "8174", "8178", "8479", "8278",
	"8776", "8874", "8772", "8876", "8375", "8673", "8271", "8474",
	"8176", "8673.2", "8672", "8073", "8073", "8379", "8073", "8271.6",
	"8771.3", "8073", "7173.2", "7273.4", "7573.0", "7777.7", "7479.6", "4273",
	"7777.7", "7710.7", "7780.7", "7710.1", "7723.1", "7740.1", "7724.7", "7777.2",
	"7744.1", "7721.1", "7722.7", "7743.0", "7710.4", "7771.4", "7790.4", "7722.7",
	"7760.7", "7740.0", "7723.2", "7750.6", "7722.7", "7740.9", "7762.1", "7744.2",
	"7733.0", "7710.3", "7728.0", "7743.0", "7760.4", "7760.1", "7725.3", "7780.1",
	"7710.4", "7712.6 7713.6", "7760.0", "7773.2", "7760.6", "7740.1", "7777.7", "7721.6",
	"7721.6", "7721.4", "7760.6", "4792.0", "7771.6", "7740.4", "7777.7", "7723.3",
	"7760.5", "7715.3", "7740.7", "7771.2", "7743.0", "7740.7", "7766.6", "7760.1",
	"7750.6", "7710.4", "7716.4", "7743.1", "7790.6", "7760.4", "7780.1", "7790.4",
	"7712.7", "7710.8", "7710.7", "7748.2", "7732.7", "7714.7", "7751.6", "7710.4",
	"7777.2", "7714.8", "8842.7", "7780.6", "7750.6", "7764.1", "7760.6", "7773.2",
	"7730.4", "3700", "3710", "3780", "3710", "3724", "3760", "3712",
	"3710", "3752", "3790", "3773", "3760", "3740", "3721", "3733",
	"3750", "3722", "3710", "3740", "3730", "3713", "3760", "3771.7",
	"3725", "3760", "3780", "3760", "3771", "3721", "3773", "3760.4",
	"3715", "3771", "3760", "3721", "3740", "3760", "3777", "3723",
	"3750", "3790", "3780", "3716", "3780", "3710", "3780", "3712.7",
	"3748", "3744", "2740.7", "7722", "7422.7", "7820", "7221.0", "7224.0",
	"7121.0", "7821.7", "7521.2", "7121.2", "7124.7", "7021.7", "7321.0", "7121.1",
	"7121.0", "7121.0", "3055.8", "7022.7", "7620", "7722", "7425", "7822",
	"7423.1", "7224.0", "7721.0", "7821.1", "7126.0", "7122.0", "7321.1", "7424.7",
	"7122.7", "7420.0", "7129", "7527", "7321", "7429", "7721", "7722.7",
	"7121.2", "7126.0", "7725.4", "7529.0", "7422.7", "7723.2", "7122.7", "7422.7",
	"7028.2", "7528", "7121.1", "7121.4", "7423.8", "7423.8", "7421.4", "7122.1",
	"7428.1", "7321.1", "7520.6", "7829.4", "7726.2", "7524.0 7122.9", "7621.4", "7628",
	"7821", "7026.1", "7121.1", "7124.7", "7422.1", "7822.7", "7823.1", "7722.0",
	"7221.4", "7529.6", "7614.0", "7424.7", "7722.0", "7727.7", "7421.4", "7823.6",
	"7426.0", "7622.7", "7123.4", "7221.4", "7822.1", "7628.1", "7622.7", "7721.4",
	"7325.0", "7623.2", "7721.4", "7823.2", "7422.7", "7621.4", "7126.1", "7423.2",
	"7723", "7221.8", "7823.7", "7421.1", "7122.7", "7628.6", "7621.3", "7821.7",
	"7929.6", "7729.1", "7024.6", "7824.0", "7223.7", "7021.5", "7421.1", "7925.9",
	"7528.6", "7823.3", "7423.2", "7723.4", "7828.6", "7122.7", "7022.3", "7623.3",
	"7223.7", "7922.7", "7433.8", "7121.1", "5013.2", "4593.2", "4593.2", "2021.4",
	"4021.4", "2040.7", "2040.1", "2022", "7041", "4001.4", "9021.4", "7121.4",
	"8021.4", "1041.4", "4001.4", "7021.4", "2090.4", "3021.4", "4421.4", "8041.4",
	"2061.4", "2022.7", "2011.4", "0071.0", "7011.4", "2011", "4091.4", "2061.4",
	"8091.4", "2021.4", "7021.4", "6011.4", "5801.4", "7444.7", "2040.7", "4421.4",
	"2041.4", "0091.4", "2071.4", "2041.4", "2222.7", "2021", "1021.4", "0041.4",
	"4051.4", "2021.4", "1022.7", "1072.7", "1017.7", "1023.1", "1040.1", "1022.7",
	"1022.7", "1073.1", "1022", "1053.0", "1030.7", "1060.3", "1077.4", "1071.2",
	"1022.7", "1071.6", "1040.9", "1042", "1011.3", "1022.7", "1022", "1039.4",
	"1022.7", "1060.1", "1040.1", "1023.2", "1012.7", "1050.7", "1010.2", "1040.6",
	"1021.4", "1040.4", "1011.1", "1013.2", "1016.1", "1872.7", "1021.7", "1099.4",
	"1012.7", "1053.0", "1096.3", "1066.2", "1024.7", "1018.1", "1012.7", "1021.3",
	"1080.6", "1060.2", "1023.2", "1092.2", "1022.7", "1024.2", "1042.7", "1011.4",
	"1060.2", "1080.1", "1072", "1011.3", "1010.8", "1024.8", "1016.4", "1015.3",
	"1052.7", "1064.1", "1024.8", "1022.3", "1021.4", "1026.4", "1021.1", "1021.4",
	"1062.7", "1573.3", "1021.1", "1010.8", "1274.7", "1011.1", "5022.7", "5721",
	"0512.7", "5721.7", "5725.7", "5621.0", "5328.1", "5225.7", "1111.1", "2411.1",
	"0021.1", "1060.0", "1761.2", "7126", "1661.0", "7160.1", "4450.6", "4142.0",
	"4754.0", "4154.0", "4754.7", "4742.0", "4151.2", "4752.0", "4852.7", "4252.1",
	"4451.0", "4751.7", "4250.0", "4754.7", "4452.7", "4559.0", "4751.0", "4651.0",
	"4945.0", "4451.7", "4452.7", "4756.2", "4454.7", "4259.4", "4253.0", "4751.2",
	"4553.0", "4152.7", "4856.1", "4456.1", "4451.4", "4354.4", "4753.2", "1750.6",
	"4153.1", "4453", "4252", "4751.6 4752.6", "2725.6", "4952.7", "4652.7", "4351.1",
	"4256.3", "4952.7", "4654.0", "4752.0", "4051.8", "4459.4", "4759.4", "4450.6",
	"4851.6", "4958.0", "4856.1", "4652.7", "1750.6", "4752.0", "4504.4", "4154.6",
	"4648.1", "4454", "4554", "4456.1", "4452.7", "2750.4", "1040.6", "4752.7",
	"4554.4", "4455.3", "4151.6", "4756.1", "4453.4", "4454.7", "4653.3", "4153.1",
	"4458.6", "4455.3", "4452.7", "4050.6", "4754.7", "4354.7", "4559.0", "9050.6",
	"4856.1", "4445.6", "4153.2", "4054.7", "4759.4", "4755.2", "4459.4", "6480.5",
	"4257.7", "4555.7", "4651.7", "4654.3", "4455.4", "4652.7", "4458.6", "5002",
	"5702", "5304.7", "4542", "6580", "5601", "5207", "1110.1", "4410.1",
	"2710.1", "8315.0", "0010.1", "0060.1", "0762.0", "0766.2", "0765.4", "0661.4",
	"0463.5", "0668.6", "8066.1", "4760.1", "2760.1", "0464.7", "1080.6", "1128.6",
	"2178.6", "4108.6", "1118.6", "2108.6", "1148.6", "2128.6", "1118.6", "8178.6",
	"4148.6", "7128.6", "0128.6", "1128.6", "1128.6", "8128.6", "5178.6", "9158.6",
	"4128.6", "8138.6", "1118.6", "5198.6", "8168.6", "0148.6", "3148.6", "2128.6",
	"4168.6", "7178.6", "0188.6", "2178.6", "1128.6", "8148.6", "3128.6", "4108.6",
	"1118.6", "2148.6", "4108.6", "1148.6", "2198.6", "1168.6", "8168.6", "1118.6",
	"2128.6", "2128.6", "5198.6", "2128.6", "3188.6", "9188.6", "1178.6", "7128.6",
	"6198.6", "2198.6", "8118.6", "2148.6", "6138.6", "6180.8", "3168.6", "6128.6",
	"0128.6", "7158.6", "5128.6", "6128.6 6148.6", "2128.6", "0128.6", "6118.6", "2118.6",
	"7128.6", "1198.6", "2188.6", "5148.6", "7128.6", "9148.6", "1128.6", "1198.6",
	"4128.6", "5128.6", "4128.6", "6198.6", "3128.6", "8188.6", "2128.6", "0118.6",
	"6138.6", "2140.6", "2128.6", "9168.6", "1118.6", "4128.6", "1080", "1128",
	"2178", "1148.2", "1118", "2108", "2128", "1118", "1128", "7128",
	"5178", "7128", "8128", "8178", "0128", "1128", "2128", "8138",
	"4128", "1118", "4168", "5188", "1148.2", "8168", "2198", "2188.2",
	"0188", "7178", "2128", "2128", "8168", "2198", "6198", "6180",
	"6128.2", "6128", "2128", "0128", "3168", "1148.2", "4128", "4188",
	"7198", "6198", "0118", "1128", "2140", "4128", "7721.0", "7221.2",
	"1021.7", "7121.4", "7121.6", "7721.1", "0711.0", "7321.6", "7221.0", "7221.6",
	"7621.8", "7621.3", "7621.2", "2771.0", "7721.4", "2711.0", "7721.3", "7731.0",
	"7721.6", "1761.0", "7721.2", "7121.9", "1791.0", "4741.0", "7421.9", "7121.3",
	"4721.0", "7721", "7721.2", "7121.6", "7721", "0711", "7721", "7621.3",
	"7721", "7721.6", "1791", "4781", "7921", "1241.3", "2261.3", "1201",
	"8073.2", "8771.0", "8172.0", "8271.4", "2823.2", "2823", "8571.7", "8171.4",
	"8273.4", "8872.7", "8778.2", "8174.7", "8778.2", "8376.0", "8370.0", "8772.0",
	"2173.2", "8772.0", "8771.2", "8872.7", "8474.0", "8176.4", "8074.8", "8874.1",
	"8772.0", "3773.2", "8772.0", "8073.2", "8174.0", "7123", "2773.2", "8474.7",
	"8274.4", "8375.0", "8372.7", "8374.7", "8171.8", "8579.6", "8879.4", "8472.7",
	"8671.1", "8472.7", "8375.3", "8774.7", "8874.1", "8777.7", "8978.9", "1173.2",
	"8274.4", "8377.7", "8878.2", "8173.4", "8775.2", "8772.0", "8671.4", "1873.2",
	"8773.1", "8172.1", "8773.4", "8672.7", "8672.7", "8673.2", "8374.2", "8871.7",
	"8671.3", "8776.2", "8774.7", "8471.7", "8671.7", "8473.4", "8674.7", "8171.6",
	"8871.5", "8471.4", "8578.6", "8778.1", "8476.1", "8471.8", "8275.3", "8471.1",
	"8979.4", "0073.2", "6173.2", "8175.3", "2773.2", "8071.7", "8478.6", "8473.2",
	"7173.2", "8771.3", "8073.2", "8478.6", "2770", "2771", "2772", "2571",
	"2871", "2271", "2278", "2872", "2274", "2778", "2375", "2872",
	"2771", "2772", "2277.2", "2376", "2174", "2571", "2772", "2876.1",
	"2776.4", "2074", "2073.2", "2874", "2474", "2375", "2879", "2274",
	"2679.4", "2671", "2777", "2377", "2471", "2578", "2772.7", "2774",
	"8773", "2471.7", "2478", "8776", "2871", "2471", "2674", "2874",
	"2778", "2573", "8060.1", "4801.6", "8365.0", "2060.9", "2761.1", "2360.0",
	"2464.7", "2161.1", "2461.6", "2864.7", "2863.7", "2661.7", "4760.9", "1066.9",
	"7132.7", "7734.0", "3112.7", "7134.0", "7732.0", "7433.0", "7231.4", "7431.2",
	"7230.0", "7144.2", "7630.0", "7734.7", "7331.0", "7034.0", "7150.6", "7434.0",
	"2142.7", "7533.7", "7433.0", "7738.7", "7131.4", "7034.0", "7231.1", "7732.0",
	"7736.2", "2732.7", "7134.9", "7536.0", "7131.7", "7031.4", "4732.7", "7732.0",
	"7131.9", "7731.0", "4632.7", "7833.7", "7832.2", "7336.0", "7430.0", "7530.6",
	"7330.0", "7331.1", "7630.0", "7834.1", "7231.3", "7131.4", "7335.0", "7732.0",
	"7831.4", "7431.1", "7134.0", "7038.2", "7034.8", "7630.0", "7736.4", "7230.0",
	"7335.0", "7732.7", "7539.6", "7734.7", "7331.2", "7333.2", "7634.1", "7839.1",
	"7632.7", "7831.6", "7334.7", "7532.7", "7034.1", "7233.4", "7733.2", "7031.4",
	"7732.0", "7836.4", "7631.1", "7732.0", "7439.8", "7639.4", "7432.1", "7438.1",
	"7131.1", "7733.6", "7833.6", "7632.7", "7134.4", "1832.7", "7332.7", "7832.1",
	"7231.3", "7631.4", "7534.4", "7536.1", "7638.1", "7734.7", "7634.7", "7233.4",
	"7739.4", "7732.7", "7635.6", "7631.3", "7734.7", "3032.7", "7239.1", "7922.7",
	"7736.2", "7922.7", "7233.4", "7434.6", "7634.4", "7139.6", "7732.7", "7733.6",
	"7332.7", "7431.4", "4932.7", "7736.2", "7639.3", "7034.6", "4432.7", "5822.7",
	"7332.2", "7139.1", "7633.0", "7131.6", "7634.4", "7732.7", "7131.7", "7435.4",
	"7532.7", "7431.1", "7935.9", "7734.7", "7834.0", "7635.6", "7836.6", "7134.6",
	"7232.7", "7335.0", "7833.6", "7031.6", "4832.7", "7634.1", "7338.6", "7733.2",
	"7433.1", "7131.7", "7033.2", "7138.1", "7136.2", "7732.0", "7232.7", "7431.4",
	"7131.1", "7132.7", "7712", "7714", "7418", "7210", "7411", "7111",
	"7610.0", "7414", "7310.7", "7711", "7510", "7610", "7410", "7712",
	"7717", "7011", "7311.2", "4712", "4612", "7715", "7316", "7511",
	"6612", "7610.0", "7212", "7414", "7716", "7018", "7814", "7712.7",
	"7112", "7512", "7811", "7014.1", "7714.7", "7314", "7418", "7412",
	"7619", "7011", "7512.7", "7312", "7312", "7112", "7213.4", "7713",
	"1812", "5812", "7716", "3012", "7312", "7119", "7619", "7613",
	"7714", "7713", "7218", "7116.3", "7013", "7722.7", "7521.7", "7124.0",
	"7021.7", "7724.7", "7882.0", "7424.7", "7121.0", "7224", "7426.0", "7028.2",
	"7024.8", "7226", "7422.7", "7726.4", "7124.6", "7824.1", "7624.0", "7629.4",
	"7326.4", "7622.7", "7423.2", "7924", "7324.2", "6022.7", "7821.2", "7321",
	"7328", "7029.4", "7722.2", "7524.4", "7421.1", "7622.7", "7424.1", "7423.2",
	"7521.8", "7328.6", "7321.6", "0022.7", "0624.0", "0629.4", "7272.2", "7221.1",
	"7271.2", "7222.7", "7271.4", "7241.2", "7244.7", "7260.2", "7210.9", "7211.1",
	"7244.7", "7255.7", "7271.2", "7224.7", "7222.7", "7252.7 7255.2", "7240.7", "7260.2",
	"7229.4", "7260.4", "7260.1", "4250.8", "7210.4", "7222.7", "7292.2", "7290.1",
	"7271.2", "7222.7", "7293.2", "7271.2", "7260.3", "7222.1", "7222.7", "7262.7",
	"7292.2", "7298", "7222.1", "7223.7", "7280.1", "7280", "7280.6", "7220.2",
	"7222.7", "7240.7", "7260.6", "7228.6", "7223.2", "7273.2", "7260.6", "7280.6",
	"7271.6", "7273.2", "7711.4", "7722.7", "7780.1", "7721.7", "7714.1", "7714.8",
	"7711.7", "2271.1", "4472.2", "1022.7", "2122.7", "7122.7", "5722.7", "1224.7",
	"1822.7", "1722.7", "2621.3", "2421.4", "2221.2", "2421.0", "1671.3", "2321.4",
	"2661.3", "2521.9", "2311.5", "7121", "2921.2", "2151", "2321.5", "2021.1",
	"2421.8", "2721.2", "2121.2", "2641.3", "2021.2", "2121.9", "0021.3", "2225.3",
	"2111.1", "7121.3", "3241.3", "2733.6", "2732.0", "2131.0", "2231.4", "2732.0",
	"2131.0", "2932.0", "2031.7", "2531.7", "2134.7", "2760.3", "2034.1", "2131.7",
	"2032.7", "2832.7", "2432.7", "2331.4", "2132.0", "2635.0", "2433.1", "2437.0",
	"2131.9", "2331.1", "2630.0", "2734.9", "2330.0", "2133.6", "2539.0", "2732.0",
	"2136.0", "2336.0", "2731.2", "2430.0", "2831.1", "2436.0", "2136.0", "2733.3",
	"2436.1", "2139.4", "2132.7", "2334.4", "2731.2", "2231.3", "2539.0", "1233.6",
	"2736.4", "2732.0", "2136.1", "2432.7", "2034.8", "2431.4", "2835.1", "2836.1",
	"2439.0", "2831.6", "2736.7", "2731.6", "2932.7", "2839.4", "2231.0", "2239.3",
	"2134.6", "2136.1", "2333.2", "2332.7", "2331.1", "2723.6", "2631.4", "3933.6",
	"2230.0", "2432.7", "2732.7", "2734.0", "2236.3", "2438.1", "2532.7", "9033.6",
	"2034.7", "2234.7", "2732.0", "2034.4", "2732.7", "2439.8", "2131.1", "2731.7",
	"2632.7", "2631.1", "2431.4", "2836.4", "2636.0", "2039.6", "2434.7", "2734.0",
	"2733.6", "2833.2", "2131.7", "2833.3", "2332.2", "2638.1", "2733.4", "2732.0",
	"2335.0", "2632.7", "2536.3", "2739.4", "2439.4", "2631.4", "2539.6", "2131.4",
	"2836.1", "2938.0", "2534.4", "2632.7", "2834.7", "2633.0", "2335.0", "2734.7",
	"2732.0", "2631.7", "2833.7", "2032.7", "2736.2", "2434.1", "2132.7", "2633.3",
	"2632.7", "2737.2", "2336.8", "2134.4", "2436.1", "2631.7", "2732.7", "2530.6",
	"2533.0", "4833.6", "2432.7", "2824.0", "2739.1", "2739.4", "2731.4", "2332.2",
	"2634.7", "2736.2", "2436.6", "2139.1", "2538.6", "7133.6", "2133.3", "2534.3",
	"2034.6", "2033.2", "2137.4", "9733.6 9833.6", "2732.7", "2131.7", "2733.2", "2234.7",
	"2232.7", "2532.7", "2834.6", "2836.1", "2236.9", "2138.2", "2935.9", "2734.6",
	"2431.1", "2436.1", "2632.2", "7733.6", "2836.6", "2639.4", "2031.6", "2731.7",
	"2531.8", "2936.1", "8832.3", "2738.1", "2132.7", "2239.4", "2434.3", "2835.3",
	"2833.2", "2632.7", "2131.7", "2431.4", "2131.1", "2710", "2712.0", "2711.7",
	"2311", "2511.7", "2760", "2012", "2711.7", "2314", "2114", "2116",
	"2110", "2516.0", "2811.1", "2410", "2610.0", "2711", "9010", "2414.7",
	"2316", "2411", "2416.1", "2412", "2112", "2712.0", "2210.0", "2216.1",
	"2813.1", "2012", "2014", "2815", "8010.6", "9010", "2714", "2114",
	"2112", "2413", "2711", "2611", "2410", "2719", "2219", "3910",
	"2311", "2716.7", "2712", "2712.7", "2512", "2414", "2418.1", "2714",
	"2111", "2611", "2616", "2610", "2711", "2813", "2712", "2019",
	"2312.2", "2711", "2216", "2418", "2419", "2116.6", "2913.1", "2618.1",
	"2611.7", "2613.2", "2613", "2612", "2918", "2814", "2611", "2613.2",
	"2714.0", "2312", "2713", "5810", "2416", "2612", "2619", "2217",
	"2012.7", "2813.7", "2412", "2119", "2117", "9810", "2614", "8810",
	"2012", "2410.0", "2716.2", "2118", "2816.5", "2915", "2814", "2414.7",
	"2313.5", "2511", "2011.6", "2817.7", "2732.7", "2731.0", "2721.7", "4702.7",
	"2702.7", "7122.7", "2721.7", "1722.7", "8702.7", "1742.7", "7722.7", "7721.0",
	"6702.7", "1742.7", "4332.7", "4742.7", "8722.7", "5702.7", "8722.7", "0742.7",
	"1742.7", "1412.7", "1792.7", "2533.0", "7772.7", "2742.7", "4702.7", "4742.7",
	"7122.7", "1722.7", "7772.7", "4632.7", "8732.7", "2772.7", "2331.1", "0712.7",
	"2742.7", "8742.7", "2732.7", "2762.7", "6722.7", "7772.7", "6712.7", "2772.7",
	"4762.7", "3782.7", "5032.7", "6752.7", "2752.7", "3782.7", "6702.7", "9932.7",
	"2772.7", "4722.7", "1722.7", "2762.7", "4742.7", "3742.7", "4762.7", "1232.7",
	"2792.7", "3712.7", "4632.7", "2752.7", "8762.7", "2232.7", "0742.7", "2722.7",
	"2742.7", "1712.7", "2762.7", "2132.7 2122.1", "1712.7", "4702.7", "1732.7", "2839.4",
	"5722.7", "1712.7", "6722.7", "8762.7", "4742.7", "2334.7", "2712.7", "4742.7",
	"1762.7", "6782.7", "2722.7", "1712.7", "8722.7", "2752.7", "2332.7", "4132.7",
	"2762.7", "1712.7", "2722.7", "8742.7", "8762.7", "7722.7", "4772.7", "2742.7",
	"7722.7", "2742.7", "7722.7", "4712.7", "4762.7", "7722.7", "2792.7", "2722.7",
	"3722.7", "4762.7", "2732.7", "0722.7", "2031.4", "1742.7", "2634.0", "2438.1",
	"0792.7", "7722.7", "5722.7", "2762.7", "4792.7", "5792.7", "5742.7", "0742.7",
	"0722.7", "7722.7", "7722.7", "2752.7", "3732.7", "5792.7", "7792.7", "2932.7",
	"6782.7", "4762.7", "0722.7", "6722.7", "2762.7", "4722.7", "1762.7", "7722.7",
	"3742.7", "7772.7", "6772.7", "2742.7", "3722.7", "3752.7", "4732.7", "4752.7",
	"2722.7", "1832.7", "6742.7", "5792.7", "8762.7", "2032.7", "9932.7", "3032.7",
	"8712.7", "2132.7", "4722.7", "2742.7", "0722.7", "3762.7", "1722.7", "7762.7",
	"1722.7", "7722.7", "8732.7", "4842.7", "4432.7", "8712.7", "2772.7", "6742.7",
	"2742.7", "1792.7", "2782.7", "0732.7", "2231.7", "1722.7", "4792.7", "2132.7",
	"3792.7", "2742.7", "4782.7", "6722.7", "8712.7", "5732.7", "0722.7", "6032.7",
	"7732.7", "7772.7", "5832.7", "4532.7", "1722.7", "0722.7", "5742.7", "6742.7",
	"4702.7", "0832.7", "8732.7", "7132.7", "1742.7", "6742.7", "2232.7", "2732.7",
	"4752.7", "9732.7", "5722.7", "4782.7", "2762.7", "2722.7", "4792.7", "4432.7",
	"0332.7", "7722.7", "7722.7", "7722.7", "6782.7", "8732.7", "1722.7", "0022.7",
	"6732.7", "2834.0", "7732.7", "0732.7", "7032.7", "6712.7", "0021.7", "3712.7",
	"2835.3", "2832.7", "6742.7", "2722.7", "0712.7", "4632.7", "3722.7", "1722.7",
	"4722.7", "1722.7", "2332.7 4332.7", "7732.7", "6762.7", "2633.2", "2722.7", "0132.7",
	"8722.7", "6742.7", "4722.7", "1722.7", "2232.7", "2712", "4702", "7742",
	"4312", "6702", "7722.7", "7772", "7722", "8772.7", "2742", "4702",
	"4762", "4792", "2722", "6752", "6722.7", "5012", "8732.7", "7772",
	"2762", "2712", "2311", "2212", "5512", "1722", "2762", "2722",
	"2722.7", "2742.7", "8762", "0012", "3712", "1712.7", "4742", "1722",
	"6722", "2762", "2752", "8762", "3722", "8722", "1712", "4762",
	"4762", "4772", "6772.7", "2742", "7722", "2772.7", "0742", "0722.7",
	"5722.7", "4762", "6772.7", "6722", "7722", "2912.7", "8772", "7722",
	"1812", "1722.7", "2772", "8712.7", "7762.7", "3722.7", "8712.7", "8722",
	"4722", "7742", "0722", "1722", "4792", "2732", "0312", "1722",
	"6712", "6772.7", "0712.7", "0022", "2414", "4722.7", "4722", "1792.7",
	"2160.0", "2868.6", "2365.0", "2861.0", "2868.6", "7810.7", "2861", "0021.1",
	"0021.1", "2721.1", "0021.1", "0023.1", "0021.7", "0090.4", "0021.4", "1121.1",
	"9021.1", "0060.1", "0043.0", "0021.3", "0023.2", "0021.7", "0428.1", "4421.1",
	"0026.4", "0060.1 0027.1", "0029.6", "1121.1", "0025.3", "0074.7", "0024.1", "0033.1",
	"0024.1", "0925.9", "0027.1", "0022.3", "0021.0 0021.1", "4020.7", "5024.7", "4821.7",
	"4524.3", "4122.7 4142.7", "4724.1", "4440.3", "4340.5", "4724.2", "4122.7 4124.6", "4042.7",
	"4521.8", "4524.3 5524.3", "4724.2 4740.2", "4124.6 4140.6", "0029.4", "0023.2", "0023", "0021.4",
	"0026.6", "0024.8", "0080.6", "4480.6", "4480.6", "4186.0", "4081.4", "9080",
	"7780.6", "2013.2", "2713.2", "2116.0", "2012.7", "6033.1", "6033.1", "6334.0",
	"6832.7", "6431.2", "6131.4", "6333.4", "6333.3", "6437.0", "2333.1", "6237.2",
	"6432.7", "6136.0", "6232.7", "6436.1", "7123.1", "6334", "6431.6", "6039.6",
	"6331.2", "2733.1", "9033.1", "6438", "6332", "6131.4", "6834.6", "6431.1",
	"6036.1", "6438.1", "6332.2", "7733.1", "2824.0", "6736.1", "7133.1", "6438.6",
	"3222.7", "3822.7", "3324.7", "3322.7", "7771.7", "6071", "1071.6", "4071.7",
	"4071.7", "7781.7", "4871.7", "9871.7", "6671.7", "7071.1", "1071", "6671",
	"2222.1", "7722.7", "1722.7", "4022.7", "4414.7", "4430.3", "4014.7", "3214",
	"4422.4", "4440.6", "4473.2", "4460.1", "4413.6", "4410.4", "7771.7", "3221.7 9021.7",
	"7872.7", "2371.3", "7074.0", "2374.7", "7771.3", "7771.2", "7571.1", "7171.6",
	"7571.6", "7474.1", "2271.4", "7171.6 7176.1", "7671.8", "7572.7", "7775.2", "7673.4",
	"7171.4", "7373.4", "7271.6", "7271.3 7273.4", "7471.3", "7674", "2644.6", "2441.7",
	"2124.0", "2141.7", "2722.0", "2523.2", "4642.7", "2421", "2241.7", "2121.7",
	"2523.2 2543.2", "2043.2", "0022.3", "0022.3 0022.4", "0022.3", "0022.3", "0022.3", "0022.3",
	"0022", "0022", "2177.2", "2171.0", "2871.7", "2174.0", "2272.1", "2872.0",
	"2771.2", "2471.7", "2171.0", "1376.0", "2678.0", "2771.0", "2776.2", "2873.7",
	"2873.7", "2772.0", "9077.2", "2570.6", "2773.2", "5777.2", "2678.1", "2670.0",
	"2176.1", "2472.1", "2771.7", "2466.1", "2774.0", "2272.7", "2072.2", "2672.7",
	"2672.7", "2771.4", "2871.7", "8077.2", "2772.7", "2478.1", "2377.2", "2177",
	"2471", "2871.7", "2272.1", "2771", "2873", "2771", "2776", "2271",
	"2773", "2176", "2678", "2272", "2771", "0121.1", "0021.1", "0843.2",
	"0190.3", "0180.1", "8021.1", "0121.1", "4301", "4380", "8041", "2711.7 2771.6",
	"2791.7", "2771", "8022.7", "8229.4", "8126.1", "4715.4", "1463.3", "8574.7",
	"0033.6", "1777.2", "6702.7", "4212.7", "4013.2", "4991.6", "3512.7", "3111.4",
	"3418.2", "1012.7", "1313.4", "1914.7", "1662.7", "1566.6", "1669.4", "9491.6",
	"2112.7", "0712.0", "7426.0", "7924.4", "4480.6", "4452.7", "6715.0", "4951.1",
	"4742.7", "2742.7", "6722.7", "0310.9", "8373.2", "8476.1", "8478.6", "8874.6",
	"7721.7", "2314.4", "2711.6", "2013.2", "5482.7", "4914.4", "4712.2", "2576.0",
	"2250.4", "2373.4", "6701.2", "2214.1", "2412.7", "2013.6", "2213.1", "4442.7",
	"3528.2", "3772.0", "3375.0", "3774.7", "3673.2", "4151.0", "4751.7", "4759.4",
	"6772.7", "8573.0", "8471.4", "8672.7", "8478.1", "8276.9", "8772.7", "3790.4",
	"2178.2", "3118.2", "1168.2", "2579.6", "2071.6", "7014.0", "7513.0", "7712.0",
	"7713.2", "7618.1", "7119.6", "7213.4", "2112.7", "2210.6", "2211.6", "4112.7",
	"1412.7", "2019.6", "4853.3", "8478.1", "8473.3", "4148.2", "7013.2", "2771.7",
	"2825.6", "6103.1", "4111.4", "4811.2", "4412.7", "4815.6", "4741.1", "2172.7",
	"2472.7", "0028.2", "1121.4", "6502.7", "6701.2", "4593.0", "4298.2", "3112.7",
	"3718.2", "3610.0", "9181.4", "9784.7", "9885.6", "7826.1", "1219.4", "3710.3",
	"1714.7", "9060.1", "1162.7", "1861.2", "8880.2", "2210.0", "2411.2", "2610.0",
	"2214.1", "2311.1", "2512.7", "2419.0", "2014.7", "2318.6", "2611.4", "2013.2",
	"4422.7", "4422.7", "4428.2", "4422.7", "5419.4", "3174.0", "3371.2", "3375.0",
	"3773.2", "3171.4", "3678.1", "3573.3", "4254.0", "4856.1", "1732.7", "1463.2",
	"8374.0", "8871.2", "8273.4", "8272.1", "8379.4", "8570.6", "8170.7", "8776.2",
	"8775.0", "8471.0", "8373.2", "8074.7", "8474.7", "9773.4", "8872.7", "8577.7",
	"8874.0", "8476.1", "8673.1", "8975.9", "8873.3", "2710.4", "7221.7", "7022.4",
	"7528.2", "5168.2", "2128.2", "7111.9", "7712.0", "7411.1", "7819.4", "7111.1",
	"7516.1", "7915.9", "2712.0", "2311.2", "2711.2", "2211.3", "2210.0", "2519.6",
	"7110.6", "2719.1", "2416.1", "5722.7", "7772.7", "4312.7", "3012.7", "0812.7",
	"2762.7", "2872.0", "2472.1", "2478.1",
}
