// Code generated by internal/jyutpingx/_tools/gen_jyutping.go; DO NOT EDIT.
// 数据源: Unicode Unihan kCantonese（Unihan_Readings.txt）。公开可嵌。Jyutping 粤拼，单读音。
// 共 29936 字。

package jyutpingx

// jyutCP 是升序的码点表，与 jyutReading 一一对应，供二分查找。
var jyutCP = []rune{
	0x3400, 0x3403, 0x3404, 0x3405, 0x3407, 0x3408, 0x3409, 0x340A, 0x340B, 0x340C, 0x340D, 0x340E,
	0x340F, 0x3410, 0x3411, 0x3412, 0x3413, 0x3414, 0x3415, 0x3417, 0x3418, 0x3419, 0x341A, 0x341B,
	0x341D, 0x341E, 0x341F, 0x3420, 0x3421, 0x3422, 0x3423, 0x3425, 0x3426, 0x3428, 0x342A, 0x342B,
	0x342C, 0x342D, 0x342E, 0x342F, 0x3430, 0x3431, 0x3432, 0x3433, 0x3434, 0x3435, 0x3436, 0x3437,
	0x3438, 0x3439, 0x343B, 0x343C, 0x343D, 0x343E, 0x343F, 0x3440, 0x3442, 0x3444, 0x3445, 0x3446,
	0x3447, 0x3448, 0x344C, 0x344E, 0x344F, 0x3450, 0x3451, 0x3452, 0x3453, 0x3454, 0x3455, 0x3456,
	0x3458, 0x345D, 0x3460, 0x3461, 0x3462, 0x3467, 0x3469, 0x346A, 0x346B, 0x346C, 0x346D, 0x346F,
	0x3472, 0x3473, 0x3474, 0x3475, 0x3476, 0x3477, 0x3479, 0x347A, 0x347C, 0x347D, 0x3485, 0x3486,
	0x3487, 0x348B, 0x348C, 0x348F, 0x3490, 0x3492, 0x3493, 0x3494, 0x3497, 0x3498, 0x3499, 0x349A,
	0x349D, 0x349E, 0x349F, 0x34A0, 0x34A2, 0x34A3, 0x34A5, 0x34A6, 0x34A7, 0x34A8, 0x34A9, 0x34AA,
	0x34AB, 0x34AC, 0x34AE, 0x34AF, 0x34B0, 0x34B1, 0x34B2, 0x34B3, 0x34B4, 0x34B6, 0x34B7, 0x34B8,
	0x34B9, 0x34BA, 0x34BB, 0x34BC, 0x34BD, 0x34BF, 0x34C0, 0x34C1, 0x34C3, 0x34C5, 0x34C6, 0x34C7,
	0x34C9, 0x34CA, 0x34CB, 0x34CC, 0x34CD, 0x34CF, 0x34D0, 0x34D2, 0x34D4, 0x34D5, 0x34D7, 0x34D8,
	0x34D9, 0x34DA, 0x34DB, 0x34DE, 0x34DF, 0x34E0, 0x34E1, 0x34E4, 0x34E5, 0x34E6, 0x34E8, 0x34E9,
	0x34EA, 0x34EB, 0x34EC, 0x34ED, 0x34EE, 0x34EF, 0x34F0, 0x34F3, 0x34F5, 0x34F6, 0x34F7, 0x34F8,
	0x34FA, 0x34FB, 0x34FC, 0x34FD, 0x34FE, 0x34FF, 0x3500, 0x3502, 0x3503, 0x3504, 0x3505, 0x3506,
	0x3507, 0x3508, 0x3509, 0x350C, 0x350E, 0x350F, 0x3510, 0x3511, 0x3512, 0x3513, 0x3514, 0x3516,
	0x351B, 0x351C, 0x351D, 0x351F, 0x3520, 0x3521, 0x3522, 0x3527, 0x3528, 0x3529, 0x352A, 0x352B,
	0x352C, 0x352D, 0x352E, 0x3530, 0x3531, 0x3532, 0x3535, 0x3536, 0x3537, 0x3539, 0x353B, 0x353C,
	0x353E, 0x353F, 0x3540, 0x3541, 0x3545, 0x3546, 0x3549, 0x354A, 0x354B, 0x354C, 0x354D, 0x354E,
	0x354F, 0x3550, 0x3551, 0x3553, 0x3554, 0x3556, 0x3558, 0x3559, 0x355A, 0x355C, 0x355D, 0x355E,
	0x355F, 0x3560, 0x3561, 0x3562, 0x3563, 0x3565, 0x3566, 0x3567, 0x3568, 0x356A, 0x356C, 0x356D,
	0x356E, 0x356F, 0x3572, 0x3573, 0x3575, 0x3576, 0x3578, 0x3579, 0x357A, 0x357C, 0x357D, 0x357E,
	0x357F, 0x3580, 0x3581, 0x3585, 0x3586, 0x3587, 0x3588, 0x3589, 0x358A, 0x358B, 0x358C, 0x358D,
	0x358E, 0x3592, 0x3593, 0x3598, 0x3599, 0x359A, 0x359B, 0x359C, 0x359D, 0x359E, 0x359F, 0x35A1,
	0x35A2, 0x35A3, 0x35A4, 0x35A5, 0x35A6, 0x35A8, 0x35AA, 0x35AB, 0x35AC, 0x35AD, 0x35AE, 0x35AF,
	0x35B0, 0x35B1, 0x35B2, 0x35B3, 0x35B4, 0x35B5, 0x35B7, 0x35BA, 0x35BC, 0x35BD, 0x35BE, 0x35BF,
	0x35C1, 0x35C2, 0x35C5, 0x35C6, 0x35C7, 0x35C8, 0x35C9, 0x35CA, 0x35CB, 0x35CD, 0x35CE, 0x35CF,
	0x35D0, 0x35D1, 0x35D2, 0x35D3, 0x35D4, 0x35D6, 0x35D8, 0x35DA, 0x35DB, 0x35DC, 0x35DD, 0x35DE,
	0x35DF, 0x35E0, 0x35E1, 0x35E5, 0x35E6, 0x35E9, 0x35EA, 0x35EC, 0x35EE, 0x35EF, 0x35F0, 0x35F1,
	0x35F2, 0x35F3, 0x35F5, 0x35F6, 0x35F7, 0x35F8, 0x35F9, 0x35FA, 0x35FB, 0x35FD, 0x35FE, 0x3600,
	0x3602, 0x3603, 0x3604, 0x3605, 0x3607, 0x3609, 0x360E, 0x360F, 0x3611, 0x3612, 0x3613, 0x3614,
	0x3617, 0x3618, 0x361A, 0x361F, 0x3621, 0x3622, 0x3624, 0x3625, 0x3626, 0x3627, 0x3628, 0x3629,
	0x362A, 0x362D, 0x362E, 0x362F, 0x3630, 0x3631, 0x3632, 0x3634, 0x3635, 0x3636, 0x3638, 0x3639,
	0x363A, 0x363C, 0x363D, 0x363E, 0x3640, 0x3644, 0x3645, 0x3646, 0x3647, 0x3649, 0x364A, 0x364B,
	0x364C, 0x364E, 0x364F, 0x3650, 0x3653, 0x3655, 0x3656, 0x3659, 0x365A, 0x365B, 0x365D, 0x365F,
	0x3661, 0x3663, 0x3664, 0x3666, 0x3667, 0x3668, 0x3669, 0x366C, 0x366D, 0x366E, 0x3672, 0x3673,
	0x3675, 0x3676, 0x367B, 0x367C, 0x367D, 0x367E, 0x367F, 0x3680, 0x3681, 0x3683, 0x3684, 0x3685,
	0x3686, 0x3687, 0x3688, 0x3689, 0x368A, 0x368B, 0x368C, 0x368E, 0x368F, 0x3690, 0x3691, 0x3692,
	0x3693, 0x3694, 0x3696, 0x3697, 0x3698, 0x3699, 0x369A, 0x369B, 0x369C, 0x369E, 0x369F, 0x36A0,
	0x36A1, 0x36A2, 0x36A3, 0x36A6, 0x36A8, 0x36A9, 0x36AA, 0x36AB, 0x36AC, 0x36AE, 0x36AF, 0x36B0,
	0x36B5, 0x36B6, 0x36B8, 0x36BD, 0x36BE, 0x36C0, 0x36C2, 0x36C3, 0x36C5, 0x36C7, 0x36C8, 0x36C9,
	0x36CB, 0x36CC, 0x36CE, 0x36CF, 0x36D0, 0x36D1, 0x36D3, 0x36D4, 0x36D6, 0x36D9, 0x36DA, 0x36DB,
	0x36DD, 0x36DE, 0x36DF, 0x36E0, 0x36E1, 0x36E2, 0x36E3, 0x36E4, 0x36E6, 0x36E9, 0x36EC, 0x36ED,
	0x36EE, 0x36F0, 0x36F1, 0x36F2, 0x36F4, 0x36F5, 0x36F6, 0x36F7, 0x36F8, 0x36F9, 0x36FD, 0x36FE,
	0x36FF, 0x3700, 0x3701, 0x3702, 0x3703, 0x3704, 0x3705, 0x3708, 0x370A, 0x370D, 0x370F, 0x3710,
	0x3711, 0x3713, 0x3714, 0x3715, 0x3716, 0x3719, 0x371A, 0x371C, 0x371E, 0x371F, 0x3720, 0x3722,
	0x3725, 0x3726, 0x3728, 0x3729, 0x372B, 0x372C, 0x372D, 0x372E, 0x372F, 0x3731, 0x3735, 0x3739,
	0x373A, 0x373B, 0x373D, 0x373E, 0x373F, 0x3743, 0x3744, 0x3745, 0x3746, 0x3747, 0x3748, 0x3749,
	0x374A, 0x374C, 0x374D, 0x374E, 0x374F, 0x3751, 0x3752, 0x3754, 0x3755, 0x375A, 0x375B, 0x375C,
	0x375D, 0x375E, 0x375F, 0x3760, 0x3761, 0x3763, 0x3764, 0x3766, 0x3767, 0x3768, 0x3769, 0x376A,
	0x376B, 0x376C, 0x376D, 0x376E, 0x376F, 0x3770, 0x3771, 0x3772, 0x3773, 0x3775, 0x3776, 0x3777,
	0x3778, 0x3779, 0x377A, 0x377B, 0x377E, 0x377F, 0x3780, 0x3782, 0x3784, 0x3789, 0x378A, 0x378B,
	0x378D, 0x378E, 0x3790, 0x3791, 0x3792, 0x3793, 0x3794, 0x3795, 0x3796, 0x3797, 0x3798, 0x3799,
	0x379B, 0x379C, 0x379D, 0x379E, 0x379F, 0x37A0, 0x37A1, 0x37A2, 0x37A3, 0x37A6, 0x37A7, 0x37A8,
	0x37A9, 0x37AB, 0x37AC, 0x37AD, 0x37B0, 0x37B3, 0x37B4, 0x37B5, 0x37B6, 0x37B7, 0x37B8, 0x37B9,
	0x37BA, 0x37BB, 0x37BC, 0x37BD, 0x37BE, 0x37BF, 0x37C0, 0x37C1, 0x37C2, 0x37C3, 0x37C4, 0x37C6,
	0x37C8, 0x37C9, 0x37CC, 0x37CD, 0x37CF, 0x37D0, 0x37D1, 0x37D2, 0x37D3, 0x37D4, 0x37D5, 0x37D6,
	0x37D7, 0x37D8, 0x37D9, 0x37DA, 0x37DD, 0x37DF, 0x37E0, 0x37E1, 0x37E3, 0x37E4, 0x37E5, 0x37E6,
	0x37E7, 0x37E9, 0x37EB, 0x37ED, 0x37EF, 0x37F0, 0x37F3, 0x37F5, 0x37F8, 0x37F9, 0x37FB, 0x37FD,
	0x3800, 0x3803, 0x3804, 0x3806, 0x3807, 0x3809, 0x380A, 0x380B, 0x380E, 0x380F, 0x3810, 0x3811,
	0x3812, 0x3813, 0x3817, 0x3818, 0x3819, 0x381B, 0x381D, 0x381E, 0x381F, 0x3821, 0x3823, 0x3824,
	0x3826, 0x3827, 0x3829, 0x382A, 0x382B, 0x382C, 0x382D, 0x382F, 0x3830, 0x3831, 0x3832, 0x3833,
	0x3835, 0x3836, 0x3839, 0x383A, 0x383B, 0x383C, 0x383D, 0x383F, 0x3840, 0x3842, 0x3843, 0x3844,
	0x3845, 0x3846, 0x3847, 0x3848, 0x384C, 0x384D, 0x384E, 0x3850, 0x3851, 0x3852, 0x3854, 0x3856,
	0x3857, 0x3858, 0x385B, 0x385D, 0x385F, 0x3860, 0x3861, 0x3862, 0x3863, 0x3864, 0x3867, 0x3869,
	0x386A, 0x386C, 0x386D, 0x3872, 0x3873, 0x3875, 0x3876, 0x3877, 0x387A, 0x387B, 0x387D, 0x387E,
	0x387F, 0x3880, 0x3881, 0x3883, 0x3885, 0x3886, 0x3887, 0x3888, 0x3889, 0x388A, 0x388B, 0x388C,
	0x388F, 0x3890, 0x3891, 0x3892, 0x3893, 0x3894, 0x3896, 0x3898, 0x3899, 0x389A, 0x389C, 0x389D,
	0x38A0, 0x38A1, 0x38A2, 0x38A3, 0x38A4, 0x38A5, 0x38A6, 0x38A7, 0x38A8, 0x38A9, 0x38AA, 0x38AB,
	0x38AC, 0x38AD, 0x38AE, 0x38AF, 0x38B0, 0x38B1, 0x38B2, 0x38B3, 0x38B4, 0x38B5, 0x38B6, 0x38B7,
	0x38B9, 0x38BC, 0x38BD, 0x38BE, 0x38BF, 0x38C0, 0x38C1, 0x38C4, 0x38C8, 0x38C9, 0x38CA, 0x38CB,
	0x38CC, 0x38CD, 0x38CE, 0x38CF, 0x38D0, 0x38D3, 0x38D4, 0x38D5, 0x38D6, 0x38D7, 0x38D8, 0x38DA,
	0x38DD, 0x38DE, 0x38E1, 0x38E4, 0x38E5, 0x38E6, 0x38E8, 0x38E9, 0x38EA, 0x38EC, 0x38ED, 0x38EE,
	0x38EF, 0x38F2, 0x38F3, 0x38F4, 0x38F5, 0x38F6, 0x38F7, 0x38F8, 0x38F9, 0x38FA, 0x38FC, 0x38FD,
	0x38FE, 0x38FF, 0x3900, 0x3901, 0x3902, 0x3903, 0x3904, 0x3905, 0x3906, 0x3907, 0x390A, 0x390B,
	0x390E, 0x3910, 0x3912, 0x3913, 0x3914, 0x3916, 0x3917, 0x3918, 0x391A, 0x391D, 0x391E, 0x3920,
	0x3921, 0x3923, 0x3925, 0x3926, 0x3927, 0x3928, 0x3929, 0x392C, 0x392D, 0x392F, 0x3930, 0x3931,
	0x3932, 0x3935, 0x393B, 0x393C, 0x393D, 0x393F, 0x3941, 0x3942, 0x3943, 0x3944, 0x3945, 0x3946,
	0x3948, 0x394A, 0x394C, 0x394D, 0x394F, 0x3952, 0x3955, 0x3956, 0x3957, 0x3958, 0x3959, 0x395A,
	0x395B, 0x395C, 0x3960, 0x3963, 0x3964, 0x3966, 0x3967, 0x3969, 0x396A, 0x396B, 0x396C, 0x396D,
	0x396E, 0x396F, 0x3970, 0x3971, 0x3972, 0x3975, 0x3976, 0x3977, 0x3978, 0x397A, 0x397B, 0x397D,
	0x397E, 0x397F, 0x3980, 0x3981, 0x3982, 0x3984, 0x3986, 0x3987, 0x3988, 0x398A, 0x398B, 0x398C,
	0x398D, 0x398E, 0x398F, 0x3990, 0x3992, 0x3995, 0x3996, 0x3998, 0x3999, 0x399A, 0x399C, 0x399E,
	0x39A0, 0x39A1, 0x39A2, 0x39A4, 0x39A5, 0x39A7, 0x39A8, 0x39AA, 0x39AB, 0x39AF, 0x39B1, 0x39B2,
	0x39B3, 0x39B4, 0x39B5, 0x39B6, 0x39B8, 0x39BB, 0x39BC, 0x39C0, 0x39C1, 0x39C2, 0x39C3, 0x39C5,
	0x39CA, 0x39CB, 0x39CD, 0x39CE, 0x39CF, 0x39D0, 0x39D1, 0x39D3, 0x39D5, 0x39D6, 0x39D7, 0x39D9,
	0x39DA, 0x39DB, 0x39DC, 0x39DE, 0x39DF, 0x39E0, 0x39E1, 0x39E3, 0x39E4, 0x39E5, 0x39E6, 0x39E7,
	0x39E8, 0x39EC, 0x39ED, 0x39EF, 0x39F0, 0x39F1, 0x39F2, 0x39F4, 0x39F5, 0x39F6, 0x39F8, 0x39F9,
	0x39FB, 0x39FC, 0x39FD, 0x39FE, 0x3A00, 0x3A01, 0x3A02, 0x3A03, 0x3A06, 0x3A07, 0x3A08, 0x3A09,
	0x3A0C, 0x3A0D, 0x3A0F, 0x3A11, 0x3A12, 0x3A13, 0x3A16, 0x3A17, 0x3A18, 0x3A19, 0x3A1A, 0x3A1B,
	0x3A1C, 0x3A1D, 0x3A1E, 0x3A1F, 0x3A20, 0x3A22, 0x3A23, 0x3A24, 0x3A26, 0x3A28, 0x3A29, 0x3A2A,
	0x3A2B, 0x3A2C, 0x3A2D, 0x3A2E, 0x3A32, 0x3A34, 0x3A35, 0x3A36, 0x3A39, 0x3A3A, 0x3A3C, 0x3A3D,
	0x3A3E, 0x3A3F, 0x3A41, 0x3A42, 0x3A43, 0x3A44, 0x3A45, 0x3A47, 0x3A4A, 0x3A4B, 0x3A4D, 0x3A4F,
	0x3A50, 0x3A51, 0x3A52, 0x3A53, 0x3A54, 0x3A55, 0x3A56, 0x3A57, 0x3A59, 0x3A5A, 0x3A5B, 0x3A5C,
	0x3A5D, 0x3A5E, 0x3A5F, 0x3A60, 0x3A61, 0x3A62, 0x3A64, 0x3A66, 0x3A67, 0x3A68, 0x3A69, 0x3A6A,
	0x3A6B, 0x3A6C, 0x3A6D, 0x3A6F, 0x3A70, 0x3A71, 0x3A72, 0x3A73, 0x3A75, 0x3A76, 0x3A77, 0x3A78,
	0x3A79, 0x3A7A, 0x3A7B, 0x3A7C, 0x3A7D, 0x3A7E, 0x3A81, 0x3A85, 0x3A86, 0x3A87, 0x3A88, 0x3A89,
	0x3A8A, 0x3A8B, 0x3A8E, 0x3A94, 0x3A95, 0x3A96, 0x3A97, 0x3A98, 0x3A99, 0x3A9A, 0x3A9C, 0x3A9D,
	0x3A9E, 0x3A9F, 0x3AA0, 0x3AA2, 0x3AA5, 0x3AA8, 0x3AAC, 0x3AAD, 0x3AAE, 0x3AAF, 0x3AB0, 0x3AB1,
	0x3AB5, 0x3AB6, 0x3AB7, 0x3ABA, 0x3ABB, 0x3ABC, 0x3ABD, 0x3ABE, 0x3ABF, 0x3AC0, 0x3AC1, 0x3AC2,
	0x3AC3, 0x3AC4, 0x3AC5, 0x3AC6, 0x3AC7, 0x3AC8, 0x3AC9, 0x3ACA, 0x3ACB, 0x3ACC, 0x3ACE, 0x3AD1,
	0x3AD2, 0x3AD3, 0x3AD4, 0x3AD5, 0x3AD6, 0x3AD7, 0x3AD8, 0x3AD9, 0x3ADA, 0x3ADC, 0x3ADD, 0x3ADE,
	0x3AE0, 0x3AE1, 0x3AE2, 0x3AE3, 0x3AE4, 0x3AE5, 0x3AE6, 0x3AE7, 0x3AE8, 0x3AE9, 0x3AEA, 0x3AEB,
	0x3AEC, 0x3AED, 0x3AEE, 0x3AEF, 0x3AF2, 0x3AF3, 0x3AF5, 0x3AF6, 0x3AF7, 0x3AF8, 0x3AFA, 0x3AFC,
	0x3AFD, 0x3AFE, 0x3AFF, 0x3B00, 0x3B01, 0x3B03, 0x3B05, 0x3B06, 0x3B07, 0x3B08, 0x3B09, 0x3B0A,
	0x3B0B, 0x3B0C, 0x3B0D, 0x3B0E, 0x3B0F, 0x3B10, 0x3B11, 0x3B12, 0x3B13, 0x3B14, 0x3B16, 0x3B18,
	0x3B19, 0x3B1A, 0x3B1B, 0x3B1C, 0x3B1D, 0x3B1E, 0x3B1F, 0x3B20, 0x3B21, 0x3B22, 0x3B24, 0x3B26,
	0x3B28, 0x3B2A, 0x3B2D, 0x3B31, 0x3B32, 0x3B33, 0x3B35, 0x3B36, 0x3B37, 0x3B38, 0x3B39, 0x3B3A,
	0x3B3B, 0x3B3C, 0x3B3D, 0x3B3E, 0x3B40, 0x3B42, 0x3B43, 0x3B44, 0x3B45, 0x3B46, 0x3B48, 0x3B49,
	0x3B4A, 0x3B4D, 0x3B4E, 0x3B4F, 0x3B50, 0x3B51, 0x3B52, 0x3B53, 0x3B54, 0x3B55, 0x3B56, 0x3B57,
	0x3B59, 0x3B5A, 0x3B5B, 0x3B5D, 0x3B5E, 0x3B5F, 0x3B60, 0x3B61, 0x3B62, 0x3B63, 0x3B64, 0x3B65,
	0x3B66, 0x3B67, 0x3B68, 0x3B69, 0x3B6A, 0x3B6B, 0x3B6D, 0x3B6E, 0x3B71, 0x3B72, 0x3B73, 0x3B74,
	0x3B75, 0x3B76, 0x3B77, 0x3B78, 0x3B7B, 0x3B7D, 0x3B7E, 0x3B7F, 0x3B80, 0x3B82, 0x3B83, 0x3B84,
	0x3B85, 0x3B87, 0x3B88, 0x3B89, 0x3B8A, 0x3B8C, 0x3B8D, 0x3B8E, 0x3B8F, 0x3B91, 0x3B93, 0x3B99,
	0x3B9A, 0x3B9B, 0x3B9C, 0x3B9D, 0x3B9E, 0x3BA0, 0x3BA1, 0x3BA2, 0x3BA3, 0x3BA4, 0x3BA6, 0x3BA7,
	0x3BA8, 0x3BA9, 0x3BAA, 0x3BAE, 0x3BAF, 0x3BB0, 0x3BB1, 0x3BB4, 0x3BB5, 0x3BB6, 0x3BB7, 0x3BB8,
	0x3BB9, 0x3BBA, 0x3BBB, 0x3BBC, 0x3BBD, 0x3BBE, 0x3BC1, 0x3BC2, 0x3BC3, 0x3BC4, 0x3BC5, 0x3BC6,
	0x3BC7, 0x3BC8, 0x3BC9, 0x3BCA, 0x3BCC, 0x3BCE, 0x3BCF, 0x3BD0, 0x3BD1, 0x3BD2, 0x3BD3, 0x3BD4,
	0x3BD5, 0x3BD7, 0x3BD8, 0x3BDA, 0x3BDB, 0x3BDD, 0x3BDE, 0x3BDF, 0x3BE2, 0x3BE3, 0x3BE5, 0x3BE6,
	0x3BE7, 0x3BE8, 0x3BEA, 0x3BEB, 0x3BEC, 0x3BED, 0x3BEE, 0x3BEF, 0x3BF0, 0x3BF2, 0x3BF3, 0x3BF4,
	0x3BF5, 0x3BF6, 0x3BF7, 0x3BF8, 0x3BF9, 0x3BFA, 0x3BFB, 0x3BFC, 0x3BFD, 0x3BFE, 0x3BFF, 0x3C00,
	0x3C02, 0x3C03, 0x3C04, 0x3C05, 0x3C08, 0x3C09, 0x3C0A, 0x3C0B, 0x3C0C, 0x3C0D, 0x3C0E, 0x3C0F,
	0x3C10, 0x3C12, 0x3C13, 0x3C15, 0x3C16, 0x3C17, 0x3C1A, 0x3C1C, 0x3C1E, 0x3C22, 0x3C26, 0x3C27,
	0x3C29, 0x3C2B, 0x3C2C, 0x3C2D, 0x3C33, 0x3C35, 0x3C37, 0x3C38, 0x3C3A, 0x3C3E, 0x3C3F, 0x3C40,
	0x3C42, 0x3C43, 0x3C46, 0x3C47, 0x3C4B, 0x3C4D, 0x3C50, 0x3C51, 0x3C52, 0x3C53, 0x3C54, 0x3C55,
	0x3C56, 0x3C5C, 0x3C5D, 0x3C5F, 0x3C60, 0x3C61, 0x3C62, 0x3C63, 0x3C65, 0x3C66, 0x3C67, 0x3C68,
	0x3C69, 0x3C6A, 0x3C6B, 0x3C6D, 0x3C6E, 0x3C6F, 0x3C70, 0x3C71, 0x3C73, 0x3C75, 0x3C76, 0x3C77,
	0x3C79, 0x3C7C, 0x3C7D, 0x3C7E, 0x3C7F, 0x3C81, 0x3C82, 0x3C84, 0x3C85, 0x3C86, 0x3C87, 0x3C88,
	0x3C89, 0x3C8B, 0x3C8C, 0x3C8D, 0x3C90, 0x3C91, 0x3C92, 0x3C93, 0x3C94, 0x3C96, 0x3C97, 0x3C98,
	0x3C9A, 0x3C9B, 0x3C9C, 0x3C9E, 0x3CA0, 0x3CA1, 0x3CA4, 0x3CA5, 0x3CA6, 0x3CA7, 0x3CA9, 0x3CAA,
	0x3CAB, 0x3CAC, 0x3CAE, 0x3CB0, 0x3CB1, 0x3CB2, 0x3CB3, 0x3CB4, 0x3CB5, 0x3CB7, 0x3CB8, 0x3CBB,
	0x3CBF, 0x3CC0, 0x3CC1, 0x3CC2, 0x3CC3, 0x3CC4, 0x3CC5, 0x3CC7, 0x3CC8, 0x3CC9, 0x3CCD, 0x3CCE,
	0x3CD2, 0x3CD3, 0x3CD4, 0x3CD5, 0x3CD8, 0x3CD9, 0x3CDD, 0x3CDE, 0x3CDF, 0x3CE0, 0x3CE1, 0x3CE2,
	0x3CE3, 0x3CE4, 0x3CE5, 0x3CE6, 0x3CE8, 0x3CEA, 0x3CEC, 0x3CEF, 0x3CF1, 0x3CF2, 0x3CF3, 0x3CF4,
	0x3CF5, 0x3CF8, 0x3CF9, 0x3CFB, 0x3CFC, 0x3CFD, 0x3CFE, 0x3CFF, 0x3D03, 0x3D05, 0x3D06, 0x3D0B,
	0x3D0C, 0x3D0D, 0x3D0E, 0x3D0F, 0x3D10, 0x3D11, 0x3D14, 0x3D16, 0x3D18, 0x3D1A, 0x3D1B, 0x3D1C,
	0x3D1E, 0x3D1F, 0x3D20, 0x3D21, 0x3D22, 0x3D23, 0x3D24, 0x3D25, 0x3D26, 0x3D27, 0x3D28, 0x3D29,
	0x3D2C, 0x3D2E, 0x3D2F, 0x3D31, 0x3D32, 0x3D33, 0x3D34, 0x3D35, 0x3D36, 0x3D38, 0x3D39, 0x3D3A,
	0x3D3B, 0x3D3C, 0x3D3D, 0x3D3E, 0x3D3F, 0x3D40, 0x3D41, 0x3D42, 0x3D43, 0x3D44, 0x3D47, 0x3D48,
	0x3D49, 0x3D4B, 0x3D4C, 0x3D4E, 0x3D50, 0x3D51, 0x3D52, 0x3D53, 0x3D55, 0x3D57, 0x3D58, 0x3D5A,
	0x3D5B, 0x3D5C, 0x3D5D, 0x3D5E, 0x3D5F, 0x3D61, 0x3D62, 0x3D63, 0x3D64, 0x3D65, 0x3D67, 0x3D68,
	0x3D6D, 0x3D6E, 0x3D6F, 0x3D70, 0x3D72, 0x3D73, 0x3D74, 0x3D77, 0x3D79, 0x3D7C, 0x3D7D, 0x3D81,
	0x3D82, 0x3D83, 0x3D85, 0x3D86, 0x3D87, 0x3D89, 0x3D8A, 0x3D8B, 0x3D8D, 0x3D8E, 0x3D90, 0x3D91,
	0x3D92, 0x3D93, 0x3D95, 0x3D96, 0x3D98, 0x3D99, 0x3D9A, 0x3D9D, 0x3D9E, 0x3D9F, 0x3DA2, 0x3DA4,
	0x3DA5, 0x3DA7, 0x3DA9, 0x3DAA, 0x3DAC, 0x3DAE, 0x3DB0, 0x3DB1, 0x3DB3, 0x3DB4, 0x3DB6, 0x3DB7,
	0x3DB8, 0x3DB9, 0x3DBB, 0x3DBD, 0x3DBF, 0x3DC0, 0x3DC1, 0x3DC5, 0x3DC7, 0x3DC9, 0x3DCC, 0x3DCD,
	0x3DCE, 0x3DD3, 0x3DD6, 0x3DD7, 0x3DD8, 0x3DD9, 0x3DDA, 0x3DDB, 0x3DDC, 0x3DDD, 0x3DDE, 0x3DDF,
	0x3DE0, 0x3DE1, 0x3DE2, 0x3DE3, 0x3DE5, 0x3DE6, 0x3DE7, 0x3DE8, 0x3DE9, 0x3DEB, 0x3DEC, 0x3DED,
	0x3DEE, 0x3DF0, 0x3DF1, 0x3DF2, 0x3DF4, 0x3DF5, 0x3DF6, 0x3DF9, 0x3DFA, 0x3DFB, 0x3DFD, 0x3E01,
	0x3E02, 0x3E03, 0x3E04, 0x3E05, 0x3E06, 0x3E07, 0x3E08, 0x3E09, 0x3E0B, 0x3E0C, 0x3E0D, 0x3E0E,
	0x3E0F, 0x3E11, 0x3E12, 0x3E13, 0x3E14, 0x3E15, 0x3E17, 0x3E19, 0x3E1A, 0x3E1B, 0x3E1F, 0x3E20,
	0x3E21, 0x3E22, 0x3E24, 0x3E26, 0x3E2A, 0x3E2B, 0x3E2C, 0x3E2D, 0x3E2E, 0x3E2F, 0x3E33, 0x3E34,
	0x3E35, 0x3E39, 0x3E3A, 0x3E3B, 0x3E3C, 0x3E3D, 0x3E3F, 0x3E41, 0x3E43, 0x3E44, 0x3E45, 0x3E46,
	0x3E48, 0x3E4A, 0x3E4C, 0x3E4D, 0x3E4E, 0x3E52, 0x3E54, 0x3E56, 0x3E57, 0x3E5D, 0x3E5F, 0x3E60,
	0x3E62, 0x3E63, 0x3E64, 0x3E65, 0x3E66, 0x3E69, 0x3E6A, 0x3E6C, 0x3E6D, 0x3E70, 0x3E71, 0x3E73,
	0x3E74, 0x3E76, 0x3E77, 0x3E79, 0x3E7B, 0x3E7C, 0x3E7D, 0x3E81, 0x3E83, 0x3E85, 0x3E86, 0x3E87,
	0x3E88, 0x3E8C, 0x3E8D, 0x3E92, 0x3E97, 0x3E99, 0x3E9B, 0x3E9C, 0x3EA1, 0x3EA2, 0x3EA3, 0x3EA4,
	0x3EA5, 0x3EA7, 0x3EA8, 0x3EA9, 0x3EAA, 0x3EAC, 0x3EAD, 0x3EAF, 0x3EB0, 0x3EB3, 0x3EB4, 0x3EB5,
	0x3EB6, 0x3EB7, 0x3EB8, 0x3EB9, 0x3EBA, 0x3EBB, 0x3EBC, 0x3EBD, 0x3EBE, 0x3EC1, 0x3EC2, 0x3EC3,
	0x3EC4, 0x3EC5, 0x3EC6, 0x3EC7, 0x3EC8, 0x3EC9, 0x3ECA, 0x3ECB, 0x3ECC, 0x3ECD, 0x3ECE, 0x3ECF,
	0x3ED0, 0x3ED4, 0x3ED5, 0x3ED6, 0x3ED8, 0x3ED9, 0x3EDA, 0x3EDB, 0x3EDC, 0x3EDD, 0x3EDE, 0x3EDF,
	0x3EE1, 0x3EE2, 0x3EE3, 0x3EE4, 0x3EE5, 0x3EE6, 0x3EE7, 0x3EE8, 0x3EE9, 0x3EEB, 0x3EED, 0x3EEE,
	0x3EF0, 0x3EF2, 0x3EF3, 0x3EF4, 0x3EF5, 0x3EF6, 0x3EF7, 0x3EF9, 0x3EFA, 0x3EFB, 0x3EFC, 0x3EFF,
	0x3F00, 0x3F01, 0x3F03, 0x3F04, 0x3F05, 0x3F06, 0x3F07, 0x3F08, 0x3F09, 0x3F0A, 0x3F0B, 0x3F0C,
	0x3F0D, 0x3F0E, 0x3F0F, 0x3F10, 0x3F11, 0x3F12, 0x3F13, 0x3F15, 0x3F17, 0x3F18, 0x3F1A, 0x3F1C,
	0x3F1D, 0x3F1F, 0x3F20, 0x3F21, 0x3F23, 0x3F24, 0x3F25, 0x3F26, 0x3F27, 0x3F28, 0x3F29, 0x3F2A,
	0x3F2C, 0x3F2E, 0x3F30, 0x3F37, 0x3F39, 0x3F3A, 0x3F3B, 0x3F3C, 0x3F3E, 0x3F3F, 0x3F41, 0x3F43,
	0x3F44, 0x3F45, 0x3F46, 0x3F4B, 0x3F4C, 0x3F4D, 0x3F4E, 0x3F4F, 0x3F51, 0x3F52, 0x3F53, 0x3F54,
	0x3F57, 0x3F59, 0x3F5A, 0x3F5D, 0x3F5E, 0x3F5F, 0x3F61, 0x3F62, 0x3F63, 0x3F64, 0x3F65, 0x3F67,
	0x3F6A, 0x3F6C, 0x3F6E, 0x3F6F, 0x3F70, 0x3F71, 0x3F73, 0x3F74, 0x3F75, 0x3F76, 0x3F77, 0x3F79,
	0x3F7A, 0x3F7B, 0x3F7C, 0x3F7D, 0x3F80, 0x3F82, 0x3F83, 0x3F84, 0x3F85, 0x3F86, 0x3F87, 0x3F88,
	0x3F89, 0x3F8C, 0x3F90, 0x3F91, 0x3F93, 0x3F94, 0x3F96, 0x3F97, 0x3F98, 0x3F99, 0x3F9A, 0x3F9B,
	0x3F9C, 0x3F9D, 0x3F9F, 0x3FA1, 0x3FA2, 0x3FA4, 0x3FA5, 0x3FA6, 0x3FA7, 0x3FA9, 0x3FAA, 0x3FAB,
	0x3FAC, 0x3FAD, 0x3FAE, 0x3FAF, 0x3FB0, 0x3FB1, 0x3FB2, 0x3FB3, 0x3FB5, 0x3FB6, 0x3FB7, 0x3FB8,
	0x3FB9, 0x3FBA, 0x3FBB, 0x3FBC, 0x3FBD, 0x3FBF, 0x3FC0, 0x3FC1, 0x3FC2, 0x3FC3, 0x3FC6, 0x3FC7,
	0x3FC9, 0x3FCB, 0x3FCD, 0x3FCF, 0x3FD0, 0x3FD3, 0x3FD4, 0x3FD6, 0x3FD7, 0x3FD9, 0x3FDA, 0x3FDB,
	0x3FDC, 0x3FDD, 0x3FDE, 0x3FE0, 0x3FE1, 0x3FE3, 0x3FE4, 0x3FE6, 0x3FE8, 0x3FE9, 0x3FEB, 0x3FEC,
	0x3FED, 0x3FF3, 0x3FF4, 0x3FF6, 0x3FF7, 0x3FF8, 0x3FF9, 0x3FFA, 0x3FFB, 0x3FFE, 0x3FFF, 0x4002,
	0x4003, 0x4004, 0x4006, 0x4007, 0x4009, 0x400B, 0x400C, 0x400D, 0x400E, 0x4010, 0x4011, 0x4012,
	0x4013, 0x4016, 0x4017, 0x4019, 0x401A, 0x401D, 0x401E, 0x4020, 0x4021, 0x4022, 0x4023, 0x4024,
	0x4025, 0x4026, 0x4029, 0x402A, 0x402B, 0x402C, 0x402D, 0x402E, 0x4030, 0x4031, 0x4032, 0x4035,
	0x4036, 0x4037, 0x4039, 0x403A, 0x403B, 0x403E, 0x4040, 0x4041, 0x4042, 0x4043, 0x4045, 0x404A,
	0x404B, 0x404D, 0x404E, 0x4053, 0x4054, 0x4055, 0x4056, 0x4057, 0x405A, 0x405C, 0x405E, 0x405F,
	0x4060, 0x4061, 0x4062, 0x4063, 0x4065, 0x4066, 0x4067, 0x406A, 0x406C, 0x406D, 0x406E, 0x406F,
	0x4072, 0x4073, 0x4074, 0x4076, 0x4077, 0x407A, 0x407B, 0x407C, 0x407D, 0x407E, 0x407F, 0x4080,
	0x4082, 0x4083, 0x4088, 0x408B, 0x408C, 0x408D, 0x408E, 0x408F, 0x4091, 0x4093, 0x4096, 0x4099,
	0x409E, 0x409F, 0x40A1, 0x40A2, 0x40A3, 0x40A4, 0x40A5, 0x40A6, 0x40A8, 0x40AA, 0x40AB, 0x40AC,
	0x40AE, 0x40AF, 0x40B0, 0x40B2, 0x40B3, 0x40B5, 0x40B6, 0x40B7, 0x40B8, 0x40BA, 0x40BB, 0x40BD,
	0x40BF, 0x40C0, 0x40C1, 0x40C2, 0x40C3, 0x40C4, 0x40C5, 0x40C6, 0x40C7, 0x40C8, 0x40C9, 0x40CA,
	0x40CC, 0x40CD, 0x40CE, 0x40CF, 0x40D0, 0x40D1, 0x40D4, 0x40D5, 0x40D6, 0x40D8, 0x40D9, 0x40DA,
	0x40DE, 0x40DF, 0x40E0, 0x40E1, 0x40E3, 0x40E4, 0x40E5, 0x40E6, 0x40E7, 0x40E8, 0x40EA, 0x40EB,
	0x40ED, 0x40EE, 0x40EF, 0x40F0, 0x40F2, 0x40F3, 0x40F4, 0x40F5, 0x40F6, 0x40F9, 0x40FA, 0x40FB,
	0x40FC, 0x40FD, 0x40FE, 0x40FF, 0x4100, 0x4102, 0x4103, 0x4105, 0x4106, 0x4107, 0x4109, 0x410A,
	0x410C, 0x410D, 0x4110, 0x4111, 0x4114, 0x4115, 0x4116, 0x4117, 0x4119, 0x411A, 0x411C, 0x411E,
	0x411F, 0x4121, 0x4122, 0x4123, 0x4124, 0x4125, 0x4126, 0x412B, 0x412D, 0x412E, 0x412F, 0x4130,
	0x4131, 0x4133, 0x4134, 0x4135, 0x4137, 0x4138, 0x4139, 0x413A, 0x413B, 0x413C, 0x413D, 0x4140,
	0x4141, 0x4143, 0x4145, 0x4146, 0x4147, 0x4149, 0x414C, 0x414D, 0x4152, 0x4153, 0x4154, 0x4155,
	0x4156, 0x4158, 0x415B, 0x415C, 0x415D, 0x415F, 0x4161, 0x4163, 0x4168, 0x4169, 0x416A, 0x416B,
	0x416D, 0x416E, 0x416F, 0x4170, 0x4172, 0x4174, 0x4175, 0x4177, 0x417A, 0x417B, 0x417D, 0x417E,
	0x417F, 0x4180, 0x4181, 0x4182, 0x4183, 0x4185, 0x4186, 0x4187, 0x4188, 0x4189, 0x418A, 0x418B,
	0x418C, 0x418D, 0x418E, 0x4190, 0x4192, 0x4194, 0x4196, 0x419A, 0x419B, 0x41A0, 0x41A3, 0x41A4,
	0x41A5, 0x41A6, 0x41A7, 0x41A9, 0x41AA, 0x41AB, 0x41AC, 0x41AD, 0x41B2, 0x41B3, 0x41B4, 0x41B9,
	0x41BA, 0x41BB, 0x41BC, 0x41BD, 0x41BE, 0x41C1, 0x41C2, 0x41C3, 0x41C4, 0x41C5, 0x41C6, 0x41C7,
	0x41C9, 0x41CA, 0x41CB, 0x41CC, 0x41CD, 0x41CE, 0x41D0, 0x41D1, 0x41D2, 0x41D3, 0x41D4, 0x41D5,
	0x41D6, 0x41D7, 0x41D8, 0x41DA, 0x41DB, 0x41DD, 0x41DE, 0x41DF, 0x41E0, 0x41E1, 0x41E2, 0x41E3,
	0x41E5, 0x41E8, 0x41EA, 0x41EB, 0x41ED, 0x41F0, 0x41F2, 0x41F3, 0x41F4, 0x41F6, 0x41F7, 0x41F8,
	0x41FB, 0x41FD, 0x41FF, 0x4200, 0x4201, 0x4202, 0x4203, 0x4204, 0x4205, 0x4206, 0x4207, 0x4208,
	0x4209, 0x420A, 0x420D, 0x420E, 0x420F, 0x4210, 0x4211, 0x4213, 0x4214, 0x4215, 0x4216, 0x4217,
	0x4218, 0x4219, 0x421B, 0x421D, 0x4220, 0x4222, 0x4223, 0x4224, 0x4225, 0x4226, 0x4228, 0x4229,
	0x422C, 0x422E, 0x4231, 0x4232, 0x4233, 0x4234, 0x4238, 0x423A, 0x423B, 0x423C, 0x423D, 0x4240,
	0x4241, 0x4242, 0x4243, 0x4244, 0x4247, 0x4248, 0x4249, 0x424B, 0x424C, 0x424D, 0x424E, 0x4250,
	0x4251, 0x4255, 0x4256, 0x4259, 0x425C, 0x425F, 0x4260, 0x4263, 0x4264, 0x4265, 0x4266, 0x4267,
	0x4269, 0x426A, 0x426B, 0x426C, 0x426D, 0x426E, 0x4271, 0x4272, 0x4273, 0x4276, 0x4278, 0x4279,
	0x427A, 0x427B, 0x427C, 0x427E, 0x427F, 0x4280, 0x4282, 0x4284, 0x4285, 0x4288, 0x4289, 0x428A,
	0x428B, 0x428C, 0x428D, 0x428F, 0x4290, 0x4291, 0x4292, 0x4293, 0x4297, 0x429A, 0x429B, 0x429C,
	0x429D, 0x429E, 0x429F, 0x42A0, 0x42A1, 0x42A2, 0x42A3, 0x42A4, 0x42A5, 0x42A7, 0x42A8, 0x42A9,
	0x42AA, 0x42AD, 0x42AE, 0x42B1, 0x42B3, 0x42B5, 0x42B7, 0x42B9, 0x42BA, 0x42BC, 0x42BD, 0x42BE,
	0x42BF, 0x42C3, 0x42C4, 0x42C5, 0x42C6, 0x42C7, 0x42C9, 0x42CA, 0x42CB, 0x42CD, 0x42CF, 0x42D2,
	0x42D3, 0x42D7, 0x42D8, 0x42DB, 0x42DC, 0x42DE, 0x42DF, 0x42E0, 0x42E1, 0x42E3, 0x42E5, 0x42E6,
	0x42E7, 0x42E8, 0x42EA, 0x42EB, 0x42EF, 0x42F2, 0x42F3, 0x42F6, 0x42F8, 0x42F9, 0x42FA, 0x42FC,
	0x42FF, 0x4300, 0x4303, 0x4304, 0x4305, 0x4307, 0x4308, 0x4309, 0x430B, 0x430D, 0x430E, 0x430F,
	0x4310, 0x4311, 0x4312, 0x4315, 0x4317, 0x431A, 0x431C, 0x431D, 0x431E, 0x4321, 0x4322, 0x4323,
	0x4324, 0x4325, 0x4326, 0x4327, 0x4329, 0x432B, 0x432C, 0x432D, 0x432E, 0x432F, 0x4332, 0x4333,
	0x4335, 0x4336, 0x4337, 0x4338, 0x4339, 0x433C, 0x433D, 0x433F, 0x4340, 0x4341, 0x4343, 0x4344,
	0x4345, 0x4347, 0x4348, 0x4349, 0x434A, 0x434B, 0x434E, 0x434F, 0x4350, 0x4351, 0x4353, 0x4355,
	0x4359, 0x435A, 0x435B, 0x435C, 0x435E, 0x4360, 0x4361, 0x4363, 0x4365, 0x4366, 0x4367, 0x4369,
	0x436A, 0x436B, 0x436D, 0x436E, 0x436F, 0x4371, 0x4373, 0x4374, 0x4376, 0x4377, 0x4378, 0x4379,
	0x437A, 0x437D, 0x437F, 0x4381, 0x4382, 0x4384, 0x4385, 0x4386, 0x438B, 0x438C, 0x438D, 0x4391,
	0x4392, 0x4393, 0x4394, 0x4396, 0x4397, 0x4398, 0x439A, 0x439B, 0x439C, 0x439D, 0x439E, 0x43A2,
	0x43A3, 0x43A4, 0x43A5, 0x43A7, 0x43A9, 0x43AC, 0x43AF, 0x43B1, 0x43B2, 0x43B4, 0x43B5, 0x43B6,
	0x43B7, 0x43B8, 0x43BA, 0x43BC, 0x43BD, 0x43BF, 0x43C1, 0x43C2, 0x43C3, 0x43C5, 0x43C6, 0x43C7,
	0x43C8, 0x43CA, 0x43CB, 0x43CC, 0x43CE, 0x43CF, 0x43D0, 0x43D2, 0x43D3, 0x43D5, 0x43D8, 0x43D9,
	0x43DB, 0x43DD, 0x43DE, 0x43E1, 0x43E2, 0x43E3, 0x43E5, 0x43E6, 0x43EA, 0x43ED, 0x43EE, 0x43EF,
	0x43F1, 0x43F2, 0x43F3, 0x43F7, 0x43FA, 0x43FB, 0x43FC, 0x43FF, 0x4400, 0x4401, 0x4402, 0x4404,
	0x4407, 0x4408, 0x4409, 0x440B, 0x440C, 0x440F, 0x4410, 0x4411, 0x4412, 0x4417, 0x4418, 0x4419,
	0x441A, 0x441C, 0x4420, 0x4421, 0x4422, 0x4425, 0x4427, 0x4428, 0x4429, 0x442A, 0x442C, 0x442D,
	0x4430, 0x4432, 0x4434, 0x4436, 0x4437, 0x4439, 0x443B, 0x443C, 0x443D, 0x443E, 0x443F, 0x4440,
	0x4441, 0x4442, 0x4443, 0x4444, 0x4447, 0x4448, 0x444A, 0x444C, 0x444E, 0x444F, 0x4451, 0x4452,
	0x4453, 0x4454, 0x4455, 0x4456, 0x4457, 0x4458, 0x4459, 0x445A, 0x445B, 0x445C, 0x445D, 0x445E,
	0x445F, 0x4460, 0x4461, 0x4463, 0x4464, 0x4465, 0x4467, 0x4468, 0x4469, 0x446A, 0x446B, 0x446D,
	0x446E, 0x4470, 0x4473, 0x4474, 0x4475, 0x4477, 0x4478, 0x4479, 0x447E, 0x447F, 0x4481, 0x4482,
	0x4483, 0x4484, 0x4485, 0x4486, 0x4487, 0x4488, 0x4489, 0x448B, 0x448C, 0x448D, 0x448E, 0x448F,
	0x4492, 0x4493, 0x4494, 0x4495, 0x4496, 0x4498, 0x4499, 0x449A, 0x449B, 0x449D, 0x449E, 0x449F,
	0x44A0, 0x44A2, 0x44A5, 0x44A6, 0x44A9, 0x44AA, 0x44AB, 0x44AC, 0x44AD, 0x44AE, 0x44AF, 0x44B1,
	0x44B2, 0x44B6, 0x44B7, 0x44B8, 0x44B9, 0x44BA, 0x44BB, 0x44BC, 0x44BD, 0x44BF, 0x44C0, 0x44C1,
	0x44C4, 0x44C5, 0x44C6, 0x44CA, 0x44CB, 0x44CC, 0x44CD, 0x44CE, 0x44CF, 0x44D0, 0x44D1, 0x44D2,
	0x44D3, 0x44D4, 0x44D5, 0x44D6, 0x44D7, 0x44DC, 0x44DE, 0x44DF, 0x44E1, 0x44E2, 0x44E3, 0x44E4,
	0x44E5, 0x44E6, 0x44E7, 0x44E8, 0x44E9, 0x44EB, 0x44EC, 0x44EE, 0x44EF, 0x44F1, 0x44F5, 0x44F6,
	0x44F7, 0x44FA, 0x44FB, 0x44FC, 0x44FD, 0x44FE, 0x44FF, 0x4500, 0x4501, 0x4503, 0x4505, 0x4506,
	0x4507, 0x4508, 0x450A, 0x450B, 0x450C, 0x450D, 0x4510, 0x4511, 0x4512, 0x4513, 0x4515, 0x4516,
	0x4517, 0x4518, 0x4519, 0x451A, 0x451B, 0x451C, 0x451D, 0x451E, 0x4522, 0x4523, 0x4524, 0x4525,
	0x4526, 0x4528, 0x4529, 0x452A, 0x452B, 0x452E, 0x452F, 0x4530, 0x4532, 0x4534, 0x4535, 0x4536,
	0x4537, 0x4539, 0x453A, 0x453B, 0x453D, 0x453E, 0x453F, 0x4540, 0x4541, 0x4542, 0x4544, 0x4545,
	0x4546, 0x4547, 0x454B, 0x454C, 0x454E, 0x454F, 0x4550, 0x4551, 0x4552, 0x4553, 0x4554, 0x4555,
	0x4556, 0x4557, 0x4558, 0x4559, 0x455A, 0x455B, 0x455C, 0x455D, 0x455E, 0x455F, 0x4560, 0x4561,
	0x4562, 0x4564, 0x4565, 0x4567, 0x4568, 0x4569, 0x456A, 0x456B, 0x456C, 0x456D, 0x456E, 0x4570,
	0x4572, 0x4574, 0x4575, 0x4576, 0x4577, 0x4578, 0x457A, 0x457B, 0x457D, 0x457F, 0x4580, 0x4582,
	0x4585, 0x4587, 0x4588, 0x4589, 0x458D, 0x458E, 0x4590, 0x4591, 0x4592, 0x4593, 0x4594, 0x4595,
	0x4596, 0x4597, 0x4598, 0x4599, 0x459A, 0x459B, 0x459C, 0x459D, 0x459E, 0x459F, 0x45A1, 0x45A2,
	0x45A3, 0x45A5, 0x45A6, 0x45A7, 0x45A8, 0x45AA, 0x45AB, 0x45AC, 0x45AE, 0x45B2, 0x45B3, 0x45B5,
	0x45B6, 0x45B7, 0x45B8, 0x45BA, 0x45BD, 0x45BE, 0x45BF, 0x45C0, 0x45C1, 0x45C2, 0x45C4, 0x45C6,
	0x45C8, 0x45C9, 0x45CA, 0x45CB, 0x45CC, 0x45CD, 0x45CF, 0x45D0, 0x45D1, 0x45D2, 0x45D3, 0x45D4,
	0x45D6, 0x45D7, 0x45D8, 0x45D9, 0x45DA, 0x45DD, 0x45DE, 0x45DF, 0x45E0, 0x45E2, 0x45E3, 0x45E5,
	0x45E6, 0x45E7, 0x45E9, 0x45EA, 0x45EB, 0x45EC, 0x45ED, 0x45EE, 0x45EF, 0x45F0, 0x45F1, 0x45F2,
	0x45F3, 0x45F4, 0x45F5, 0x45F6, 0x45F9, 0x45FB, 0x45FD, 0x45FE, 0x45FF, 0x4602, 0x4604, 0x4606,
	0x4607, 0x4609, 0x460A, 0x460B, 0x460C, 0x460D, 0x460F, 0x4610, 0x4611, 0x4613, 0x4615, 0x4616,
	0x4619, 0x461A, 0x461B, 0x461C, 0x461E, 0x461F, 0x4622, 0x4623, 0x4624, 0x4625, 0x4627, 0x462A,
	0x462D, 0x462E, 0x4630, 0x4632, 0x4634, 0x4635, 0x4636, 0x4637, 0x4638, 0x463A, 0x463E, 0x4640,
	0x4642, 0x4643, 0x4644, 0x4645, 0x4646, 0x4647, 0x4648, 0x4649, 0x464A, 0x464B, 0x464C, 0x464D,
	0x464E, 0x4650, 0x4651, 0x4653, 0x4654, 0x4655, 0x4656, 0x4657, 0x4658, 0x4659, 0x465A, 0x465C,
	0x465D, 0x465E, 0x465F, 0x4661, 0x4663, 0x4664, 0x4665, 0x4666, 0x4667, 0x4668, 0x4669, 0x466A,
	0x466B, 0x466D, 0x4670, 0x4671, 0x4672, 0x4673, 0x4674, 0x4676, 0x4678, 0x4679, 0x467A, 0x467B,
	0x467C, 0x467D, 0x467E, 0x467F, 0x4680, 0x4681, 0x4683, 0x4685, 0x4686, 0x4688, 0x468A, 0x468C,
	0x468D, 0x468E, 0x468F, 0x4690, 0x4691, 0x4693, 0x4696, 0x4697, 0x4698, 0x4699, 0x469A, 0x469B,
	0x469E, 0x469F, 0x46A0, 0x46A1, 0x46A2, 0x46A4, 0x46A6, 0x46A7, 0x46A8, 0x46AA, 0x46AB, 0x46AC,
	0x46AD, 0x46AF, 0x46B0, 0x46B1, 0x46B2, 0x46B3, 0x46B4, 0x46B5, 0x46B6, 0x46B8, 0x46B9, 0x46BC,
	0x46BD, 0x46BF, 0x46C2, 0x46C3, 0x46C4, 0x46C5, 0x46C7, 0x46C9, 0x46CA, 0x46CB, 0x46CC, 0x46CD,
	0x46CE, 0x46D0, 0x46D1, 0x46D2, 0x46D3, 0x46D4, 0x46D7, 0x46DA, 0x46DB, 0x46DC, 0x46DD, 0x46DE,
	0x46E1, 0x46E2, 0x46E3, 0x46E4, 0x46E6, 0x46E7, 0x46E8, 0x46EB, 0x46EC, 0x46ED, 0x46EF, 0x46F0,
	0x46F1, 0x46F4, 0x46F5, 0x46F6, 0x46F8, 0x46F9, 0x46FA, 0x46FB, 0x46FC, 0x46FE, 0x46FF, 0x4700,
	0x4702, 0x4703, 0x4704, 0x4705, 0x4706, 0x4707, 0x4709, 0x470A, 0x470B, 0x470C, 0x470D, 0x470E,
	0x470F, 0x4710, 0x4711, 0x4712, 0x4713, 0x4714, 0x4715, 0x4717, 0x4718, 0x4719, 0x471A, 0x471C,
	0x471D, 0x471F, 0x4721, 0x4722, 0x4723, 0x4724, 0x4725, 0x4726, 0x4727, 0x4728, 0x4729, 0x472A,
	0x472D, 0x4730, 0x4731, 0x4732, 0x4733, 0x4735, 0x4736, 0x4737, 0x4738, 0x4739, 0x473A, 0x473B,
	0x473C, 0x473F, 0x4740, 0x4741, 0x4742, 0x4743, 0x4744, 0x4745, 0x4746, 0x4747, 0x4748, 0x4749,
	0x474A, 0x474B, 0x474C, 0x474E, 0x474F, 0x4751, 0x4752, 0x4753, 0x4754, 0x4755, 0x4759, 0x475A,
	0x475B, 0x475C, 0x475F, 0x4761, 0x4762, 0x4763, 0x4764, 0x4765, 0x4766, 0x4767, 0x4769, 0x476A,
	0x476B, 0x476C, 0x476D, 0x4770, 0x4771, 0x4772, 0x4773, 0x4774, 0x4775, 0x4776, 0x4777, 0x4778,
	0x477A, 0x477B, 0x477C, 0x477D, 0x477E, 0x477F, 0x4780, 0x4783, 0x4787, 0x4788, 0x4789, 0x478A,
	0x478B, 0x478C, 0x478D, 0x478E, 0x478F, 0x4790, 0x4791, 0x4792, 0x4793, 0x4794, 0x4796, 0x4797,
	0x4798, 0x4799, 0x479A, 0x479B, 0x47A0, 0x47A2, 0x47A4, 0x47A5, 0x47A6, 0x47A7, 0x47A8, 0x47A9,
	0x47AA, 0x47AB, 0x47AD, 0x47AE, 0x47AF, 0x47B0, 0x47B1, 0x47B2, 0x47B3, 0x47B4, 0x47B5, 0x47B9,
	0x47BA, 0x47BC, 0x47BF, 0x47C0, 0x47C1, 0x47C4, 0x47C5, 0x47C6, 0x47C7, 0x47C8, 0x47CA, 0x47CB,
	0x47CC, 0x47CD, 0x47CE, 0x47D0, 0x47D2, 0x47D4, 0x47D5, 0x47D7, 0x47D8, 0x47DB, 0x47DD, 0x47DE,
	0x47E2, 0x47E3, 0x47E5, 0x47E6, 0x47E7, 0x47E8, 0x47EA, 0x47EB, 0x47EC, 0x47EE, 0x47EF, 0x47F0,
	0x47F2, 0x47F3, 0x47F4, 0x47F5, 0x47F6, 0x47F7, 0x47F8, 0x47F9, 0x47FA, 0x47FB, 0x47FC, 0x47FD,
	0x47FE, 0x4800, 0x4801, 0x4802, 0x4803, 0x4804, 0x4805, 0x4806, 0x4807, 0x4808, 0x4809, 0x480A,
	0x480B, 0x480C, 0x480D, 0x480E, 0x4810, 0x4811, 0x4812, 0x4813, 0x4814, 0x4815, 0x4816, 0x4817,
	0x4818, 0x4819, 0x481D, 0x481E, 0x481F, 0x4820, 0x4821, 0x4822, 0x4823, 0x4824, 0x4825, 0x4826,
	0x4827, 0x4828, 0x4829, 0x482B, 0x482C, 0x4830, 0x4831, 0x4832, 0x4833, 0x4834, 0x4835, 0x4836,
	0x4837, 0x4838, 0x4839, 0x483A, 0x483C, 0x483D, 0x483E, 0x4841, 0x4842, 0x4844, 0x4846, 0x4849,
	0x484A, 0x484B, 0x484C, 0x484D, 0x484E, 0x484F, 0x4850, 0x4851, 0x4852, 0x4854, 0x4856, 0x4857,
	0x4858, 0x4859, 0x485A, 0x485B, 0x485C, 0x485D, 0x485E, 0x4860, 0x4863, 0x4864, 0x4866, 0x4867,
	0x4868, 0x486A, 0x486B, 0x486C, 0x486E, 0x486F, 0x4871, 0x4873, 0x4874, 0x4875, 0x4877, 0x4878,
	0x4879, 0x487A, 0x487C, 0x487D, 0x487F, 0x4882, 0x4884, 0x4885, 0x4886, 0x4889, 0x488C, 0x488F,
	0x4890, 0x4891, 0x4892, 0x4894, 0x4897, 0x4898, 0x4899, 0x489A, 0x489B, 0x489C, 0x489D, 0x489E,
	0x48A0, 0x48A1, 0x48A2, 0x48A4, 0x48A6, 0x48A7, 0x48AA, 0x48AB, 0x48AC, 0x48AE, 0x48AF, 0x48B0,
	0x48B1, 0x48B2, 0x48B3, 0x48B4, 0x48B6, 0x48B7, 0x48B8, 0x48B9, 0x48BA, 0x48BB, 0x48BC, 0x48BD,
	0x48BE, 0x48BF, 0x48C2, 0x48C3, 0x48C4, 0x48C5, 0x48C6, 0x48C7, 0x48C8, 0x48C9, 0x48CA, 0x48CB,
	0x48CC, 0x48CE, 0x48CF, 0x48D1, 0x48D2, 0x48D3, 0x48D4, 0x48D5, 0x48D6, 0x48D7, 0x48D8, 0x48D9,
	0x48DA, 0x48DB, 0x48DC, 0x48DD, 0x48DE, 0x48DF, 0x48E1, 0x48E2, 0x48E3, 0x48E4, 0x48E5, 0x48E6,
	0x48E8, 0x48E9, 0x48EA, 0x48EB, 0x48EE, 0x48F0, 0x48F1, 0x48F2, 0x48F3, 0x48F5, 0x48F7, 0x48F8,
	0x48F9, 0x48FB, 0x48FC, 0x48FD, 0x48FE, 0x48FF, 0x4900, 0x4902, 0x4904, 0x4905, 0x4906, 0x4907,
	0x4908, 0x4909, 0x490C, 0x490D, 0x490E, 0x4910, 0x4911, 0x4912, 0x4913, 0x4914, 0x4915, 0x4916,
	0x4917, 0x4918, 0x4919, 0x491A, 0x491B, 0x491C, 0x491E, 0x491F, 0x4920, 0x4922, 0x4923, 0x4924,
	0x4925, 0x4928, 0x4929, 0x492A, 0x492B, 0x492C, 0x492D, 0x492E, 0x4930, 0x4931, 0x4932, 0x4933,
	0x4934, 0x4936, 0x493A, 0x493B, 0x493C, 0x493D, 0x493F, 0x4940, 0x4941, 0x4942, 0x4943, 0x4944,
	0x4945, 0x4946, 0x4947, 0x4948, 0x494A, 0x494C, 0x494D, 0x494E, 0x4950, 0x4951, 0x4954, 0x4955,
	0x4956, 0x4957, 0x4958, 0x4959, 0x495A, 0x495B, 0x495D, 0x495E, 0x495F, 0x4962, 0x4963, 0x4964,
	0x4965, 0x4966, 0x4967, 0x4968, 0x4969, 0x496A, 0x496B, 0x496C, 0x496D, 0x496E, 0x4971, 0x4972,
	0x4975, 0x4976, 0x4979, 0x497A, 0x497B, 0x497C, 0x497D, 0x497E, 0x497F, 0x4980, 0x4981, 0x4982,
	0x4983, 0x4984, 0x4985, 0x4986, 0x4987, 0x4988, 0x4989, 0x498A, 0x498B, 0x498C, 0x498D, 0x498E,
	0x498F, 0x4990, 0x4991, 0x4992, 0x4993, 0x4994, 0x4995, 0x4996, 0x4997, 0x4998, 0x4999, 0x499B,
	0x499C, 0x499D, 0x499F, 0x49A1, 0x49A2, 0x49A3, 0x49A4, 0x49A8, 0x49A9, 0x49AA, 0x49AC, 0x49AD,
	0x49AE, 0x49AF, 0x49B0, 0x49B1, 0x49B3, 0x49B5, 0x49B6, 0x49B7, 0x49B8, 0x49BA, 0x49BB, 0x49BC,
	0x49BD, 0x49BF, 0x49C0, 0x49C1, 0x49C3, 0x49C4, 0x49C6, 0x49C8, 0x49C9, 0x49CA, 0x49CB, 0x49CC,
	0x49CD, 0x49CE, 0x49CF, 0x49D0, 0x49D2, 0x49D3, 0x49D4, 0x49D5, 0x49D6, 0x49D7, 0x49D9, 0x49DA,
	0x49DB, 0x49DC, 0x49DD, 0x49DE, 0x49DF, 0x49E0, 0x49E1, 0x49E2, 0x49E5, 0x49E6, 0x49E7, 0x49E9,
	0x49EA, 0x49EB, 0x49ED, 0x49EE, 0x49EF, 0x49F0, 0x49F2, 0x49F3, 0x49F4, 0x49F7, 0x49F8, 0x49F9,
	0x49FA, 0x49FB, 0x49FC, 0x49FD, 0x49FE, 0x4A00, 0x4A01, 0x4A02, 0x4A03, 0x4A04, 0x4A05, 0x4A06,
	0x4A07, 0x4A08, 0x4A0A, 0x4A0C, 0x4A0E, 0x4A0F, 0x4A11, 0x4A13, 0x4A14, 0x4A16, 0x4A18, 0x4A1A,
	0x4A1D, 0x4A1F, 0x4A21, 0x4A22, 0x4A23, 0x4A24, 0x4A28, 0x4A29, 0x4A2C, 0x4A2D, 0x4A2E, 0x4A30,
	0x4A32, 0x4A34, 0x4A36, 0x4A39, 0x4A3A, 0x4A3B, 0x4A3C, 0x4A3D, 0x4A3F, 0x4A41, 0x4A42, 0x4A43,
	0x4A44, 0x4A45, 0x4A46, 0x4A47, 0x4A48, 0x4A49, 0x4A4C, 0x4A4E, 0x4A4F, 0x4A51, 0x4A53, 0x4A55,
	0x4A56, 0x4A57, 0x4A5C, 0x4A5E, 0x4A60, 0x4A61, 0x4A63, 0x4A64, 0x4A65, 0x4A66, 0x4A68, 0x4A69,
	0x4A6A, 0x4A6B, 0x4A6C, 0x4A6D, 0x4A6E, 0x4A72, 0x4A74, 0x4A75, 0x4A76, 0x4A77, 0x4A7A, 0x4A7B,
	0x4A7C, 0x4A7E, 0x4A80, 0x4A81, 0x4A82, 0x4A83, 0x4A84, 0x4A85, 0x4A86, 0x4A87, 0x4A89, 0x4A8A,
	0x4A8B, 0x4A8C, 0x4A8D, 0x4A8E, 0x4A8F, 0x4A90, 0x4A91, 0x4A92, 0x4A93, 0x4A94, 0x4A96, 0x4A97,
	0x4A99, 0x4A9B, 0x4A9E, 0x4A9F, 0x4AA1, 0x4AA2, 0x4AA3, 0x4AA4, 0x4AA5, 0x4AA6, 0x4AA7, 0x4AAA,
	0x4AB1, 0x4AB3, 0x4AB4, 0x4AB5, 0x4AB6, 0x4AB8, 0x4AB9, 0x4ABB, 0x4ABD, 0x4ABF, 0x4AC0, 0x4AC1,
	0x4AC3, 0x4AC4, 0x4AC6, 0x4AC9, 0x4ACA, 0x4ACD, 0x4ACF, 0x4AD2, 0x4AD3, 0x4AD6, 0x4AD7, 0x4AD9,
	0x4ADA, 0x4ADB, 0x4ADC, 0x4ADD, 0x4ADF, 0x4AE0, 0x4AE2, 0x4AE4, 0x4AE7, 0x4AEA, 0x4AEB, 0x4AEC,
	0x4AF0, 0x4AF3, 0x4AF5, 0x4AF6, 0x4AF7, 0x4AF9, 0x4AFA, 0x4AFC, 0x4AFE, 0x4AFF, 0x4B03, 0x4B06,
	0x4B09, 0x4B0A, 0x4B0B, 0x4B0D, 0x4B0E, 0x4B12, 0x4B13, 0x4B16, 0x4B1C, 0x4B1D, 0x4B1E, 0x4B1F,
	0x4B20, 0x4B21, 0x4B22, 0x4B26, 0x4B2A, 0x4B2B, 0x4B2D, 0x4B30, 0x4B35, 0x4B37, 0x4B38, 0x4B3B,
	0x4B3F, 0x4B40, 0x4B41, 0x4B44, 0x4B45, 0x4B48, 0x4B4B, 0x4B4C, 0x4B4D, 0x4B4F, 0x4B52, 0x4B54,
	0x4B56, 0x4B5A, 0x4B5C, 0x4B5D, 0x4B62, 0x4B63, 0x4B67, 0x4B68, 0x4B6A, 0x4B6B, 0x4B6C, 0x4B6F,
	0x4B70, 0x4B71, 0x4B73, 0x4B75, 0x4B76, 0x4B77, 0x4B78, 0x4B79, 0x4B7B, 0x4B7C, 0x4B7E, 0x4B80,
	0x4B81, 0x4B82, 0x4B83, 0x4B85, 0x4B86, 0x4B87, 0x4B88, 0x4B8B, 0x4B8D, 0x4B8F, 0x4B90, 0x4B92,
	0x4B95, 0x4B96, 0x4B97, 0x4B99, 0x4B9B, 0x4B9D, 0x4B9E, 0x4B9F, 0x4BA0, 0x4BA3, 0x4BA4, 0x4BA5,
	0x4BA6, 0x4BA7, 0x4BA8, 0x4BAA, 0x4BAD, 0x4BAE, 0x4BB0, 0x4BB1, 0x4BB2, 0x4BB3, 0x4BB4, 0x4BB5,
	0x4BB6, 0x4BB7, 0x4BB8, 0x4BBA, 0x4BBC, 0x4BBD, 0x4BBF, 0x4BC0, 0x4BC1, 0x4BC2, 0x4BC3, 0x4BC4,
	0x4BC5, 0x4BCA, 0x4BCC, 0x4BCD, 0x4BCE, 0x4BD2, 0x4BD4, 0x4BD5, 0x4BD6, 0x4BD7, 0x4BDC, 0x4BDD,
	0x4BDE, 0x4BDF, 0x4BE0, 0x4BE1, 0x4BE4, 0x4BE7, 0x4BE9, 0x4BEA, 0x4BEB, 0x4BEC, 0x4BED, 0x4BEF,
	0x4BF0, 0x4BF3, 0x4BF4, 0x4BF7, 0x4BF8, 0x4BF9, 0x4BFA, 0x4BFB, 0x4BFC, 0x4BFF, 0x4C00, 0x4C01,
	0x4C02, 0x4C04, 0x4C05, 0x4C07, 0x4C09, 0x4C0A, 0x4C0C, 0x4C10, 0x4C11, 0x4C12, 0x4C13, 0x4C14,
	0x4C15, 0x4C17, 0x4C1A, 0x4C1B, 0x4C1C, 0x4C1D, 0x4C1E, 0x4C21, 0x4C24, 0x4C25, 0x4C27, 0x4C28,
	0x4C2A, 0x4C2B, 0x4C2E, 0x4C31, 0x4C33, 0x4C34, 0x4C36, 0x4C38, 0x4C39, 0x4C3A, 0x4C3C, 0x4C3E,
	0x4C3F, 0x4C41, 0x4C44, 0x4C45, 0x4C47, 0x4C49, 0x4C4A, 0x4C4B, 0x4C4D, 0x4C4E, 0x4C50, 0x4C53,
	0x4C54, 0x4C55, 0x4C57, 0x4C58, 0x4C59, 0x4C5A, 0x4C5C, 0x4C5D, 0x4C5E, 0x4C60, 0x4C61, 0x4C62,
	0x4C63, 0x4C64, 0x4C66, 0x4C67, 0x4C69, 0x4C6A, 0x4C6B, 0x4C6C, 0x4C6D, 0x4C6F, 0x4C71, 0x4C73,
	0x4C75, 0x4C76, 0x4C77, 0x4C79, 0x4C7A, 0x4C7C, 0x4C7D, 0x4C7F, 0x4C80, 0x4C82, 0x4C83, 0x4C85,
	0x4C87, 0x4C88, 0x4C89, 0x4C8B, 0x4C8C, 0x4C8D, 0x4C8E, 0x4C8F, 0x4C90, 0x4C94, 0x4C97, 0x4C98,
	0x4C99, 0x4C9C, 0x4C9D, 0x4C9E, 0x4C9F, 0x4CA0, 0x4CA1, 0x4CA2, 0x4CA3, 0x4CA4, 0x4CA5, 0x4CA6,
	0x4CA7, 0x4CA8, 0x4CA9, 0x4CAC, 0x4CAD, 0x4CB0, 0x4CB1, 0x4CB2, 0x4CB3, 0x4CB4, 0x4CB5, 0x4CB6,
	0x4CB7, 0x4CB8, 0x4CB9, 0x4CBA, 0x4CBC, 0x4CBD, 0x4CBE, 0x4CBF, 0x4CC0, 0x4CC1, 0x4CC2, 0x4CC4,
	0x4CC5, 0x4CC6, 0x4CC7, 0x4CC8, 0x4CC9, 0x4CCB, 0x4CCC, 0x4CD0, 0x4CD3, 0x4CD4, 0x4CD6, 0x4CD7,
	0x4CD8, 0x4CDA, 0x4CDC, 0x4CDF, 0x4CE0, 0x4CE1, 0x4CE2, 0x4CE4, 0x4CE5, 0x4CE8, 0x4CEB, 0x4CED,
	0x4CEF, 0x4CF0, 0x4CF1, 0x4CF2, 0x4CF3, 0x4CF5, 0x4CF7, 0x4CF8, 0x4CFB, 0x4CFC, 0x4CFD, 0x4CFE,
	0x4D00, 0x4D02, 0x4D04, 0x4D05, 0x4D06, 0x4D07, 0x4D08, 0x4D09, 0x4D0C, 0x4D0D, 0x4D0E, 0x4D10,
	0x4D11, 0x4D12, 0x4D13, 0x4D14, 0x4D15, 0x4D16, 0x4D17, 0x4D18, 0x4D19, 0x4D1B, 0x4D1C, 0x4D1E,
	0x4D1F, 0x4D20, 0x4D21, 0x4D22, 0x4D23, 0x4D24, 0x4D25, 0x4D27, 0x4D28, 0x4D29, 0x4D2A, 0x4D2B,
	0x4D2D, 0x4D2E, 0x4D2F, 0x4D30, 0x4D32, 0x4D34, 0x4D35, 0x4D36, 0x4D37, 0x4D38, 0x4D39, 0x4D3B,
	0x4D3D, 0x4D3E, 0x4D3F, 0x4D40, 0x4D43, 0x4D44, 0x4D46, 0x4D48, 0x4D49, 0x4D4D, 0x4D4E, 0x4D51,
	0x4D52, 0x4D54, 0x4D55, 0x4D59, 0x4D5A, 0x4D5E, 0x4D5F, 0x4D60, 0x4D62, 0x4D63, 0x4D65, 0x4D67,
	0x4D68, 0x4D69, 0x4D6A, 0x4D6B, 0x4D6C, 0x4D6D, 0x4D6F, 0x4D70, 0x4D72, 0x4D76, 0x4D77, 0x4D79,
	0x4D7A, 0x4D7C, 0x4D7E, 0x4D7F, 0x4D82, 0x4D83, 0x4D84, 0x4D86, 0x4D87, 0x4D88, 0x4D89, 0x4D8A,
	0x4D8C, 0x4D8D, 0x4D8F, 0x4D91, 0x4D92, 0x4D94, 0x4D95, 0x4D97, 0x4D98, 0x4D99, 0x4D9A, 0x4D9B,
	0x4D9C, 0x4D9E, 0x4D9F, 0x4DA0, 0x4DA2, 0x4DA3, 0x4DA7, 0x4DAA, 0x4DAC, 0x4DAD, 0x4DAE, 0x4DB0,
	0x4DB1, 0x4DB4, 0x4DB5, 0x4DB8, 0x4DB9, 0x4E00, 0x4E01, 0x4E02, 0x4E03, 0x4E04, 0x4E05, 0x4E06,
	0x4E07, 0x4E08, 0x4E09, 0x4E0A, 0x4E0B, 0x4E0C, 0x4E0D, 0x4E0E, 0x4E0F, 0x4E10, 0x4E11, 0x4E12,
	0x4E13, 0x4E14, 0x4E15, 0x4E16, 0x4E17, 0x4E18, 0x4E19, 0x4E1A, 0x4E1B, 0x4E1C, 0x4E1D, 0x4E1E,
	0x4E1F, 0x4E20, 0x4E21, 0x4E22, 0x4E23, 0x4E24, 0x4E25, 0x4E26, 0x4E27, 0x4E28, 0x4E29, 0x4E2A,
	0x4E2B, 0x4E2C, 0x4E2D, 0x4E2E, 0x4E2F, 0x4E30, 0x4E31, 0x4E32, 0x4E33, 0x4E34, 0x4E35, 0x4E36,
	0x4E37, 0x4E38, 0x4E39, 0x4E3A, 0x4E3B, 0x4E3C, 0x4E3D, 0x4E3E, 0x4E3F, 0x4E40, 0x4E41, 0x4E42,
	0x4E43, 0x4E44, 0x4E45, 0x4E46, 0x4E47, 0x4E48, 0x4E49, 0x4E4A, 0x4E4B, 0x4E4C, 0x4E4D, 0x4E4E,
	0x4E4F, 0x4E50, 0x4E51, 0x4E52, 0x4E53, 0x4E54, 0x4E55, 0x4E56, 0x4E57, 0x4E58, 0x4E59, 0x4E5A,
	0x4E5B, 0x4E5C, 0x4E5D, 0x4E5E, 0x4E5F, 0x4E60, 0x4E61, 0x4E62, 0x4E63, 0x4E64, 0x4E65, 0x4E66,
	0x4E67, 0x4E68, 0x4E69, 0x4E6A, 0x4E6B, 0x4E6C, 0x4E6D, 0x4E6E, 0x4E6F, 0x4E70, 0x4E71, 0x4E72,
	0x4E73, 0x4E74, 0x4E75, 0x4E76, 0x4E77, 0x4E78, 0x4E79, 0x4E7A, 0x4E7B, 0x4E7C, 0x4E7D, 0x4E7E,
	0x4E7F, 0x4E80, 0x4E81, 0x4E82, 0x4E83, 0x4E85, 0x4E86, 0x4E87, 0x4E88, 0x4E89, 0x4E8A, 0x4E8B,
	0x4E8C, 0x4E8D, 0x4E8E, 0x4E8F, 0x4E90, 0x4E91, 0x4E92, 0x4E93, 0x4E94, 0x4E95, 0x4E96, 0x4E97,
	0x4E98, 0x4E99, 0x4E9A, 0x4E9B, 0x4E9C, 0x4E9D, 0x4E9E, 0x4E9F, 0x4EA0, 0x4EA1, 0x4EA2, 0x4EA3,
	0x4EA4, 0x4EA5, 0x4EA6, 0x4EA7, 0x4EA8, 0x4EA9, 0x4EAA, 0x4EAB, 0x4EAC, 0x4EAD, 0x4EAE, 0x4EAF,
	0x4EB0, 0x4EB1, 0x4EB2, 0x4EB3, 0x4EB4, 0x4EB5, 0x4EB6, 0x4EB7, 0x4EB8, 0x4EB9, 0x4EBA, 0x4EBB,
	0x4EBC, 0x4EBD, 0x4EBE, 0x4EBF, 0x4EC0, 0x4EC1, 0x4EC2, 0x4EC3, 0x4EC4, 0x4EC5, 0x4EC6, 0x4EC7,
	0x4EC8, 0x4EC9, 0x4ECA, 0x4ECB, 0x4ECC, 0x4ECD, 0x4ECE, 0x4ECF, 0x4ED0, 0x4ED1, 0x4ED2, 0x4ED3,
	0x4ED4, 0x4ED5, 0x4ED6, 0x4ED7, 0x4ED8, 0x4ED9, 0x4EDA, 0x4EDB, 0x4EDC, 0x4EDD, 0x4EDE, 0x4EDF,
	0x4EE0, 0x4EE1, 0x4EE2, 0x4EE3, 0x4EE4, 0x4EE5, 0x4EE6, 0x4EE7, 0x4EE8, 0x4EE9, 0x4EEA, 0x4EEB,
	0x4EEC, 0x4EED, 0x4EEE, 0x4EEF, 0x4EF0, 0x4EF1, 0x4EF2, 0x4EF3, 0x4EF4, 0x4EF5, 0x4EF6, 0x4EF7,
	0x4EF8, 0x4EF9, 0x4EFA, 0x4EFB, 0x4EFC, 0x4EFD, 0x4EFE, 0x4EFF, 0x4F00, 0x4F01, 0x4F02, 0x4F03,
	0x4F04, 0x4F06, 0x4F07, 0x4F08, 0x4F09, 0x4F0A, 0x4F0B, 0x4F0C, 0x4F0D, 0x4F0E, 0x4F0F, 0x4F10,
	0x4F11, 0x4F12, 0x4F13, 0x4F14, 0x4F15, 0x4F16, 0x4F17, 0x4F18, 0x4F19, 0x4F1A, 0x4F1B, 0x4F1C,
	0x4F1D, 0x4F1E, 0x4F1F, 0x4F20, 0x4F21, 0x4F22, 0x4F23, 0x4F24, 0x4F25, 0x4F26, 0x4F27, 0x4F28,
	0x4F29, 0x4F2A, 0x4F2B, 0x4F2C, 0x4F2D, 0x4F2E, 0x4F2F, 0x4F30, 0x4F31, 0x4F32, 0x4F33, 0x4F34,
	0x4F35, 0x4F36, 0x4F37, 0x4F38, 0x4F39, 0x4F3A, 0x4F3B, 0x4F3C, 0x4F3D, 0x4F3E, 0x4F3F, 0x4F40,
	0x4F41, 0x4F42, 0x4F43, 0x4F44, 0x4F45, 0x4F46, 0x4F47, 0x4F48, 0x4F49, 0x4F4A, 0x4F4B, 0x4F4C,
	0x4F4D, 0x4F4E, 0x4F4F, 0x4F50, 0x4F51, 0x4F52, 0x4F53, 0x4F54, 0x4F55, 0x4F56, 0x4F57, 0x4F58,
	0x4F59, 0x4F5A, 0x4F5B, 0x4F5C, 0x4F5D, 0x4F5E, 0x4F5F, 0x4F60, 0x4F61, 0x4F62, 0x4F63, 0x4F64,
	0x4F65, 0x4F66, 0x4F67, 0x4F68, 0x4F69, 0x4F6A, 0x4F6B, 0x4F6C, 0x4F6D, 0x4F6E, 0x4F6F, 0x4F70,
	0x4F71, 0x4F72, 0x4F73, 0x4F74, 0x4F75, 0x4F76, 0x4F77, 0x4F78, 0x4F79, 0x4F7A, 0x4F7B, 0x4F7C,
	0x4F7D, 0x4F7E, 0x4F7F, 0x4F80, 0x4F81, 0x4F82, 0x4F83, 0x4F84, 0x4F85, 0x4F86, 0x4F87, 0x4F88,
	0x4F89, 0x4F8A, 0x4F8B, 0x4F8C, 0x4F8D, 0x4F8E, 0x4F8F, 0x4F90, 0x4F91, 0x4F92, 0x4F93, 0x4F94,
	0x4F95, 0x4F96, 0x4F97, 0x4F98, 0x4F99, 0x4F9A, 0x4F9B, 0x4F9C, 0x4F9D, 0x4F9E, 0x4F9F, 0x4FA0,
	0x4FA1, 0x4FA2, 0x4FA3, 0x4FA4, 0x4FA5, 0x4FA6, 0x4FA7, 0x4FA8, 0x4FA9, 0x4FAA, 0x4FAB, 0x4FAC,
	0x4FAD, 0x4FAE, 0x4FAF, 0x4FB0, 0x4FB1, 0x4FB2, 0x4FB3, 0x4FB4, 0x4FB5, 0x4FB6, 0x4FB7, 0x4FB8,
	0x4FB9, 0x4FBA, 0x4FBB, 0x4FBC, 0x4FBD, 0x4FBE, 0x4FBF, 0x4FC0, 0x4FC1, 0x4FC2, 0x4FC3, 0x4FC4,
	0x4FC5, 0x4FC6, 0x4FC7, 0x4FC8, 0x4FC9, 0x4FCA, 0x4FCB, 0x4FCC, 0x4FCD, 0x4FCE, 0x4FCF, 0x4FD0,
	0x4FD1, 0x4FD2, 0x4FD3, 0x4FD4, 0x4FD5, 0x4FD6, 0x4FD7, 0x4FD8, 0x4FD9, 0x4FDA, 0x4FDB, 0x4FDC,
	0x4FDD, 0x4FDE, 0x4FDF, 0x4FE0, 0x4FE1, 0x4FE2, 0x4FE3, 0x4FE4, 0x4FE5, 0x4FE6, 0x4FE7, 0x4FE8,
	0x4FE9, 0x4FEA, 0x4FEB, 0x4FEC, 0x4FED, 0x4FEE, 0x4FEF, 0x4FF0, 0x4FF1, 0x4FF2, 0x4FF3, 0x4FF4,
	0x4FF5, 0x4FF6, 0x4FF7, 0x4FF8, 0x4FF9, 0x4FFA, 0x4FFB, 0x4FFC, 0x4FFD, 0x4FFE, 0x4FFF, 0x5000,
	0x5001, 0x5002, 0x5003, 0x5004, 0x5005, 0x5006, 0x5007, 0x5008, 0x5009, 0x500A, 0x500B, 0x500C,
	0x500D, 0x500E, 0x500F, 0x5010, 0x5011, 0x5012, 0x5013, 0x5014, 0x5015, 0x5016, 0x5017, 0x5018,
	0x5019, 0x501A, 0x501B, 0x501C, 0x501D, 0x501E, 0x501F, 0x5020, 0x5021, 0x5022, 0x5023, 0x5024,
	0x5025, 0x5026, 0x5027, 0x5028, 0x5029, 0x502A, 0x502B, 0x502C, 0x502D, 0x502E, 0x502F, 0x5030,
	0x5031, 0x5032, 0x5033, 0x5034, 0x5035, 0x5036, 0x5037, 0x5038, 0x5039, 0x503A, 0x503B, 0x503C,
	0x503D, 0x503E, 0x503F, 0x5040, 0x5041, 0x5042, 0x5043, 0x5044, 0x5045, 0x5046, 0x5047, 0x5048,
	0x5049, 0x504A, 0x504B, 0x504C, 0x504D, 0x504E, 0x504F, 0x5050, 0x5051, 0x5052, 0x5053, 0x5054,
	0x5055, 0x5056, 0x5057, 0x5058, 0x5059, 0x505A, 0x505B, 0x505C, 0x505D, 0x505E, 0x505F, 0x5061,
	0x5062, 0x5063, 0x5064, 0x5065, 0x5066, 0x5067, 0x5068, 0x5069, 0x506A, 0x506B, 0x506C, 0x506D,
	0x506E, 0x506F, 0x5070, 0x5071, 0x5072, 0x5073, 0x5074, 0x5075, 0x5076, 0x5077, 0x5078, 0x5079,
	0x507A, 0x507B, 0x507C, 0x507D, 0x507E, 0x507F, 0x5080, 0x5081, 0x5083, 0x5084, 0x5085, 0x5086,
	0x5087, 0x5088, 0x5089, 0x508A, 0x508C, 0x508D, 0x508E, 0x508F, 0x5090, 0x5091, 0x5092, 0x5093,
	0x5094, 0x5095, 0x5096, 0x5097, 0x5098, 0x5099, 0x509A, 0x509C, 0x509E, 0x509F, 0x50A0, 0x50A1,
	0x50A2, 0x50A3, 0x50A4, 0x50A5, 0x50A6, 0x50A7, 0x50A8, 0x50A9, 0x50AA, 0x50AB, 0x50AC, 0x50AD,
	0x50AE, 0x50AF, 0x50B0, 0x50B1, 0x50B2, 0x50B3, 0x50B4, 0x50B5, 0x50B6, 0x50B7, 0x50B8, 0x50B9,
	0x50BA, 0x50BB, 0x50BC, 0x50BD, 0x50BE, 0x50BF, 0x50C0, 0x50C1, 0x50C2, 0x50C3, 0x50C4, 0x50C5,
	0x50C6, 0x50C7, 0x50C8, 0x50C9, 0x50CA, 0x50CB, 0x50CC, 0x50CD, 0x50CE, 0x50CF, 0x50D0, 0x50D1,
	0x50D2, 0x50D3, 0x50D4, 0x50D5, 0x50D6, 0x50D7, 0x50D8, 0x50D9, 0x50DA, 0x50DB, 0x50DC, 0x50DD,
	0x50DE, 0x50DF, 0x50E0, 0x50E1, 0x50E2, 0x50E4, 0x50E5, 0x50E6, 0x50E7, 0x50E8, 0x50E9, 0x50EA,
	0x50EB, 0x50EC, 0x50ED, 0x50EE, 0x50EF, 0x50F0, 0x50F1, 0x50F2, 0x50F3, 0x50F4, 0x50F5, 0x50F6,
	0x50F7, 0x50F8, 0x50F9, 0x50FA, 0x50FB, 0x50FC, 0x50FD, 0x50FE, 0x50FF, 0x5100, 0x5101, 0x5102,
	0x5103, 0x5104, 0x5105, 0x5106, 0x5107, 0x5108, 0x5109, 0x510A, 0x510B, 0x510C, 0x510D, 0x510E,
	0x510F, 0x5110, 0x5111, 0x5112, 0x5113, 0x5114, 0x5115, 0x5116, 0x5117, 0x5118, 0x5119, 0x511B,
	0x511C, 0x511D, 0x511E, 0x511F, 0x5120, 0x5121, 0x5122, 0x5123, 0x5124, 0x5125, 0x5126, 0x5127,
	0x5128, 0x5129, 0x512A, 0x512B, 0x512C, 0x512D, 0x512E, 0x512F, 0x5130, 0x5131, 0x5132, 0x5133,
	0x5134, 0x5135, 0x5136, 0x5137, 0x5138, 0x5139, 0x513A, 0x513B, 0x513C, 0x513D, 0x513E, 0x513F,
	0x5140, 0x5141, 0x5142, 0x5143, 0x5144, 0x5145, 0x5146, 0x5147, 0x5148, 0x5149, 0x514A, 0x514B,
	0x514C, 0x514D, 0x514E, 0x514F, 0x5150, 0x5151, 0x5152, 0x5153, 0x5154, 0x5155, 0x5156, 0x5157,
	0x5158, 0x5159, 0x515A, 0x515B, 0x515C, 0x515D, 0x515E, 0x515F, 0x5160, 0x5161, 0x5162, 0x5163,
	0x5164, 0x5165, 0x5166, 0x5167, 0x5168, 0x5169, 0x516A, 0x516B, 0x516C, 0x516D, 0x516E, 0x516F,
	0x5170, 0x5171, 0x5172, 0x5173, 0x5174, 0x5175, 0x5176, 0x5177, 0x5178, 0x5179, 0x517A, 0x517B,
	0x517C, 0x517D, 0x517E, 0x517F, 0x5180, 0x5181, 0x5182, 0x5183, 0x5184, 0x5185, 0x5186, 0x5187,
	0x5188, 0x5189, 0x518A, 0x518B, 0x518C, 0x518D, 0x518E, 0x518F, 0x5190, 0x5191, 0x5192, 0x5193,
	0x5194, 0x5195, 0x5196, 0x5197, 0x5198, 0x5199, 0x519A, 0x519B, 0x519C, 0x519D, 0x519E, 0x519F,
	0x51A0, 0x51A1, 0x51A2, 0x51A3, 0x51A4, 0x51A5, 0x51A6, 0x51A7, 0x51A8, 0x51A9, 0x51AA, 0x51AB,
	0x51AC, 0x51AD, 0x51AE, 0x51AF, 0x51B0, 0x51B1, 0x51B2, 0x51B3, 0x51B4, 0x51B5, 0x51B6, 0x51B7,
	0x51B8, 0x51BA, 0x51BB, 0x51BC, 0x51BD, 0x51BE, 0x51BF, 0x51C0, 0x51C1, 0x51C2, 0x51C3, 0x51C4,
	0x51C5, 0x51C6, 0x51C7, 0x51C8, 0x51C9, 0x51CA, 0x51CB, 0x51CC, 0x51CD, 0x51CE, 0x51CF, 0x51D0,
	0x51D1, 0x51D2, 0x51D3, 0x51D4, 0x51D5, 0x51D6, 0x51D7, 0x51D8, 0x51D9, 0x51DA, 0x51DB, 0x51DC,
	0x51DD, 0x51DE, 0x51DF, 0x51E0, 0x51E1, 0x51E2, 0x51E3, 0x51E4, 0x51E5, 0x51E6, 0x51E7, 0x51E8,
	0x51E9, 0x51EA, 0x51EB, 0x51EC, 0x51ED, 0x51EE, 0x51EF, 0x51F0, 0x51F1, 0x51F2, 0x51F3, 0x51F4,
	0x51F5, 0x51F6, 0x51F7, 0x51F8, 0x51F9, 0x51FA, 0x51FB, 0x51FC, 0x51FD, 0x51FE, 0x51FF, 0x5200,
	0x5201, 0x5202, 0x5203, 0x5204, 0x5205, 0x5206, 0x5207, 0x5208, 0x5209, 0x520A, 0x520B, 0x520C,
	0x520D, 0x520E, 0x520F, 0x5210, 0x5211, 0x5212, 0x5213, 0x5214, 0x5215, 0x5216, 0x5217, 0x5218,
	0x5219, 0x521A, 0x521B, 0x521C, 0x521D, 0x521E, 0x521F, 0x5220, 0x5221, 0x5222, 0x5223, 0x5224,
	0x5225, 0x5226, 0x5227, 0x5228, 0x5229, 0x522A, 0x522B, 0x522C, 0x522D, 0x522E, 0x522F, 0x5230,
	0x5231, 0x5232, 0x5233, 0x5234, 0x5235, 0x5236, 0x5237, 0x5238, 0x5239, 0x523A, 0x523B, 0x523C,
	0x523D, 0x523E, 0x523F, 0x5240, 0x5241, 0x5242, 0x5243, 0x5244, 0x5245, 0x5246, 0x5247, 0x5248,
	0x5249, 0x524A, 0x524B, 0x524C, 0x524D, 0x524E, 0x524F, 0x5250, 0x5251, 0x5252, 0x5253, 0x5254,
	0x5255, 0x5256, 0x5257, 0x5258, 0x5259, 0x525A, 0x525B, 0x525C, 0x525D, 0x525E, 0x525F, 0x5260,
	0x5261, 0x5262, 0x5263, 0x5264, 0x5265, 0x5266, 0x5267, 0x5268, 0x5269, 0x526A, 0x526B, 0x526C,
	0x526D, 0x526E, 0x526F, 0x5270, 0x5271, 0x5272, 0x5273, 0x5274, 0x5275, 0x5276, 0x5277, 0x5278,
	0x5279, 0x527A, 0x527B, 0x527C, 0x527D, 0x527E, 0x527F, 0x5280, 0x5281, 0x5282, 0x5283, 0x5284,
	0x5285, 0x5286, 0x5287, 0x5288, 0x5289, 0x528A, 0x528B, 0x528C, 0x528D, 0x528E, 0x528F, 0x5290,
	0x5291, 0x5292, 0x5293, 0x5294, 0x5295, 0x5296, 0x5297, 0x5298, 0x5299, 0x529A, 0x529B, 0x529C,
	0x529D, 0x529E, 0x529F, 0x52A0, 0x52A1, 0x52A2, 0x52A3, 0x52A4, 0x52A5, 0x52A6, 0x52A7, 0x52A8,
	0x52A9, 0x52AA, 0x52AB, 0x52AC, 0x52AD, 0x52AE, 0x52AF, 0x52B0, 0x52B1, 0x52B2, 0x52B3, 0x52B4,
	0x52B5, 0x52B6, 0x52B7, 0x52B8, 0x52B9, 0x52BA, 0x52BB, 0x52BC, 0x52BD, 0x52BE, 0x52BF, 0x52C0,
	0x52C1, 0x52C2, 0x52C3, 0x52C4, 0x52C5, 0x52C6, 0x52C7, 0x52C8, 0x52C9, 0x52CA, 0x52CB, 0x52CC,
	0x52CD, 0x52CE, 0x52CF, 0x52D0, 0x52D1, 0x52D2, 0x52D3, 0x52D4, 0x52D5, 0x52D6, 0x52D7, 0x52D8,
	0x52D9, 0x52DA, 0x52DB, 0x52DC, 0x52DD, 0x52DE, 0x52DF, 0x52E0, 0x52E1, 0x52E2, 0x52E3, 0x52E4,
	0x52E5, 0x52E6, 0x52E7, 0x52E8, 0x52E9, 0x52EA, 0x52EB, 0x52EC, 0x52ED, 0x52EE, 0x52EF, 0x52F0,
	0x52F1, 0x52F2, 0x52F3, 0x52F4, 0x52F5, 0x52F6, 0x52F7, 0x52F8, 0x52F9, 0x52FA, 0x52FB, 0x52FC,
	0x52FD, 0x52FE, 0x52FF, 0x5300, 0x5301, 0x5302, 0x5303, 0x5304, 0x5305, 0x5306, 0x5307, 0x5308,
	0x5309, 0x530A, 0x530B, 0x530C, 0x530D, 0x530E, 0x530F, 0x5310, 0x5312, 0x5313, 0x5314, 0x5315,
	0x5316, 0x5317, 0x5318, 0x5319, 0x531A, 0x531B, 0x531C, 0x531D, 0x531E, 0x531F, 0x5320, 0x5321,
	0x5322, 0x5323, 0x5324, 0x5325, 0x5326, 0x5327, 0x5328, 0x5329, 0x532A, 0x532B, 0x532C, 0x532D,
	0x532E, 0x532F, 0x5330, 0x5331, 0x5332, 0x5333, 0x5334, 0x5335, 0x5336, 0x5337, 0x5339, 0x533A,
	0x533B, 0x533C, 0x533D, 0x533E, 0x533F, 0x5340, 0x5341, 0x5342, 0x5343, 0x5344, 0x5345, 0x5346,
	0x5347, 0x5348, 0x5349, 0x534A, 0x534B, 0x534C, 0x534D, 0x534E, 0x534F, 0x5350, 0x5351, 0x5352,
	0x5353, 0x5354, 0x5355, 0x5356, 0x5357, 0x5358, 0x5359, 0x535A, 0x535B, 0x535C, 0x535E, 0x535F,
	0x5360, 0x5361, 0x5362, 0x5363, 0x5364, 0x5365, 0x5366, 0x5367, 0x5368, 0x5369, 0x536A, 0x536B,
	0x536C, 0x536D, 0x536E, 0x536F, 0x5370, 0x5371, 0x5372, 0x5373, 0x5374, 0x5375, 0x5376, 0x5377,
	0x5378, 0x5379, 0x537A, 0x537B, 0x537C, 0x537D, 0x537E, 0x537F, 0x5380, 0x5381, 0x5382, 0x5383,
	0x5384, 0x5385, 0x5386, 0x5387, 0x5388, 0x5389, 0x538A, 0x538B, 0x538C, 0x538D, 0x538E, 0x538F,
	0x5390, 0x5391, 0x5392, 0x5393, 0x5394, 0x5395, 0x5396, 0x5397, 0x5398, 0x5399, 0x539A, 0x539B,
	0x539C, 0x539D, 0x539E, 0x539F, 0x53A0, 0x53A1, 0x53A2, 0x53A3, 0x53A4, 0x53A5, 0x53A6, 0x53A7,
	0x53A8, 0x53A9, 0x53AA, 0x53AB, 0x53AC, 0x53AD, 0x53AE, 0x53AF, 0x53B0, 0x53B1, 0x53B2, 0x53B3,
	0x53B4, 0x53B5, 0x53B6, 0x53B7, 0x53B8, 0x53B9, 0x53BA, 0x53BB, 0x53BC, 0x53BD, 0x53BE, 0x53BF,
	0x53C0, 0x53C1, 0x53C2, 0x53C3, 0x53C4, 0x53C5, 0x53C6, 0x53C7, 0x53C8, 0x53C9, 0x53CA, 0x53CB,
	0x53CC, 0x53CD, 0x53CE, 0x53CF, 0x53D0, 0x53D1, 0x53D2, 0x53D3, 0x53D4, 0x53D5, 0x53D6, 0x53D7,
	0x53D8, 0x53D9, 0x53DA, 0x53DB, 0x53DC, 0x53DD, 0x53DE, 0x53DF, 0x53E0, 0x53E1, 0x53E2, 0x53E3,
	0x53E4, 0x53E5, 0x53E6, 0x53E7, 0x53E8, 0x53E9, 0x53EA, 0x53EB, 0x53EC, 0x53ED, 0x53EE, 0x53EF,
	0x53F0, 0x53F1, 0x53F2, 0x53F3, 0x53F4, 0x53F5, 0x53F6, 0x53F7, 0x53F8, 0x53F9, 0x53FA, 0x53FB,
	0x53FC, 0x53FD, 0x53FE, 0x53FF, 0x5400, 0x5401, 0x5402, 0x5403, 0x5404, 0x5405, 0x5406, 0x5407,
	0x5408, 0x5409, 0x540A, 0x540B, 0x540C, 0x540D, 0x540E, 0x540F, 0x5410, 0x5411, 0x5412, 0x5413,
	0x5414, 0x5415, 0x5416, 0x5417, 0x5418, 0x5419, 0x541A, 0x541B, 0x541C, 0x541D, 0x541E, 0x541F,
	0x5420, 0x5421, 0x5422, 0x5423, 0x5424, 0x5425, 0x5426, 0x5427, 0x5428, 0x5429, 0x542A, 0x542B,
	0x542C, 0x542D, 0x542E, 0x542F, 0x5430, 0x5431, 0x5432, 0x5433, 0x5434, 0x5435, 0x5436, 0x5437,
	0x5438, 0x5439, 0x543A, 0x543B, 0x543C, 0x543D, 0x543E, 0x543F, 0x5440, 0x5441, 0x5442, 0x5443,
	0x5444, 0x5445, 0x5446, 0x5447, 0x5448, 0x5449, 0x544A, 0x544B, 0x544C, 0x544D, 0x544E, 0x544F,
	0x5450, 0x5451, 0x5452, 0x5453, 0x5454, 0x5455, 0x5456, 0x5457, 0x5458, 0x5459, 0x545A, 0x545B,
	0x545C, 0x545D, 0x545E, 0x545F, 0x5460, 0x5461, 0x5462, 0x5463, 0x5464, 0x5465, 0x5466, 0x5467,
	0x5468, 0x5469, 0x546A, 0x546B, 0x546C, 0x546D, 0x546E, 0x546F, 0x5470, 0x5471, 0x5472, 0x5473,
	0x5474, 0x5475, 0x5476, 0x5477, 0x5478, 0x5479, 0x547A, 0x547B, 0x547C, 0x547D, 0x547E, 0x547F,
	0x5480, 0x5481, 0x5482, 0x5483, 0x5484, 0x5485, 0x5486, 0x5487, 0x5488, 0x5489, 0x548A, 0x548B,
	0x548C, 0x548D, 0x548E, 0x548F, 0x5490, 0x5491, 0x5492, 0x5493, 0x5494, 0x5495, 0x5496, 0x5497,
	0x5498, 0x5499, 0x549A, 0x549B, 0x549C, 0x549D, 0x549E, 0x549F, 0x54A0, 0x54A1, 0x54A2, 0x54A3,
	0x54A4, 0x54A5, 0x54A6, 0x54A7, 0x54A8, 0x54A9, 0x54AA, 0x54AB, 0x54AC, 0x54AD, 0x54AE, 0x54AF,
	0x54B0, 0x54B1, 0x54B2, 0x54B3, 0x54B4, 0x54B5, 0x54B6, 0x54B7, 0x54B8, 0x54B9, 0x54BA, 0x54BB,
	0x54BC, 0x54BD, 0x54BE, 0x54BF, 0x54C0, 0x54C1, 0x54C2, 0x54C3, 0x54C4, 0x54C5, 0x54C6, 0x54C7,
	0x54C8, 0x54C9, 0x54CA, 0x54CB, 0x54CC, 0x54CD, 0x54CE, 0x54CF, 0x54D0, 0x54D1, 0x54D2, 0x54D3,
	0x54D4, 0x54D5, 0x54D6, 0x54D7, 0x54D8, 0x54D9, 0x54DA, 0x54DB, 0x54DC, 0x54DD, 0x54DE, 0x54DF,
	0x54E0, 0x54E1, 0x54E2, 0x54E3, 0x54E4, 0x54E5, 0x54E6, 0x54E7, 0x54E8, 0x54E9, 0x54EA, 0x54EB,
	0x54EC, 0x54ED, 0x54EE, 0x54EF, 0x54F0, 0x54F1, 0x54F2, 0x54F3, 0x54F4, 0x54F5, 0x54F6, 0x54F7,
	0x54F8, 0x54F9, 0x54FA, 0x54FB, 0x54FC, 0x54FD, 0x54FE, 0x54FF, 0x5500, 0x5501, 0x5502, 0x5503,
	0x5504, 0x5505, 0x5506, 0x5507, 0x5508, 0x5509, 0x550A, 0x550B, 0x550C, 0x550D, 0x550E, 0x550F,
	0x5510, 0x5511, 0x5512, 0x5513, 0x5514, 0x5515, 0x5516, 0x5517, 0x5518, 0x5519, 0x551A, 0x551B,
	0x551C, 0x551D, 0x551E, 0x551F, 0x5520, 0x5521, 0x5522, 0x5523, 0x5524, 0x5525, 0x5526, 0x5527,
	0x5528, 0x5529, 0x552A, 0x552B, 0x552C, 0x552D, 0x552E, 0x552F, 0x5530, 0x5531, 0x5532, 0x5533,
	0x5534, 0x5535, 0x5536, 0x5537, 0x5538, 0x5539, 0x553A, 0x553B, 0x553C, 0x553D, 0x553E, 0x553F,
	0x5540, 0x5541, 0x5542, 0x5543, 0x5544, 0x5545, 0x5546, 0x5547, 0x5548, 0x5549, 0x554A, 0x554B,
	0x554C, 0x554D, 0x554E, 0x554F, 0x5550, 0x5551, 0x5552, 0x5553, 0x5554, 0x5555, 0x5556, 0x5557,
	0x5558, 0x5559, 0x555A, 0x555B, 0x555C, 0x555D, 0x555E, 0x555F, 0x5560, 0x5561, 0x5562, 0x5563,
	0x5564, 0x5565, 0x5566, 0x5567, 0x5568, 0x5569, 0x556A, 0x556B, 0x556C, 0x556D, 0x556E, 0x556F,
	0x5570, 0x5571, 0x5572, 0x5573, 0x5574, 0x5575, 0x5576, 0x5577, 0x5578, 0x5579, 0x557A, 0x557B,
	0x557C, 0x557D, 0x557E, 0x557F, 0x5580, 0x5581, 0x5582, 0x5583, 0x5584, 0x5585, 0x5586, 0x5587,
	0x5588, 0x5589, 0x558A, 0x558B, 0x558C, 0x558D, 0x558E, 0x558F, 0x5590, 0x5591, 0x5592, 0x5593,
	0x5594, 0x5595, 0x5596, 0x5597, 0x5598, 0x5599, 0x559A, 0x559B, 0x559C, 0x559D, 0x559E, 0x559F,
	0x55A0, 0x55A1, 0x55A2, 0x55A3, 0x55A4, 0x55A5, 0x55A6, 0x55A7, 0x55A8, 0x55A9, 0x55AA, 0x55AB,
	0x55AC, 0x55AD, 0x55AE, 0x55AF, 0x55B0, 0x55B1, 0x55B2, 0x55B3, 0x55B4, 0x55B5, 0x55B6, 0x55B7,
	0x55B8, 0x55B9, 0x55BA, 0x55BB, 0x55BC, 0x55BD, 0x55BE, 0x55BF, 0x55C0, 0x55C1, 0x55C2, 0x55C3,
	0x55C4, 0x55C5, 0x55C6, 0x55C7, 0x55C8, 0x55C9, 0x55CA, 0x55CB, 0x55CC, 0x55CD, 0x55CE, 0x55CF,
	0x55D0, 0x55D1, 0x55D2, 0x55D3, 0x55D4, 0x55D5, 0x55D6, 0x55D7, 0x55D8, 0x55D9, 0x55DA, 0x55DB,
	0x55DC, 0x55DD, 0x55DE, 0x55DF, 0x55E0, 0x55E1, 0x55E2, 0x55E3, 0x55E4, 0x55E5, 0x55E6, 0x55E7,
	0x55E8, 0x55E9, 0x55EA, 0x55EB, 0x55EC, 0x55ED, 0x55EE, 0x55EF, 0x55F0, 0x55F1, 0x55F2, 0x55F3,
	0x55F4, 0x55F5, 0x55F6, 0x55F7, 0x55F8, 0x55F9, 0x55FA, 0x55FB, 0x55FC, 0x55FD, 0x55FE, 0x55FF,
	0x5600, 0x5601, 0x5602, 0x5603, 0x5604, 0x5605, 0x5606, 0x5607, 0x5608, 0x5609, 0x560A, 0x560B,
	0x560C, 0x560D, 0x560E, 0x560F, 0x5610, 0x5611, 0x5612, 0x5613, 0x5614, 0x5615, 0x5616, 0x5617,
	0x5618, 0x5619, 0x561A, 0x561B, 0x561C, 0x561D, 0x561E, 0x561F, 0x5620, 0x5621, 0x5622, 0x5623,
	0x5624, 0x5625, 0x5626, 0x5627, 0x5628, 0x5629, 0x562A, 0x562B, 0x562C, 0x562D, 0x562E, 0x562F,
	0x5630, 0x5631, 0x5632, 0x5634, 0x5635, 0x5636, 0x5637, 0x5638, 0x5639, 0x563A, 0x563B, 0x563C,
	0x563D, 0x563E, 0x563F, 0x5640, 0x5641, 0x5642, 0x5643, 0x5644, 0x5645, 0x5646, 0x5647, 0x5648,
	0x5649, 0x564B, 0x564C, 0x564D, 0x564E, 0x564F, 0x5650, 0x5651, 0x5652, 0x5653, 0x5654, 0x5655,
	0x5656, 0x5657, 0x5658, 0x5659, 0x565A, 0x565B, 0x565C, 0x565D, 0x565E, 0x565F, 0x5660, 0x5661,
	0x5662, 0x5663, 0x5664, 0x5665, 0x5666, 0x5667, 0x5668, 0x5669, 0x566A, 0x566B, 0x566C, 0x566D,
	0x566E, 0x566F, 0x5670, 0x5671, 0x5672, 0x5673, 0x5674, 0x5675, 0x5676, 0x5677, 0x5678, 0x5679,
	0x567A, 0x567B, 0x567C, 0x567D, 0x567E, 0x567F, 0x5680, 0x5681, 0x5682, 0x5683, 0x5684, 0x5685,
	0x5686, 0x5687, 0x5689, 0x568A, 0x568B, 0x568C, 0x568D, 0x568E, 0x568F, 0x5690, 0x5691, 0x5692,
	0x5693, 0x5694, 0x5695, 0x5696, 0x5697, 0x5698, 0x5699, 0x569A, 0x569B, 0x569C, 0x569D, 0x569E,
	0x569F, 0x56A0, 0x56A1, 0x56A2, 0x56A3, 0x56A4, 0x56A5, 0x56A6, 0x56A7, 0x56A8, 0x56A9, 0x56AA,
	0x56AB, 0x56AC, 0x56AD, 0x56AE, 0x56AF, 0x56B0, 0x56B1, 0x56B2, 0x56B3, 0x56B4, 0x56B5, 0x56B6,
	0x56B7, 0x56B8, 0x56B9, 0x56BA, 0x56BB, 0x56BC, 0x56BD, 0x56BE, 0x56BF, 0x56C0, 0x56C1, 0x56C2,
	0x56C3, 0x56C4, 0x56C5, 0x56C6, 0x56C7, 0x56C8, 0x56C9, 0x56CA, 0x56CB, 0x56CC, 0x56CD, 0x56CE,
	0x56CF, 0x56D0, 0x56D1, 0x56D2, 0x56D3, 0x56D4, 0x56D5, 0x56D6, 0x56D7, 0x56D8, 0x56D9, 0x56DA,
	0x56DB, 0x56DC, 0x56DD, 0x56DE, 0x56DF, 0x56E0, 0x56E1, 0x56E2, 0x56E3, 0x56E4, 0x56E5, 0x56E6,
	0x56E7, 0x56E8, 0x56E9, 0x56EA, 0x56EB, 0x56EC, 0x56ED, 0x56EE, 0x56EF, 0x56F0, 0x56F1, 0x56F2,
	0x56F3, 0x56F4, 0x56F5, 0x56F6, 0x56F7, 0x56F8, 0x56F9, 0x56FA, 0x56FB, 0x56FC, 0x56FD, 0x56FE,
	0x56FF, 0x5700, 0x5701, 0x5702, 0x5703, 0x5704, 0x5705, 0x5706, 0x5707, 0x5708, 0x5709, 0x570A,
	0x570B, 0x570C, 0x570D, 0x570E, 0x570F, 0x5710, 0x5711, 0x5712, 0x5713, 0x5714, 0x5715, 0x5716,
	0x5717, 0x5718, 0x5719, 0x571A, 0x571B, 0x571C, 0x571D, 0x571E, 0x571F, 0x5720, 0x5721, 0x5722,
	0x5723, 0x5724, 0x5725, 0x5726, 0x5727, 0x5728, 0x5729, 0x572A, 0x572B, 0x572C, 0x572D, 0x572E,
	0x572F, 0x5730, 0x5731, 0x5732, 0x5733, 0x5734, 0x5735, 0x5736, 0x5737, 0x5738, 0x5739, 0x573A,
	0x573B, 0x573C, 0x573D, 0x573E, 0x573F, 0x5740, 0x5741, 0x5742, 0x5743, 0x5744, 0x5745, 0x5746,
	0x5747, 0x5748, 0x574A, 0x574B, 0x574C, 0x574D, 0x574E, 0x574F, 0x5750, 0x5751, 0x5752, 0x5753,
	0x5754, 0x5755, 0x5756, 0x5757, 0x5758, 0x5759, 0x575A, 0x575B, 0x575C, 0x575D, 0x575E, 0x575F,
	0x5760, 0x5761, 0x5762, 0x5763, 0x5764, 0x5765, 0x5766, 0x5767, 0x5768, 0x5769, 0x576A, 0x576B,
	0x576C, 0x576D, 0x576E, 0x576F, 0x5770, 0x5771, 0x5772, 0x5773, 0x5774, 0x5775, 0x5776, 0x5777,
	0x5778, 0x5779, 0x577A, 0x577B, 0x577C, 0x577D, 0x577E, 0x577F, 0x5780, 0x5781, 0x5782, 0x5783,
	0x5784, 0x5785, 0x5786, 0x5787, 0x5788, 0x5789, 0x578A, 0x578B, 0x578C, 0x578D, 0x578E, 0x578F,
	0x5790, 0x5791, 0x5792, 0x5793, 0x5794, 0x5795, 0x5796, 0x5797, 0x5798, 0x5799, 0x579A, 0x579B,
	0x579C, 0x579D, 0x579E, 0x579F, 0x57A0, 0x57A1, 0x57A2, 0x57A3, 0x57A4, 0x57A5, 0x57A6, 0x57A7,
	0x57A8, 0x57A9, 0x57AA, 0x57AB, 0x57AC, 0x57AD, 0x57AE, 0x57AF, 0x57B0, 0x57B1, 0x57B2, 0x57B3,
	0x57B4, 0x57B5, 0x57B6, 0x57B7, 0x57B8, 0x57B9, 0x57BA, 0x57BB, 0x57BC, 0x57BD, 0x57BE, 0x57BF,
	0x57C0, 0x57C1, 0x57C2, 0x57C3, 0x57C4, 0x57C5, 0x57C6, 0x57C7, 0x57C8, 0x57C9, 0x57CA, 0x57CB,
	0x57CC, 0x57CD, 0x57CE, 0x57CF, 0x57D0, 0x57D1, 0x57D2, 0x57D3, 0x57D4, 0x57D5, 0x57D6, 0x57D7,
	0x57D8, 0x57D9, 0x57DA, 0x57DB, 0x57DC, 0x57DD, 0x57DE, 0x57DF, 0x57E0, 0x57E1, 0x57E2, 0x57E3,
	0x57E4, 0x57E5, 0x57E6, 0x57E7, 0x57E8, 0x57E9, 0x57EA, 0x57EB, 0x57EC, 0x57ED, 0x57EE, 0x57EF,
	0x57F0, 0x57F1, 0x57F2, 0x57F3, 0x57F4, 0x57F5, 0x57F6, 0x57F7, 0x57F8, 0x57F9, 0x57FA, 0x57FB,
	0x57FC, 0x57FD, 0x57FE, 0x5800, 0x5801, 0x5802, 0x5803, 0x5804, 0x5805, 0x5806, 0x5807, 0x5808,
	0x5809, 0x580A, 0x580B, 0x580C, 0x580D, 0x580E, 0x580F, 0x5810, 0x5811, 0x5812, 0x5813, 0x5814,
	0x5815, 0x5816, 0x5817, 0x5818, 0x5819, 0x581A, 0x581B, 0x581C, 0x581D, 0x581E, 0x581F, 0x5820,
	0x5821, 0x5822, 0x5823, 0x5824, 0x5825, 0x5826, 0x5827, 0x5829, 0x582A, 0x582B, 0x582C, 0x582D,
	0x582E, 0x582F, 0x5830, 0x5831, 0x5832, 0x5833, 0x5834, 0x5835, 0x5836, 0x5837, 0x5838, 0x5839,
	0x583A, 0x583B, 0x583C, 0x583D, 0x583F, 0x5840, 0x5841, 0x5842, 0x5843, 0x5844, 0x5845, 0x5846,
	0x5847, 0x5848, 0x5849, 0x584A, 0x584B, 0x584C, 0x584D, 0x584E, 0x584F, 0x5850, 0x5851, 0x5852,
	0x5853, 0x5854, 0x5855, 0x5856, 0x5857, 0x5858, 0x5859, 0x585A, 0x585B, 0x585C, 0x585D, 0x585E,
	0x585F, 0x5860, 0x5861, 0x5862, 0x5863, 0x5864, 0x5865, 0x5866, 0x5867, 0x5868, 0x5869, 0x586A,
	0x586B, 0x586C, 0x586D, 0x586E, 0x586F, 0x5870, 0x5871, 0x5872, 0x5873, 0x5874, 0x5875, 0x5876,
	0x5877, 0x5878, 0x5879, 0x587A, 0x587B, 0x587C, 0x587D, 0x587E, 0x587F, 0x5880, 0x5881, 0x5882,
	0x5883, 0x5884, 0x5885, 0x5886, 0x5888, 0x5889, 0x588A, 0x588B, 0x588C, 0x588D, 0x588E, 0x588F,
	0x5890, 0x5892, 0x5893, 0x5894, 0x5895, 0x5896, 0x5897, 0x5898, 0x5899, 0x589A, 0x589B, 0x589C,
	0x589D, 0x589E, 0x589F, 0x58A0, 0x58A1, 0x58A2, 0x58A3, 0x58A4, 0x58A5, 0x58A6, 0x58A7, 0x58A8,
	0x58A9, 0x58AA, 0x58AB, 0x58AC, 0x58AD, 0x58AE, 0x58AF, 0x58B0, 0x58B1, 0x58B2, 0x58B3, 0x58B4,
	0x58B5, 0x58B6, 0x58B7, 0x58B8, 0x58B9, 0x58BA, 0x58BB, 0x58BC, 0x58BD, 0x58BE, 0x58BF, 0x58C0,
	0x58C1, 0x58C2, 0x58C3, 0x58C4, 0x58C5, 0x58C6, 0x58C7, 0x58C8, 0x58C9, 0x58CA, 0x58CB, 0x58CC,
	0x58CD, 0x58CE, 0x58CF, 0x58D0, 0x58D1, 0x58D2, 0x58D3, 0x58D4, 0x58D5, 0x58D6, 0x58D7, 0x58D8,
	0x58D9, 0x58DA, 0x58DB, 0x58DC, 0x58DD, 0x58DE, 0x58DF, 0x58E0, 0x58E1, 0x58E2, 0x58E3, 0x58E4,
	0x58E5, 0x58E6, 0x58E7, 0x58E8, 0x58E9, 0x58EA, 0x58EB, 0x58EC, 0x58ED, 0x58EE, 0x58EF, 0x58F0,
	0x58F1, 0x58F2, 0x58F3, 0x58F4, 0x58F5, 0x58F6, 0x58F7, 0x58F8, 0x58F9, 0x58FA, 0x58FB, 0x58FC,
	0x58FD, 0x58FE, 0x5900, 0x5901, 0x5902, 0x5903, 0x5904, 0x5905, 0x5906, 0x5907, 0x5908, 0x5909,
	0x590A, 0x590B, 0x590C, 0x590D, 0x590E, 0x590F, 0x5910, 0x5911, 0x5912, 0x5913, 0x5914, 0x5915,
	0x5916, 0x5917, 0x5918, 0x5919, 0x591A, 0x591B, 0x591C, 0x591D, 0x591E, 0x591F, 0x5920, 0x5921,
	0x5922, 0x5923, 0x5924, 0x5925, 0x5926, 0x5927, 0x5928, 0x5929, 0x592A, 0x592B, 0x592C, 0x592D,
	0x592E, 0x592F, 0x5930, 0x5931, 0x5932, 0x5933, 0x5934, 0x5935, 0x5936, 0x5937, 0x5938, 0x5939,
	0x593A, 0x593B, 0x593C, 0x593D, 0x593E, 0x593F, 0x5940, 0x5941, 0x5942, 0x5943, 0x5944, 0x5945,
	0x5946, 0x5947, 0x5948, 0x5949, 0x594B, 0x594C, 0x594D, 0x594E, 0x594F, 0x5950, 0x5951, 0x5952,
	0x5953, 0x5954, 0x5955, 0x5956, 0x5957, 0x5958, 0x5959, 0x595A, 0x595B, 0x595C, 0x595D, 0x595E,
	0x595F, 0x5960, 0x5961, 0x5962, 0x5963, 0x5964, 0x5965, 0x5966, 0x5967, 0x5968, 0x5969, 0x596A,
	0x596B, 0x596C, 0x596D, 0x596E, 0x596F, 0x5970, 0x5971, 0x5972, 0x5973, 0x5974, 0x5975, 0x5976,
	0x5977, 0x5978, 0x5979, 0x597A, 0x597B, 0x597C, 0x597D, 0x597E, 0x597F, 0x5980, 0x5981, 0x5982,
	0x5983, 0x5984, 0x5985, 0x5986, 0x5987, 0x5988, 0x5989, 0x598A, 0x598B, 0x598C, 0x598D, 0x598E,
	0x598F, 0x5990, 0x5991, 0x5992, 0x5993, 0x5994, 0x5995, 0x5996, 0x5997, 0x5998, 0x5999, 0x599A,
	0x599B, 0x599C, 0x599D, 0x599E, 0x599F, 0x59A0, 0x59A1, 0x59A2, 0x59A3, 0x59A4, 0x59A5, 0x59A6,
	0x59A7, 0x59A8, 0x59A9, 0x59AA, 0x59AB, 0x59AC, 0x59AD, 0x59AE, 0x59AF, 0x59B0, 0x59B1, 0x59B2,
	0x59B3, 0x59B4, 0x59B5, 0x59B6, 0x59B7, 0x59B8, 0x59B9, 0x59BA, 0x59BB, 0x59BC, 0x59BD, 0x59BE,
	0x59BF, 0x59C0, 0x59C1, 0x59C2, 0x59C3, 0x59C4, 0x59C5, 0x59C6, 0x59C7, 0x59C8, 0x59C9, 0x59CA,
	0x59CB, 0x59CC, 0x59CD, 0x59CF, 0x59D0, 0x59D1, 0x59D2, 0x59D3, 0x59D4, 0x59D5, 0x59D6, 0x59D7,
	0x59D8, 0x59D9, 0x59DA, 0x59DB, 0x59DC, 0x59DD, 0x59DE, 0x59DF, 0x59E0, 0x59E1, 0x59E2, 0x59E3,
	0x59E4, 0x59E5, 0x59E6, 0x59E7, 0x59E8, 0x59E9, 0x59EA, 0x59EB, 0x59EC, 0x59ED, 0x59EE, 0x59EF,
	0x59F0, 0x59F1, 0x59F2, 0x59F3, 0x59F4, 0x59F5, 0x59F6, 0x59F7, 0x59F8, 0x59F9, 0x59FA, 0x59FB,
	0x59FC, 0x59FD, 0x59FE, 0x59FF, 0x5A00, 0x5A01, 0x5A02, 0x5A03, 0x5A04, 0x5A05, 0x5A06, 0x5A07,
	0x5A08, 0x5A09, 0x5A0A, 0x5A0B, 0x5A0C, 0x5A0D, 0x5A0E, 0x5A0F, 0x5A10, 0x5A11, 0x5A12, 0x5A13,
	0x5A14, 0x5A15, 0x5A16, 0x5A17, 0x5A18, 0x5A19, 0x5A1A, 0x5A1B, 0x5A1C, 0x5A1D, 0x5A1E, 0x5A1F,
	0x5A20, 0x5A21, 0x5A22, 0x5A23, 0x5A24, 0x5A25, 0x5A26, 0x5A27, 0x5A28, 0x5A29, 0x5A2A, 0x5A2B,
	0x5A2C, 0x5A2D, 0x5A2E, 0x5A2F, 0x5A30, 0x5A31, 0x5A32, 0x5A33, 0x5A34, 0x5A35, 0x5A36, 0x5A37,
	0x5A38, 0x5A39, 0x5A3A, 0x5A3B, 0x5A3C, 0x5A3D, 0x5A3E, 0x5A3F, 0x5A40, 0x5A41, 0x5A42, 0x5A43,
	0x5A44, 0x5A45, 0x5A46, 0x5A47, 0x5A48, 0x5A49, 0x5A4A, 0x5A4B, 0x5A4C, 0x5A4D, 0x5A4E, 0x5A4F,
	0x5A50, 0x5A51, 0x5A52, 0x5A53, 0x5A54, 0x5A55, 0x5A56, 0x5A57, 0x5A58, 0x5A59, 0x5A5A, 0x5A5B,
	0x5A5C, 0x5A5D, 0x5A5E, 0x5A5F, 0x5A60, 0x5A61, 0x5A62, 0x5A63, 0x5A64, 0x5A65, 0x5A66, 0x5A67,
	0x5A68, 0x5A69, 0x5A6A, 0x5A6B, 0x5A6C, 0x5A6D, 0x5A6E, 0x5A6F, 0x5A70, 0x5A71, 0x5A72, 0x5A73,
	0x5A74, 0x5A75, 0x5A76, 0x5A77, 0x5A78, 0x5A79, 0x5A7A, 0x5A7B, 0x5A7C, 0x5A7D, 0x5A7E, 0x5A7F,
	0x5A80, 0x5A81, 0x5A82, 0x5A83, 0x5A84, 0x5A85, 0x5A86, 0x5A87, 0x5A88, 0x5A89, 0x5A8B, 0x5A8C,
	0x5A8D, 0x5A8E, 0x5A8F, 0x5A90, 0x5A91, 0x5A92, 0x5A93, 0x5A94, 0x5A95, 0x5A96, 0x5A97, 0x5A98,
	0x5A99, 0x5A9A, 0x5A9B, 0x5A9C, 0x5A9D, 0x5A9E, 0x5A9F, 0x5AA0, 0x5AA1, 0x5AA2, 0x5AA3, 0x5AA4,
	0x5AA5, 0x5AA6, 0x5AA7, 0x5AA8, 0x5AA9, 0x5AAA, 0x5AAB, 0x5AAC, 0x5AAD, 0x5AAE, 0x5AAF, 0x5AB0,
	0x5AB1, 0x5AB2, 0x5AB3, 0x5AB4, 0x5AB5, 0x5AB6, 0x5AB7, 0x5AB8, 0x5AB9, 0x5ABA, 0x5ABB, 0x5ABC,
	0x5ABD, 0x5ABE, 0x5ABF, 0x5AC0, 0x5AC1, 0x5AC2, 0x5AC3, 0x5AC4, 0x5AC5, 0x5AC6, 0x5AC7, 0x5AC8,
	0x5AC9, 0x5ACA, 0x5ACB, 0x5ACC, 0x5ACD, 0x5ACE, 0x5ACF, 0x5AD0, 0x5AD1, 0x5AD2, 0x5AD3, 0x5AD4,
	0x5AD5, 0x5AD6, 0x5AD7, 0x5AD8, 0x5AD9, 0x5ADA, 0x5ADB, 0x5ADC, 0x5ADD, 0x5ADE, 0x5ADF, 0x5AE0,
	0x5AE1, 0x5AE2, 0x5AE3, 0x5AE4, 0x5AE5, 0x5AE6, 0x5AE7, 0x5AE8, 0x5AE9, 0x5AEA, 0x5AEB, 0x5AEC,
	0x5AED, 0x5AEE, 0x5AEF, 0x5AF0, 0x5AF1, 0x5AF2, 0x5AF3, 0x5AF4, 0x5AF5, 0x5AF6, 0x5AF7, 0x5AF8,
	0x5AF9, 0x5AFA, 0x5AFB, 0x5AFC, 0x5AFD, 0x5AFE, 0x5AFF, 0x5B00, 0x5B01, 0x5B02, 0x5B03, 0x5B04,
	0x5B05, 0x5B06, 0x5B07, 0x5B08, 0x5B09, 0x5B0A, 0x5B0B, 0x5B0C, 0x5B0D, 0x5B0E, 0x5B0F, 0x5B10,
	0x5B11, 0x5B12, 0x5B13, 0x5B14, 0x5B15, 0x5B16, 0x5B17, 0x5B18, 0x5B19, 0x5B1A, 0x5B1B, 0x5B1C,
	0x5B1D, 0x5B1E, 0x5B1F, 0x5B20, 0x5B21, 0x5B22, 0x5B23, 0x5B24, 0x5B25, 0x5B26, 0x5B27, 0x5B28,
	0x5B29, 0x5B2A, 0x5B2B, 0x5B2C, 0x5B2D, 0x5B2E, 0x5B2F, 0x5B30, 0x5B31, 0x5B32, 0x5B33, 0x5B34,
	0x5B35, 0x5B36, 0x5B37, 0x5B38, 0x5B39, 0x5B3A, 0x5B3B, 0x5B3C, 0x5B3D, 0x5B3E, 0x5B3F, 0x5B40,
	0x5B41, 0x5B42, 0x5B43, 0x5B44, 0x5B45, 0x5B46, 0x5B47, 0x5B48, 0x5B49, 0x5B4A, 0x5B4B, 0x5B4C,
	0x5B4D, 0x5B4E, 0x5B4F, 0x5B50, 0x5B51, 0x5B52, 0x5B53, 0x5B54, 0x5B55, 0x5B56, 0x5B57, 0x5B58,
	0x5B59, 0x5B5A, 0x5B5B, 0x5B5C, 0x5B5D, 0x5B5E, 0x5B5F, 0x5B60, 0x5B61, 0x5B62, 0x5B63, 0x5B64,
	0x5B65, 0x5B66, 0x5B67, 0x5B68, 0x5B69, 0x5B6A, 0x5B6B, 0x5B6C, 0x5B6D, 0x5B6E, 0x5B6F, 0x5B70,
	0x5B71, 0x5B72, 0x5B73, 0x5B74, 0x5B75, 0x5B76, 0x5B77, 0x5B78, 0x5B79, 0x5B7A, 0x5B7B, 0x5B7C,
	0x5B7D, 0x5B7E, 0x5B7F, 0x5B80, 0x5B81, 0x5B82, 0x5B83, 0x5B84, 0x5B85, 0x5B86, 0x5B87, 0x5B88,
	0x5B89, 0x5B8A, 0x5B8B, 0x5B8C, 0x5B8D, 0x5B8E, 0x5B8F, 0x5B90, 0x5B91, 0x5B92, 0x5B93, 0x5B94,
	0x5B95, 0x5B96, 0x5B97, 0x5B98, 0x5B99, 0x5B9A, 0x5B9B, 0x5B9C, 0x5B9D, 0x5B9E, 0x5B9F, 0x5BA0,
	0x5BA1, 0x5BA2, 0x5BA3, 0x5BA4, 0x5BA5, 0x5BA6, 0x5BA7, 0x5BA8, 0x5BA9, 0x5BAA, 0x5BAB, 0x5BAC,
	0x5BAD, 0x5BAE, 0x5BAF, 0x5BB0, 0x5BB1, 0x5BB2, 0x5BB3, 0x5BB4, 0x5BB5, 0x5BB6, 0x5BB7, 0x5BB8,
	0x5BB9, 0x5BBA, 0x5BBB, 0x5BBC, 0x5BBD, 0x5BBE, 0x5BBF, 0x5BC0, 0x5BC1, 0x5BC2, 0x5BC3, 0x5BC4,
	0x5BC5, 0x5BC6, 0x5BC7, 0x5BC8, 0x5BC9, 0x5BCA, 0x5BCC, 0x5BCD, 0x5BCE, 0x5BCF, 0x5BD0, 0x5BD1,
	0x5BD2, 0x5BD3, 0x5BD4, 0x5BD5, 0x5BD6, 0x5BD7, 0x5BD8, 0x5BD9, 0x5BDA, 0x5BDB, 0x5BDC, 0x5BDD,
	0x5BDE, 0x5BDF, 0x5BE0, 0x5BE1, 0x5BE2, 0x5BE3, 0x5BE4, 0x5BE5, 0x5BE6, 0x5BE7, 0x5BE8, 0x5BE9,
	0x5BEA, 0x5BEB, 0x5BEC, 0x5BED, 0x5BEE, 0x5BEF, 0x5BF0, 0x5BF1, 0x5BF2, 0x5BF3, 0x5BF4, 0x5BF5,
	0x5BF6, 0x5BF7, 0x5BF8, 0x5BF9, 0x5BFA, 0x5BFB, 0x5BFC, 0x5BFD, 0x5BFE, 0x5BFF, 0x5C00, 0x5C01,
	0x5C02, 0x5C03, 0x5C04, 0x5C05, 0x5C06, 0x5C07, 0x5C08, 0x5C09, 0x5C0A, 0x5C0B, 0x5C0C, 0x5C0D,
	0x5C0E, 0x5C0F, 0x5C10, 0x5C11, 0x5C12, 0x5C13, 0x5C14, 0x5C15, 0x5C16, 0x5C17, 0x5C18, 0x5C19,
	0x5C1A, 0x5C1B, 0x5C1C, 0x5C1D, 0x5C1E, 0x5C1F, 0x5C20, 0x5C21, 0x5C22, 0x5C23, 0x5C24, 0x5C25,
	0x5C26, 0x5C27, 0x5C28, 0x5C29, 0x5C2A, 0x5C2B, 0x5C2C, 0x5C2D, 0x5C2E, 0x5C2F, 0x5C30, 0x5C31,
	0x5C32, 0x5C33, 0x5C34, 0x5C35, 0x5C36, 0x5C37, 0x5C38, 0x5C39, 0x5C3A, 0x5C3B, 0x5C3C, 0x5C3D,
	0x5C3E, 0x5C3F, 0x5C40, 0x5C41, 0x5C42, 0x5C43, 0x5C44, 0x5C45, 0x5C46, 0x5C47, 0x5C48, 0x5C49,
	0x5C4A, 0x5C4B, 0x5C4C, 0x5C4D, 0x5C4E, 0x5C4F, 0x5C50, 0x5C51, 0x5C52, 0x5C53, 0x5C54, 0x5C55,
	0x5C56, 0x5C57, 0x5C58, 0x5C59, 0x5C5A, 0x5C5B, 0x5C5C, 0x5C5D, 0x5C5E, 0x5C5F, 0x5C60, 0x5C61,
	0x5C62, 0x5C63, 0x5C64, 0x5C65, 0x5C66, 0x5C67, 0x5C68, 0x5C69, 0x5C6A, 0x5C6B, 0x5C6C, 0x5C6D,
	0x5C6E, 0x5C6F, 0x5C70, 0x5C71, 0x5C72, 0x5C73, 0x5C74, 0x5C75, 0x5C76, 0x5C77, 0x5C78, 0x5C79,
	0x5C7A, 0x5C7B, 0x5C7C, 0x5C7D, 0x5C7E, 0x5C7F, 0x5C80, 0x5C81, 0x5C82, 0x5C83, 0x5C84, 0x5C85,
	0x5C86, 0x5C87, 0x5C88, 0x5C89, 0x5C8A, 0x5C8B, 0x5C8C, 0x5C8D, 0x5C8E, 0x5C8F, 0x5C90, 0x5C91,
	0x5C92, 0x5C93, 0x5C94, 0x5C95, 0x5C96, 0x5C97, 0x5C98, 0x5C99, 0x5C9A, 0x5C9B, 0x5C9C, 0x5C9D,
	0x5C9E, 0x5C9F, 0x5CA0, 0x5CA1, 0x5CA2, 0x5CA3, 0x5CA4, 0x5CA6, 0x5CA7, 0x5CA8, 0x5CA9, 0x5CAA,
	0x5CAB, 0x5CAC, 0x5CAD, 0x5CAE, 0x5CAF, 0x5CB0, 0x5CB1, 0x5CB2, 0x5CB3, 0x5CB4, 0x5CB5, 0x5CB6,
	0x5CB7, 0x5CB8, 0x5CB9, 0x5CBA, 0x5CBB, 0x5CBC, 0x5CBD, 0x5CBE, 0x5CBF, 0x5CC0, 0x5CC1, 0x5CC2,
	0x5CC3, 0x5CC4, 0x5CC5, 0x5CC6, 0x5CC7, 0x5CC8, 0x5CC9, 0x5CCA, 0x5CCB, 0x5CCC, 0x5CCD, 0x5CCE,
	0x5CCF, 0x5CD0, 0x5CD1, 0x5CD2, 0x5CD3, 0x5CD4, 0x5CD5, 0x5CD6, 0x5CD7, 0x5CD8, 0x5CD9, 0x5CDA,
	0x5CDB, 0x5CDC, 0x5CDD, 0x5CDE, 0x5CDF, 0x5CE0, 0x5CE1, 0x5CE2, 0x5CE3, 0x5CE4, 0x5CE5, 0x5CE6,
	0x5CE7, 0x5CE8, 0x5CE9, 0x5CEA, 0x5CEB, 0x5CEC, 0x5CED, 0x5CEE, 0x5CEF, 0x5CF0, 0x5CF1, 0x5CF2,
	0x5CF3, 0x5CF4, 0x5CF5, 0x5CF6, 0x5CF7, 0x5CF8, 0x5CF9, 0x5CFA, 0x5CFB, 0x5CFC, 0x5CFD, 0x5CFE,
	0x5CFF, 0x5D00, 0x5D01, 0x5D02, 0x5D03, 0x5D04, 0x5D05, 0x5D06, 0x5D07, 0x5D08, 0x5D09, 0x5D0A,
	0x5D0B, 0x5D0C, 0x5D0D, 0x5D0E, 0x5D0F, 0x5D10, 0x5D11, 0x5D12, 0x5D13, 0x5D14, 0x5D15, 0x5D16,
	0x5D17, 0x5D18, 0x5D19, 0x5D1A, 0x5D1B, 0x5D1C, 0x5D1D, 0x5D1E, 0x5D1F, 0x5D20, 0x5D21, 0x5D22,
	0x5D23, 0x5D24, 0x5D25, 0x5D26, 0x5D27, 0x5D28, 0x5D29, 0x5D2A, 0x5D2B, 0x5D2C, 0x5D2D, 0x5D2E,
	0x5D2F, 0x5D30, 0x5D31, 0x5D32, 0x5D33, 0x5D34, 0x5D35, 0x5D36, 0x5D37, 0x5D38, 0x5D39, 0x5D3A,
	0x5D3B, 0x5D3C, 0x5D3D, 0x5D3E, 0x5D3F, 0x5D40, 0x5D41, 0x5D42, 0x5D43, 0x5D44, 0x5D45, 0x5D46,
	0x5D47, 0x5D48, 0x5D49, 0x5D4A, 0x5D4B, 0x5D4C, 0x5D4D, 0x5D4E, 0x5D4F, 0x5D50, 0x5D51, 0x5D52,
	0x5D53, 0x5D54, 0x5D55, 0x5D56, 0x5D57, 0x5D58, 0x5D59, 0x5D5A, 0x5D5B, 0x5D5C, 0x5D5D, 0x5D5E,
	0x5D5F, 0x5D60, 0x5D61, 0x5D62, 0x5D63, 0x5D64, 0x5D65, 0x5D66, 0x5D67, 0x5D68, 0x5D69, 0x5D6A,
	0x5D6B, 0x5D6C, 0x5D6D, 0x5D6E, 0x5D6F, 0x5D70, 0x5D72, 0x5D73, 0x5D74, 0x5D75, 0x5D76, 0x5D77,
	0x5D78, 0x5D79, 0x5D7A, 0x5D7B, 0x5D7C, 0x5D7D, 0x5D7E, 0x5D7F, 0x5D80, 0x5D81, 0x5D82, 0x5D83,
	0x5D84, 0x5D85, 0x5D86, 0x5D87, 0x5D88, 0x5D89, 0x5D8A, 0x5D8B, 0x5D8C, 0x5D8D, 0x5D8E, 0x5D8F,
	0x5D90, 0x5D91, 0x5D92, 0x5D93, 0x5D94, 0x5D95, 0x5D96, 0x5D97, 0x5D98, 0x5D99, 0x5D9A, 0x5D9B,
	0x5D9C, 0x5D9D, 0x5D9E, 0x5D9F, 0x5DA0, 0x5DA1, 0x5DA2, 0x5DA3, 0x5DA4, 0x5DA5, 0x5DA6, 0x5DA7,
	0x5DA8, 0x5DA9, 0x5DAA, 0x5DAB, 0x5DAC, 0x5DAD, 0x5DAE, 0x5DAF, 0x5DB0, 0x5DB1, 0x5DB2, 0x5DB3,
	0x5DB4, 0x5DB5, 0x5DB6, 0x5DB7, 0x5DB8, 0x5DB9, 0x5DBA, 0x5DBB, 0x5DBC, 0x5DBD, 0x5DBE, 0x5DBF,
	0x5DC0, 0x5DC1, 0x5DC2, 0x5DC3, 0x5DC4, 0x5DC5, 0x5DC6, 0x5DC7, 0x5DC8, 0x5DC9, 0x5DCA, 0x5DCB,
	0x5DCC, 0x5DCD, 0x5DCE, 0x5DCF, 0x5DD0, 0x5DD1, 0x5DD2, 0x5DD3, 0x5DD4, 0x5DD5, 0x5DD6, 0x5DD7,
	0x5DD8, 0x5DD9, 0x5DDA, 0x5DDB, 0x5DDC, 0x5DDD, 0x5DDE, 0x5DDF, 0x5DE0, 0x5DE1, 0x5DE2, 0x5DE3,
	0x5DE4, 0x5DE5, 0x5DE6, 0x5DE7, 0x5DE8, 0x5DE9, 0x5DEA, 0x5DEB, 0x5DEC, 0x5DED, 0x5DEE, 0x5DEF,
	0x5DF0, 0x5DF1, 0x5DF2, 0x5DF3, 0x5DF4, 0x5DF5, 0x5DF6, 0x5DF7, 0x5DF8, 0x5DF9, 0x5DFA, 0x5DFB,
	0x5DFC, 0x5DFD, 0x5DFE, 0x5DFF, 0x5E00, 0x5E01, 0x5E02, 0x5E03, 0x5E04, 0x5E05, 0x5E06, 0x5E07,
	0x5E08, 0x5E09, 0x5E0A, 0x5E0B, 0x5E0C, 0x5E0D, 0x5E0E, 0x5E0F, 0x5E10, 0x5E11, 0x5E12, 0x5E13,
	0x5E14, 0x5E15, 0x5E16, 0x5E17, 0x5E18, 0x5E19, 0x5E1A, 0x5E1B, 0x5E1C, 0x5E1D, 0x5E1E, 0x5E1F,
	0x5E20, 0x5E21, 0x5E22, 0x5E23, 0x5E24, 0x5E25, 0x5E26, 0x5E27, 0x5E28, 0x5E29, 0x5E2A, 0x5E2B,
	0x5E2C, 0x5E2D, 0x5E2E, 0x5E2F, 0x5E30, 0x5E31, 0x5E32, 0x5E33, 0x5E34, 0x5E35, 0x5E36, 0x5E37,
	0x5E38, 0x5E39, 0x5E3A, 0x5E3B, 0x5E3C, 0x5E3D, 0x5E3E, 0x5E3F, 0x5E40, 0x5E41, 0x5E42, 0x5E43,
	0x5E44, 0x5E45, 0x5E46, 0x5E47, 0x5E48, 0x5E49, 0x5E4A, 0x5E4B, 0x5E4C, 0x5E4D, 0x5E4E, 0x5E4F,
	0x5E50, 0x5E51, 0x5E52, 0x5E53, 0x5E54, 0x5E55, 0x5E56, 0x5E57, 0x5E58, 0x5E59, 0x5E5A, 0x5E5B,
	0x5E5C, 0x5E5D, 0x5E5E, 0x5E5F, 0x5E60, 0x5E61, 0x5E62, 0x5E63, 0x5E64, 0x5E65, 0x5E66, 0x5E67,
	0x5E68, 0x5E69, 0x5E6A, 0x5E6B, 0x5E6C, 0x5E6D, 0x5E6E, 0x5E6F, 0x5E70, 0x5E71, 0x5E72, 0x5E73,
	0x5E74, 0x5E75, 0x5E76, 0x5E77, 0x5E78, 0x5E79, 0x5E7A, 0x5E7B, 0x5E7C, 0x5E7D, 0x5E7E, 0x5E7F,
	0x5E80, 0x5E81, 0x5E82, 0x5E83, 0x5E84, 0x5E85, 0x5E86, 0x5E87, 0x5E88, 0x5E8A, 0x5E8B, 0x5E8C,
	0x5E8D, 0x5E8E, 0x5E8F, 0x5E90, 0x5E91, 0x5E92, 0x5E93, 0x5E94, 0x5E95, 0x5E96, 0x5E97, 0x5E98,
	0x5E99, 0x5E9A, 0x5E9B, 0x5E9C, 0x5E9D, 0x5E9E, 0x5E9F, 0x5EA0, 0x5EA1, 0x5EA2, 0x5EA3, 0x5EA4,
	0x5EA5, 0x5EA6, 0x5EA7, 0x5EA8, 0x5EA9, 0x5EAA, 0x5EAB, 0x5EAC, 0x5EAD, 0x5EAE, 0x5EAF, 0x5EB0,
	0x5EB1, 0x5EB2, 0x5EB3, 0x5EB4, 0x5EB5, 0x5EB6, 0x5EB7, 0x5EB8, 0x5EB9, 0x5EBA, 0x5EBB, 0x5EBC,
	0x5EBD, 0x5EBE, 0x5EBF, 0x5EC0, 0x5EC1, 0x5EC2, 0x5EC3, 0x5EC4, 0x5EC5, 0x5EC6, 0x5EC7, 0x5EC8,
	0x5EC9, 0x5ECA, 0x5ECB, 0x5ECC, 0x5ECD, 0x5ECE, 0x5ECF, 0x5ED0, 0x5ED1, 0x5ED2, 0x5ED3, 0x5ED4,
	0x5ED5, 0x5ED6, 0x5ED7, 0x5ED8, 0x5ED9, 0x5EDA, 0x5EDB, 0x5EDC, 0x5EDD, 0x5EDE, 0x5EDF, 0x5EE0,
	0x5EE1, 0x5EE2, 0x5EE3, 0x5EE4, 0x5EE5, 0x5EE6, 0x5EE7, 0x5EE8, 0x5EE9, 0x5EEA, 0x5EEB, 0x5EEC,
	0x5EED, 0x5EEE, 0x5EF0, 0x5EF1, 0x5EF2, 0x5EF3, 0x5EF4, 0x5EF5, 0x5EF6, 0x5EF7, 0x5EF8, 0x5EF9,
	0x5EFA, 0x5EFB, 0x5EFC, 0x5EFD, 0x5EFE, 0x5EFF, 0x5F00, 0x5F01, 0x5F02, 0x5F03, 0x5F04, 0x5F05,
	0x5F06, 0x5F07, 0x5F08, 0x5F09, 0x5F0A, 0x5F0B, 0x5F0C, 0x5F0D, 0x5F0E, 0x5F0F, 0x5F10, 0x5F11,
	0x5F12, 0x5F13, 0x5F14, 0x5F15, 0x5F16, 0x5F17, 0x5F18, 0x5F19, 0x5F1A, 0x5F1B, 0x5F1C, 0x5F1D,
	0x5F1E, 0x5F1F, 0x5F20, 0x5F21, 0x5F22, 0x5F23, 0x5F24, 0x5F25, 0x5F26, 0x5F27, 0x5F28, 0x5F29,
	0x5F2A, 0x5F2B, 0x5F2C, 0x5F2D, 0x5F2E, 0x5F2F, 0x5F30, 0x5F31, 0x5F32, 0x5F33, 0x5F34, 0x5F35,
	0x5F36, 0x5F37, 0x5F38, 0x5F39, 0x5F3A, 0x5F3B, 0x5F3C, 0x5F3D, 0x5F3E, 0x5F3F, 0x5F40, 0x5F41,
	0x5F42, 0x5F43, 0x5F44, 0x5F45, 0x5F46, 0x5F47, 0x5F48, 0x5F49, 0x5F4A, 0x5F4B, 0x5F4C, 0x5F4D,
	0x5F4E, 0x5F4F, 0x5F50, 0x5F51, 0x5F52, 0x5F53, 0x5F54, 0x5F55, 0x5F56, 0x5F57, 0x5F58, 0x5F59,
	0x5F5A, 0x5F5B, 0x5F5C, 0x5F5D, 0x5F5E, 0x5F5F, 0x5F60, 0x5F61, 0x5F62, 0x5F63, 0x5F64, 0x5F65,
	0x5F66, 0x5F67, 0x5F68, 0x5F69, 0x5F6A, 0x5F6B, 0x5F6C, 0x5F6D, 0x5F6E, 0x5F6F, 0x5F70, 0x5F71,
	0x5F72, 0x5F73, 0x5F74, 0x5F75, 0x5F76, 0x5F77, 0x5F78, 0x5F79, 0x5F7A, 0x5F7B, 0x5F7C, 0x5F7E,
	0x5F7F, 0x5F80, 0x5F81, 0x5F82, 0x5F83, 0x5F84, 0x5F85, 0x5F86, 0x5F87, 0x5F88, 0x5F89, 0x5F8A,
	0x5F8B, 0x5F8C, 0x5F8D, 0x5F8E, 0x5F8F, 0x5F90, 0x5F91, 0x5F92, 0x5F93, 0x5F94, 0x5F95, 0x5F96,
	0x5F97, 0x5F98, 0x5F99, 0x5F9A, 0x5F9B, 0x5F9C, 0x5F9D, 0x5F9E, 0x5F9F, 0x5FA0, 0x5FA1, 0x5FA2,
	0x5FA3, 0x5FA4, 0x5FA5, 0x5FA6, 0x5FA7, 0x5FA8, 0x5FA9, 0x5FAA, 0x5FAB, 0x5FAC, 0x5FAD, 0x5FAE,
	0x5FAF, 0x5FB0, 0x5FB1, 0x5FB2, 0x5FB3, 0x5FB4, 0x5FB5, 0x5FB7, 0x5FB8, 0x5FB9, 0x5FBA, 0x5FBB,
	0x5FBC, 0x5FBD, 0x5FBE, 0x5FBF, 0x5FC0, 0x5FC1, 0x5FC2, 0x5FC3, 0x5FC4, 0x5FC5, 0x5FC6, 0x5FC7,
	0x5FC8, 0x5FC9, 0x5FCA, 0x5FCB, 0x5FCC, 0x5FCD, 0x5FCE, 0x5FCF, 0x5FD0, 0x5FD1, 0x5FD2, 0x5FD3,
	0x5FD5, 0x5FD6, 0x5FD7, 0x5FD8, 0x5FD9, 0x5FDA, 0x5FDB, 0x5FDC, 0x5FDD, 0x5FDE, 0x5FDF, 0x5FE0,
	0x5FE1, 0x5FE2, 0x5FE3, 0x5FE4, 0x5FE5, 0x5FE6, 0x5FE7, 0x5FE8, 0x5FE9, 0x5FEA, 0x5FEB, 0x5FEC,
	0x5FED, 0x5FEE, 0x5FEF, 0x5FF0, 0x5FF1, 0x5FF2, 0x5FF3, 0x5FF4, 0x5FF5, 0x5FF6, 0x5FF7, 0x5FF8,
	0x5FF9, 0x5FFA, 0x5FFB, 0x5FFC, 0x5FFD, 0x5FFE, 0x5FFF, 0x6000, 0x6001, 0x6002, 0x6003, 0x6004,
	0x6005, 0x6006, 0x6007, 0x6008, 0x6009, 0x600A, 0x600B, 0x600C, 0x600D, 0x600E, 0x600F, 0x6010,
	0x6011, 0x6012, 0x6013, 0x6014, 0x6015, 0x6016, 0x6017, 0x6018, 0x6019, 0x601A, 0x601B, 0x601C,
	0x601D, 0x601F, 0x6020, 0x6021, 0x6022, 0x6023, 0x6024, 0x6025, 0x6026, 0x6027, 0x6028, 0x6029,
	0x602A, 0x602B, 0x602C, 0x602D, 0x602E, 0x602F, 0x6030, 0x6031, 0x6032, 0x6033, 0x6034, 0x6035,
	0x6036, 0x6037, 0x6038, 0x6039, 0x603A, 0x603B, 0x603C, 0x603D, 0x603E, 0x603F, 0x6040, 0x6041,
	0x6042, 0x6043, 0x6044, 0x6045, 0x6046, 0x6047, 0x6048, 0x6049, 0x604A, 0x604B, 0x604C, 0x604D,
	0x604E, 0x604F, 0x6050, 0x6051, 0x6052, 0x6053, 0x6054, 0x6055, 0x6056, 0x6057, 0x6058, 0x6059,
	0x605A, 0x605B, 0x605C, 0x605D, 0x605E, 0x605F, 0x6060, 0x6061, 0x6062, 0x6063, 0x6064, 0x6065,
	0x6066, 0x6067, 0x6068, 0x6069, 0x606A, 0x606B, 0x606C, 0x606D, 0x606E, 0x606F, 0x6070, 0x6071,
	0x6072, 0x6073, 0x6074, 0x6075, 0x6076, 0x6077, 0x6078, 0x6079, 0x607A, 0x607B, 0x607C, 0x607D,
	0x607E, 0x607F, 0x6080, 0x6081, 0x6082, 0x6083, 0x6084, 0x6085, 0x6086, 0x6087, 0x6088, 0x6089,
	0x608A, 0x608B, 0x608C, 0x608D, 0x608E, 0x608F, 0x6090, 0x6091, 0x6092, 0x6093, 0x6094, 0x6095,
	0x6096, 0x6097, 0x6098, 0x6099, 0x609A, 0x609B, 0x609C, 0x609D, 0x609E, 0x609F, 0x60A0, 0x60A1,
	0x60A2, 0x60A3, 0x60A4, 0x60A5, 0x60A6, 0x60A7, 0x60A8, 0x60A9, 0x60AA, 0x60AB, 0x60AC, 0x60AD,
	0x60AE, 0x60AF, 0x60B0, 0x60B1, 0x60B2, 0x60B3, 0x60B4, 0x60B5, 0x60B6, 0x60B7, 0x60B8, 0x60B9,
	0x60BA, 0x60BB, 0x60BC, 0x60BD, 0x60BE, 0x60BF, 0x60C0, 0x60C1, 0x60C2, 0x60C3, 0x60C4, 0x60C5,
	0x60C6, 0x60C7, 0x60C8, 0x60C9, 0x60CA, 0x60CB, 0x60CC, 0x60CD, 0x60CE, 0x60CF, 0x60D0, 0x60D1,
	0x60D2, 0x60D3, 0x60D4, 0x60D5, 0x60D6, 0x60D7, 0x60D8, 0x60D9, 0x60DA, 0x60DB, 0x60DC, 0x60DD,
	0x60DE, 0x60DF, 0x60E0, 0x60E1, 0x60E2, 0x60E3, 0x60E4, 0x60E5, 0x60E6, 0x60E7, 0x60E8, 0x60E9,
	0x60EA, 0x60EB, 0x60EC, 0x60ED, 0x60EE, 0x60EF, 0x60F0, 0x60F1, 0x60F2, 0x60F3, 0x60F4, 0x60F5,
	0x60F6, 0x60F7, 0x60F8, 0x60F9, 0x60FA, 0x60FB, 0x60FC, 0x60FD, 0x60FE, 0x60FF, 0x6100, 0x6101,
	0x6102, 0x6103, 0x6104, 0x6105, 0x6106, 0x6107, 0x6108, 0x6109, 0x610A, 0x610B, 0x610C, 0x610D,
	0x610E, 0x610F, 0x6110, 0x6111, 0x6112, 0x6113, 0x6114, 0x6115, 0x6116, 0x6117, 0x6118, 0x6119,
	0x611A, 0x611B, 0x611C, 0x611D, 0x611E, 0x611F, 0x6120, 0x6121, 0x6122, 0x6123, 0x6124, 0x6125,
	0x6126, 0x6127, 0x6128, 0x6129, 0x612A, 0x612B, 0x612C, 0x612D, 0x612E, 0x612F, 0x6130, 0x6131,
	0x6132, 0x6133, 0x6134, 0x6135, 0x6136, 0x6137, 0x6138, 0x6139, 0x613A, 0x613B, 0x613C, 0x613D,
	0x613E, 0x613F, 0x6140, 0x6141, 0x6142, 0x6143, 0x6144, 0x6145, 0x6146, 0x6147, 0x6148, 0x6149,
	0x614A, 0x614B, 0x614C, 0x614D, 0x614E, 0x614F, 0x6150, 0x6151, 0x6152, 0x6153, 0x6154, 0x6155,
	0x6156, 0x6157, 0x6158, 0x6159, 0x615A, 0x615B, 0x615C, 0x615D, 0x615E, 0x615F, 0x6160, 0x6161,
	0x6162, 0x6163, 0x6164, 0x6165, 0x6166, 0x6167, 0x6168, 0x6169, 0x616A, 0x616B, 0x616C, 0x616D,
	0x616E, 0x616F, 0x6170, 0x6171, 0x6172, 0x6173, 0x6174, 0x6175, 0x6176, 0x6177, 0x6178, 0x6179,
	0x617A, 0x617B, 0x617C, 0x617D, 0x617E, 0x617F, 0x6180, 0x6181, 0x6182, 0x6183, 0x6184, 0x6185,
	0x6186, 0x6187, 0x6188, 0x6189, 0x618A, 0x618B, 0x618C, 0x618D, 0x618E, 0x618F, 0x6190, 0x6191,
	0x6192, 0x6193, 0x6194, 0x6195, 0x6196, 0x6197, 0x6198, 0x6199, 0x619A, 0x619B, 0x619C, 0x619D,
	0x619E, 0x619F, 0x61A0, 0x61A1, 0x61A2, 0x61A3, 0x61A4, 0x61A5, 0x61A6, 0x61A7, 0x61A8, 0x61A9,
	0x61AA, 0x61AB, 0x61AC, 0x61AD, 0x61AE, 0x61AF, 0x61B0, 0x61B1, 0x61B2, 0x61B3, 0x61B4, 0x61B5,
	0x61B6, 0x61B7, 0x61B8, 0x61B9, 0x61BA, 0x61BB, 0x61BC, 0x61BD, 0x61BE, 0x61BF, 0x61C0, 0x61C1,
	0x61C2, 0x61C3, 0x61C4, 0x61C5, 0x61C6, 0x61C7, 0x61C8, 0x61C9, 0x61CA, 0x61CB, 0x61CC, 0x61CD,
	0x61CE, 0x61CF, 0x61D0, 0x61D1, 0x61D2, 0x61D3, 0x61D4, 0x61D5, 0x61D6, 0x61D7, 0x61D8, 0x61D9,
	0x61DA, 0x61DB, 0x61DC, 0x61DD, 0x61DE, 0x61DF, 0x61E0, 0x61E1, 0x61E2, 0x61E3, 0x61E4, 0x61E5,
	0x61E6, 0x61E7, 0x61E8, 0x61E9, 0x61EA, 0x61EB, 0x61EC, 0x61ED, 0x61EE, 0x61EF, 0x61F0, 0x61F1,
	0x61F2, 0x61F3, 0x61F4, 0x61F5, 0x61F6, 0x61F7, 0x61F8, 0x61F9, 0x61FA, 0x61FB, 0x61FC, 0x61FD,
	0x61FE, 0x61FF, 0x6200, 0x6201, 0x6202, 0x6203, 0x6204, 0x6205, 0x6206, 0x6207, 0x6208, 0x6209,
	0x620A, 0x620B, 0x620C, 0x620D, 0x620E, 0x620F, 0x6210, 0x6211, 0x6212, 0x6213, 0x6214, 0x6215,
	0x6216, 0x6217, 0x6218, 0x6219, 0x621A, 0x621B, 0x621C, 0x621E, 0x621F, 0x6220, 0x6221, 0x6222,
	0x6223, 0x6224, 0x6225, 0x6226, 0x6227, 0x6228, 0x6229, 0x622A, 0x622B, 0x622C, 0x622D, 0x622E,
	0x622F, 0x6230, 0x6231, 0x6232, 0x6233, 0x6234, 0x6235, 0x6236, 0x6237, 0x6238, 0x6239, 0x623A,
	0x623B, 0x623C, 0x623D, 0x623E, 0x623F, 0x6240, 0x6241, 0x6242, 0x6243, 0x6244, 0x6245, 0x6246,
	0x6247, 0x6248, 0x6249, 0x624A, 0x624B, 0x624C, 0x624D, 0x624E, 0x624F, 0x6250, 0x6251, 0x6252,
	0x6253, 0x6254, 0x6255, 0x6256, 0x6257, 0x6258, 0x6259, 0x625A, 0x625B, 0x625C, 0x625D, 0x625E,
	0x625F, 0x6260, 0x6261, 0x6262, 0x6263, 0x6264, 0x6265, 0x6266, 0x6267, 0x6268, 0x6269, 0x626A,
	0x626B, 0x626C, 0x626D, 0x626E, 0x626F, 0x6270, 0x6271, 0x6272, 0x6273, 0x6274, 0x6275, 0x6276,
	0x6277, 0x6278, 0x6279, 0x627A, 0x627B, 0x627C, 0x627D, 0x627E, 0x627F, 0x6280, 0x6281, 0x6282,
	0x6283, 0x6284, 0x6285, 0x6286, 0x6287, 0x6288, 0x6289, 0x628A, 0x628B, 0x628C, 0x628D, 0x628E,
	0x6290, 0x6291, 0x6292, 0x6293, 0x6294, 0x6295, 0x6296, 0x6297, 0x6298, 0x6299, 0x629A, 0x629B,
	0x629C, 0x629D, 0x629E, 0x629F, 0x62A0, 0x62A1, 0x62A2, 0x62A3, 0x62A4, 0x62A5, 0x62A6, 0x62A7,
	0x62A8, 0x62A9, 0x62AA, 0x62AB, 0x62AC, 0x62AD, 0x62AE, 0x62AF, 0x62B0, 0x62B1, 0x62B2, 0x62B3,
	0x62B4, 0x62B5, 0x62B6, 0x62B7, 0x62B8, 0x62B9, 0x62BA, 0x62BB, 0x62BC, 0x62BD, 0x62BF, 0x62C0,
	0x62C1, 0x62C2, 0x62C3, 0x62C4, 0x62C5, 0x62C6, 0x62C7, 0x62C8, 0x62C9, 0x62CA, 0x62CB, 0x62CC,
	0x62CD, 0x62CE, 0x62CF, 0x62D0, 0x62D1, 0x62D2, 0x62D3, 0x62D4, 0x62D5, 0x62D6, 0x62D7, 0x62D8,
	0x62D9, 0x62DA, 0x62DB, 0x62DC, 0x62DD, 0x62DE, 0x62DF, 0x62E0, 0x62E1, 0x62E2, 0x62E3, 0x62E4,
	0x62E5, 0x62E6, 0x62E7, 0x62E8, 0x62E9, 0x62EA, 0x62EB, 0x62EC, 0x62ED, 0x62EE, 0x62EF, 0x62F0,
	0x62F1, 0x62F2, 0x62F3, 0x62F4, 0x62F5, 0x62F6, 0x62F7, 0x62F8, 0x62F9, 0x62FA, 0x62FB, 0x62FC,
	0x62FD, 0x62FE, 0x62FF, 0x6300, 0x6301, 0x6302, 0x6303, 0x6304, 0x6305, 0x6306, 0x6307, 0x6308,
	0x6309, 0x630A, 0x630B, 0x630C, 0x630D, 0x630E, 0x630F, 0x6311, 0x6312, 0x6313, 0x6314, 0x6315,
	0x6316, 0x6317, 0x6318, 0x6319, 0x631A, 0x631B, 0x631C, 0x631D, 0x631E, 0x631F, 0x6320, 0x6321,
	0x6322, 0x6323, 0x6324, 0x6325, 0x6326, 0x6327, 0x6328, 0x6329, 0x632A, 0x632B, 0x632C, 0x632D,
	0x632E, 0x632F, 0x6330, 0x6331, 0x6332, 0x6333, 0x6334, 0x6335, 0x6336, 0x6337, 0x6338, 0x6339,
	0x633A, 0x633B, 0x633C, 0x633D, 0x633E, 0x633F, 0x6340, 0x6341, 0x6342, 0x6343, 0x6344, 0x6345,
	0x6346, 0x6347, 0x6348, 0x6349, 0x634A, 0x634B, 0x634C, 0x634D, 0x634E, 0x634F, 0x6350, 0x6351,
	0x6352, 0x6353, 0x6354, 0x6355, 0x6356, 0x6357, 0x6358, 0x6359, 0x635A, 0x635B, 0x635C, 0x635D,
	0x635E, 0x635F, 0x6360, 0x6361, 0x6362, 0x6363, 0x6364, 0x6365, 0x6366, 0x6367, 0x6368, 0x6369,
	0x636A, 0x636B, 0x636C, 0x636D, 0x636E, 0x636F, 0x6370, 0x6371, 0x6372, 0x6373, 0x6374, 0x6375,
	0x6376, 0x6377, 0x6378, 0x6379, 0x637A, 0x637B, 0x637C, 0x637D, 0x637E, 0x637F, 0x6380, 0x6381,
	0x6382, 0x6383, 0x6384, 0x6385, 0x6386, 0x6387, 0x6388, 0x6389, 0x638A, 0x638B, 0x638C, 0x638D,
	0x638E, 0x638F, 0x6390, 0x6391, 0x6392, 0x6393, 0x6394, 0x6395, 0x6396, 0x6397, 0x6398, 0x6399,
	0x639A, 0x639B, 0x639C, 0x639D, 0x639E, 0x639F, 0x63A0, 0x63A1, 0x63A2, 0x63A3, 0x63A4, 0x63A5,
	0x63A6, 0x63A7, 0x63A8, 0x63A9, 0x63AA, 0x63AB, 0x63AC, 0x63AD, 0x63AE, 0x63AF, 0x63B0, 0x63B1,
	0x63B2, 0x63B3, 0x63B4, 0x63B5, 0x63B6, 0x63B7, 0x63B8, 0x63B9, 0x63BA, 0x63BB, 0x63BC, 0x63BD,
	0x63BE, 0x63BF, 0x63C0, 0x63C1, 0x63C2, 0x63C3, 0x63C4, 0x63C5, 0x63C6, 0x63C7, 0x63C8, 0x63C9,
	0x63CA, 0x63CB, 0x63CC, 0x63CD, 0x63CE, 0x63CF, 0x63D0, 0x63D1, 0x63D2, 0x63D3, 0x63D4, 0x63D5,
	0x63D6, 0x63D7, 0x63D8, 0x63D9, 0x63DA, 0x63DB, 0x63DC, 0x63DD, 0x63DE, 0x63DF, 0x63E0, 0x63E1,
	0x63E2, 0x63E3, 0x63E4, 0x63E5, 0x63E6, 0x63E7, 0x63E8, 0x63E9, 0x63EA, 0x63EB, 0x63EC, 0x63ED,
	0x63EE, 0x63EF, 0x63F0, 0x63F1, 0x63F2, 0x63F3, 0x63F4, 0x63F5, 0x63F6, 0x63F7, 0x63F8, 0x63F9,
	0x63FA, 0x63FB, 0x63FC, 0x63FD, 0x63FE, 0x63FF, 0x6400, 0x6401, 0x6402, 0x6403, 0x6404, 0x6405,
	0x6406, 0x6407, 0x6408, 0x6409, 0x640A, 0x640B, 0x640C, 0x640D, 0x640E, 0x640F, 0x6410, 0x6411,
	0x6412, 0x6413, 0x6414, 0x6415, 0x6416, 0x6417, 0x6418, 0x6419, 0x641A, 0x641B, 0x641C, 0x641D,
	0x641E, 0x641F, 0x6420, 0x6421, 0x6422, 0x6423, 0x6424, 0x6425, 0x6426, 0x6427, 0x6428, 0x6429,
	0x642A, 0x642B, 0x642C, 0x642D, 0x642E, 0x642F, 0x6430, 0x6431, 0x6432, 0x6433, 0x6434, 0x6435,
	0x6436, 0x6437, 0x6438, 0x6439, 0x643A, 0x643C, 0x643D, 0x643E, 0x643F, 0x6440, 0x6441, 0x6442,
	0x6444, 0x6445, 0x6446, 0x6447, 0x6448, 0x6449, 0x644A, 0x644B, 0x644C, 0x644D, 0x644E, 0x644F,
	0x6450, 0x6451, 0x6452, 0x6453, 0x6454, 0x6455, 0x6456, 0x6457, 0x6458, 0x6459, 0x645A, 0x645B,
	0x645C, 0x645D, 0x645E, 0x645F, 0x6460, 0x6461, 0x6462, 0x6463, 0x6464, 0x6465, 0x6466, 0x6467,
	0x6468, 0x6469, 0x646A, 0x646B, 0x646C, 0x646D, 0x646E, 0x646F, 0x6470, 0x6471, 0x6472, 0x6473,
	0x6474, 0x6475, 0x6476, 0x6477, 0x6478, 0x6479, 0x647A, 0x647B, 0x647C, 0x647D, 0x647E, 0x647F,
	0x6480, 0x6481, 0x6482, 0x6483, 0x6484, 0x6485, 0x6486, 0x6487, 0x6488, 0x6489, 0x648A, 0x648C,
	0x648D, 0x648E, 0x648F, 0x6490, 0x6491, 0x6492, 0x6493, 0x6494, 0x6495, 0x6496, 0x6497, 0x6498,
	0x6499, 0x649A, 0x649B, 0x649C, 0x649D, 0x649E, 0x649F, 0x64A0, 0x64A1, 0x64A2, 0x64A3, 0x64A4,
	0x64A5, 0x64A6, 0x64A7, 0x64A8, 0x64A9, 0x64AA, 0x64AB, 0x64AC, 0x64AD, 0x64AE, 0x64AF, 0x64B0,
	0x64B1, 0x64B2, 0x64B3, 0x64B4, 0x64B5, 0x64B6, 0x64B7, 0x64B8, 0x64B9, 0x64BA, 0x64BB, 0x64BC,
	0x64BD, 0x64BE, 0x64BF, 0x64C0, 0x64C1, 0x64C2, 0x64C3, 0x64C4, 0x64C5, 0x64C6, 0x64C7, 0x64C8,
	0x64C9, 0x64CA, 0x64CB, 0x64CC, 0x64CD, 0x64CE, 0x64CF, 0x64D0, 0x64D1, 0x64D2, 0x64D3, 0x64D4,
	0x64D5, 0x64D6, 0x64D7, 0x64D8, 0x64D9, 0x64DA, 0x64DB, 0x64DC, 0x64DD, 0x64DE, 0x64DF, 0x64E0,
	0x64E1, 0x64E2, 0x64E3, 0x64E4, 0x64E5, 0x64E6, 0x64E7, 0x64E8, 0x64E9, 0x64EA, 0x64EB, 0x64EC,
	0x64ED, 0x64EE, 0x64EF, 0x64F0, 0x64F1, 0x64F2, 0x64F3, 0x64F4, 0x64F5, 0x64F6, 0x64F7, 0x64F8,
	0x64F9, 0x64FA, 0x64FB, 0x64FC, 0x64FD, 0x64FE, 0x64FF, 0x6500, 0x6501, 0x6502, 0x6503, 0x6504,
	0x6505, 0x6506, 0x6507, 0x6508, 0x6509, 0x650A, 0x650B, 0x650C, 0x650D, 0x650E, 0x650F, 0x6510,
	0x6511, 0x6512, 0x6513, 0x6514, 0x6515, 0x6516, 0x6517, 0x6518, 0x6519, 0x651A, 0x651B, 0x651C,
	0x651D, 0x651E, 0x651F, 0x6520, 0x6521, 0x6522, 0x6523, 0x6524, 0x6525, 0x6526, 0x6527, 0x6528,
	0x6529, 0x652A, 0x652B, 0x652C, 0x652D, 0x652E, 0x652F, 0x6530, 0x6531, 0x6532, 0x6533, 0x6534,
	0x6535, 0x6536, 0x6537, 0x6538, 0x6539, 0x653A, 0x653B, 0x653C, 0x653D, 0x653E, 0x653F, 0x6540,
	0x6541, 0x6542, 0x6543, 0x6544, 0x6545, 0x6546, 0x6547, 0x6548, 0x6549, 0x654A, 0x654B, 0x654C,
	0x654D, 0x654E, 0x654F, 0x6550, 0x6551, 0x6552, 0x6553, 0x6554, 0x6555, 0x6556, 0x6557, 0x6558,
	0x6559, 0x655A, 0x655B, 0x655C, 0x655D, 0x655E, 0x655F, 0x6560, 0x6561, 0x6562, 0x6563, 0x6564,
	0x6565, 0x6566, 0x6567, 0x6568, 0x6569, 0x656A, 0x656B, 0x656C, 0x656D, 0x656E, 0x656F, 0x6570,
	0x6571, 0x6572, 0x6573, 0x6574, 0x6575, 0x6576, 0x6577, 0x6578, 0x6579, 0x657A, 0x657B, 0x657C,
	0x657D, 0x657E, 0x657F, 0x6580, 0x6581, 0x6582, 0x6583, 0x6584, 0x6585, 0x6586, 0x6587, 0x6588,
	0x6589, 0x658A, 0x658B, 0x658C, 0x658D, 0x658E, 0x658F, 0x6590, 0x6591, 0x6592, 0x6593, 0x6594,
	0x6595, 0x6596, 0x6597, 0x6598, 0x6599, 0x659A, 0x659B, 0x659C, 0x659D, 0x659E, 0x659F, 0x65A0,
	0x65A1, 0x65A2, 0x65A3, 0x65A4, 0x65A5, 0x65A6, 0x65A7, 0x65A8, 0x65A9, 0x65AA, 0x65AB, 0x65AC,
	0x65AD, 0x65AE, 0x65AF, 0x65B0, 0x65B1, 0x65B2, 0x65B3, 0x65B4, 0x65B5, 0x65B6, 0x65B7, 0x65B8,
	0x65B9, 0x65BA, 0x65BB, 0x65BC, 0x65BD, 0x65BE, 0x65BF, 0x65C0, 0x65C1, 0x65C2, 0x65C3, 0x65C4,
	0x65C5, 0x65C6, 0x65C7, 0x65C8, 0x65C9, 0x65CA, 0x65CB, 0x65CC, 0x65CD, 0x65CE, 0x65CF, 0x65D0,
	0x65D1, 0x65D2, 0x65D3, 0x65D4, 0x65D5, 0x65D6, 0x65D7, 0x65D8, 0x65D9, 0x65DA, 0x65DB, 0x65DC,
	0x65DD, 0x65DE, 0x65DF, 0x65E0, 0x65E1, 0x65E2, 0x65E3, 0x65E4, 0x65E5, 0x65E6, 0x65E7, 0x65E8,
	0x65E9, 0x65EA, 0x65EB, 0x65EC, 0x65ED, 0x65EE, 0x65EF, 0x65F0, 0x65F1, 0x65F2, 0x65F3, 0x65F4,
	0x65F5, 0x65F6, 0x65F7, 0x65F8, 0x65F9, 0x65FA, 0x65FB, 0x65FC, 0x65FD, 0x65FE, 0x65FF, 0x6600,
	0x6601, 0x6602, 0x6603, 0x6604, 0x6605, 0x6606, 0x6607, 0x6608, 0x6609, 0x660A, 0x660B, 0x660C,
	0x660D, 0x660E, 0x660F, 0x6610, 0x6611, 0x6612, 0x6613, 0x6614, 0x6615, 0x6616, 0x6617, 0x6618,
	0x6619, 0x661A, 0x661B, 0x661C, 0x661D, 0x661E, 0x661F, 0x6620, 0x6621, 0x6622, 0x6623, 0x6624,
	0x6625, 0x6626, 0x6627, 0x6628, 0x6629, 0x662A, 0x662B, 0x662C, 0x662D, 0x662E, 0x662F, 0x6630,
	0x6631, 0x6632, 0x6633, 0x6634, 0x6635, 0x6636, 0x6637, 0x6638, 0x6639, 0x663A, 0x663B, 0x663C,
	0x663D, 0x663E, 0x663F, 0x6640, 0x6641, 0x6642, 0x6643, 0x6644, 0x6645, 0x6646, 0x6647, 0x6648,
	0x6649, 0x664A, 0x664B, 0x664C, 0x664D, 0x664E, 0x664F, 0x6650, 0x6651, 0x6652, 0x6653, 0x6654,
	0x6655, 0x6656, 0x6657, 0x6658, 0x6659, 0x665A, 0x665B, 0x665C, 0x665D, 0x665E, 0x665F, 0x6660,
	0x6661, 0x6662, 0x6663, 0x6664, 0x6665, 0x6666, 0x6667, 0x6668, 0x6669, 0x666A, 0x666B, 0x666C,
	0x666D, 0x666E, 0x666F, 0x6670, 0x6671, 0x6672, 0x6673, 0x6674, 0x6675, 0x6676, 0x6677, 0x6678,
	0x6679, 0x667A, 0x667B, 0x667C, 0x667D, 0x667E, 0x667F, 0x6680, 0x6681, 0x6682, 0x6683, 0x6684,
	0x6685, 0x6686, 0x6687, 0x6688, 0x6689, 0x668A, 0x668B, 0x668C, 0x668D, 0x668E, 0x668F, 0x6690,
	0x6691, 0x6692, 0x6693, 0x6694, 0x6695, 0x6696, 0x6697, 0x6698, 0x6699, 0x669A, 0x669B, 0x669C,
	0x669D, 0x669E, 0x669F, 0x66A0, 0x66A1, 0x66A2, 0x66A3, 0x66A4, 0x66A5, 0x66A6, 0x66A7, 0x66A8,
	0x66A9, 0x66AA, 0x66AB, 0x66AC, 0x66AD, 0x66AE, 0x66AF, 0x66B0, 0x66B1, 0x66B2, 0x66B3, 0x66B4,
	0x66B5, 0x66B6, 0x66B7, 0x66B8, 0x66B9, 0x66BA, 0x66BB, 0x66BC, 0x66BD, 0x66BE, 0x66BF, 0x66C0,
	0x66C1, 0x66C2, 0x66C3, 0x66C4, 0x66C5, 0x66C6, 0x66C7, 0x66C8, 0x66C9, 0x66CA, 0x66CB, 0x66CC,
	0x66CD, 0x66CE, 0x66CF, 0x66D0, 0x66D1, 0x66D2, 0x66D3, 0x66D4, 0x66D5, 0x66D6, 0x66D7, 0x66D8,
	0x66D9, 0x66DA, 0x66DB, 0x66DC, 0x66DD, 0x66DE, 0x66DF, 0x66E0, 0x66E1, 0x66E2, 0x66E3, 0x66E4,
	0x66E5, 0x66E6, 0x66E7, 0x66E8, 0x66E9, 0x66EA, 0x66EB, 0x66EC, 0x66ED, 0x66EE, 0x66EF, 0x66F0,
	0x66F1, 0x66F2, 0x66F3, 0x66F4, 0x66F5, 0x66F6, 0x66F7, 0x66F8, 0x66F9, 0x66FA, 0x66FB, 0x66FC,
	0x66FD, 0x66FE, 0x66FF, 0x6700, 0x6701, 0x6702, 0x6703, 0x6704, 0x6705, 0x6706, 0x6707, 0x6708,
	0x6709, 0x670B, 0x670C, 0x670D, 0x670E, 0x670F, 0x6710, 0x6711, 0x6712, 0x6713, 0x6714, 0x6715,
	0x6716, 0x6717, 0x6719, 0x671A, 0x671B, 0x671C, 0x671D, 0x671E, 0x671F, 0x6720, 0x6721, 0x6722,
	0x6723, 0x6724, 0x6725, 0x6726, 0x6727, 0x6728, 0x6729, 0x672A, 0x672B, 0x672C, 0x672D, 0x672E,
	0x672F, 0x6730, 0x6731, 0x6732, 0x6733, 0x6734, 0x6735, 0x6736, 0x6737, 0x6738, 0x6739, 0x673A,
	0x673B, 0x673C, 0x673D, 0x673E, 0x673F, 0x6740, 0x6741, 0x6742, 0x6743, 0x6744, 0x6745, 0x6746,
	0x6747, 0x6748, 0x6749, 0x674A, 0x674B, 0x674C, 0x674D, 0x674E, 0x674F, 0x6750, 0x6751, 0x6752,
	0x6753, 0x6754, 0x6755, 0x6756, 0x6757, 0x6758, 0x6759, 0x675A, 0x675B, 0x675C, 0x675D, 0x675E,
	0x675F, 0x6760, 0x6761, 0x6762, 0x6763, 0x6764, 0x6765, 0x6766, 0x6767, 0x6768, 0x6769, 0x676A,
	0x676B, 0x676C, 0x676D, 0x676E, 0x676F, 0x6770, 0x6771, 0x6772, 0x6773, 0x6774, 0x6775, 0x6776,
	0x6777, 0x6778, 0x6779, 0x677A, 0x677B, 0x677C, 0x677D, 0x677E, 0x677F, 0x6780, 0x6781, 0x6782,
	0x6783, 0x6784, 0x6785, 0x6786, 0x6787, 0x6788, 0x6789, 0x678A, 0x678B, 0x678C, 0x678D, 0x678E,
	0x678F, 0x6790, 0x6791, 0x6792, 0x6793, 0x6794, 0x6795, 0x6796, 0x6797, 0x6798, 0x6799, 0x679A,
	0x679B, 0x679C, 0x679D, 0x679E, 0x679F, 0x67A0, 0x67A1, 0x67A2, 0x67A3, 0x67A4, 0x67A5, 0x67A6,
	0x67A7, 0x67A8, 0x67A9, 0x67AA, 0x67AB, 0x67AC, 0x67AD, 0x67AE, 0x67AF, 0x67B0, 0x67B1, 0x67B2,
	0x67B3, 0x67B4, 0x67B5, 0x67B6, 0x67B7, 0x67B8, 0x67B9, 0x67BA, 0x67BB, 0x67BC, 0x67BD, 0x67BE,
	0x67BF, 0x67C0, 0x67C1, 0x67C2, 0x67C3, 0x67C4, 0x67C5, 0x67C6, 0x67C7, 0x67C8, 0x67C9, 0x67CA,
	0x67CB, 0x67CC, 0x67CD, 0x67CE, 0x67CF, 0x67D0, 0x67D1, 0x67D2, 0x67D3, 0x67D4, 0x67D5, 0x67D6,
	0x67D7, 0x67D8, 0x67D9, 0x67DA, 0x67DB, 0x67DC, 0x67DD, 0x67DE, 0x67DF, 0x67E0, 0x67E1, 0x67E2,
	0x67E3, 0x67E4, 0x67E5, 0x67E6, 0x67E7, 0x67E8, 0x67E9, 0x67EA, 0x67EB, 0x67EC, 0x67ED, 0x67EE,
	0x67EF, 0x67F0, 0x67F1, 0x67F2, 0x67F3, 0x67F4, 0x67F5, 0x67F6, 0x67F7, 0x67F8, 0x67F9, 0x67FA,
	0x67FB, 0x67FC, 0x67FD, 0x67FE, 0x67FF, 0x6800, 0x6801, 0x6802, 0x6803, 0x6804, 0x6805, 0x6806,
	0x6807, 0x6808, 0x6809, 0x680A, 0x680B, 0x680C, 0x680D, 0x680E, 0x680F, 0x6810, 0x6811, 0x6812,
	0x6813, 0x6814, 0x6815, 0x6816, 0x6817, 0x6818, 0x6819, 0x681A, 0x681B, 0x681C, 0x681D, 0x681E,
	0x681F, 0x6820, 0x6821, 0x6822, 0x6823, 0x6824, 0x6825, 0x6826, 0x6827, 0x6828, 0x6829, 0x682A,
	0x682B, 0x682C, 0x682D, 0x682E, 0x682F, 0x6830, 0x6831, 0x6832, 0x6833, 0x6834, 0x6835, 0x6836,
	0x6837, 0x6838, 0x6839, 0x683A, 0x683B, 0x683C, 0x683D, 0x683E, 0x683F, 0x6840, 0x6841, 0x6842,
	0x6843, 0x6844, 0x6845, 0x6846, 0x6847, 0x6848, 0x6849, 0x684A, 0x684B, 0x684C, 0x684D, 0x684E,
	0x684F, 0x6850, 0x6851, 0x6852, 0x6853, 0x6854, 0x6855, 0x6856, 0x6857, 0x6858, 0x6859, 0x685A,
	0x685B, 0x685C, 0x685D, 0x685E, 0x685F, 0x6860, 0x6861, 0x6862, 0x6863, 0x6864, 0x6865, 0x6866,
	0x6867, 0x6868, 0x6869, 0x686A, 0x686B, 0x686C, 0x686D, 0x686E, 0x686F, 0x6870, 0x6871, 0x6872,
	0x6873, 0x6874, 0x6875, 0x6876, 0x6877, 0x6878, 0x6879, 0x687A, 0x687B, 0x687C, 0x687D, 0x687E,
	0x687F, 0x6880, 0x6881, 0x6882, 0x6883, 0x6884, 0x6885, 0x6886, 0x6887, 0x6888, 0x6889, 0x688A,
	0x688B, 0x688C, 0x688D, 0x688E, 0x688F, 0x6890, 0x6891, 0x6892, 0x6893, 0x6894, 0x6895, 0x6896,
	0x6897, 0x6898, 0x6899, 0x689A, 0x689B, 0x689C, 0x689D, 0x689E, 0x689F, 0x68A0, 0x68A1, 0x68A2,
	0x68A3, 0x68A4, 0x68A5, 0x68A6, 0x68A7, 0x68A8, 0x68A9, 0x68AA, 0x68AB, 0x68AC, 0x68AD, 0x68AE,
	0x68AF, 0x68B0, 0x68B1, 0x68B2, 0x68B3, 0x68B4, 0x68B5, 0x68B6, 0x68B7, 0x68B8, 0x68B9, 0x68BA,
	0x68BB, 0x68BC, 0x68BD, 0x68BE, 0x68BF, 0x68C0, 0x68C1, 0x68C2, 0x68C3, 0x68C4, 0x68C5, 0x68C6,
	0x68C7, 0x68C8, 0x68C9, 0x68CA, 0x68CB, 0x68CC, 0x68CD, 0x68CE, 0x68CF, 0x68D0, 0x68D1, 0x68D2,
	0x68D3, 0x68D4, 0x68D5, 0x68D6, 0x68D7, 0x68D8, 0x68D9, 0x68DA, 0x68DB, 0x68DC, 0x68DD, 0x68DE,
	0x68DF, 0x68E0, 0x68E1, 0x68E2, 0x68E3, 0x68E4, 0x68E5, 0x68E6, 0x68E7, 0x68E8, 0x68E9, 0x68EA,
	0x68EB, 0x68EC, 0x68ED, 0x68EE, 0x68EF, 0x68F0, 0x68F1, 0x68F2, 0x68F3, 0x68F4, 0x68F5, 0x68F6,
	0x68F7, 0x68F8, 0x68F9, 0x68FA, 0x68FB, 0x68FC, 0x68FD, 0x68FE, 0x68FF, 0x6900, 0x6901, 0x6902,
	0x6903, 0x6904, 0x6905, 0x6906, 0x6907, 0x6908, 0x6909, 0x690A, 0x690B, 0x690C, 0x690D, 0x690E,
	0x690F, 0x6910, 0x6911, 0x6912, 0x6913, 0x6914, 0x6915, 0x6916, 0x6917, 0x6918, 0x6919, 0x691A,
	0x691B, 0x691C, 0x691D, 0x691E, 0x691F, 0x6920, 0x6921, 0x6922, 0x6923, 0x6924, 0x6925, 0x6926,
	0x6927, 0x6928, 0x6929, 0x692A, 0x692B, 0x692C, 0x692D, 0x692E, 0x692F, 0x6930, 0x6931, 0x6932,
	0x6933, 0x6934, 0x6935, 0x6936, 0x6937, 0x6938, 0x6939, 0x693A, 0x693B, 0x693C, 0x693D, 0x693E,
	0x693F, 0x6940, 0x6941, 0x6942, 0x6943, 0x6944, 0x6945, 0x6946, 0x6947, 0x6948, 0x6949, 0x694A,
	0x694B, 0x694C, 0x694D, 0x694E, 0x694F, 0x6950, 0x6951, 0x6952, 0x6953, 0x6954, 0x6955, 0x6956,
	0x6957, 0x6958, 0x6959, 0x695A, 0x695B, 0x695C, 0x695D, 0x695E, 0x695F, 0x6960, 0x6961, 0x6962,
	0x6963, 0x6964, 0x6965, 0x6966, 0x6967, 0x6968, 0x6969, 0x696A, 0x696B, 0x696C, 0x696D, 0x696E,
	0x696F, 0x6970, 0x6971, 0x6972, 0x6973, 0x6974, 0x6975, 0x6976, 0x6977, 0x6978, 0x6979, 0x697A,
	0x697B, 0x697C, 0x697D, 0x697E, 0x697F, 0x6980, 0x6981, 0x6982, 0x6983, 0x6984, 0x6985, 0x6986,
	0x6987, 0x6988, 0x6989, 0x698A, 0x698B, 0x698C, 0x698D, 0x698E, 0x698F, 0x6990, 0x6991, 0x6992,
	0x6993, 0x6994, 0x6995, 0x6996, 0x6997, 0x6998, 0x6999, 0x699A, 0x699B, 0x699C, 0x699D, 0x699E,
	0x699F, 0x69A0, 0x69A1, 0x69A2, 0x69A3, 0x69A4, 0x69A5, 0x69A6, 0x69A7, 0x69A8, 0x69A9, 0x69AA,
	0x69AB, 0x69AC, 0x69AD, 0x69AE, 0x69AF, 0x69B0, 0x69B1, 0x69B2, 0x69B3, 0x69B4, 0x69B5, 0x69B6,
	0x69B7, 0x69B8, 0x69B9, 0x69BA, 0x69BB, 0x69BC, 0x69BD, 0x69BE, 0x69BF, 0x69C0, 0x69C1, 0x69C2,
	0x69C3, 0x69C4, 0x69C5, 0x69C6, 0x69C7, 0x69C8, 0x69C9, 0x69CA, 0x69CB, 0x69CC, 0x69CD, 0x69CE,
	0x69CF, 0x69D0, 0x69D1, 0x69D2, 0x69D3, 0x69D4, 0x69D5, 0x69D6, 0x69D7, 0x69D8, 0x69D9, 0x69DA,
	0x69DB, 0x69DC, 0x69DD, 0x69DE, 0x69DF, 0x69E0, 0x69E1, 0x69E2, 0x69E3, 0x69E4, 0x69E5, 0x69E6,
	0x69E7, 0x69E8, 0x69E9, 0x69EA, 0x69EB, 0x69EC, 0x69ED, 0x69EE, 0x69EF, 0x69F0, 0x69F1, 0x69F2,
	0x69F3, 0x69F4, 0x69F5, 0x69F6, 0x69F7, 0x69F8, 0x69F9, 0x69FA, 0x69FB, 0x69FC, 0x69FD, 0x69FE,
	0x69FF, 0x6A00, 0x6A01, 0x6A02, 0x6A03, 0x6A04, 0x6A05, 0x6A06, 0x6A07, 0x6A08, 0x6A09, 0x6A0A,
	0x6A0B, 0x6A0C, 0x6A0D, 0x6A0E, 0x6A0F, 0x6A10, 0x6A11, 0x6A12, 0x6A13, 0x6A14, 0x6A15, 0x6A16,
	0x6A17, 0x6A18, 0x6A19, 0x6A1A, 0x6A1B, 0x6A1C, 0x6A1D, 0x6A1E, 0x6A1F, 0x6A20, 0x6A21, 0x6A22,
	0x6A23, 0x6A24, 0x6A25, 0x6A26, 0x6A27, 0x6A28, 0x6A29, 0x6A2A, 0x6A2B, 0x6A2C, 0x6A2D, 0x6A2E,
	0x6A2F, 0x6A30, 0x6A31, 0x6A32, 0x6A33, 0x6A34, 0x6A35, 0x6A36, 0x6A37, 0x6A38, 0x6A39, 0x6A3A,
	0x6A3B, 0x6A3C, 0x6A3D, 0x6A3E, 0x6A3F, 0x6A40, 0x6A41, 0x6A42, 0x6A43, 0x6A44, 0x6A45, 0x6A46,
	0x6A47, 0x6A48, 0x6A49, 0x6A4A, 0x6A4B, 0x6A4C, 0x6A4D, 0x6A4E, 0x6A4F, 0x6A50, 0x6A51, 0x6A52,
	0x6A53, 0x6A54, 0x6A55, 0x6A56, 0x6A57, 0x6A58, 0x6A59, 0x6A5A, 0x6A5B, 0x6A5C, 0x6A5D, 0x6A5E,
	0x6A5F, 0x6A60, 0x6A61, 0x6A62, 0x6A63, 0x6A64, 0x6A65, 0x6A66, 0x6A67, 0x6A68, 0x6A69, 0x6A6A,
	0x6A6B, 0x6A6C, 0x6A6D, 0x6A6E, 0x6A6F, 0x6A70, 0x6A71, 0x6A72, 0x6A73, 0x6A74, 0x6A75, 0x6A76,
	0x6A77, 0x6A78, 0x6A79, 0x6A7A, 0x6A7B, 0x6A7C, 0x6A7D, 0x6A7E, 0x6A7F, 0x6A80, 0x6A81, 0x6A82,
	0x6A83, 0x6A84, 0x6A85, 0x6A86, 0x6A87, 0x6A88, 0x6A89, 0x6A8A, 0x6A8B, 0x6A8C, 0x6A8D, 0x6A8E,
	0x6A8F, 0x6A90, 0x6A91, 0x6A92, 0x6A93, 0x6A94, 0x6A95, 0x6A96, 0x6A97, 0x6A98, 0x6A99, 0x6A9A,
	0x6A9B, 0x6A9C, 0x6A9D, 0x6A9E, 0x6A9F, 0x6AA0, 0x6AA1, 0x6AA2, 0x6AA3, 0x6AA4, 0x6AA5, 0x6AA6,
	0x6AA7, 0x6AA8, 0x6AA9, 0x6AAA, 0x6AAB, 0x6AAC, 0x6AAD, 0x6AAE, 0x6AAF, 0x6AB0, 0x6AB1, 0x6AB2,
	0x6AB3, 0x6AB4, 0x6AB5, 0x6AB6, 0x6AB7, 0x6AB8, 0x6AB9, 0x6ABA, 0x6ABB, 0x6ABC, 0x6ABD, 0x6ABE,
	0x6ABF, 0x6AC0, 0x6AC1, 0x6AC2, 0x6AC3, 0x6AC4, 0x6AC5, 0x6AC6, 0x6AC7, 0x6AC8, 0x6AC9, 0x6ACA,
	0x6ACB, 0x6ACC, 0x6ACD, 0x6ACE, 0x6ACF, 0x6AD0, 0x6AD1, 0x6AD2, 0x6AD3, 0x6AD4, 0x6AD5, 0x6AD6,
	0x6AD7, 0x6AD8, 0x6AD9, 0x6ADA, 0x6ADB, 0x6ADC, 0x6ADD, 0x6ADE, 0x6ADF, 0x6AE0, 0x6AE1, 0x6AE2,
	0x6AE3, 0x6AE4, 0x6AE5, 0x6AE6, 0x6AE7, 0x6AE8, 0x6AE9, 0x6AEA, 0x6AEB, 0x6AEC, 0x6AED, 0x6AEE,
	0x6AEF, 0x6AF0, 0x6AF1, 0x6AF2, 0x6AF3, 0x6AF4, 0x6AF5, 0x6AF6, 0x6AF7, 0x6AF8, 0x6AFA, 0x6AFB,
	0x6AFC, 0x6AFD, 0x6AFE, 0x6AFF, 0x6B00, 0x6B01, 0x6B02, 0x6B03, 0x6B04, 0x6B05, 0x6B06, 0x6B07,
	0x6B08, 0x6B09, 0x6B0A, 0x6B0B, 0x6B0C, 0x6B0D, 0x6B0E, 0x6B0F, 0x6B10, 0x6B11, 0x6B12, 0x6B13,
	0x6B14, 0x6B15, 0x6B16, 0x6B17, 0x6B18, 0x6B19, 0x6B1A, 0x6B1B, 0x6B1C, 0x6B1D, 0x6B1E, 0x6B1F,
	0x6B20, 0x6B21, 0x6B22, 0x6B23, 0x6B24, 0x6B25, 0x6B26, 0x6B27, 0x6B28, 0x6B29, 0x6B2A, 0x6B2B,
	0x6B2C, 0x6B2D, 0x6B2E, 0x6B2F, 0x6B30, 0x6B31, 0x6B32, 0x6B33, 0x6B34, 0x6B35, 0x6B36, 0x6B37,
	0x6B38, 0x6B39, 0x6B3A, 0x6B3B, 0x6B3C, 0x6B3D, 0x6B3E, 0x6B3F, 0x6B40, 0x6B41, 0x6B42, 0x6B43,
	0x6B44, 0x6B45, 0x6B46, 0x6B47, 0x6B48, 0x6B49, 0x6B4A, 0x6B4B, 0x6B4C, 0x6B4D, 0x6B4E, 0x6B4F,
	0x6B50, 0x6B51, 0x6B52, 0x6B53, 0x6B54, 0x6B55, 0x6B56, 0x6B57, 0x6B58, 0x6B59, 0x6B5A, 0x6B5B,
	0x6B5C, 0x6B5D, 0x6B5E, 0x6B5F, 0x6B60, 0x6B61, 0x6B62, 0x6B63, 0x6B64, 0x6B65, 0x6B66, 0x6B67,
	0x6B68, 0x6B69, 0x6B6A, 0x6B6B, 0x6B6C, 0x6B6D, 0x6B6E, 0x6B6F, 0x6B70, 0x6B71, 0x6B72, 0x6B73,
	0x6B74, 0x6B75, 0x6B76, 0x6B77, 0x6B78, 0x6B79, 0x6B7A, 0x6B7B, 0x6B7C, 0x6B7D, 0x6B7E, 0x6B7F,
	0x6B80, 0x6B81, 0x6B82, 0x6B83, 0x6B84, 0x6B85, 0x6B86, 0x6B87, 0x6B88, 0x6B89, 0x6B8A, 0x6B8B,
	0x6B8C, 0x6B8D, 0x6B8E, 0x6B8F, 0x6B90, 0x6B91, 0x6B92, 0x6B93, 0x6B94, 0x6B95, 0x6B96, 0x6B97,
	0x6B98, 0x6B99, 0x6B9A, 0x6B9B, 0x6B9C, 0x6B9D, 0x6B9E, 0x6B9F, 0x6BA0, 0x6BA1, 0x6BA2, 0x6BA3,
	0x6BA4, 0x6BA5, 0x6BA6, 0x6BA7, 0x6BA8, 0x6BA9, 0x6BAA, 0x6BAB, 0x6BAC, 0x6BAD, 0x6BAE, 0x6BAF,
	0x6BB0, 0x6BB1, 0x6BB2, 0x6BB3, 0x6BB4, 0x6BB5, 0x6BB6, 0x6BB7, 0x6BB8, 0x6BB9, 0x6BBA, 0x6BBB,
	0x6BBC, 0x6BBD, 0x6BBE, 0x6BBF, 0x6BC0, 0x6BC1, 0x6BC2, 0x6BC3, 0x6BC4, 0x6BC5, 0x6BC6, 0x6BC7,
	0x6BC8, 0x6BC9, 0x6BCA, 0x6BCB, 0x6BCC, 0x6BCD, 0x6BCE, 0x6BCF, 0x6BD0, 0x6BD1, 0x6BD2, 0x6BD3,
	0x6BD4, 0x6BD5, 0x6BD6, 0x6BD7, 0x6BD8, 0x6BD9, 0x6BDA, 0x6BDB, 0x6BDC, 0x6BDD, 0x6BDE, 0x6BDF,
	0x6BE0, 0x6BE1, 0x6BE2, 0x6BE3, 0x6BE4, 0x6BE5, 0x6BE6, 0x6BE7, 0x6BE8, 0x6BE9, 0x6BEA, 0x6BEB,
	0x6BEC, 0x6BED, 0x6BEE, 0x6BEF, 0x6BF0, 0x6BF1, 0x6BF2, 0x6BF3, 0x6BF4, 0x6BF5, 0x6BF6, 0x6BF7,
	0x6BF8, 0x6BF9, 0x6BFA, 0x6BFB, 0x6BFC, 0x6BFD, 0x6BFE, 0x6BFF, 0x6C00, 0x6C01, 0x6C02, 0x6C03,
	0x6C04, 0x6C05, 0x6C06, 0x6C07, 0x6C08, 0x6C09, 0x6C0A, 0x6C0B, 0x6C0C, 0x6C0D, 0x6C0E, 0x6C0F,
	0x6C10, 0x6C11, 0x6C12, 0x6C13, 0x6C14, 0x6C15, 0x6C16, 0x6C17, 0x6C18, 0x6C19, 0x6C1A, 0x6C1B,
	0x6C1C, 0x6C1D, 0x6C1E, 0x6C1F, 0x6C20, 0x6C21, 0x6C22, 0x6C23, 0x6C24, 0x6C25, 0x6C26, 0x6C27,
	0x6C28, 0x6C29, 0x6C2A, 0x6C2B, 0x6C2C, 0x6C2D, 0x6C2E, 0x6C2F, 0x6C30, 0x6C31, 0x6C32, 0x6C33,
	0x6C34, 0x6C35, 0x6C36, 0x6C37, 0x6C38, 0x6C39, 0x6C3A, 0x6C3B, 0x6C3C, 0x6C3D, 0x6C3E, 0x6C3F,
	0x6C40, 0x6C41, 0x6C42, 0x6C44, 0x6C45, 0x6C46, 0x6C47, 0x6C48, 0x6C49, 0x6C4A, 0x6C4B, 0x6C4C,
	0x6C4D, 0x6C4E, 0x6C4F, 0x6C50, 0x6C51, 0x6C52, 0x6C53, 0x6C54, 0x6C55, 0x6C56, 0x6C57, 0x6C58,
	0x6C59, 0x6C5A, 0x6C5B, 0x6C5C, 0x6C5D, 0x6C5E, 0x6C5F, 0x6C60, 0x6C61, 0x6C62, 0x6C63, 0x6C64,
	0x6C65, 0x6C66, 0x6C67, 0x6C68, 0x6C69, 0x6C6A, 0x6C6B, 0x6C6C, 0x6C6D, 0x6C6E, 0x6C6F, 0x6C70,
	0x6C71, 0x6C72, 0x6C73, 0x6C74, 0x6C75, 0x6C76, 0x6C77, 0x6C78, 0x6C79, 0x6C7A, 0x6C7B, 0x6C7C,
	0x6C7D, 0x6C7E, 0x6C7F, 0x6C80, 0x6C81, 0x6C82, 0x6C83, 0x6C84, 0x6C85, 0x6C86, 0x6C87, 0x6C88,
	0x6C89, 0x6C8A, 0x6C8B, 0x6C8C, 0x6C8D, 0x6C8E, 0x6C8F, 0x6C90, 0x6C91, 0x6C92, 0x6C93, 0x6C94,
	0x6C95, 0x6C96, 0x6C97, 0x6C98, 0x6C99, 0x6C9A, 0x6C9B, 0x6C9C, 0x6C9D, 0x6C9E, 0x6C9F, 0x6CA0,
	0x6CA1, 0x6CA2, 0x6CA3, 0x6CA4, 0x6CA5, 0x6CA6, 0x6CA7, 0x6CA8, 0x6CA9, 0x6CAA, 0x6CAB, 0x6CAC,
	0x6CAD, 0x6CAE, 0x6CAF, 0x6CB0, 0x6CB1, 0x6CB2, 0x6CB3, 0x6CB4, 0x6CB5, 0x6CB6, 0x6CB7, 0x6CB8,
	0x6CB9, 0x6CBA, 0x6CBB, 0x6CBC, 0x6CBD, 0x6CBE, 0x6CBF, 0x6CC0, 0x6CC1, 0x6CC2, 0x6CC3, 0x6CC4,
	0x6CC5, 0x6CC6, 0x6CC7, 0x6CC8, 0x6CC9, 0x6CCA, 0x6CCB, 0x6CCC, 0x6CCD, 0x6CCE, 0x6CCF, 0x6CD0,
	0x6CD1, 0x6CD2, 0x6CD3, 0x6CD4, 0x6CD5, 0x6CD6, 0x6CD7, 0x6CD8, 0x6CD9, 0x6CDA, 0x6CDB, 0x6CDD,
	0x6CDE, 0x6CDF, 0x6CE0, 0x6CE1, 0x6CE2, 0x6CE3, 0x6CE4, 0x6CE5, 0x6CE6, 0x6CE7, 0x6CE8, 0x6CE9,
	0x6CEA, 0x6CEB, 0x6CEC, 0x6CED, 0x6CEE, 0x6CEF, 0x6CF0, 0x6CF1, 0x6CF2, 0x6CF3, 0x6CF4, 0x6CF5,
	0x6CF6, 0x6CF7, 0x6CF8, 0x6CF9, 0x6CFA, 0x6CFB, 0x6CFC, 0x6CFD, 0x6CFE, 0x6CFF, 0x6D00, 0x6D01,
	0x6D02, 0x6D03, 0x6D04, 0x6D05, 0x6D06, 0x6D07, 0x6D08, 0x6D09, 0x6D0A, 0x6D0B, 0x6D0C, 0x6D0D,
	0x6D0E, 0x6D0F, 0x6D10, 0x6D11, 0x6D12, 0x6D13, 0x6D14, 0x6D15, 0x6D16, 0x6D17, 0x6D18, 0x6D19,
	0x6D1A, 0x6D1B, 0x6D1C, 0x6D1D, 0x6D1E, 0x6D1F, 0x6D20, 0x6D21, 0x6D22, 0x6D23, 0x6D24, 0x6D25,
	0x6D26, 0x6D27, 0x6D28, 0x6D29, 0x6D2A, 0x6D2B, 0x6D2C, 0x6D2D, 0x6D2E, 0x6D2F, 0x6D30, 0x6D31,
	0x6D32, 0x6D33, 0x6D34, 0x6D35, 0x6D36, 0x6D37, 0x6D38, 0x6D39, 0x6D3A, 0x6D3B, 0x6D3C, 0x6D3D,
	0x6D3E, 0x6D3F, 0x6D40, 0x6D41, 0x6D42, 0x6D43, 0x6D44, 0x6D45, 0x6D46, 0x6D47, 0x6D48, 0x6D49,
	0x6D4A, 0x6D4B, 0x6D4C, 0x6D4D, 0x6D4E, 0x6D4F, 0x6D50, 0x6D51, 0x6D52, 0x6D53, 0x6D54, 0x6D55,
	0x6D56, 0x6D57, 0x6D58, 0x6D59, 0x6D5A, 0x6D5B, 0x6D5C, 0x6D5D, 0x6D5E, 0x6D5F, 0x6D60, 0x6D61,
	0x6D62, 0x6D63, 0x6D64, 0x6D65, 0x6D66, 0x6D67, 0x6D68, 0x6D69, 0x6D6A, 0x6D6B, 0x6D6C, 0x6D6D,
	0x6D6E, 0x6D6F, 0x6D70, 0x6D71, 0x6D72, 0x6D73, 0x6D74, 0x6D75, 0x6D76, 0x6D77, 0x6D78, 0x6D79,
	0x6D7A, 0x6D7B, 0x6D7C, 0x6D7D, 0x6D7E, 0x6D7F, 0x6D80, 0x6D81, 0x6D82, 0x6D83, 0x6D84, 0x6D85,
	0x6D86, 0x6D87, 0x6D88, 0x6D89, 0x6D8A, 0x6D8B, 0x6D8C, 0x6D8D, 0x6D8E, 0x6D8F, 0x6D90, 0x6D91,
	0x6D92, 0x6D93, 0x6D94, 0x6D95, 0x6D96, 0x6D97, 0x6D98, 0x6D99, 0x6D9A, 0x6D9B, 0x6D9C, 0x6D9D,
	0x6D9E, 0x6D9F, 0x6DA0, 0x6DA1, 0x6DA2, 0x6DA3, 0x6DA4, 0x6DA5, 0x6DA6, 0x6DA7, 0x6DA8, 0x6DA9,
	0x6DAA, 0x6DAB, 0x6DAC, 0x6DAD, 0x6DAE, 0x6DAF, 0x6DB0, 0x6DB1, 0x6DB2, 0x6DB3, 0x6DB4, 0x6DB5,
	0x6DB6, 0x6DB7, 0x6DB8, 0x6DB9, 0x6DBA, 0x6DBB, 0x6DBC, 0x6DBD, 0x6DBE, 0x6DBF, 0x6DC0, 0x6DC1,
	0x6DC2, 0x6DC3, 0x6DC4, 0x6DC5, 0x6DC6, 0x6DC7, 0x6DC8, 0x6DC9, 0x6DCA, 0x6DCB, 0x6DCC, 0x6DCD,
	0x6DCE, 0x6DCF, 0x6DD0, 0x6DD1, 0x6DD2, 0x6DD3, 0x6DD4, 0x6DD5, 0x6DD6, 0x6DD7, 0x6DD8, 0x6DD9,
	0x6DDA, 0x6DDB, 0x6DDC, 0x6DDD, 0x6DDE, 0x6DDF, 0x6DE0, 0x6DE1, 0x6DE2, 0x6DE3, 0x6DE4, 0x6DE5,
	0x6DE6, 0x6DE7, 0x6DE8, 0x6DE9, 0x6DEA, 0x6DEB, 0x6DEC, 0x6DED, 0x6DEE, 0x6DEF, 0x6DF0, 0x6DF1,
	0x6DF2, 0x6DF3, 0x6DF4, 0x6DF5, 0x6DF6, 0x6DF7, 0x6DF8, 0x6DF9, 0x6DFA, 0x6DFB, 0x6DFC, 0x6DFD,
	0x6DFE, 0x6DFF, 0x6E00, 0x6E01, 0x6E02, 0x6E03, 0x6E04, 0x6E05, 0x6E06, 0x6E07, 0x6E08, 0x6E09,
	0x6E0A, 0x6E0B, 0x6E0C, 0x6E0D, 0x6E0E, 0x6E0F, 0x6E10, 0x6E11, 0x6E12, 0x6E13, 0x6E14, 0x6E15,
	0x6E16, 0x6E17, 0x6E18, 0x6E19, 0x6E1A, 0x6E1B, 0x6E1C, 0x6E1D, 0x6E1E, 0x6E1F, 0x6E20, 0x6E21,
	0x6E22, 0x6E23, 0x6E24, 0x6E25, 0x6E26, 0x6E27, 0x6E28, 0x6E29, 0x6E2A, 0x6E2B, 0x6E2C, 0x6E2D,
	0x6E2E, 0x6E2F, 0x6E30, 0x6E31, 0x6E32, 0x6E33, 0x6E34, 0x6E35, 0x6E36, 0x6E37, 0x6E38, 0x6E39,
	0x6E3A, 0x6E3B, 0x6E3C, 0x6E3D, 0x6E3E, 0x6E3F, 0x6E40, 0x6E41, 0x6E42, 0x6E43, 0x6E44, 0x6E45,
	0x6E46, 0x6E47, 0x6E48, 0x6E49, 0x6E4A, 0x6E4B, 0x6E4C, 0x6E4D, 0x6E4E, 0x6E4F, 0x6E50, 0x6E51,
	0x6E52, 0x6E53, 0x6E54, 0x6E55, 0x6E56, 0x6E57, 0x6E58, 0x6E59, 0x6E5A, 0x6E5B, 0x6E5C, 0x6E5D,
	0x6E5E, 0x6E5F, 0x6E60, 0x6E61, 0x6E62, 0x6E63, 0x6E64, 0x6E65, 0x6E66, 0x6E67, 0x6E68, 0x6E69,
	0x6E6A, 0x6E6B, 0x6E6C, 0x6E6D, 0x6E6E, 0x6E6F, 0x6E70, 0x6E71, 0x6E72, 0x6E73, 0x6E74, 0x6E75,
	0x6E76, 0x6E77, 0x6E78, 0x6E79, 0x6E7A, 0x6E7B, 0x6E7C, 0x6E7D, 0x6E7E, 0x6E7F, 0x6E80, 0x6E81,
	0x6E82, 0x6E83, 0x6E84, 0x6E85, 0x6E86, 0x6E87, 0x6E88, 0x6E89, 0x6E8A, 0x6E8B, 0x6E8C, 0x6E8D,
	0x6E8E, 0x6E8F, 0x6E90, 0x6E91, 0x6E92, 0x6E93, 0x6E94, 0x6E95, 0x6E96, 0x6E97, 0x6E98, 0x6E99,
	0x6E9A, 0x6E9B, 0x6E9C, 0x6E9D, 0x6E9E, 0x6E9F, 0x6EA0, 0x6EA1, 0x6EA2, 0x6EA3, 0x6EA4, 0x6EA5,
	0x6EA6, 0x6EA7, 0x6EA8, 0x6EA9, 0x6EAA, 0x6EAB, 0x6EAC, 0x6EAD, 0x6EAE, 0x6EAF, 0x6EB0, 0x6EB1,
	0x6EB2, 0x6EB3, 0x6EB4, 0x6EB5, 0x6EB6, 0x6EB7, 0x6EB8, 0x6EB9, 0x6EBA, 0x6EBB, 0x6EBC, 0x6EBD,
	0x6EBE, 0x6EBF, 0x6EC0, 0x6EC1, 0x6EC2, 0x6EC3, 0x6EC4, 0x6EC5, 0x6EC6, 0x6EC7, 0x6EC8, 0x6EC9,
	0x6ECA, 0x6ECB, 0x6ECC, 0x6ECD, 0x6ECE, 0x6ECF, 0x6ED0, 0x6ED1, 0x6ED2, 0x6ED3, 0x6ED4, 0x6ED5,
	0x6ED6, 0x6ED7, 0x6ED8, 0x6ED9, 0x6EDA, 0x6EDB, 0x6EDC, 0x6EDD, 0x6EDE, 0x6EDF, 0x6EE0, 0x6EE1,
	0x6EE2, 0x6EE3, 0x6EE4, 0x6EE5, 0x6EE6, 0x6EE7, 0x6EE8, 0x6EE9, 0x6EEA, 0x6EEB, 0x6EEC, 0x6EED,
	0x6EEE, 0x6EEF, 0x6EF0, 0x6EF1, 0x6EF2, 0x6EF3, 0x6EF4, 0x6EF5, 0x6EF6, 0x6EF7, 0x6EF8, 0x6EF9,
	0x6EFA, 0x6EFB, 0x6EFC, 0x6EFD, 0x6EFE, 0x6EFF, 0x6F00, 0x6F01, 0x6F02, 0x6F03, 0x6F04, 0x6F05,
	0x6F06, 0x6F07, 0x6F08, 0x6F09, 0x6F0A, 0x6F0B, 0x6F0C, 0x6F0D, 0x6F0E, 0x6F0F, 0x6F10, 0x6F11,
	0x6F12, 0x6F13, 0x6F14, 0x6F15, 0x6F16, 0x6F17, 0x6F18, 0x6F19, 0x6F1A, 0x6F1B, 0x6F1C, 0x6F1D,
	0x6F1E, 0x6F1F, 0x6F20, 0x6F21, 0x6F22, 0x6F23, 0x6F24, 0x6F25, 0x6F26, 0x6F27, 0x6F28, 0x6F29,
	0x6F2A, 0x6F2B, 0x6F2C, 0x6F2D, 0x6F2E, 0x6F2F, 0x6F30, 0x6F31, 0x6F32, 0x6F33, 0x6F34, 0x6F35,
	0x6F36, 0x6F37, 0x6F38, 0x6F39, 0x6F3A, 0x6F3B, 0x6F3C, 0x6F3D, 0x6F3E, 0x6F3F, 0x6F40, 0x6F41,
	0x6F42, 0x6F43, 0x6F44, 0x6F45, 0x6F46, 0x6F47, 0x6F48, 0x6F49, 0x6F4A, 0x6F4B, 0x6F4C, 0x6F4D,
	0x6F4E, 0x6F4F, 0x6F50, 0x6F51, 0x6F52, 0x6F53, 0x6F54, 0x6F55, 0x6F56, 0x6F57, 0x6F58, 0x6F59,
	0x6F5A, 0x6F5B, 0x6F5C, 0x6F5D, 0x6F5E, 0x6F5F, 0x6F60, 0x6F61, 0x6F62, 0x6F63, 0x6F64, 0x6F65,
	0x6F66, 0x6F67, 0x6F68, 0x6F69, 0x6F6A, 0x6F6B, 0x6F6C, 0x6F6D, 0x6F6E, 0x6F6F, 0x6F70, 0x6F71,
	0x6F72, 0x6F73, 0x6F74, 0x6F75, 0x6F76, 0x6F77, 0x6F78, 0x6F79, 0x6F7A, 0x6F7B, 0x6F7C, 0x6F7D,
	0x6F7E, 0x6F7F, 0x6F80, 0x6F81, 0x6F82, 0x6F83, 0x6F84, 0x6F85, 0x6F86, 0x6F87, 0x6F88, 0x6F89,
	0x6F8A, 0x6F8B, 0x6F8C, 0x6F8D, 0x6F8E, 0x6F8F, 0x6F90, 0x6F91, 0x6F92, 0x6F93, 0x6F94, 0x6F95,
	0x6F96, 0x6F97, 0x6F98, 0x6F99, 0x6F9A, 0x6F9B, 0x6F9C, 0x6F9D, 0x6F9E, 0x6F9F, 0x6FA0, 0x6FA1,
	0x6FA2, 0x6FA3, 0x6FA4, 0x6FA5, 0x6FA6, 0x6FA7, 0x6FA8, 0x6FA9, 0x6FAA, 0x6FAB, 0x6FAC, 0x6FAD,
	0x6FAE, 0x6FAF, 0x6FB0, 0x6FB1, 0x6FB2, 0x6FB3, 0x6FB4, 0x6FB5, 0x6FB6, 0x6FB7, 0x6FB8, 0x6FB9,
	0x6FBA, 0x6FBB, 0x6FBC, 0x6FBD, 0x6FBE, 0x6FBF, 0x6FC0, 0x6FC1, 0x6FC2, 0x6FC3, 0x6FC4, 0x6FC5,
	0x6FC6, 0x6FC7, 0x6FC8, 0x6FC9, 0x6FCA, 0x6FCB, 0x6FCC, 0x6FCD, 0x6FCE, 0x6FCF, 0x6FD0, 0x6FD1,
	0x6FD2, 0x6FD3, 0x6FD4, 0x6FD5, 0x6FD6, 0x6FD7, 0x6FD8, 0x6FD9, 0x6FDA, 0x6FDB, 0x6FDC, 0x6FDD,
	0x6FDE, 0x6FDF, 0x6FE0, 0x6FE1, 0x6FE2, 0x6FE3, 0x6FE4, 0x6FE5, 0x6FE7, 0x6FE8, 0x6FE9, 0x6FEA,
	0x6FEB, 0x6FEC, 0x6FED, 0x6FEE, 0x6FEF, 0x6FF0, 0x6FF1, 0x6FF2, 0x6FF3, 0x6FF4, 0x6FF5, 0x6FF6,
	0x6FF7, 0x6FF8, 0x6FF9, 0x6FFA, 0x6FFB, 0x6FFC, 0x6FFD, 0x6FFE, 0x6FFF, 0x7000, 0x7001, 0x7002,
	0x7003, 0x7004, 0x7005, 0x7006, 0x7007, 0x7008, 0x7009, 0x700A, 0x700B, 0x700C, 0x700D, 0x700E,
	0x700F, 0x7010, 0x7011, 0x7012, 0x7013, 0x7014, 0x7015, 0x7016, 0x7017, 0x7018, 0x7019, 0x701A,
	0x701B, 0x701C, 0x701D, 0x701E, 0x701F, 0x7020, 0x7021, 0x7022, 0x7023, 0x7024, 0x7025, 0x7026,
	0x7027, 0x7028, 0x7029, 0x702A, 0x702B, 0x702C, 0x702D, 0x702E, 0x702F, 0x7030, 0x7031, 0x7032,
	0x7033, 0x7034, 0x7035, 0x7036, 0x7037, 0x7038, 0x7039, 0x703A, 0x703B, 0x703C, 0x703D, 0x703E,
	0x703F, 0x7040, 0x7041, 0x7042, 0x7043, 0x7044, 0x7045, 0x7046, 0x7047, 0x7048, 0x7049, 0x704A,
	0x704B, 0x704C, 0x704D, 0x704E, 0x704F, 0x7050, 0x7051, 0x7052, 0x7053, 0x7054, 0x7055, 0x7056,
	0x7057, 0x7058, 0x7059, 0x705A, 0x705B, 0x705C, 0x705D, 0x705E, 0x705F, 0x7060, 0x7061, 0x7062,
	0x7063, 0x7064, 0x7065, 0x7066, 0x7067, 0x7068, 0x7069, 0x706A, 0x706B, 0x706C, 0x706D, 0x706E,
	0x706F, 0x7070, 0x7071, 0x7072, 0x7073, 0x7074, 0x7075, 0x7076, 0x7077, 0x7078, 0x7079, 0x707A,
	0x707B, 0x707C, 0x707D, 0x707E, 0x707F, 0x7080, 0x7081, 0x7082, 0x7083, 0x7084, 0x7085, 0x7086,
	0x7087, 0x7088, 0x7089, 0x708A, 0x708B, 0x708C, 0x708D, 0x708E, 0x708F, 0x7090, 0x7091, 0x7092,
	0x7093, 0x7094, 0x7095, 0x7096, 0x7097, 0x7098, 0x7099, 0x709A, 0x709B, 0x709C, 0x709D, 0x709E,
	0x709F, 0x70A0, 0x70A1, 0x70A2, 0x70A3, 0x70A4, 0x70A5, 0x70A6, 0x70A7, 0x70A8, 0x70A9, 0x70AA,
	0x70AB, 0x70AC, 0x70AD, 0x70AE, 0x70AF, 0x70B0, 0x70B1, 0x70B2, 0x70B3, 0x70B4, 0x70B5, 0x70B6,
	0x70B7, 0x70B8, 0x70B9, 0x70BA, 0x70BB, 0x70BC, 0x70BD, 0x70BE, 0x70BF, 0x70C0, 0x70C1, 0x70C2,
	0x70C3, 0x70C4, 0x70C5, 0x70C6, 0x70C7, 0x70C8, 0x70C9, 0x70CA, 0x70CB, 0x70CC, 0x70CD, 0x70CE,
	0x70CF, 0x70D0, 0x70D1, 0x70D2, 0x70D3, 0x70D4, 0x70D5, 0x70D6, 0x70D7, 0x70D8, 0x70D9, 0x70DA,
	0x70DB, 0x70DC, 0x70DD, 0x70DE, 0x70DF, 0x70E0, 0x70E1, 0x70E2, 0x70E3, 0x70E4, 0x70E5, 0x70E6,
	0x70E7, 0x70E8, 0x70E9, 0x70EA, 0x70EB, 0x70EC, 0x70ED, 0x70EE, 0x70EF, 0x70F0, 0x70F1, 0x70F2,
	0x70F3, 0x70F4, 0x70F5, 0x70F6, 0x70F7, 0x70F8, 0x70F9, 0x70FA, 0x70FB, 0x70FC, 0x70FD, 0x70FE,
	0x70FF, 0x7100, 0x7101, 0x7102, 0x7103, 0x7104, 0x7105, 0x7106, 0x7107, 0x7108, 0x7109, 0x710A,
	0x710B, 0x710C, 0x710D, 0x710E, 0x710F, 0x7110, 0x7111, 0x7112, 0x7113, 0x7114, 0x7115, 0x7116,
	0x7117, 0x7118, 0x7119, 0x711A, 0x711B, 0x711C, 0x711D, 0x711E, 0x711F, 0x7120, 0x7121, 0x7122,
	0x7123, 0x7124, 0x7125, 0x7126, 0x7127, 0x7128, 0x7129, 0x712A, 0x712B, 0x712C, 0x712D, 0x712E,
	0x712F, 0x7130, 0x7131, 0x7132, 0x7133, 0x7134, 0x7135, 0x7136, 0x7137, 0x7138, 0x7139, 0x713A,
	0x713B, 0x713C, 0x713D, 0x713E, 0x713F, 0x7140, 0x7141, 0x7142, 0x7143, 0x7144, 0x7145, 0x7146,
	0x7147, 0x7148, 0x7149, 0x714A, 0x714B, 0x714C, 0x714D, 0x714E, 0x714F, 0x7150, 0x7151, 0x7152,
	0x7153, 0x7154, 0x7155, 0x7156, 0x7157, 0x7158, 0x7159, 0x715A, 0x715B, 0x715C, 0x715D, 0x715E,
	0x715F, 0x7160, 0x7161, 0x7162, 0x7163, 0x7164, 0x7165, 0x7166, 0x7167, 0x7168, 0x7169, 0x716A,
	0x716B, 0x716C, 0x716D, 0x716E, 0x716F, 0x7170, 0x7171, 0x7172, 0x7173, 0x7174, 0x7175, 0x7176,
	0x7177, 0x7178, 0x7179, 0x717A, 0x717B, 0x717C, 0x717D, 0x717E, 0x717F, 0x7180, 0x7181, 0x7182,
	0x7183, 0x7184, 0x7185, 0x7186, 0x7187, 0x7188, 0x7189, 0x718A, 0x718B, 0x718C, 0x718D, 0x718E,
	0x718F, 0x7190, 0x7191, 0x7192, 0x7193, 0x7194, 0x7195, 0x7196, 0x7197, 0x7198, 0x7199, 0x719A,
	0x719B, 0x719C, 0x719D, 0x719E, 0x719F, 0x71A0, 0x71A1, 0x71A2, 0x71A3, 0x71A5, 0x71A6, 0x71A7,
	0x71A8, 0x71A9, 0x71AA, 0x71AB, 0x71AC, 0x71AD, 0x71AE, 0x71AF, 0x71B0, 0x71B1, 0x71B2, 0x71B3,
	0x71B4, 0x71B5, 0x71B6, 0x71B7, 0x71B8, 0x71B9, 0x71BA, 0x71BB, 0x71BC, 0x71BD, 0x71BE, 0x71BF,
	0x71C0, 0x71C1, 0x71C2, 0x71C3, 0x71C4, 0x71C5, 0x71C6, 0x71C7, 0x71C8, 0x71C9, 0x71CA, 0x71CB,
	0x71CC, 0x71CD, 0x71CE, 0x71CF, 0x71D0, 0x71D1, 0x71D2, 0x71D3, 0x71D4, 0x71D5, 0x71D6, 0x71D7,
	0x71D8, 0x71D9, 0x71DA, 0x71DB, 0x71DC, 0x71DD, 0x71DE, 0x71DF, 0x71E0, 0x71E1, 0x71E2, 0x71E3,
	0x71E4, 0x71E5, 0x71E6, 0x71E7, 0x71E8, 0x71E9, 0x71EA, 0x71EB, 0x71EC, 0x71ED, 0x71EE, 0x71EF,
	0x71F0, 0x71F1, 0x71F2, 0x71F3, 0x71F4, 0x71F5, 0x71F6, 0x71F7, 0x71F8, 0x71F9, 0x71FA, 0x71FB,
	0x71FC, 0x71FD, 0x71FE, 0x71FF, 0x7200, 0x7201, 0x7202, 0x7203, 0x7204, 0x7205, 0x7206, 0x7207,
	0x7208, 0x7209, 0x720A, 0x720B, 0x720C, 0x720D, 0x720E, 0x720F, 0x7210, 0x7211, 0x7212, 0x7213,
	0x7214, 0x7215, 0x7216, 0x7217, 0x7218, 0x7219, 0x721A, 0x721B, 0x721C, 0x721D, 0x721F, 0x7220,
	0x7221, 0x7222, 0x7223, 0x7224, 0x7225, 0x7226, 0x7227, 0x7228, 0x7229, 0x722A, 0x722B, 0x722C,
	0x722D, 0x722E, 0x722F, 0x7230, 0x7231, 0x7232, 0x7233, 0x7234, 0x7235, 0x7236, 0x7237, 0x7238,
	0x7239, 0x723A, 0x723B, 0x723C, 0x723D, 0x723E, 0x723F, 0x7240, 0x7241, 0x7242, 0x7243, 0x7244,
	0x7245, 0x7246, 0x7247, 0x7248, 0x7249, 0x724A, 0x724B, 0x724C, 0x724D, 0x724E, 0x724F, 0x7250,
	0x7251, 0x7252, 0x7253, 0x7254, 0x7255, 0x7256, 0x7257, 0x7258, 0x7259, 0x725A, 0x725B, 0x725C,
	0x725D, 0x725E, 0x725F, 0x7260, 0x7261, 0x7262, 0x7263, 0x7264, 0x7265, 0x7266, 0x7267, 0x7268,
	0x7269, 0x726A, 0x726B, 0x726C, 0x726D, 0x726E, 0x726F, 0x7270, 0x7271, 0x7272, 0x7273, 0x7274,
	0x7275, 0x7276, 0x7277, 0x7278, 0x7279, 0x727A, 0x727B, 0x727C, 0x727D, 0x727E, 0x727F, 0x7280,
	0x7281, 0x7282, 0x7283, 0x7284, 0x7285, 0x7286, 0x7287, 0x7288, 0x7289, 0x728A, 0x728B, 0x728C,
	0x728D, 0x728E, 0x728F, 0x7290, 0x7291, 0x7292, 0x7293, 0x7294, 0x7295, 0x7296, 0x7297, 0x7298,
	0x7299, 0x729A, 0x729B, 0x729C, 0x729D, 0x729E, 0x729F, 0x72A0, 0x72A1, 0x72A2, 0x72A3, 0x72A4,
	0x72A5, 0x72A6, 0x72A7, 0x72A8, 0x72A9, 0x72AA, 0x72AB, 0x72AC, 0x72AD, 0x72AE, 0x72AF, 0x72B0,
	0x72B1, 0x72B2, 0x72B3, 0x72B4, 0x72B5, 0x72B6, 0x72B7, 0x72B8, 0x72B9, 0x72BA, 0x72BB, 0x72BC,
	0x72BE, 0x72BF, 0x72C0, 0x72C1, 0x72C2, 0x72C3, 0x72C4, 0x72C5, 0x72C6, 0x72C7, 0x72C8, 0x72C9,
	0x72CA, 0x72CC, 0x72CD, 0x72CE, 0x72CF, 0x72D0, 0x72D1, 0x72D2, 0x72D3, 0x72D4, 0x72D5, 0x72D6,
	0x72D7, 0x72D8, 0x72D9, 0x72DA, 0x72DB, 0x72DC, 0x72DD, 0x72DE, 0x72DF, 0x72E0, 0x72E1, 0x72E2,
	0x72E3, 0x72E4, 0x72E5, 0x72E6, 0x72E7, 0x72E8, 0x72E9, 0x72EA, 0x72EB, 0x72EC, 0x72ED, 0x72EE,
	0x72EF, 0x72F0, 0x72F1, 0x72F2, 0x72F3, 0x72F4, 0x72F5, 0x72F6, 0x72F7, 0x72F8, 0x72F9, 0x72FA,
	0x72FB, 0x72FC, 0x72FD, 0x72FE, 0x72FF, 0x7300, 0x7301, 0x7302, 0x7303, 0x7304, 0x7305, 0x7306,
	0x7307, 0x7308, 0x7309, 0x730A, 0x730B, 0x730C, 0x730D, 0x730E, 0x730F, 0x7310, 0x7311, 0x7312,
	0x7313, 0x7314, 0x7315, 0x7316, 0x7317, 0x7318, 0x7319, 0x731A, 0x731B, 0x731C, 0x731D, 0x731E,
	0x731F, 0x7320, 0x7321, 0x7322, 0x7323, 0x7324, 0x7325, 0x7326, 0x7327, 0x7328, 0x7329, 0x732A,
	0x732B, 0x732C, 0x732D, 0x732E, 0x732F, 0x7330, 0x7331, 0x7332, 0x7333, 0x7334, 0x7335, 0x7336,
	0x7337, 0x7338, 0x7339, 0x733A, 0x733B, 0x733C, 0x733D, 0x733E, 0x733F, 0x7340, 0x7341, 0x7342,
	0x7343, 0x7344, 0x7345, 0x7346, 0x7347, 0x7348, 0x7349, 0x734A, 0x734B, 0x734C, 0x734D, 0x734E,
	0x734F, 0x7350, 0x7351, 0x7352, 0x7353, 0x7354, 0x7355, 0x7356, 0x7357, 0x7358, 0x7359, 0x735A,
	0x735B, 0x735C, 0x735D, 0x735E, 0x735F, 0x7360, 0x7361, 0x7362, 0x7363, 0x7364, 0x7365, 0x7366,
	0x7367, 0x7368, 0x7369, 0x736A, 0x736B, 0x736C, 0x736D, 0x736E, 0x736F, 0x7370, 0x7371, 0x7372,
	0x7373, 0x7374, 0x7375, 0x7377, 0x7378, 0x7379, 0x737A, 0x737B, 0x737C, 0x737D, 0x737E, 0x737F,
	0x7380, 0x7381, 0x7382, 0x7383, 0x7384, 0x7385, 0x7386, 0x7387, 0x7388, 0x7389, 0x738A, 0x738B,
	0x738C, 0x738D, 0x738E, 0x738F, 0x7390, 0x7391, 0x7392, 0x7393, 0x7394, 0x7395, 0x7396, 0x7397,
	0x7398, 0x7399, 0x739A, 0x739B, 0x739C, 0x739D, 0x739E, 0x739F, 0x73A0, 0x73A1, 0x73A2, 0x73A3,
	0x73A4, 0x73A5, 0x73A6, 0x73A7, 0x73A8, 0x73A9, 0x73AA, 0x73AB, 0x73AC, 0x73AD, 0x73AE, 0x73AF,
	0x73B0, 0x73B1, 0x73B2, 0x73B3, 0x73B4, 0x73B5, 0x73B6, 0x73B7, 0x73B8, 0x73B9, 0x73BA, 0x73BB,
	0x73BC, 0x73BD, 0x73BE, 0x73BF, 0x73C0, 0x73C1, 0x73C2, 0x73C3, 0x73C4, 0x73C5, 0x73C6, 0x73C7,
	0x73C8, 0x73C9, 0x73CA, 0x73CB, 0x73CC, 0x73CD, 0x73CE, 0x73CF, 0x73D0, 0x73D1, 0x73D2, 0x73D3,
	0x73D4, 0x73D5, 0x73D6, 0x73D7, 0x73D8, 0x73D9, 0x73DA, 0x73DB, 0x73DC, 0x73DD, 0x73DE, 0x73DF,
	0x73E0, 0x73E1, 0x73E2, 0x73E3, 0x73E4, 0x73E5, 0x73E6, 0x73E7, 0x73E8, 0x73E9, 0x73EA, 0x73EB,
	0x73EC, 0x73ED, 0x73EE, 0x73EF, 0x73F0, 0x73F1, 0x73F2, 0x73F3, 0x73F4, 0x73F5, 0x73F6, 0x73F7,
	0x73F8, 0x73F9, 0x73FA, 0x73FB, 0x73FC, 0x73FD, 0x73FE, 0x73FF, 0x7400, 0x7401, 0x7402, 0x7403,
	0x7404, 0x7405, 0x7406, 0x7407, 0x7408, 0x7409, 0x740A, 0x740B, 0x740C, 0x740D, 0x740E, 0x740F,
	0x7410, 0x7411, 0x7412, 0x7413, 0x7414, 0x7415, 0x7416, 0x7417, 0x7418, 0x7419, 0x741A, 0x741B,
	0x741C, 0x741D, 0x741E, 0x741F, 0x7420, 0x7421, 0x7422, 0x7423, 0x7424, 0x7425, 0x7426, 0x7427,
	0x7428, 0x7429, 0x742A, 0x742B, 0x742C, 0x742D, 0x742E, 0x742F, 0x7430, 0x7431, 0x7432, 0x7433,
	0x7434, 0x7435, 0x7436, 0x7438, 0x7439, 0x743A, 0x743B, 0x743C, 0x743D, 0x743E, 0x743F, 0x7440,
	0x7441, 0x7442, 0x7443, 0x7444, 0x7445, 0x7446, 0x7447, 0x7448, 0x7449, 0x744A, 0x744B, 0x744C,
	0x744D, 0x744E, 0x744F, 0x7450, 0x7451, 0x7452, 0x7453, 0x7454, 0x7455, 0x7456, 0x7457, 0x7458,
	0x7459, 0x745A, 0x745B, 0x745C, 0x745D, 0x745E, 0x745F, 0x7460, 0x7461, 0x7462, 0x7463, 0x7464,
	0x7465, 0x7466, 0x7467, 0x7468, 0x7469, 0x746A, 0x746B, 0x746C, 0x746D, 0x746E, 0x746F, 0x7470,
	0x7471, 0x7472, 0x7473, 0x7474, 0x7475, 0x7476, 0x7477, 0x7478, 0x7479, 0x747A, 0x747B, 0x747C,
	0x747D, 0x747E, 0x747F, 0x7480, 0x7481, 0x7482, 0x7483, 0x7484, 0x7485, 0x7486, 0x7487, 0x7488,
	0x7489, 0x748A, 0x748B, 0x748C, 0x748D, 0x748E, 0x748F, 0x7490, 0x7491, 0x7492, 0x7493, 0x7494,
	0x7495, 0x7496, 0x7497, 0x7498, 0x7499, 0x749A, 0x749B, 0x749C, 0x749D, 0x749E, 0x749F, 0x74A0,
	0x74A1, 0x74A2, 0x74A3, 0x74A4, 0x74A5, 0x74A6, 0x74A7, 0x74A8, 0x74A9, 0x74AA, 0x74AB, 0x74AC,
	0x74AD, 0x74AE, 0x74AF, 0x74B0, 0x74B1, 0x74B2, 0x74B3, 0x74B4, 0x74B5, 0x74B6, 0x74B7, 0x74B8,
	0x74B9, 0x74BA, 0x74BB, 0x74BC, 0x74BD, 0x74BE, 0x74BF, 0x74C0, 0x74C1, 0x74C2, 0x74C3, 0x74C4,
	0x74C5, 0x74C6, 0x74C7, 0x74C8, 0x74C9, 0x74CA, 0x74CB, 0x74CC, 0x74CD, 0x74CE, 0x74CF, 0x74D0,
	0x74D1, 0x74D2, 0x74D3, 0x74D4, 0x74D5, 0x74D6, 0x74D7, 0x74D8, 0x74D9, 0x74DA, 0x74DB, 0x74DC,
	0x74DD, 0x74DE, 0x74DF, 0x74E0, 0x74E1, 0x74E2, 0x74E3, 0x74E4, 0x74E5, 0x74E6, 0x74E7, 0x74E8,
	0x74E9, 0x74EA, 0x74EB, 0x74EC, 0x74ED, 0x74EE, 0x74EF, 0x74F0, 0x74F1, 0x74F3, 0x74F4, 0x74F5,
	0x74F6, 0x74F7, 0x74F8, 0x74F9, 0x74FA, 0x74FB, 0x74FC, 0x74FD, 0x74FE, 0x74FF, 0x7500, 0x7501,
	0x7502, 0x7503, 0x7504, 0x7505, 0x7506, 0x7507, 0x7508, 0x7509, 0x750A, 0x750B, 0x750C, 0x750D,
	0x750E, 0x750F, 0x7510, 0x7511, 0x7512, 0x7513, 0x7514, 0x7515, 0x7516, 0x7517, 0x7518, 0x7519,
	0x751A, 0x751B, 0x751C, 0x751D, 0x751E, 0x751F, 0x7520, 0x7521, 0x7522, 0x7523, 0x7524, 0x7525,
	0x7526, 0x7527, 0x7528, 0x7529, 0x752A, 0x752B, 0x752C, 0x752D, 0x752E, 0x752F, 0x7530, 0x7531,
	0x7532, 0x7533, 0x7534, 0x7535, 0x7536, 0x7537, 0x7538, 0x7539, 0x753A, 0x753B, 0x753C, 0x753D,
	0x753E, 0x753F, 0x7540, 0x7541, 0x7542, 0x7543, 0x7544, 0x7545, 0x7546, 0x7547, 0x7548, 0x7549,
	0x754A, 0x754B, 0x754C, 0x754D, 0x754E, 0x754F, 0x7550, 0x7551, 0x7552, 0x7553, 0x7554, 0x7555,
	0x7556, 0x7557, 0x7558, 0x7559, 0x755A, 0x755B, 0x755C, 0x755D, 0x755E, 0x755F, 0x7560, 0x7561,
	0x7562, 0x7563, 0x7564, 0x7565, 0x7566, 0x7567, 0x7568, 0x7569, 0x756A, 0x756B, 0x756C, 0x756D,
	0x756E, 0x756F, 0x7570, 0x7571, 0x7572, 0x7573, 0x7574, 0x7575, 0x7576, 0x7577, 0x7578, 0x7579,
	0x757A, 0x757B, 0x757C, 0x757D, 0x757E, 0x757F, 0x7580, 0x7581, 0x7582, 0x7583, 0x7584, 0x7585,
	0x7586, 0x7587, 0x7588, 0x7589, 0x758A, 0x758B, 0x758C, 0x758D, 0x758E, 0x758F, 0x7590, 0x7591,
	0x7592, 0x7593, 0x7594, 0x7595, 0x7596, 0x7597, 0x7598, 0x7599, 0x759A, 0x759B, 0x759C, 0x759D,
	0x759E, 0x759F, 0x75A0, 0x75A1, 0x75A2, 0x75A3, 0x75A4, 0x75A5, 0x75A6, 0x75A7, 0x75A9, 0x75AA,
	0x75AB, 0x75AC, 0x75AD, 0x75AE, 0x75AF, 0x75B0, 0x75B1, 0x75B2, 0x75B3, 0x75B4, 0x75B5, 0x75B6,
	0x75B7, 0x75B8, 0x75B9, 0x75BA, 0x75BB, 0x75BC, 0x75BD, 0x75BE, 0x75BF, 0x75C0, 0x75C1, 0x75C2,
	0x75C3, 0x75C4, 0x75C5, 0x75C6, 0x75C7, 0x75C8, 0x75C9, 0x75CA, 0x75CB, 0x75CC, 0x75CD, 0x75CE,
	0x75CF, 0x75D0, 0x75D1, 0x75D2, 0x75D3, 0x75D4, 0x75D5, 0x75D6, 0x75D7, 0x75D8, 0x75D9, 0x75DA,
	0x75DB, 0x75DC, 0x75DD, 0x75DE, 0x75DF, 0x75E0, 0x75E1, 0x75E2, 0x75E3, 0x75E4, 0x75E5, 0x75E6,
	0x75E7, 0x75E8, 0x75E9, 0x75EA, 0x75EB, 0x75EC, 0x75ED, 0x75EE, 0x75EF, 0x75F0, 0x75F1, 0x75F2,
	0x75F3, 0x75F4, 0x75F5, 0x75F6, 0x75F7, 0x75F8, 0x75F9, 0x75FA, 0x75FB, 0x75FC, 0x75FD, 0x75FE,
	0x75FF, 0x7600, 0x7601, 0x7602, 0x7603, 0x7604, 0x7605, 0x7606, 0x7607, 0x7608, 0x7609, 0x760A,
	0x760B, 0x760C, 0x760D, 0x760E, 0x760F, 0x7610, 0x7611, 0x7612, 0x7613, 0x7614, 0x7615, 0x7616,
	0x7617, 0x7618, 0x7619, 0x761A, 0x761B, 0x761C, 0x761D, 0x761E, 0x761F, 0x7620, 0x7621, 0x7622,
	0x7624, 0x7625, 0x7626, 0x7627, 0x7628, 0x7629, 0x762A, 0x762B, 0x762C, 0x762D, 0x762E, 0x762F,
	0x7630, 0x7631, 0x7632, 0x7633, 0x7634, 0x7635, 0x7636, 0x7637, 0x7638, 0x7639, 0x763A, 0x763B,
	0x763C, 0x763D, 0x763E, 0x763F, 0x7640, 0x7641, 0x7642, 0x7643, 0x7644, 0x7645, 0x7646, 0x7647,
	0x7648, 0x7649, 0x764A, 0x764B, 0x764C, 0x764D, 0x764E, 0x764F, 0x7650, 0x7651, 0x7652, 0x7653,
	0x7654, 0x7655, 0x7656, 0x7657, 0x7658, 0x7659, 0x765A, 0x765B, 0x765C, 0x765D, 0x765E, 0x765F,
	0x7660, 0x7661, 0x7662, 0x7663, 0x7664, 0x7665, 0x7666, 0x7667, 0x7668, 0x7669, 0x766A, 0x766B,
	0x766C, 0x766D, 0x766E, 0x766F, 0x7670, 0x7671, 0x7672, 0x7673, 0x7674, 0x7675, 0x7676, 0x7677,
	0x7678, 0x7679, 0x767A, 0x767B, 0x767C, 0x767D, 0x767E, 0x767F, 0x7680, 0x7681, 0x7682, 0x7683,
	0x7684, 0x7685, 0x7686, 0x7687, 0x7688, 0x7689, 0x768A, 0x768B, 0x768C, 0x768D, 0x768E, 0x768F,
	0x7690, 0x7691, 0x7692, 0x7693, 0x7694, 0x7695, 0x7696, 0x7697, 0x7698, 0x7699, 0x769A, 0x769B,
	0x769C, 0x769D, 0x769E, 0x769F, 0x76A0, 0x76A1, 0x76A2, 0x76A3, 0x76A4, 0x76A5, 0x76A6, 0x76A7,
	0x76A8, 0x76A9, 0x76AA, 0x76AB, 0x76AC, 0x76AD, 0x76AE, 0x76AF, 0x76B0, 0x76B1, 0x76B2, 0x76B3,
	0x76B4, 0x76B5, 0x76B6, 0x76B7, 0x76B8, 0x76B9, 0x76BA, 0x76BB, 0x76BC, 0x76BD, 0x76BE, 0x76BF,
	0x76C0, 0x76C1, 0x76C2, 0x76C3, 0x76C4, 0x76C5, 0x76C6, 0x76C7, 0x76C8, 0x76C9, 0x76CA, 0x76CB,
	0x76CC, 0x76CD, 0x76CE, 0x76CF, 0x76D0, 0x76D1, 0x76D2, 0x76D3, 0x76D4, 0x76D5, 0x76D6, 0x76D7,
	0x76D8, 0x76D9, 0x76DA, 0x76DB, 0x76DC, 0x76DD, 0x76DE, 0x76DF, 0x76E0, 0x76E1, 0x76E2, 0x76E3,
	0x76E4, 0x76E5, 0x76E6, 0x76E7, 0x76E9, 0x76EA, 0x76EB, 0x76EC, 0x76ED, 0x76EE, 0x76EF, 0x76F0,
	0x76F1, 0x76F2, 0x76F3, 0x76F4, 0x76F5, 0x76F6, 0x76F7, 0x76F8, 0x76F9, 0x76FA, 0x76FB, 0x76FC,
	0x76FD, 0x76FE, 0x76FF, 0x7700, 0x7701, 0x7702, 0x7703, 0x7704, 0x7705, 0x7706, 0x7707, 0x7708,
	0x7709, 0x770A, 0x770B, 0x770C, 0x770D, 0x770E, 0x770F, 0x7710, 0x7711, 0x7712, 0x7713, 0x7714,
	0x7715, 0x7716, 0x7717, 0x7718, 0x7719, 0x771A, 0x771B, 0x771C, 0x771E, 0x771F, 0x7720, 0x7721,
	0x7722, 0x7723, 0x7724, 0x7725, 0x7726, 0x7727, 0x7728, 0x7729, 0x772A, 0x772B, 0x772C, 0x772D,
	0x772E, 0x772F, 0x7730, 0x7731, 0x7732, 0x7733, 0x7734, 0x7735, 0x7736, 0x7737, 0x7738, 0x7739,
	0x773A, 0x773B, 0x773C, 0x773D, 0x773E, 0x773F, 0x7740, 0x7741, 0x7742, 0x7743, 0x7744, 0x7745,
	0x7746, 0x7747, 0x7748, 0x7749, 0x774A, 0x774B, 0x774C, 0x774D, 0x774E, 0x774F, 0x7750, 0x7751,
	0x7752, 0x7753, 0x7754, 0x7756, 0x7757, 0x7758, 0x7759, 0x775A, 0x775B, 0x775C, 0x775D, 0x775E,
	0x775F, 0x7760, 0x7761, 0x7762, 0x7763, 0x7764, 0x7765, 0x7766, 0x7767, 0x7768, 0x7769, 0x776A,
	0x776B, 0x776C, 0x776D, 0x776E, 0x7770, 0x7771, 0x7772, 0x7773, 0x7774, 0x7775, 0x7776, 0x7777,
	0x7778, 0x7779, 0x777A, 0x777B, 0x777C, 0x777D, 0x777E, 0x777F, 0x7780, 0x7781, 0x7782, 0x7783,
	0x7784, 0x7785, 0x7786, 0x7787, 0x7788, 0x7789, 0x778A, 0x778B, 0x778C, 0x778D, 0x778E, 0x778F,
	0x7790, 0x7791, 0x7792, 0x7793, 0x7794, 0x7795, 0x7796, 0x7797, 0x7798, 0x7799, 0x779A, 0x779B,
	0x779C, 0x779D, 0x779E, 0x779F, 0x77A0, 0x77A1, 0x77A2, 0x77A3, 0x77A4, 0x77A5, 0x77A6, 0x77A7,
	0x77A8, 0x77A9, 0x77AA, 0x77AB, 0x77AC, 0x77AD, 0x77AE, 0x77AF, 0x77B0, 0x77B1, 0x77B2, 0x77B3,
	0x77B4, 0x77B5, 0x77B6, 0x77B7, 0x77B8, 0x77B9, 0x77BA, 0x77BB, 0x77BC, 0x77BD, 0x77BE, 0x77BF,
	0x77C0, 0x77C1, 0x77C3, 0x77C4, 0x77C5, 0x77C6, 0x77C7, 0x77C8, 0x77C9, 0x77CA, 0x77CB, 0x77CC,
	0x77CD, 0x77CE, 0x77CF, 0x77D0, 0x77D1, 0x77D2, 0x77D3, 0x77D4, 0x77D5, 0x77D6, 0x77D7, 0x77D8,
	0x77D9, 0x77DA, 0x77DB, 0x77DC, 0x77DD, 0x77DE, 0x77DF, 0x77E0, 0x77E1, 0x77E2, 0x77E3, 0x77E4,
	0x77E5, 0x77E6, 0x77E7, 0x77E8, 0x77E9, 0x77EA, 0x77EB, 0x77EC, 0x77ED, 0x77EE, 0x77EF, 0x77F0,
	0x77F1, 0x77F2, 0x77F3, 0x77F4, 0x77F5, 0x77F6, 0x77F7, 0x77F8, 0x77F9, 0x77FA, 0x77FB, 0x77FC,
	0x77FD, 0x77FE, 0x77FF, 0x7800, 0x7801, 0x7802, 0x7803, 0x7804, 0x7805, 0x7806, 0x7807, 0x7808,
	0x7809, 0x780A, 0x780B, 0x780C, 0x780D, 0x780E, 0x780F, 0x7810, 0x7811, 0x7812, 0x7813, 0x7814,
	0x7815, 0x7816, 0x7817, 0x7818, 0x7819, 0x781A, 0x781B, 0x781C, 0x781D, 0x781E, 0x781F, 0x7820,
	0x7821, 0x7822, 0x7823, 0x7824, 0x7825, 0x7826, 0x7827, 0x7828, 0x7829, 0x782A, 0x782B, 0x782C,
	0x782D, 0x782E, 0x782F, 0x7830, 0x7831, 0x7832, 0x7833, 0x7834, 0x7835, 0x7836, 0x7837, 0x7838,
	0x7839, 0x783A, 0x783B, 0x783C, 0x783D, 0x783E, 0x783F, 0x7840, 0x7841, 0x7842, 0x7843, 0x7844,
	0x7845, 0x7846, 0x7847, 0x7848, 0x7849, 0x784A, 0x784B, 0x784C, 0x784D, 0x784E, 0x784F, 0x7850,
	0x7851, 0x7852, 0x7853, 0x7854, 0x7855, 0x7856, 0x7857, 0x7858, 0x7859, 0x785A, 0x785B, 0x785C,
	0x785D, 0x785E, 0x785F, 0x7860, 0x7861, 0x7862, 0x7863, 0x7864, 0x7865, 0x7866, 0x7867, 0x7868,
	0x7869, 0x786A, 0x786B, 0x786C, 0x786D, 0x786E, 0x786F, 0x7870, 0x7871, 0x7872, 0x7873, 0x7874,
	0x7875, 0x7876, 0x7877, 0x7878, 0x7879, 0x787A, 0x787B, 0x787C, 0x787D, 0x787E, 0x787F, 0x7880,
	0x7881, 0x7882, 0x7883, 0x7884, 0x7885, 0x7886, 0x7887, 0x7888, 0x7889, 0x788A, 0x788B, 0x788C,
	0x788D, 0x788E, 0x788F, 0x7890, 0x7891, 0x7892, 0x7893, 0x7894, 0x7895, 0x7896, 0x7897, 0x7898,
	0x7899, 0x789A, 0x789B, 0x789C, 0x789D, 0x789E, 0x789F, 0x78A0, 0x78A1, 0x78A2, 0x78A3, 0x78A4,
	0x78A5, 0x78A6, 0x78A7, 0x78A8, 0x78A9, 0x78AA, 0x78AB, 0x78AC, 0x78AD, 0x78AE, 0x78AF, 0x78B0,
	0x78B1, 0x78B2, 0x78B3, 0x78B4, 0x78B5, 0x78B6, 0x78B7, 0x78B8, 0x78B9, 0x78BA, 0x78BB, 0x78BC,
	0x78BD, 0x78BE, 0x78BF, 0x78C0, 0x78C1, 0x78C2, 0x78C3, 0x78C4, 0x78C5, 0x78C6, 0x78C7, 0x78C8,
	0x78C9, 0x78CA, 0x78CB, 0x78CC, 0x78CD, 0x78CE, 0x78CF, 0x78D0, 0x78D1, 0x78D2, 0x78D3, 0x78D4,
	0x78D5, 0x78D6, 0x78D7, 0x78D8, 0x78D9, 0x78DA, 0x78DB, 0x78DC, 0x78DD, 0x78DE, 0x78DF, 0x78E0,
	0x78E1, 0x78E2, 0x78E3, 0x78E4, 0x78E5, 0x78E6, 0x78E7, 0x78E8, 0x78E9, 0x78EA, 0x78EB, 0x78EC,
	0x78ED, 0x78EE, 0x78EF, 0x78F0, 0x78F1, 0x78F2, 0x78F3, 0x78F4, 0x78F5, 0x78F6, 0x78F7, 0x78F8,
	0x78F9, 0x78FA, 0x78FB, 0x78FC, 0x78FD, 0x78FE, 0x78FF, 0x7900, 0x7901, 0x7902, 0x7903, 0x7904,
	0x7905, 0x7906, 0x7907, 0x7908, 0x7909, 0x790A, 0x790B, 0x790C, 0x790D, 0x790E, 0x790F, 0x7910,
	0x7911, 0x7912, 0x7913, 0x7914, 0x7915, 0x7916, 0x7917, 0x7918, 0x7919, 0x791A, 0x791B, 0x791D,
	0x791E, 0x791F, 0x7920, 0x7921, 0x7922, 0x7923, 0x7924, 0x7925, 0x7926, 0x7927, 0x7928, 0x7929,
	0x792A, 0x792B, 0x792C, 0x792D, 0x792E, 0x792F, 0x7930, 0x7931, 0x7932, 0x7933, 0x7934, 0x7935,
	0x7936, 0x7937, 0x7938, 0x7939, 0x793A, 0x793B, 0x793C, 0x793D, 0x793E, 0x793F, 0x7940, 0x7941,
	0x7942, 0x7943, 0x7944, 0x7945, 0x7946, 0x7947, 0x7948, 0x7949, 0x794A, 0x794B, 0x794C, 0x794D,
	0x794E, 0x794F, 0x7950, 0x7951, 0x7952, 0x7953, 0x7954, 0x7955, 0x7956, 0x7957, 0x7958, 0x7959,
	0x795A, 0x795B, 0x795C, 0x795D, 0x795E, 0x795F, 0x7960, 0x7961, 0x7962, 0x7963, 0x7964, 0x7965,
	0x7966, 0x7967, 0x7968, 0x7969, 0x796A, 0x796B, 0x796C, 0x796D, 0x796E, 0x796F, 0x7970, 0x7971,
	0x7972, 0x7974, 0x7975, 0x7976, 0x7977, 0x7978, 0x7979, 0x797A, 0x797B, 0x797C, 0x797D, 0x797E,
	0x797F, 0x7980, 0x7981, 0x7982, 0x7983, 0x7984, 0x7985, 0x7986, 0x7987, 0x7988, 0x7989, 0x798A,
	0x798B, 0x798C, 0x798D, 0x798E, 0x798F, 0x7990, 0x7991, 0x7992, 0x7993, 0x7994, 0x7995, 0x7996,
	0x7997, 0x7998, 0x7999, 0x799A, 0x799B, 0x799C, 0x799D, 0x799E, 0x799F, 0x79A0, 0x79A1, 0x79A2,
	0x79A3, 0x79A4, 0x79A5, 0x79A6, 0x79A7, 0x79A8, 0x79A9, 0x79AA, 0x79AB, 0x79AC, 0x79AD, 0x79AE,
	0x79AF, 0x79B0, 0x79B1, 0x79B2, 0x79B3, 0x79B4, 0x79B5, 0x79B6, 0x79B7, 0x79B8, 0x79B9, 0x79BA,
	0x79BB, 0x79BC, 0x79BD, 0x79BE, 0x79BF, 0x79C0, 0x79C1, 0x79C2, 0x79C3, 0x79C4, 0x79C5, 0x79C6,
	0x79C7, 0x79C8, 0x79C9, 0x79CA, 0x79CB, 0x79CC, 0x79CD, 0x79CE, 0x79CF, 0x79D0, 0x79D1, 0x79D2,
	0x79D3, 0x79D4, 0x79D5, 0x79D6, 0x79D7, 0x79D8, 0x79D9, 0x79DA, 0x79DB, 0x79DC, 0x79DD, 0x79DE,
	0x79DF, 0x79E0, 0x79E1, 0x79E2, 0x79E3, 0x79E4, 0x79E5, 0x79E6, 0x79E7, 0x79E8, 0x79E9, 0x79EA,
	0x79EB, 0x79EC, 0x79ED, 0x79EE, 0x79EF, 0x79F0, 0x79F1, 0x79F2, 0x79F3, 0x79F4, 0x79F5, 0x79F6,
	0x79F7, 0x79F8, 0x79F9, 0x79FA, 0x79FB, 0x79FC, 0x79FD, 0x79FE, 0x79FF, 0x7A00, 0x7A01, 0x7A02,
	0x7A03, 0x7A04, 0x7A05, 0x7A06, 0x7A07, 0x7A08, 0x7A09, 0x7A0A, 0x7A0B, 0x7A0C, 0x7A0D, 0x7A0E,
	0x7A0F, 0x7A10, 0x7A11, 0x7A12, 0x7A13, 0x7A14, 0x7A15, 0x7A16, 0x7A17, 0x7A18, 0x7A19, 0x7A1A,
	0x7A1B, 0x7A1C, 0x7A1D, 0x7A1E, 0x7A1F, 0x7A20, 0x7A21, 0x7A22, 0x7A23, 0x7A24, 0x7A25, 0x7A26,
	0x7A27, 0x7A28, 0x7A29, 0x7A2A, 0x7A2B, 0x7A2C, 0x7A2D, 0x7A2E, 0x7A2F, 0x7A30, 0x7A31, 0x7A32,
	0x7A33, 0x7A34, 0x7A35, 0x7A36, 0x7A37, 0x7A38, 0x7A39, 0x7A3A, 0x7A3B, 0x7A3C, 0x7A3D, 0x7A3E,
	0x7A3F, 0x7A40, 0x7A41, 0x7A42, 0x7A43, 0x7A44, 0x7A45, 0x7A46, 0x7A47, 0x7A48, 0x7A49, 0x7A4A,
	0x7A4B, 0x7A4C, 0x7A4D, 0x7A4E, 0x7A4F, 0x7A50, 0x7A51, 0x7A52, 0x7A53, 0x7A54, 0x7A55, 0x7A56,
	0x7A57, 0x7A58, 0x7A59, 0x7A5A, 0x7A5B, 0x7A5C, 0x7A5D, 0x7A5E, 0x7A5F, 0x7A60, 0x7A61, 0x7A62,
	0x7A63, 0x7A64, 0x7A65, 0x7A66, 0x7A67, 0x7A68, 0x7A69, 0x7A6A, 0x7A6B, 0x7A6C, 0x7A6D, 0x7A6E,
	0x7A6F, 0x7A70, 0x7A71, 0x7A72, 0x7A73, 0x7A74, 0x7A75, 0x7A76, 0x7A77, 0x7A78, 0x7A79, 0x7A7A,
	0x7A7B, 0x7A7C, 0x7A7D, 0x7A7E, 0x7A7F, 0x7A80, 0x7A81, 0x7A82, 0x7A83, 0x7A84, 0x7A85, 0x7A86,
	0x7A87, 0x7A88, 0x7A89, 0x7A8A, 0x7A8B, 0x7A8C, 0x7A8D, 0x7A8E, 0x7A8F, 0x7A90, 0x7A91, 0x7A92,
	0x7A93, 0x7A94, 0x7A95, 0x7A96, 0x7A97, 0x7A98, 0x7A99, 0x7A9A, 0x7A9B, 0x7A9C, 0x7A9D, 0x7A9E,
	0x7A9F, 0x7AA0, 0x7AA1, 0x7AA2, 0x7AA3, 0x7AA4, 0x7AA5, 0x7AA6, 0x7AA7, 0x7AA8, 0x7AA9, 0x7AAA,
	0x7AAB, 0x7AAC, 0x7AAD, 0x7AAE, 0x7AAF, 0x7AB0, 0x7AB1, 0x7AB2, 0x7AB3, 0x7AB4, 0x7AB5, 0x7AB6,
	0x7AB7, 0x7AB8, 0x7AB9, 0x7ABA, 0x7ABB, 0x7ABC, 0x7ABD, 0x7ABE, 0x7ABF, 0x7AC0, 0x7AC1, 0x7AC2,
	0x7AC3, 0x7AC4, 0x7AC5, 0x7AC6, 0x7AC7, 0x7AC8, 0x7AC9, 0x7ACA, 0x7ACB, 0x7ACC, 0x7ACD, 0x7ACE,
	0x7ACF, 0x7AD0, 0x7AD1, 0x7AD2, 0x7AD3, 0x7AD4, 0x7AD5, 0x7AD6, 0x7AD7, 0x7AD8, 0x7AD9, 0x7ADA,
	0x7ADB, 0x7ADC, 0x7ADD, 0x7ADE, 0x7ADF, 0x7AE0, 0x7AE1, 0x7AE2, 0x7AE3, 0x7AE4, 0x7AE5, 0x7AE6,
	0x7AE7, 0x7AE8, 0x7AE9, 0x7AEA, 0x7AEB, 0x7AEC, 0x7AED, 0x7AEE, 0x7AEF, 0x7AF0, 0x7AF1, 0x7AF2,
	0x7AF3, 0x7AF4, 0x7AF5, 0x7AF6, 0x7AF7, 0x7AF8, 0x7AF9, 0x7AFA, 0x7AFB, 0x7AFC, 0x7AFD, 0x7AFE,
	0x7AFF, 0x7B00, 0x7B01, 0x7B02, 0x7B03, 0x7B04, 0x7B05, 0x7B06, 0x7B07, 0x7B08, 0x7B09, 0x7B0A,
	0x7B0B, 0x7B0C, 0x7B0D, 0x7B0E, 0x7B0F, 0x7B10, 0x7B11, 0x7B12, 0x7B13, 0x7B14, 0x7B15, 0x7B16,
	0x7B17, 0x7B18, 0x7B19, 0x7B1A, 0x7B1B, 0x7B1C, 0x7B1D, 0x7B1E, 0x7B1F, 0x7B20, 0x7B21, 0x7B22,
	0x7B23, 0x7B24, 0x7B25, 0x7B26, 0x7B27, 0x7B28, 0x7B29, 0x7B2A, 0x7B2B, 0x7B2C, 0x7B2D, 0x7B2E,
	0x7B2F, 0x7B30, 0x7B31, 0x7B32, 0x7B33, 0x7B34, 0x7B35, 0x7B36, 0x7B37, 0x7B38, 0x7B39, 0x7B3A,
	0x7B3B, 0x7B3C, 0x7B3D, 0x7B3E, 0x7B3F, 0x7B40, 0x7B41, 0x7B42, 0x7B43, 0x7B44, 0x7B45, 0x7B46,
	0x7B47, 0x7B48, 0x7B49, 0x7B4A, 0x7B4B, 0x7B4C, 0x7B4D, 0x7B4E, 0x7B4F, 0x7B50, 0x7B51, 0x7B52,
	0x7B53, 0x7B54, 0x7B55, 0x7B56, 0x7B57, 0x7B58, 0x7B59, 0x7B5A, 0x7B5B, 0x7B5C, 0x7B5D, 0x7B5E,
	0x7B5F, 0x7B60, 0x7B61, 0x7B62, 0x7B63, 0x7B64, 0x7B65, 0x7B66, 0x7B67, 0x7B68, 0x7B69, 0x7B6A,
	0x7B6B, 0x7B6C, 0x7B6D, 0x7B6E, 0x7B6F, 0x7B70, 0x7B71, 0x7B72, 0x7B73, 0x7B74, 0x7B75, 0x7B76,
	0x7B77, 0x7B78, 0x7B79, 0x7B7A, 0x7B7B, 0x7B7C, 0x7B7D, 0x7B7E, 0x7B7F, 0x7B80, 0x7B81, 0x7B82,
	0x7B83, 0x7B84, 0x7B85, 0x7B86, 0x7B87, 0x7B88, 0x7B89, 0x7B8A, 0x7B8B, 0x7B8C, 0x7B8D, 0x7B8E,
	0x7B8F, 0x7B90, 0x7B91, 0x7B92, 0x7B93, 0x7B94, 0x7B95, 0x7B96, 0x7B97, 0x7B98, 0x7B99, 0x7B9A,
	0x7B9B, 0x7B9C, 0x7B9D, 0x7B9E, 0x7B9F, 0x7BA0, 0x7BA1, 0x7BA2, 0x7BA3, 0x7BA4, 0x7BA5, 0x7BA6,
	0x7BA7, 0x7BA8, 0x7BA9, 0x7BAA, 0x7BAB, 0x7BAC, 0x7BAD, 0x7BAE, 0x7BAF, 0x7BB0, 0x7BB1, 0x7BB2,
	0x7BB3, 0x7BB4, 0x7BB5, 0x7BB6, 0x7BB7, 0x7BB8, 0x7BB9, 0x7BBA, 0x7BBB, 0x7BBC, 0x7BBD, 0x7BBE,
	0x7BBF, 0x7BC0, 0x7BC1, 0x7BC2, 0x7BC3, 0x7BC4, 0x7BC5, 0x7BC6, 0x7BC7, 0x7BC8, 0x7BC9, 0x7BCA,
	0x7BCB, 0x7BCC, 0x7BCD, 0x7BCE, 0x7BCF, 0x7BD0, 0x7BD1, 0x7BD2, 0x7BD3, 0x7BD4, 0x7BD5, 0x7BD6,
	0x7BD7, 0x7BD8, 0x7BD9, 0x7BDA, 0x7BDB, 0x7BDC, 0x7BDD, 0x7BDE, 0x7BDF, 0x7BE0, 0x7BE1, 0x7BE2,
	0x7BE3, 0x7BE4, 0x7BE5, 0x7BE6, 0x7BE7, 0x7BE8, 0x7BE9, 0x7BEA, 0x7BEB, 0x7BEC, 0x7BED, 0x7BEE,
	0x7BEF, 0x7BF0, 0x7BF1, 0x7BF2, 0x7BF3, 0x7BF4, 0x7BF5, 0x7BF6, 0x7BF7, 0x7BF8, 0x7BF9, 0x7BFA,
	0x7BFB, 0x7BFC, 0x7BFD, 0x7BFE, 0x7BFF, 0x7C00, 0x7C01, 0x7C02, 0x7C03, 0x7C04, 0x7C05, 0x7C06,
	0x7C07, 0x7C08, 0x7C09, 0x7C0A, 0x7C0B, 0x7C0C, 0x7C0D, 0x7C0E, 0x7C0F, 0x7C10, 0x7C11, 0x7C12,
	0x7C13, 0x7C14, 0x7C15, 0x7C16, 0x7C17, 0x7C18, 0x7C19, 0x7C1A, 0x7C1B, 0x7C1C, 0x7C1D, 0x7C1E,
	0x7C1F, 0x7C20, 0x7C21, 0x7C22, 0x7C23, 0x7C24, 0x7C25, 0x7C26, 0x7C27, 0x7C28, 0x7C29, 0x7C2A,
	0x7C2B, 0x7C2C, 0x7C2D, 0x7C2E, 0x7C2F, 0x7C30, 0x7C31, 0x7C32, 0x7C33, 0x7C34, 0x7C35, 0x7C36,
	0x7C37, 0x7C38, 0x7C39, 0x7C3A, 0x7C3B, 0x7C3C, 0x7C3D, 0x7C3E, 0x7C3F, 0x7C40, 0x7C41, 0x7C42,
	0x7C43, 0x7C44, 0x7C45, 0x7C46, 0x7C47, 0x7C48, 0x7C49, 0x7C4A, 0x7C4B, 0x7C4C, 0x7C4D, 0x7C4E,
	0x7C4F, 0x7C50, 0x7C51, 0x7C52, 0x7C53, 0x7C54, 0x7C55, 0x7C56, 0x7C57, 0x7C58, 0x7C59, 0x7C5A,
	0x7C5B, 0x7C5C, 0x7C5D, 0x7C5E, 0x7C5F, 0x7C60, 0x7C61, 0x7C62, 0x7C63, 0x7C64, 0x7C65, 0x7C66,
	0x7C67, 0x7C68, 0x7C69, 0x7C6A, 0x7C6B, 0x7C6C, 0x7C6D, 0x7C6E, 0x7C6F, 0x7C70, 0x7C71, 0x7C72,
	0x7C73, 0x7C74, 0x7C75, 0x7C76, 0x7C77, 0x7C78, 0x7C79, 0x7C7A, 0x7C7B, 0x7C7C, 0x7C7D, 0x7C7E,
	0x7C7F, 0x7C80, 0x7C81, 0x7C82, 0x7C83, 0x7C84, 0x7C85, 0x7C86, 0x7C87, 0x7C88, 0x7C89, 0x7C8A,
	0x7C8B, 0x7C8C, 0x7C8D, 0x7C8E, 0x7C8F, 0x7C90, 0x7C91, 0x7C92, 0x7C93, 0x7C94, 0x7C95, 0x7C96,
	0x7C97, 0x7C98, 0x7C99, 0x7C9A, 0x7C9B, 0x7C9C, 0x7C9D, 0x7C9E, 0x7C9F, 0x7CA0, 0x7CA1, 0x7CA2,
	0x7CA3, 0x7CA4, 0x7CA5, 0x7CA6, 0x7CA7, 0x7CA8, 0x7CA9, 0x7CAA, 0x7CAB, 0x7CAC, 0x7CAD, 0x7CAE,
	0x7CAF, 0x7CB0, 0x7CB1, 0x7CB2, 0x7CB3, 0x7CB4, 0x7CB5, 0x7CB6, 0x7CB7, 0x7CB8, 0x7CB9, 0x7CBA,
	0x7CBB, 0x7CBC, 0x7CBD, 0x7CBE, 0x7CBF, 0x7CC0, 0x7CC1, 0x7CC2, 0x7CC3, 0x7CC4, 0x7CC5, 0x7CC6,
	0x7CC7, 0x7CC8, 0x7CC9, 0x7CCA, 0x7CCB, 0x7CCC, 0x7CCD, 0x7CCE, 0x7CCF, 0x7CD0, 0x7CD1, 0x7CD2,
	0x7CD3, 0x7CD4, 0x7CD5, 0x7CD6, 0x7CD7, 0x7CD8, 0x7CD9, 0x7CDA, 0x7CDB, 0x7CDC, 0x7CDD, 0x7CDE,
	0x7CDF, 0x7CE0, 0x7CE1, 0x7CE2, 0x7CE3, 0x7CE4, 0x7CE5, 0x7CE6, 0x7CE7, 0x7CE8, 0x7CE9, 0x7CEA,
	0x7CEB, 0x7CEC, 0x7CED, 0x7CEE, 0x7CEF, 0x7CF0, 0x7CF1, 0x7CF2, 0x7CF3, 0x7CF4, 0x7CF5, 0x7CF6,
	0x7CF7, 0x7CF8, 0x7CF9, 0x7CFA, 0x7CFB, 0x7CFC, 0x7CFD, 0x7CFE, 0x7CFF, 0x7D00, 0x7D01, 0x7D02,
	0x7D03, 0x7D04, 0x7D05, 0x7D06, 0x7D07, 0x7D08, 0x7D09, 0x7D0A, 0x7D0B, 0x7D0C, 0x7D0D, 0x7D0E,
	0x7D0F, 0x7D10, 0x7D11, 0x7D12, 0x7D13, 0x7D14, 0x7D15, 0x7D16, 0x7D17, 0x7D18, 0x7D19, 0x7D1A,
	0x7D1B, 0x7D1C, 0x7D1D, 0x7D1E, 0x7D1F, 0x7D20, 0x7D21, 0x7D22, 0x7D23, 0x7D24, 0x7D25, 0x7D26,
	0x7D27, 0x7D28, 0x7D29, 0x7D2A, 0x7D2B, 0x7D2C, 0x7D2D, 0x7D2E, 0x7D2F, 0x7D30, 0x7D31, 0x7D32,
	0x7D33, 0x7D34, 0x7D35, 0x7D36, 0x7D37, 0x7D38, 0x7D39, 0x7D3A, 0x7D3B, 0x7D3C, 0x7D3D, 0x7D3E,
	0x7D3F, 0x7D40, 0x7D41, 0x7D42, 0x7D43, 0x7D44, 0x7D45, 0x7D46, 0x7D47, 0x7D48, 0x7D49, 0x7D4A,
	0x7D4B, 0x7D4C, 0x7D4D, 0x7D4E, 0x7D4F, 0x7D50, 0x7D51, 0x7D52, 0x7D53, 0x7D54, 0x7D55, 0x7D56,
	0x7D57, 0x7D58, 0x7D59, 0x7D5A, 0x7D5B, 0x7D5C, 0x7D5D, 0x7D5E, 0x7D5F, 0x7D60, 0x7D61, 0x7D62,
	0x7D63, 0x7D64, 0x7D65, 0x7D66, 0x7D67, 0x7D68, 0x7D69, 0x7D6A, 0x7D6B, 0x7D6C, 0x7D6D, 0x7D6E,
	0x7D6F, 0x7D70, 0x7D71, 0x7D72, 0x7D73, 0x7D74, 0x7D75, 0x7D76, 0x7D77, 0x7D78, 0x7D79, 0x7D7A,
	0x7D7B, 0x7D7C, 0x7D7D, 0x7D7E, 0x7D7F, 0x7D80, 0x7D81, 0x7D82, 0x7D83, 0x7D84, 0x7D85, 0x7D86,
	0x7D87, 0x7D88, 0x7D89, 0x7D8A, 0x7D8B, 0x7D8C, 0x7D8D, 0x7D8E, 0x7D8F, 0x7D90, 0x7D91, 0x7D92,
	0x7D93, 0x7D94, 0x7D95, 0x7D96, 0x7D97, 0x7D98, 0x7D99, 0x7D9A, 0x7D9B, 0x7D9C, 0x7D9D, 0x7D9E,
	0x7D9F, 0x7DA0, 0x7DA1, 0x7DA2, 0x7DA3, 0x7DA4, 0x7DA5, 0x7DA6, 0x7DA7, 0x7DA8, 0x7DA9, 0x7DAA,
	0x7DAB, 0x7DAC, 0x7DAD, 0x7DAE, 0x7DAF, 0x7DB0, 0x7DB1, 0x7DB2, 0x7DB3, 0x7DB4, 0x7DB5, 0x7DB6,
	0x7DB7, 0x7DB8, 0x7DB9, 0x7DBA, 0x7DBB, 0x7DBC, 0x7DBD, 0x7DBE, 0x7DBF, 0x7DC0, 0x7DC1, 0x7DC2,
	0x7DC3, 0x7DC4, 0x7DC5, 0x7DC6, 0x7DC7, 0x7DC8, 0x7DC9, 0x7DCA, 0x7DCB, 0x7DCC, 0x7DCD, 0x7DCE,
	0x7DCF, 0x7DD0, 0x7DD1, 0x7DD2, 0x7DD3, 0x7DD4, 0x7DD5, 0x7DD6, 0x7DD7, 0x7DD8, 0x7DD9, 0x7DDA,
	0x7DDB, 0x7DDC, 0x7DDD, 0x7DDE, 0x7DDF, 0x7DE0, 0x7DE1, 0x7DE2, 0x7DE3, 0x7DE4, 0x7DE5, 0x7DE6,
	0x7DE7, 0x7DE8, 0x7DE9, 0x7DEA, 0x7DEB, 0x7DEC, 0x7DED, 0x7DEE, 0x7DEF, 0x7DF1, 0x7DF2, 0x7DF3,
	0x7DF4, 0x7DF5, 0x7DF6, 0x7DF7, 0x7DF8, 0x7DF9, 0x7DFA, 0x7DFB, 0x7DFC, 0x7DFD, 0x7DFE, 0x7DFF,
	0x7E00, 0x7E01, 0x7E02, 0x7E03, 0x7E04, 0x7E05, 0x7E06, 0x7E07, 0x7E08, 0x7E09, 0x7E0A, 0x7E0B,
	0x7E0C, 0x7E0D, 0x7E0E, 0x7E0F, 0x7E10, 0x7E11, 0x7E12, 0x7E13, 0x7E14, 0x7E15, 0x7E16, 0x7E17,
	0x7E18, 0x7E19, 0x7E1A, 0x7E1B, 0x7E1C, 0x7E1D, 0x7E1E, 0x7E1F, 0x7E20, 0x7E21, 0x7E22, 0x7E23,
	0x7E24, 0x7E25, 0x7E26, 0x7E27, 0x7E28, 0x7E29, 0x7E2A, 0x7E2B, 0x7E2C, 0x7E2D, 0x7E2E, 0x7E2F,
	0x7E30, 0x7E31, 0x7E32, 0x7E33, 0x7E34, 0x7E35, 0x7E36, 0x7E37, 0x7E38, 0x7E39, 0x7E3A, 0x7E3B,
	0x7E3C, 0x7E3D, 0x7E3E, 0x7E3F, 0x7E40, 0x7E41, 0x7E42, 0x7E43, 0x7E44, 0x7E45, 0x7E46, 0x7E47,
	0x7E48, 0x7E49, 0x7E4A, 0x7E4B, 0x7E4C, 0x7E4D, 0x7E4E, 0x7E4F, 0x7E50, 0x7E51, 0x7E52, 0x7E53,
	0x7E54, 0x7E55, 0x7E56, 0x7E57, 0x7E58, 0x7E59, 0x7E5A, 0x7E5B, 0x7E5C, 0x7E5D, 0x7E5E, 0x7E5F,
	0x7E60, 0x7E61, 0x7E62, 0x7E63, 0x7E64, 0x7E65, 0x7E66, 0x7E67, 0x7E68, 0x7E69, 0x7E6A, 0x7E6B,
	0x7E6C, 0x7E6D, 0x7E6E, 0x7E6F, 0x7E70, 0x7E71, 0x7E72, 0x7E73, 0x7E74, 0x7E75, 0x7E76, 0x7E77,
	0x7E78, 0x7E79, 0x7E7A, 0x7E7B, 0x7E7C, 0x7E7D, 0x7E7E, 0x7E7F, 0x7E80, 0x7E81, 0x7E82, 0x7E83,
	0x7E84, 0x7E85, 0x7E86, 0x7E87, 0x7E88, 0x7E89, 0x7E8A, 0x7E8B, 0x7E8C, 0x7E8D, 0x7E8E, 0x7E8F,
	0x7E90, 0x7E91, 0x7E92, 0x7E93, 0x7E94, 0x7E95, 0x7E96, 0x7E97, 0x7E98, 0x7E99, 0x7E9A, 0x7E9B,
	0x7E9C, 0x7E9D, 0x7E9E, 0x7E9F, 0x7EA0, 0x7EA1, 0x7EA2, 0x7EA3, 0x7EA4, 0x7EA5, 0x7EA6, 0x7EA7,
	0x7EA8, 0x7EA9, 0x7EAA, 0x7EAB, 0x7EAC, 0x7EAD, 0x7EAE, 0x7EAF, 0x7EB0, 0x7EB1, 0x7EB2, 0x7EB3,
	0x7EB4, 0x7EB5, 0x7EB6, 0x7EB7, 0x7EB8, 0x7EB9, 0x7EBA, 0x7EBB, 0x7EBC, 0x7EBD, 0x7EBE, 0x7EBF,
	0x7EC0, 0x7EC1, 0x7EC2, 0x7EC3, 0x7EC4, 0x7EC5, 0x7EC6, 0x7EC7, 0x7EC8, 0x7EC9, 0x7ECA, 0x7ECB,
	0x7ECC, 0x7ECD, 0x7ECE, 0x7ECF, 0x7ED0, 0x7ED1, 0x7ED2, 0x7ED3, 0x7ED4, 0x7ED5, 0x7ED6, 0x7ED7,
	0x7ED8, 0x7ED9, 0x7EDA, 0x7EDB, 0x7EDC, 0x7EDD, 0x7EDE, 0x7EDF, 0x7EE0, 0x7EE1, 0x7EE2, 0x7EE3,
	0x7EE4, 0x7EE5, 0x7EE6, 0x7EE7, 0x7EE8, 0x7EE9, 0x7EEA, 0x7EEB, 0x7EEC, 0x7EED, 0x7EEE, 0x7EEF,
	0x7EF0, 0x7EF1, 0x7EF2, 0x7EF3, 0x7EF4, 0x7EF5, 0x7EF6, 0x7EF7, 0x7EF8, 0x7EF9, 0x7EFA, 0x7EFB,
	0x7EFC, 0x7EFD, 0x7EFE, 0x7EFF, 0x7F00, 0x7F01, 0x7F02, 0x7F03, 0x7F04, 0x7F05, 0x7F06, 0x7F07,
	0x7F08, 0x7F09, 0x7F0A, 0x7F0B, 0x7F0C, 0x7F0D, 0x7F0E, 0x7F0F, 0x7F10, 0x7F11, 0x7F12, 0x7F13,
	0x7F14, 0x7F15, 0x7F16, 0x7F17, 0x7F18, 0x7F19, 0x7F1A, 0x7F1B, 0x7F1C, 0x7F1D, 0x7F1E, 0x7F1F,
	0x7F20, 0x7F21, 0x7F22, 0x7F23, 0x7F24, 0x7F25, 0x7F26, 0x7F27, 0x7F28, 0x7F29, 0x7F2A, 0x7F2B,
	0x7F2C, 0x7F2D, 0x7F2E, 0x7F2F, 0x7F30, 0x7F31, 0x7F32, 0x7F33, 0x7F34, 0x7F35, 0x7F36, 0x7F37,
	0x7F38, 0x7F39, 0x7F3A, 0x7F3B, 0x7F3C, 0x7F3D, 0x7F3E, 0x7F3F, 0x7F40, 0x7F41, 0x7F42, 0x7F43,
	0x7F44, 0x7F45, 0x7F46, 0x7F47, 0x7F48, 0x7F4A, 0x7F4B, 0x7F4C, 0x7F4D, 0x7F4E, 0x7F4F, 0x7F50,
	0x7F51, 0x7F52, 0x7F54, 0x7F55, 0x7F56, 0x7F57, 0x7F58, 0x7F59, 0x7F5A, 0x7F5B, 0x7F5C, 0x7F5D,
	0x7F5E, 0x7F5F, 0x7F60, 0x7F61, 0x7F62, 0x7F63, 0x7F64, 0x7F65, 0x7F66, 0x7F67, 0x7F68, 0x7F69,
	0x7F6A, 0x7F6B, 0x7F6C, 0x7F6D, 0x7F6E, 0x7F6F, 0x7F70, 0x7F71, 0x7F72, 0x7F73, 0x7F74, 0x7F75,
	0x7F76, 0x7F77, 0x7F78, 0x7F79, 0x7F7A, 0x7F7B, 0x7F7C, 0x7F7D, 0x7F7E, 0x7F7F, 0x7F80, 0x7F81,
	0x7F82, 0x7F83, 0x7F84, 0x7F85, 0x7F86, 0x7F87, 0x7F88, 0x7F89, 0x7F8A, 0x7F8B, 0x7F8C, 0x7F8D,
	0x7F8E, 0x7F8F, 0x7F90, 0x7F91, 0x7F92, 0x7F93, 0x7F94, 0x7F95, 0x7F96, 0x7F97, 0x7F98, 0x7F99,
	0x7F9A, 0x7F9B, 0x7F9C, 0x7F9D, 0x7F9E, 0x7F9F, 0x7FA0, 0x7FA1, 0x7FA2, 0x7FA3, 0x7FA4, 0x7FA5,
	0x7FA6, 0x7FA7, 0x7FA8, 0x7FA9, 0x7FAA, 0x7FAB, 0x7FAC, 0x7FAD, 0x7FAE, 0x7FAF, 0x7FB0, 0x7FB1,
	0x7FB2, 0x7FB3, 0x7FB4, 0x7FB5, 0x7FB6, 0x7FB7, 0x7FB8, 0x7FB9, 0x7FBA, 0x7FBB, 0x7FBC, 0x7FBD,
	0x7FBE, 0x7FBF, 0x7FC0, 0x7FC1, 0x7FC2, 0x7FC3, 0x7FC4, 0x7FC5, 0x7FC6, 0x7FC7, 0x7FC8, 0x7FC9,
	0x7FCA, 0x7FCB, 0x7FCC, 0x7FCD, 0x7FCE, 0x7FCF, 0x7FD0, 0x7FD1, 0x7FD2, 0x7FD3, 0x7FD4, 0x7FD5,
	0x7FD6, 0x7FD7, 0x7FD8, 0x7FD9, 0x7FDA, 0x7FDB, 0x7FDC, 0x7FDD, 0x7FDE, 0x7FDF, 0x7FE0, 0x7FE1,
	0x7FE2, 0x7FE3, 0x7FE4, 0x7FE5, 0x7FE6, 0x7FE7, 0x7FE8, 0x7FE9, 0x7FEA, 0x7FEB, 0x7FEC, 0x7FED,
	0x7FEE, 0x7FEF, 0x7FF0, 0x7FF1, 0x7FF2, 0x7FF3, 0x7FF4, 0x7FF5, 0x7FF6, 0x7FF7, 0x7FF8, 0x7FF9,
	0x7FFA, 0x7FFB, 0x7FFC, 0x7FFD, 0x7FFE, 0x7FFF, 0x8000, 0x8001, 0x8002, 0x8003, 0x8004, 0x8005,
	0x8006, 0x8007, 0x8008, 0x8009, 0x800A, 0x800B, 0x800C, 0x800D, 0x800E, 0x800F, 0x8010, 0x8011,
	0x8012, 0x8013, 0x8014, 0x8015, 0x8016, 0x8017, 0x8018, 0x8019, 0x801A, 0x801B, 0x801C, 0x801D,
	0x801E, 0x801F, 0x8020, 0x8021, 0x8022, 0x8023, 0x8024, 0x8025, 0x8026, 0x8027, 0x8028, 0x8029,
	0x802A, 0x802B, 0x802C, 0x802D, 0x802E, 0x802F, 0x8030, 0x8031, 0x8032, 0x8033, 0x8034, 0x8035,
	0x8036, 0x8037, 0x8038, 0x8039, 0x803A, 0x803B, 0x803C, 0x803D, 0x803E, 0x803F, 0x8040, 0x8041,
	0x8042, 0x8043, 0x8044, 0x8045, 0x8046, 0x8047, 0x8048, 0x8049, 0x804A, 0x804B, 0x804C, 0x804D,
	0x804E, 0x804F, 0x8050, 0x8051, 0x8052, 0x8053, 0x8054, 0x8055, 0x8056, 0x8057, 0x8058, 0x8059,
	0x805A, 0x805B, 0x805C, 0x805D, 0x805E, 0x805F, 0x8060, 0x8061, 0x8062, 0x8063, 0x8064, 0x8065,
	0x8066, 0x8067, 0x8068, 0x8069, 0x806A, 0x806B, 0x806C, 0x806D, 0x806E, 0x806F, 0x8070, 0x8071,
	0x8072, 0x8073, 0x8074, 0x8075, 0x8076, 0x8077, 0x8078, 0x8079, 0x807A, 0x807B, 0x807C, 0x807D,
	0x807E, 0x807F, 0x8081, 0x8082, 0x8083, 0x8084, 0x8085, 0x8086, 0x8087, 0x8088, 0x8089, 0x808A,
	0x808B, 0x808C, 0x808D, 0x808E, 0x808F, 0x8090, 0x8091, 0x8092, 0x8093, 0x8094, 0x8095, 0x8096,
	0x8097, 0x8098, 0x8099, 0x809A, 0x809B, 0x809C, 0x809D, 0x809E, 0x80A0, 0x80A1, 0x80A2, 0x80A3,
	0x80A4, 0x80A5, 0x80A6, 0x80A7, 0x80A8, 0x80A9, 0x80AA, 0x80AB, 0x80AC, 0x80AD, 0x80AE, 0x80AF,
	0x80B0, 0x80B1, 0x80B2, 0x80B3, 0x80B4, 0x80B5, 0x80B6, 0x80B7, 0x80B8, 0x80B9, 0x80BA, 0x80BB,
	0x80BC, 0x80BD, 0x80BE, 0x80BF, 0x80C0, 0x80C1, 0x80C2, 0x80C3, 0x80C4, 0x80C5, 0x80C6, 0x80C7,
	0x80C8, 0x80C9, 0x80CA, 0x80CB, 0x80CC, 0x80CD, 0x80CE, 0x80CF, 0x80D0, 0x80D1, 0x80D2, 0x80D3,
	0x80D4, 0x80D5, 0x80D6, 0x80D7, 0x80D8, 0x80D9, 0x80DA, 0x80DB, 0x80DC, 0x80DD, 0x80DE, 0x80DF,
	0x80E0, 0x80E1, 0x80E2, 0x80E3, 0x80E4, 0x80E5, 0x80E6, 0x80E7, 0x80E8, 0x80E9, 0x80EA, 0x80EB,
	0x80EC, 0x80ED, 0x80EE, 0x80EF, 0x80F0, 0x80F1, 0x80F2, 0x80F3, 0x80F4, 0x80F5, 0x80F6, 0x80F7,
	0x80F8, 0x80F9, 0x80FA, 0x80FB, 0x80FC, 0x80FD, 0x80FE, 0x80FF, 0x8100, 0x8101, 0x8102, 0x8103,
	0x8104, 0x8105, 0x8106, 0x8107, 0x8108, 0x8109, 0x810A, 0x810B, 0x810C, 0x810D, 0x810E, 0x810F,
	0x8110, 0x8111, 0x8112, 0x8113, 0x8114, 0x8115, 0x8116, 0x8117, 0x8118, 0x8119, 0x811A, 0x811B,
	0x811C, 0x811D, 0x811E, 0x811F, 0x8120, 0x8121, 0x8122, 0x8123, 0x8124, 0x8125, 0x8126, 0x8127,
	0x8128, 0x8129, 0x812A, 0x812B, 0x812C, 0x812D, 0x812E, 0x812F, 0x8130, 0x8131, 0x8132, 0x8133,
	0x8134, 0x8135, 0x8136, 0x8137, 0x8138, 0x8139, 0x813A, 0x813B, 0x813C, 0x813D, 0x813E, 0x813F,
	0x8140, 0x8141, 0x8142, 0x8143, 0x8144, 0x8145, 0x8146, 0x8147, 0x8148, 0x8149, 0x814A, 0x814B,
	0x814C, 0x814D, 0x814E, 0x814F, 0x8150, 0x8151, 0x8152, 0x8153, 0x8154, 0x8155, 0x8156, 0x8157,
	0x8158, 0x8159, 0x815A, 0x815B, 0x815C, 0x815D, 0x815E, 0x815F, 0x8160, 0x8161, 0x8162, 0x8163,
	0x8165, 0x8166, 0x8167, 0x8168, 0x8169, 0x816A, 0x816B, 0x816C, 0x816D, 0x816E, 0x816F, 0x8170,
	0x8171, 0x8172, 0x8173, 0x8174, 0x8175, 0x8176, 0x8177, 0x8178, 0x8179, 0x817A, 0x817B, 0x817C,
	0x817D, 0x817E, 0x817F, 0x8180, 0x8181, 0x8182, 0x8183, 0x8184, 0x8185, 0x8186, 0x8187, 0x8188,
	0x8189, 0x818A, 0x818B, 0x818C, 0x818D, 0x818E, 0x818F, 0x8190, 0x8191, 0x8192, 0x8193, 0x8194,
	0x8195, 0x8196, 0x8197, 0x8198, 0x8199, 0x819A, 0x819B, 0x819C, 0x819D, 0x819E, 0x819F, 0x81A0,
	0x81A1, 0x81A2, 0x81A3, 0x81A4, 0x81A5, 0x81A6, 0x81A7, 0x81A8, 0x81A9, 0x81AA, 0x81AB, 0x81AC,
	0x81AD, 0x81AE, 0x81AF, 0x81B0, 0x81B1, 0x81B2, 0x81B3, 0x81B4, 0x81B5, 0x81B6, 0x81B7, 0x81B8,
	0x81B9, 0x81BA, 0x81BB, 0x81BC, 0x81BD, 0x81BE, 0x81BF, 0x81C0, 0x81C1, 0x81C2, 0x81C3, 0x81C4,
	0x81C5, 0x81C6, 0x81C7, 0x81C8, 0x81C9, 0x81CA, 0x81CB, 0x81CC, 0x81CD, 0x81CE, 0x81CF, 0x81D0,
	0x81D1, 0x81D2, 0x81D3, 0x81D4, 0x81D5, 0x81D6, 0x81D7, 0x81D8, 0x81D9, 0x81DA, 0x81DB, 0x81DC,
	0x81DD, 0x81DE, 0x81DF, 0x81E0, 0x81E1, 0x81E2, 0x81E3, 0x81E4, 0x81E5, 0x81E6, 0x81E7, 0x81E8,
	0x81E9, 0x81EA, 0x81EB, 0x81EC, 0x81ED, 0x81EE, 0x81EF, 0x81F0, 0x81F1, 0x81F2, 0x81F3, 0x81F4,
	0x81F5, 0x81F6, 0x81F7, 0x81F8, 0x81F9, 0x81FA, 0x81FB, 0x81FC, 0x81FD, 0x81FE, 0x81FF, 0x8200,
	0x8201, 0x8202, 0x8203, 0x8204, 0x8205, 0x8206, 0x8207, 0x8208, 0x8209, 0x820A, 0x820B, 0x820C,
	0x820D, 0x820E, 0x820F, 0x8210, 0x8211, 0x8212, 0x8213, 0x8214, 0x8215, 0x8216, 0x8217, 0x8218,
	0x8219, 0x821A, 0x821B, 0x821C, 0x821D, 0x821E, 0x821F, 0x8220, 0x8221, 0x8222, 0x8223, 0x8224,
	0x8225, 0x8226, 0x8227, 0x8228, 0x8229, 0x822A, 0x822B, 0x822C, 0x822D, 0x822E, 0x822F, 0x8230,
	0x8231, 0x8232, 0x8233, 0x8234, 0x8235, 0x8236, 0x8237, 0x8238, 0x8239, 0x823A, 0x823B, 0x823C,
	0x823D, 0x823E, 0x823F, 0x8240, 0x8241, 0x8242, 0x8243, 0x8244, 0x8245, 0x8246, 0x8247, 0x8248,
	0x8249, 0x824A, 0x824B, 0x824C, 0x824D, 0x824E, 0x824F, 0x8250, 0x8251, 0x8252, 0x8253, 0x8254,
	0x8256, 0x8257, 0x8258, 0x8259, 0x825A, 0x825B, 0x825C, 0x825D, 0x825E, 0x825F, 0x8260, 0x8261,
	0x8262, 0x8263, 0x8264, 0x8265, 0x8266, 0x8267, 0x8268, 0x8269, 0x826A, 0x826B, 0x826C, 0x826D,
	0x826E, 0x826F, 0x8270, 0x8271, 0x8272, 0x8273, 0x8274, 0x8275, 0x8276, 0x8277, 0x8278, 0x8279,
	0x827A, 0x827B, 0x827C, 0x827D, 0x827E, 0x827F, 0x8280, 0x8281, 0x8282, 0x8283, 0x8284, 0x8285,
	0x8286, 0x8287, 0x8288, 0x8289, 0x828A, 0x828B, 0x828C, 0x828D, 0x828E, 0x828F, 0x8290, 0x8291,
	0x8292, 0x8293, 0x8294, 0x8295, 0x8296, 0x8297, 0x8298, 0x8299, 0x829A, 0x829B, 0x829C, 0x829D,
	0x829E, 0x829F, 0x82A0, 0x82A1, 0x82A2, 0x82A3, 0x82A4, 0x82A5, 0x82A6, 0x82A7, 0x82A8, 0x82A9,
	0x82AA, 0x82AB, 0x82AC, 0x82AD, 0x82AE, 0x82AF, 0x82B0, 0x82B1, 0x82B2, 0x82B3, 0x82B4, 0x82B5,
	0x82B6, 0x82B7, 0x82B8, 0x82B9, 0x82BA, 0x82BB, 0x82BC, 0x82BD, 0x82BE, 0x82BF, 0x82C0, 0x82C1,
	0x82C2, 0x82C3, 0x82C4, 0x82C5, 0x82C6, 0x82C7, 0x82C8, 0x82C9, 0x82CA, 0x82CB, 0x82CC, 0x82CD,
	0x82CE, 0x82CF, 0x82D1, 0x82D2, 0x82D3, 0x82D4, 0x82D5, 0x82D6, 0x82D7, 0x82D8, 0x82D9, 0x82DA,
	0x82DB, 0x82DC, 0x82DD, 0x82DE, 0x82DF, 0x82E0, 0x82E1, 0x82E2, 0x82E3, 0x82E4, 0x82E5, 0x82E6,
	0x82E7, 0x82E8, 0x82E9, 0x82EA, 0x82EB, 0x82EC, 0x82ED, 0x82EE, 0x82EF, 0x82F0, 0x82F1, 0x82F2,
	0x82F3, 0x82F4, 0x82F5, 0x82F6, 0x82F7, 0x82F8, 0x82F9, 0x82FA, 0x82FB, 0x82FC, 0x82FD, 0x82FE,
	0x82FF, 0x8300, 0x8301, 0x8302, 0x8303, 0x8304, 0x8305, 0x8306, 0x8307, 0x8308, 0x8309, 0x830A,
	0x830B, 0x830C, 0x830D, 0x830E, 0x830F, 0x8310, 0x8311, 0x8312, 0x8313, 0x8314, 0x8315, 0x8316,
	0x8317, 0x8318, 0x8319, 0x831A, 0x831B, 0x831C, 0x831D, 0x831E, 0x831F, 0x8320, 0x8321, 0x8322,
	0x8323, 0x8324, 0x8325, 0x8326, 0x8327, 0x8328, 0x8329, 0x832A, 0x832B, 0x832C, 0x832D, 0x832E,
	0x832F, 0x8330, 0x8331, 0x8332, 0x8333, 0x8334, 0x8335, 0x8336, 0x8337, 0x8338, 0x8339, 0x833A,
	0x833B, 0x833C, 0x833D, 0x833E, 0x833F, 0x8340, 0x8341, 0x8342, 0x8343, 0x8344, 0x8345, 0x8346,
	0x8347, 0x8348, 0x8349, 0x834A, 0x834B, 0x834C, 0x834D, 0x834E, 0x834F, 0x8350, 0x8351, 0x8352,
	0x8353, 0x8354, 0x8355, 0x8356, 0x8357, 0x8358, 0x8359, 0x835A, 0x835B, 0x835C, 0x835D, 0x835E,
	0x835F, 0x8360, 0x8361, 0x8362, 0x8363, 0x8364, 0x8365, 0x8366, 0x8367, 0x8368, 0x8369, 0x836A,
	0x836B, 0x836C, 0x836D, 0x836E, 0x836F, 0x8370, 0x8371, 0x8372, 0x8373, 0x8374, 0x8375, 0x8376,
	0x8377, 0x8378, 0x8379, 0x837A, 0x837B, 0x837C, 0x837D, 0x837E, 0x837F, 0x8380, 0x8381, 0x8382,
	0x8383, 0x8384, 0x8385, 0x8386, 0x8387, 0x8388, 0x8389, 0x838A, 0x838B, 0x838C, 0x838D, 0x838E,
	0x838F, 0x8390, 0x8391, 0x8392, 0x8393, 0x8394, 0x8395, 0x8396, 0x8397, 0x8398, 0x8399, 0x839A,
	0x839B, 0x839C, 0x839D, 0x839E, 0x839F, 0x83A0, 0x83A1, 0x83A2, 0x83A3, 0x83A4, 0x83A5, 0x83A6,
	0x83A7, 0x83A8, 0x83A9, 0x83AA, 0x83AB, 0x83AC, 0x83AD, 0x83AE, 0x83AF, 0x83B0, 0x83B1, 0x83B2,
	0x83B3, 0x83B4, 0x83B5, 0x83B6, 0x83B7, 0x83B8, 0x83B9, 0x83BA, 0x83BB, 0x83BC, 0x83BD, 0x83BE,
	0x83BF, 0x83C0, 0x83C1, 0x83C2, 0x83C3, 0x83C4, 0x83C5, 0x83C6, 0x83C7, 0x83C8, 0x83C9, 0x83CA,
	0x83CB, 0x83CC, 0x83CD, 0x83CE, 0x83CF, 0x83D0, 0x83D1, 0x83D2, 0x83D3, 0x83D4, 0x83D5, 0x83D6,
	0x83D7, 0x83D8, 0x83D9, 0x83DA, 0x83DB, 0x83DC, 0x83DD, 0x83DE, 0x83DF, 0x83E0, 0x83E1, 0x83E2,
	0x83E3, 0x83E4, 0x83E5, 0x83E6, 0x83E7, 0x83E8, 0x83E9, 0x83EA, 0x83EB, 0x83EC, 0x83ED, 0x83EE,
	0x83EF, 0x83F0, 0x83F1, 0x83F2, 0x83F3, 0x83F4, 0x83F5, 0x83F6, 0x83F7, 0x83F8, 0x83F9, 0x83FA,
	0x83FB, 0x83FC, 0x83FD, 0x83FE, 0x83FF, 0x8400, 0x8401, 0x8402, 0x8403, 0x8404, 0x8405, 0x8406,
	0x8407, 0x8408, 0x8409, 0x840A, 0x840B, 0x840C, 0x840D, 0x840E, 0x840F, 0x8410, 0x8411, 0x8412,
	0x8413, 0x8414, 0x8415, 0x8416, 0x8417, 0x8418, 0x8419, 0x841A, 0x841B, 0x841C, 0x841D, 0x841E,
	0x841F, 0x8420, 0x8421, 0x8422, 0x8423, 0x8424, 0x8425, 0x8426, 0x8427, 0x8428, 0x8429, 0x842A,
	0x842B, 0x842C, 0x842D, 0x842E, 0x842F, 0x8430, 0x8431, 0x8432, 0x8433, 0x8434, 0x8435, 0x8436,
	0x8437, 0x8438, 0x8439, 0x843A, 0x843B, 0x843C, 0x843D, 0x843E, 0x843F, 0x8440, 0x8441, 0x8442,
	0x8444, 0x8445, 0x8446, 0x8447, 0x8448, 0x8449, 0x844A, 0x844B, 0x844C, 0x844D, 0x844E, 0x844F,
	0x8450, 0x8451, 0x8452, 0x8453, 0x8454, 0x8455, 0x8456, 0x8457, 0x8458, 0x8459, 0x845A, 0x845B,
	0x845C, 0x845D, 0x845E, 0x845F, 0x8460, 0x8461, 0x8462, 0x8463, 0x8464, 0x8465, 0x8466, 0x8467,
	0x8468, 0x8469, 0x846A, 0x846B, 0x846C, 0x846D, 0x846E, 0x846F, 0x8470, 0x8471, 0x8472, 0x8473,
	0x8474, 0x8475, 0x8476, 0x8477, 0x8478, 0x8479, 0x847A, 0x847B, 0x847C, 0x847D, 0x847E, 0x847F,
	0x8480, 0x8481, 0x8482, 0x8483, 0x8484, 0x8485, 0x8486, 0x8487, 0x8488, 0x8489, 0x848A, 0x848B,
	0x848C, 0x848D, 0x848E, 0x848F, 0x8490, 0x8491, 0x8492, 0x8493, 0x8494, 0x8495, 0x8496, 0x8497,
	0x8499, 0x849A, 0x849B, 0x849C, 0x849D, 0x849E, 0x849F, 0x84A0, 0x84A1, 0x84A2, 0x84A3, 0x84A4,
	0x84A5, 0x84A6, 0x84A7, 0x84A8, 0x84A9, 0x84AA, 0x84AB, 0x84AC, 0x84AD, 0x84AE, 0x84AF, 0x84B0,
	0x84B1, 0x84B2, 0x84B3, 0x84B4, 0x84B5, 0x84B6, 0x84B7, 0x84B8, 0x84B9, 0x84BA, 0x84BB, 0x84BC,
	0x84BD, 0x84BE, 0x84BF, 0x84C0, 0x84C1, 0x84C2, 0x84C3, 0x84C4, 0x84C5, 0x84C6, 0x84C7, 0x84C8,
	0x84C9, 0x84CA, 0x84CB, 0x84CC, 0x84CD, 0x84CE, 0x84CF, 0x84D0, 0x84D1, 0x84D2, 0x84D3, 0x84D4,
	0x84D5, 0x84D6, 0x84D7, 0x84D8, 0x84D9, 0x84DA, 0x84DB, 0x84DC, 0x84DD, 0x84DE, 0x84DF, 0x84E0,
	0x84E1, 0x84E2, 0x84E3, 0x84E4, 0x84E5, 0x84E6, 0x84E7, 0x84E8, 0x84E9, 0x84EA, 0x84EB, 0x84EC,
	0x84ED, 0x84EE, 0x84EF, 0x84F0, 0x84F1, 0x84F2, 0x84F4, 0x84F5, 0x84F6, 0x84F7, 0x84F8, 0x84F9,
	0x84FA, 0x84FB, 0x84FC, 0x84FD, 0x84FE, 0x84FF, 0x8500, 0x8501, 0x8502, 0x8503, 0x8504, 0x8505,
	0x8506, 0x8507, 0x8508, 0x8509, 0x850B, 0x850C, 0x850D, 0x850E, 0x850F, 0x8510, 0x8511, 0x8512,
	0x8513, 0x8514, 0x8515, 0x8516, 0x8517, 0x8518, 0x8519, 0x851A, 0x851B, 0x851C, 0x851D, 0x851E,
	0x851F, 0x8520, 0x8521, 0x8522, 0x8523, 0x8524, 0x8525, 0x8526, 0x8527, 0x8528, 0x8529, 0x852B,
	0x852C, 0x852D, 0x852E, 0x852F, 0x8530, 0x8531, 0x8532, 0x8533, 0x8534, 0x8535, 0x8536, 0x8537,
	0x8538, 0x8539, 0x853A, 0x853B, 0x853C, 0x853D, 0x853E, 0x853F, 0x8540, 0x8541, 0x8542, 0x8543,
	0x8544, 0x8545, 0x8546, 0x8547, 0x8548, 0x8549, 0x854A, 0x854B, 0x854C, 0x854D, 0x854E, 0x854F,
	0x8550, 0x8551, 0x8552, 0x8553, 0x8554, 0x8555, 0x8556, 0x8557, 0x8558, 0x8559, 0x855A, 0x855B,
	0x855C, 0x855D, 0x855E, 0x855F, 0x8560, 0x8561, 0x8562, 0x8563, 0x8564, 0x8565, 0x8566, 0x8568,
	0x8569, 0x856A, 0x856B, 0x856C, 0x856D, 0x856E, 0x856F, 0x8570, 0x8571, 0x8572, 0x8573, 0x8574,
	0x8575, 0x8576, 0x8577, 0x8578, 0x8579, 0x857A, 0x857B, 0x857C, 0x857D, 0x857E, 0x857F, 0x8580,
	0x8581, 0x8582, 0x8583, 0x8584, 0x8585, 0x8586, 0x8587, 0x8588, 0x8589, 0x858A, 0x858B, 0x858C,
	0x858D, 0x858E, 0x858F, 0x8590, 0x8591, 0x8592, 0x8593, 0x8594, 0x8595, 0x8596, 0x8597, 0x8598,
	0x8599, 0x859A, 0x859B, 0x859C, 0x859D, 0x859E, 0x859F, 0x85A0, 0x85A1, 0x85A2, 0x85A3, 0x85A4,
	0x85A5, 0x85A6, 0x85A7, 0x85A8, 0x85A9, 0x85AA, 0x85AB, 0x85AD, 0x85AE, 0x85AF, 0x85B0, 0x85B1,
	0x85B2, 0x85B3, 0x85B4, 0x85B5, 0x85B6, 0x85B7, 0x85B8, 0x85B9, 0x85BA, 0x85BB, 0x85BC, 0x85BD,
	0x85BE, 0x85BF, 0x85C0, 0x85C1, 0x85C2, 0x85C3, 0x85C4, 0x85C5, 0x85C6, 0x85C7, 0x85C8, 0x85C9,
	0x85CA, 0x85CB, 0x85CC, 0x85CD, 0x85CE, 0x85CF, 0x85D0, 0x85D1, 0x85D2, 0x85D3, 0x85D4, 0x85D5,
	0x85D6, 0x85D7, 0x85D8, 0x85D9, 0x85DA, 0x85DB, 0x85DC, 0x85DD, 0x85DE, 0x85DF, 0x85E0, 0x85E1,
	0x85E2, 0x85E3, 0x85E4, 0x85E5, 0x85E6, 0x85E7, 0x85E8, 0x85E9, 0x85EA, 0x85EB, 0x85EC, 0x85ED,
	0x85EE, 0x85EF, 0x85F0, 0x85F1, 0x85F2, 0x85F3, 0x85F4, 0x85F5, 0x85F6, 0x85F7, 0x85F9, 0x85FA,
	0x85FB, 0x85FC, 0x85FD, 0x85FE, 0x85FF, 0x8600, 0x8601, 0x8602, 0x8603, 0x8604, 0x8605, 0x8606,
	0x8607, 0x8608, 0x8609, 0x860A, 0x860B, 0x860C, 0x860D, 0x860E, 0x860F, 0x8610, 0x8611, 0x8612,
	0x8613, 0x8614, 0x8615, 0x8616, 0x8617, 0x8618, 0x8619, 0x861A, 0x861B, 0x861C, 0x861D, 0x861E,
	0x861F, 0x8620, 0x8621, 0x8622, 0x8623, 0x8624, 0x8625, 0x8626, 0x8627, 0x8628, 0x8629, 0x862A,
	0x862B, 0x862D, 0x862E, 0x862F, 0x8630, 0x8631, 0x8632, 0x8633, 0x8634, 0x8635, 0x8636, 0x8637,
	0x8638, 0x8639, 0x863A, 0x863B, 0x863C, 0x863D, 0x863E, 0x863F, 0x8640, 0x8641, 0x8642, 0x8643,
	0x8644, 0x8645, 0x8646, 0x8647, 0x8648, 0x8649, 0x864A, 0x864B, 0x864C, 0x864D, 0x864E, 0x864F,
	0x8650, 0x8651, 0x8652, 0x8653, 0x8654, 0x8655, 0x8656, 0x8657, 0x8658, 0x8659, 0x865A, 0x865B,
	0x865C, 0x865D, 0x865E, 0x865F, 0x8660, 0x8661, 0x8662, 0x8663, 0x8664, 0x8665, 0x8666, 0x8667,
	0x8668, 0x8669, 0x866A, 0x866B, 0x866C, 0x866D, 0x866E, 0x866F, 0x8670, 0x8671, 0x8672, 0x8673,
	0x8674, 0x8675, 0x8676, 0x8677, 0x8678, 0x8679, 0x867A, 0x867B, 0x867C, 0x867D, 0x867E, 0x867F,
	0x8680, 0x8681, 0x8682, 0x8683, 0x8684, 0x8685, 0x8686, 0x8687, 0x8688, 0x8689, 0x868A, 0x868B,
	0x868C, 0x868D, 0x868F, 0x8690, 0x8691, 0x8692, 0x8693, 0x8694, 0x8695, 0x8696, 0x8697, 0x8698,
	0x8699, 0x869A, 0x869B, 0x869C, 0x869D, 0x869E, 0x869F, 0x86A0, 0x86A1, 0x86A2, 0x86A3, 0x86A4,
	0x86A5, 0x86A6, 0x86A7, 0x86A8, 0x86A9, 0x86AA, 0x86AB, 0x86AC, 0x86AD, 0x86AE, 0x86AF, 0x86B0,
	0x86B1, 0x86B2, 0x86B3, 0x86B4, 0x86B5, 0x86B6, 0x86B7, 0x86B8, 0x86B9, 0x86BA, 0x86BB, 0x86BC,
	0x86BD, 0x86BE, 0x86BF, 0x86C0, 0x86C1, 0x86C2, 0x86C3, 0x86C4, 0x86C5, 0x86C6, 0x86C7, 0x86C8,
	0x86C9, 0x86CA, 0x86CB, 0x86CC, 0x86CD, 0x86CE, 0x86CF, 0x86D0, 0x86D1, 0x86D2, 0x86D3, 0x86D4,
	0x86D5, 0x86D6, 0x86D7, 0x86D8, 0x86D9, 0x86DA, 0x86DB, 0x86DC, 0x86DD, 0x86DE, 0x86DF, 0x86E0,
	0x86E1, 0x86E2, 0x86E3, 0x86E4, 0x86E5, 0x86E6, 0x86E7, 0x86E8, 0x86E9, 0x86EA, 0x86EB, 0x86ED,
	0x86EE, 0x86EF, 0x86F0, 0x86F1, 0x86F2, 0x86F3, 0x86F4, 0x86F5, 0x86F6, 0x86F7, 0x86F8, 0x86F9,
	0x86FA, 0x86FB, 0x86FC, 0x86FD, 0x86FE, 0x86FF, 0x8700, 0x8701, 0x8702, 0x8703, 0x8705, 0x8706,
	0x8707, 0x8708, 0x8709, 0x870A, 0x870B, 0x870C, 0x870D, 0x870E, 0x870F, 0x8710, 0x8711, 0x8712,
	0x8713, 0x8714, 0x8715, 0x8716, 0x8717, 0x8718, 0x8719, 0x871A, 0x871B, 0x871C, 0x871D, 0x871E,
	0x871F, 0x8720, 0x8721, 0x8722, 0x8723, 0x8724, 0x8725, 0x8726, 0x8727, 0x8728, 0x8729, 0x872A,
	0x872B, 0x872C, 0x872D, 0x872E, 0x872F, 0x8730, 0x8731, 0x8732, 0x8733, 0x8734, 0x8735, 0x8736,
	0x8737, 0x8738, 0x8739, 0x873A, 0x873B, 0x873C, 0x873D, 0x873E, 0x873F, 0x8740, 0x8741, 0x8742,
	0x8743, 0x8744, 0x8745, 0x8746, 0x8747, 0x8748, 0x8749, 0x874A, 0x874B, 0x874C, 0x874D, 0x874E,
	0x874F, 0x8750, 0x8751, 0x8752, 0x8753, 0x8754, 0x8755, 0x8756, 0x8757, 0x8758, 0x8759, 0x875A,
	0x875B, 0x875C, 0x875D, 0x875E, 0x875F, 0x8760, 0x8761, 0x8762, 0x8763, 0x8764, 0x8765, 0x8766,
	0x8767, 0x8768, 0x8769, 0x876A, 0x876B, 0x876C, 0x876D, 0x876E, 0x876F, 0x8770, 0x8771, 0x8772,
	0x8773, 0x8774, 0x8775, 0x8776, 0x8777, 0x8778, 0x8779, 0x877A, 0x877B, 0x877C, 0x877D, 0x877E,
	0x877F, 0x8780, 0x8781, 0x8782, 0x8783, 0x8784, 0x8785, 0x8786, 0x8787, 0x8788, 0x8789, 0x878A,
	0x878B, 0x878C, 0x878D, 0x878E, 0x878F, 0x8790, 0x8791, 0x8792, 0x8793, 0x8794, 0x8795, 0x8796,
	0x8797, 0x8798, 0x8799, 0x879A, 0x879B, 0x879C, 0x879D, 0x879E, 0x879F, 0x87A0, 0x87A1, 0x87A2,
	0x87A3, 0x87A4, 0x87A5, 0x87A6, 0x87A7, 0x87A8, 0x87A9, 0x87AA, 0x87AB, 0x87AC, 0x87AD, 0x87AE,
	0x87AF, 0x87B0, 0x87B1, 0x87B2, 0x87B3, 0x87B4, 0x87B5, 0x87B6, 0x87B7, 0x87B8, 0x87B9, 0x87BA,
	0x87BB, 0x87BC, 0x87BD, 0x87BE, 0x87BF, 0x87C0, 0x87C1, 0x87C2, 0x87C3, 0x87C4, 0x87C5, 0x87C6,
	0x87C7, 0x87C8, 0x87C9, 0x87CA, 0x87CB, 0x87CC, 0x87CD, 0x87CE, 0x87CF, 0x87D0, 0x87D1, 0x87D2,
	0x87D3, 0x87D4, 0x87D5, 0x87D6, 0x87D7, 0x87D9, 0x87DA, 0x87DB, 0x87DC, 0x87DD, 0x87DE, 0x87DF,
	0x87E0, 0x87E1, 0x87E2, 0x87E3, 0x87E4, 0x87E5, 0x87E6, 0x87E7, 0x87E8, 0x87E9, 0x87EA, 0x87EB,
	0x87EC, 0x87ED, 0x87EE, 0x87EF, 0x87F0, 0x87F1, 0x87F2, 0x87F3, 0x87F4, 0x87F5, 0x87F6, 0x87F7,
	0x87F8, 0x87F9, 0x87FA, 0x87FB, 0x87FC, 0x87FD, 0x87FE, 0x87FF, 0x8800, 0x8801, 0x8802, 0x8803,
	0x8804, 0x8805, 0x8806, 0x8807, 0x8808, 0x8809, 0x880A, 0x880B, 0x880C, 0x880D, 0x880E, 0x880F,
	0x8810, 0x8811, 0x8812, 0x8813, 0x8814, 0x8815, 0x8816, 0x8817, 0x8818, 0x8819, 0x881A, 0x881B,
	0x881C, 0x881D, 0x881E, 0x881F, 0x8820, 0x8821, 0x8822, 0x8823, 0x8824, 0x8825, 0x8826, 0x8827,
	0x8828, 0x8829, 0x882A, 0x882B, 0x882C, 0x882D, 0x882E, 0x882F, 0x8830, 0x8831, 0x8832, 0x8833,
	0x8834, 0x8835, 0x8836, 0x8837, 0x8838, 0x8839, 0x883A, 0x883B, 0x883C, 0x883D, 0x883E, 0x883F,
	0x8840, 0x8841, 0x8842, 0x8843, 0x8844, 0x8845, 0x8846, 0x8847, 0x8848, 0x8849, 0x884A, 0x884B,
	0x884C, 0x884D, 0x884E, 0x884F, 0x8850, 0x8851, 0x8852, 0x8853, 0x8854, 0x8855, 0x8856, 0x8857,
	0x8858, 0x8859, 0x885A, 0x885B, 0x885C, 0x885D, 0x885E, 0x885F, 0x8860, 0x8861, 0x8862, 0x8863,
	0x8864, 0x8865, 0x8866, 0x8867, 0x8868, 0x8869, 0x886B, 0x886C, 0x886D, 0x886E, 0x886F, 0x8870,
	0x8871, 0x8872, 0x8873, 0x8874, 0x8875, 0x8876, 0x8877, 0x8878, 0x8879, 0x887A, 0x887B, 0x887C,
	0x887D, 0x887E, 0x887F, 0x8880, 0x8881, 0x8882, 0x8883, 0x8884, 0x8885, 0x8886, 0x8887, 0x8888,
	0x8889, 0x888A, 0x888B, 0x888C, 0x888D, 0x888E, 0x888F, 0x8890, 0x8891, 0x8892, 0x8893, 0x8894,
	0x8895, 0x8896, 0x8897, 0x8898, 0x889A, 0x889B, 0x889C, 0x889D, 0x889E, 0x889F, 0x88A0, 0x88A1,
	0x88A2, 0x88A3, 0x88A4, 0x88A5, 0x88A6, 0x88A7, 0x88A8, 0x88A9, 0x88AA, 0x88AB, 0x88AD, 0x88AE,
	0x88AF, 0x88B0, 0x88B1, 0x88B2, 0x88B3, 0x88B4, 0x88B5, 0x88B6, 0x88B7, 0x88B8, 0x88BA, 0x88BB,
	0x88BC, 0x88BD, 0x88BE, 0x88BF, 0x88C0, 0x88C1, 0x88C2, 0x88C3, 0x88C4, 0x88C5, 0x88C6, 0x88C7,
	0x88C8, 0x88C9, 0x88CA, 0x88CB, 0x88CC, 0x88CD, 0x88CE, 0x88CF, 0x88D0, 0x88D1, 0x88D2, 0x88D3,
	0x88D4, 0x88D5, 0x88D6, 0x88D7, 0x88D8, 0x88D9, 0x88DA, 0x88DB, 0x88DC, 0x88DD, 0x88DE, 0x88DF,
	0x88E0, 0x88E1, 0x88E2, 0x88E3, 0x88E4, 0x88E5, 0x88E6, 0x88E7, 0x88E8, 0x88E9, 0x88EA, 0x88EB,
	0x88EC, 0x88ED, 0x88EE, 0x88EF, 0x88F0, 0x88F1, 0x88F2, 0x88F3, 0x88F4, 0x88F5, 0x88F6, 0x88F7,
	0x88F8, 0x88F9, 0x88FA, 0x88FB, 0x88FC, 0x88FD, 0x88FE, 0x88FF, 0x8900, 0x8901, 0x8902, 0x8903,
	0x8904, 0x8905, 0x8906, 0x8907, 0x8908, 0x8909, 0x890A, 0x890B, 0x890C, 0x890D, 0x890E, 0x890F,
	0x8910, 0x8911, 0x8912, 0x8913, 0x8914, 0x8915, 0x8916, 0x8917, 0x8918, 0x8919, 0x891A, 0x891B,
	0x891C, 0x891D, 0x891E, 0x891F, 0x8920, 0x8921, 0x8922, 0x8923, 0x8924, 0x8925, 0x8926, 0x8927,
	0x8928, 0x8929, 0x892A, 0x892B, 0x892C, 0x892D, 0x892E, 0x892F, 0x8930, 0x8931, 0x8932, 0x8933,
	0x8934, 0x8935, 0x8936, 0x8937, 0x8938, 0x8939, 0x893A, 0x893B, 0x893C, 0x893D, 0x893E, 0x893F,
	0x8940, 0x8941, 0x8942, 0x8943, 0x8944, 0x8945, 0x8946, 0x8947, 0x8948, 0x8949, 0x894A, 0x894B,
	0x894C, 0x894D, 0x894E, 0x894F, 0x8950, 0x8951, 0x8952, 0x8953, 0x8954, 0x8955, 0x8956, 0x8957,
	0x8958, 0x8959, 0x895A, 0x895B, 0x895C, 0x895D, 0x895E, 0x895F, 0x8960, 0x8961, 0x8962, 0x8963,
	0x8964, 0x8965, 0x8966, 0x8967, 0x8968, 0x8969, 0x896A, 0x896B, 0x896C, 0x896D, 0x896E, 0x896F,
	0x8970, 0x8971, 0x8972, 0x8974, 0x8975, 0x8976, 0x8977, 0x8978, 0x8979, 0x897A, 0x897B, 0x897C,
	0x897D, 0x897E, 0x897F, 0x8980, 0x8981, 0x8983, 0x8984, 0x8985, 0x8986, 0x8987, 0x8988, 0x8989,
	0x898A, 0x898B, 0x898C, 0x898D, 0x898E, 0x898F, 0x8990, 0x8991, 0x8992, 0x8993, 0x8994, 0x8995,
	0x8996, 0x8997, 0x8998, 0x8999, 0x899A, 0x899B, 0x899C, 0x899D, 0x899E, 0x899F, 0x89A0, 0x89A1,
	0x89A2, 0x89A3, 0x89A4, 0x89A5, 0x89A6, 0x89A7, 0x89A8, 0x89A9, 0x89AA, 0x89AB, 0x89AC, 0x89AD,
	0x89AE, 0x89AF, 0x89B0, 0x89B1, 0x89B2, 0x89B3, 0x89B4, 0x89B5, 0x89B6, 0x89B7, 0x89B8, 0x89B9,
	0x89BA, 0x89BB, 0x89BC, 0x89BD, 0x89BE, 0x89BF, 0x89C0, 0x89C1, 0x89C2, 0x89C3, 0x89C4, 0x89C5,
	0x89C6, 0x89C7, 0x89C8, 0x89C9, 0x89CA, 0x89CB, 0x89CC, 0x89CD, 0x89CE, 0x89CF, 0x89D0, 0x89D1,
	0x89D2, 0x89D3, 0x89D4, 0x89D5, 0x89D6, 0x89D7, 0x89D8, 0x89D9, 0x89DA, 0x89DB, 0x89DC, 0x89DD,
	0x89DE, 0x89DF, 0x89E0, 0x89E1, 0x89E2, 0x89E3, 0x89E4, 0x89E5, 0x89E6, 0x89E7, 0x89E8, 0x89E9,
	0x89EA, 0x89EB, 0x89EC, 0x89ED, 0x89EE, 0x89EF, 0x89F0, 0x89F1, 0x89F2, 0x89F3, 0x89F4, 0x89F5,
	0x89F6, 0x89F7, 0x89F8, 0x89F9, 0x89FA, 0x89FB, 0x89FC, 0x89FD, 0x89FE, 0x89FF, 0x8A00, 0x8A01,
	0x8A02, 0x8A03, 0x8A04, 0x8A05, 0x8A06, 0x8A07, 0x8A08, 0x8A09, 0x8A0A, 0x8A0B, 0x8A0C, 0x8A0D,
	0x8A0E, 0x8A0F, 0x8A10, 0x8A11, 0x8A12, 0x8A13, 0x8A14, 0x8A15, 0x8A16, 0x8A17, 0x8A18, 0x8A19,
	0x8A1A, 0x8A1B, 0x8A1C, 0x8A1D, 0x8A1E, 0x8A1F, 0x8A20, 0x8A21, 0x8A22, 0x8A23, 0x8A24, 0x8A25,
	0x8A26, 0x8A27, 0x8A28, 0x8A29, 0x8A2A, 0x8A2B, 0x8A2C, 0x8A2D, 0x8A2E, 0x8A2F, 0x8A30, 0x8A31,
	0x8A32, 0x8A33, 0x8A34, 0x8A35, 0x8A36, 0x8A37, 0x8A38, 0x8A39, 0x8A3A, 0x8A3B, 0x8A3C, 0x8A3D,
	0x8A3E, 0x8A3F, 0x8A40, 0x8A41, 0x8A42, 0x8A43, 0x8A44, 0x8A45, 0x8A46, 0x8A47, 0x8A48, 0x8A49,
	0x8A4A, 0x8A4B, 0x8A4C, 0x8A4D, 0x8A4E, 0x8A4F, 0x8A50, 0x8A51, 0x8A52, 0x8A53, 0x8A54, 0x8A55,
	0x8A56, 0x8A57, 0x8A58, 0x8A59, 0x8A5A, 0x8A5B, 0x8A5C, 0x8A5D, 0x8A5E, 0x8A5F, 0x8A60, 0x8A61,
	0x8A62, 0x8A63, 0x8A64, 0x8A65, 0x8A66, 0x8A67, 0x8A68, 0x8A69, 0x8A6A, 0x8A6B, 0x8A6C, 0x8A6D,
	0x8A6E, 0x8A6F, 0x8A70, 0x8A71, 0x8A72, 0x8A73, 0x8A74, 0x8A75, 0x8A76, 0x8A77, 0x8A78, 0x8A79,
	0x8A7A, 0x8A7B, 0x8A7C, 0x8A7D, 0x8A7E, 0x8A7F, 0x8A80, 0x8A81, 0x8A82, 0x8A83, 0x8A84, 0x8A85,
	0x8A86, 0x8A87, 0x8A88, 0x8A89, 0x8A8A, 0x8A8B, 0x8A8C, 0x8A8D, 0x8A8E, 0x8A8F, 0x8A90, 0x8A91,
	0x8A92, 0x8A93, 0x8A94, 0x8A95, 0x8A96, 0x8A97, 0x8A98, 0x8A99, 0x8A9A, 0x8A9B, 0x8A9C, 0x8A9D,
	0x8A9E, 0x8A9F, 0x8AA0, 0x8AA1, 0x8AA2, 0x8AA3, 0x8AA4, 0x8AA5, 0x8AA6, 0x8AA7, 0x8AA8, 0x8AA9,
	0x8AAA, 0x8AAB, 0x8AAC, 0x8AAD, 0x8AAE, 0x8AAF, 0x8AB0, 0x8AB1, 0x8AB2, 0x8AB3, 0x8AB4, 0x8AB5,
	0x8AB6, 0x8AB7, 0x8AB8, 0x8AB9, 0x8ABA, 0x8ABB, 0x8ABC, 0x8ABD, 0x8ABE, 0x8ABF, 0x8AC0, 0x8AC1,
	0x8AC2, 0x8AC3, 0x8AC4, 0x8AC5, 0x8AC6, 0x8AC7, 0x8AC8, 0x8AC9, 0x8ACA, 0x8ACB, 0x8ACC, 0x8ACD,
	0x8ACE, 0x8ACF, 0x8AD0, 0x8AD1, 0x8AD2, 0x8AD3, 0x8AD4, 0x8AD5, 0x8AD6, 0x8AD7, 0x8AD8, 0x8AD9,
	0x8ADA, 0x8ADB, 0x8ADC, 0x8ADD, 0x8ADE, 0x8ADF, 0x8AE0, 0x8AE1, 0x8AE2, 0x8AE3, 0x8AE4, 0x8AE5,
	0x8AE6, 0x8AE7, 0x8AE8, 0x8AE9, 0x8AEA, 0x8AEB, 0x8AEC, 0x8AED, 0x8AEE, 0x8AEF, 0x8AF0, 0x8AF1,
	0x8AF2, 0x8AF3, 0x8AF4, 0x8AF5, 0x8AF6, 0x8AF7, 0x8AF8, 0x8AF9, 0x8AFA, 0x8AFB, 0x8AFC, 0x8AFD,
	0x8AFE, 0x8AFF, 0x8B00, 0x8B01, 0x8B02, 0x8B03, 0x8B04, 0x8B05, 0x8B06, 0x8B07, 0x8B08, 0x8B09,
	0x8B0A, 0x8B0B, 0x8B0C, 0x8B0D, 0x8B0E, 0x8B0F, 0x8B10, 0x8B11, 0x8B12, 0x8B13, 0x8B14, 0x8B15,
	0x8B16, 0x8B17, 0x8B18, 0x8B19, 0x8B1A, 0x8B1B, 0x8B1C, 0x8B1D, 0x8B1E, 0x8B1F, 0x8B20, 0x8B21,
	0x8B22, 0x8B23, 0x8B24, 0x8B25, 0x8B26, 0x8B27, 0x8B28, 0x8B29, 0x8B2A, 0x8B2B, 0x8B2C, 0x8B2D,
	0x8B2E, 0x8B2F, 0x8B30, 0x8B31, 0x8B32, 0x8B33, 0x8B34, 0x8B35, 0x8B36, 0x8B37, 0x8B38, 0x8B39,
	0x8B3A, 0x8B3B, 0x8B3C, 0x8B3D, 0x8B3E, 0x8B3F, 0x8B40, 0x8B41, 0x8B42, 0x8B43, 0x8B44, 0x8B45,
	0x8B46, 0x8B47, 0x8B48, 0x8B49, 0x8B4A, 0x8B4B, 0x8B4C, 0x8B4D, 0x8B4E, 0x8B4F, 0x8B50, 0x8B51,
	0x8B52, 0x8B53, 0x8B54, 0x8B55, 0x8B56, 0x8B57, 0x8B58, 0x8B59, 0x8B5A, 0x8B5B, 0x8B5C, 0x8B5D,
	0x8B5E, 0x8B5F, 0x8B60, 0x8B61, 0x8B62, 0x8B63, 0x8B64, 0x8B65, 0x8B66, 0x8B67, 0x8B68, 0x8B69,
	0x8B6A, 0x8B6B, 0x8B6C, 0x8B6D, 0x8B6E, 0x8B6F, 0x8B70, 0x8B71, 0x8B72, 0x8B73, 0x8B74, 0x8B75,
	0x8B76, 0x8B77, 0x8B78, 0x8B79, 0x8B7A, 0x8B7B, 0x8B7C, 0x8B7D, 0x8B7E, 0x8B7F, 0x8B80, 0x8B81,
	0x8B82, 0x8B83, 0x8B84, 0x8B85, 0x8B86, 0x8B87, 0x8B88, 0x8B89, 0x8B8A, 0x8B8B, 0x8B8C, 0x8B8D,
	0x8B8E, 0x8B8F, 0x8B90, 0x8B91, 0x8B92, 0x8B93, 0x8B94, 0x8B95, 0x8B96, 0x8B97, 0x8B98, 0x8B99,
	0x8B9A, 0x8B9B, 0x8B9C, 0x8B9D, 0x8B9E, 0x8B9F, 0x8BA0, 0x8BA1, 0x8BA2, 0x8BA3, 0x8BA4, 0x8BA5,
	0x8BA6, 0x8BA7, 0x8BA8, 0x8BA9, 0x8BAA, 0x8BAB, 0x8BAC, 0x8BAD, 0x8BAE, 0x8BAF, 0x8BB0, 0x8BB1,
	0x8BB2, 0x8BB3, 0x8BB4, 0x8BB5, 0x8BB6, 0x8BB7, 0x8BB8, 0x8BB9, 0x8BBA, 0x8BBB, 0x8BBC, 0x8BBD,
	0x8BBE, 0x8BBF, 0x8BC0, 0x8BC1, 0x8BC2, 0x8BC3, 0x8BC4, 0x8BC5, 0x8BC6, 0x8BC7, 0x8BC8, 0x8BC9,
	0x8BCA, 0x8BCB, 0x8BCC, 0x8BCD, 0x8BCE, 0x8BCF, 0x8BD0, 0x8BD1, 0x8BD2, 0x8BD3, 0x8BD4, 0x8BD5,
	0x8BD6, 0x8BD7, 0x8BD8, 0x8BD9, 0x8BDA, 0x8BDB, 0x8BDC, 0x8BDD, 0x8BDE, 0x8BDF, 0x8BE0, 0x8BE1,
	0x8BE2, 0x8BE3, 0x8BE4, 0x8BE5, 0x8BE6, 0x8BE7, 0x8BE8, 0x8BE9, 0x8BEA, 0x8BEB, 0x8BEC, 0x8BED,
	0x8BEE, 0x8BEF, 0x8BF0, 0x8BF1, 0x8BF2, 0x8BF3, 0x8BF4, 0x8BF5, 0x8BF6, 0x8BF7, 0x8BF8, 0x8BF9,
	0x8BFA, 0x8BFB, 0x8BFC, 0x8BFD, 0x8BFE, 0x8BFF, 0x8C00, 0x8C01, 0x8C02, 0x8C03, 0x8C04, 0x8C05,
	0x8C06, 0x8C07, 0x8C08, 0x8C09, 0x8C0A, 0x8C0B, 0x8C0C, 0x8C0D, 0x8C0E, 0x8C0F, 0x8C10, 0x8C11,
	0x8C12, 0x8C13, 0x8C14, 0x8C15, 0x8C16, 0x8C17, 0x8C18, 0x8C19, 0x8C1A, 0x8C1B, 0x8C1C, 0x8C1D,
	0x8C1E, 0x8C1F, 0x8C20, 0x8C21, 0x8C22, 0x8C23, 0x8C24, 0x8C25, 0x8C26, 0x8C27, 0x8C28, 0x8C29,
	0x8C2A, 0x8C2B, 0x8C2C, 0x8C2D, 0x8C2E, 0x8C2F, 0x8C30, 0x8C31, 0x8C32, 0x8C33, 0x8C34, 0x8C35,
	0x8C36, 0x8C37, 0x8C38, 0x8C39, 0x8C3A, 0x8C3B, 0x8C3C, 0x8C3D, 0x8C3E, 0x8C3F, 0x8C40, 0x8C41,
	0x8C42, 0x8C43, 0x8C44, 0x8C45, 0x8C46, 0x8C47, 0x8C48, 0x8C49, 0x8C4A, 0x8C4B, 0x8C4C, 0x8C4D,
	0x8C4E, 0x8C4F, 0x8C50, 0x8C51, 0x8C52, 0x8C53, 0x8C54, 0x8C55, 0x8C56, 0x8C57, 0x8C58, 0x8C59,
	0x8C5A, 0x8C5B, 0x8C5C, 0x8C5D, 0x8C5E, 0x8C5F, 0x8C60, 0x8C61, 0x8C62, 0x8C63, 0x8C64, 0x8C65,
	0x8C66, 0x8C67, 0x8C68, 0x8C69, 0x8C6A, 0x8C6B, 0x8C6C, 0x8C6D, 0x8C6E, 0x8C6F, 0x8C70, 0x8C71,
	0x8C72, 0x8C73, 0x8C74, 0x8C75, 0x8C76, 0x8C77, 0x8C78, 0x8C79, 0x8C7A, 0x8C7B, 0x8C7C, 0x8C7D,
	0x8C7E, 0x8C7F, 0x8C80, 0x8C81, 0x8C82, 0x8C83, 0x8C84, 0x8C85, 0x8C86, 0x8C87, 0x8C88, 0x8C89,
	0x8C8A, 0x8C8B, 0x8C8C, 0x8C8D, 0x8C8E, 0x8C8F, 0x8C90, 0x8C91, 0x8C92, 0x8C93, 0x8C94, 0x8C95,
	0x8C96, 0x8C97, 0x8C98, 0x8C99, 0x8C9A, 0x8C9B, 0x8C9C, 0x8C9D, 0x8C9E, 0x8C9F, 0x8CA0, 0x8CA1,
	0x8CA2, 0x8CA3, 0x8CA4, 0x8CA5, 0x8CA6, 0x8CA7, 0x8CA8, 0x8CA9, 0x8CAA, 0x8CAB, 0x8CAC, 0x8CAD,
	0x8CAE, 0x8CAF, 0x8CB0, 0x8CB1, 0x8CB2, 0x8CB3, 0x8CB4, 0x8CB5, 0x8CB6, 0x8CB7, 0x8CB8, 0x8CB9,
	0x8CBA, 0x8CBB, 0x8CBC, 0x8CBD, 0x8CBE, 0x8CBF, 0x8CC0, 0x8CC1, 0x8CC2, 0x8CC3, 0x8CC4, 0x8CC5,
	0x8CC6, 0x8CC7, 0x8CC8, 0x8CC9, 0x8CCA, 0x8CCB, 0x8CCC, 0x8CCD, 0x8CCE, 0x8CCF, 0x8CD0, 0x8CD1,
	0x8CD2, 0x8CD3, 0x8CD4, 0x8CD5, 0x8CD6, 0x8CD7, 0x8CD8, 0x8CD9, 0x8CDA, 0x8CDB, 0x8CDC, 0x8CDD,
	0x8CDE, 0x8CDF, 0x8CE0, 0x8CE1, 0x8CE2, 0x8CE3, 0x8CE4, 0x8CE5, 0x8CE6, 0x8CE7, 0x8CE8, 0x8CE9,
	0x8CEA, 0x8CEB, 0x8CEC, 0x8CED, 0x8CEE, 0x8CEF, 0x8CF0, 0x8CF1, 0x8CF2, 0x8CF3, 0x8CF4, 0x8CF5,
	0x8CF6, 0x8CF7, 0x8CF8, 0x8CF9, 0x8CFA, 0x8CFB, 0x8CFC, 0x8CFD, 0x8CFE, 0x8CFF, 0x8D00, 0x8D01,
	0x8D02, 0x8D03, 0x8D04, 0x8D05, 0x8D06, 0x8D07, 0x8D08, 0x8D09, 0x8D0A, 0x8D0B, 0x8D0C, 0x8D0D,
	0x8D0E, 0x8D0F, 0x8D10, 0x8D11, 0x8D12, 0x8D13, 0x8D14, 0x8D15, 0x8D16, 0x8D17, 0x8D18, 0x8D19,
	0x8D1A, 0x8D1B, 0x8D1C, 0x8D1D, 0x8D1E, 0x8D1F, 0x8D20, 0x8D21, 0x8D22, 0x8D23, 0x8D24, 0x8D25,
	0x8D26, 0x8D27, 0x8D28, 0x8D29, 0x8D2A, 0x8D2B, 0x8D2C, 0x8D2D, 0x8D2E, 0x8D2F, 0x8D30, 0x8D31,
	0x8D32, 0x8D33, 0x8D34, 0x8D35, 0x8D36, 0x8D37, 0x8D38, 0x8D39, 0x8D3A, 0x8D3B, 0x8D3C, 0x8D3D,
	0x8D3E, 0x8D3F, 0x8D40, 0x8D41, 0x8D42, 0x8D43, 0x8D44, 0x8D45, 0x8D46, 0x8D47, 0x8D48, 0x8D49,
	0x8D4A, 0x8D4B, 0x8D4C, 0x8D4D, 0x8D4E, 0x8D4F, 0x8D50, 0x8D51, 0x8D52, 0x8D53, 0x8D54, 0x8D55,
	0x8D56, 0x8D57, 0x8D58, 0x8D59, 0x8D5A, 0x8D5B, 0x8D5C, 0x8D5D, 0x8D5E, 0x8D5F, 0x8D60, 0x8D61,
	0x8D62, 0x8D63, 0x8D64, 0x8D65, 0x8D66, 0x8D67, 0x8D68, 0x8D69, 0x8D6A, 0x8D6B, 0x8D6C, 0x8D6D,
	0x8D6E, 0x8D6F, 0x8D70, 0x8D71, 0x8D72, 0x8D73, 0x8D74, 0x8D75, 0x8D76, 0x8D77, 0x8D78, 0x8D79,
	0x8D7A, 0x8D7B, 0x8D7C, 0x8D7D, 0x8D7E, 0x8D7F, 0x8D80, 0x8D81, 0x8D82, 0x8D83, 0x8D84, 0x8D85,
	0x8D86, 0x8D87, 0x8D88, 0x8D89, 0x8D8A, 0x8D8B, 0x8D8C, 0x8D8D, 0x8D8E, 0x8D8F, 0x8D90, 0x8D91,
	0x8D92, 0x8D93, 0x8D94, 0x8D95, 0x8D96, 0x8D97, 0x8D98, 0x8D99, 0x8D9A, 0x8D9B, 0x8D9C, 0x8D9D,
	0x8D9E, 0x8D9F, 0x8DA0, 0x8DA1, 0x8DA2, 0x8DA3, 0x8DA4, 0x8DA5, 0x8DA6, 0x8DA7, 0x8DA8, 0x8DA9,
	0x8DAA, 0x8DAB, 0x8DAC, 0x8DAD, 0x8DAE, 0x8DAF, 0x8DB0, 0x8DB1, 0x8DB2, 0x8DB3, 0x8DB4, 0x8DB5,
	0x8DB6, 0x8DB7, 0x8DB8, 0x8DB9, 0x8DBA, 0x8DBB, 0x8DBC, 0x8DBD, 0x8DBE, 0x8DBF, 0x8DC0, 0x8DC1,
	0x8DC2, 0x8DC3, 0x8DC4, 0x8DC5, 0x8DC6, 0x8DC7, 0x8DC8, 0x8DC9, 0x8DCA, 0x8DCB, 0x8DCC, 0x8DCD,
	0x8DCE, 0x8DCF, 0x8DD0, 0x8DD1, 0x8DD2, 0x8DD3, 0x8DD4, 0x8DD5, 0x8DD6, 0x8DD7, 0x8DD8, 0x8DD9,
	0x8DDA, 0x8DDB, 0x8DDC, 0x8DDD, 0x8DDE, 0x8DDF, 0x8DE0, 0x8DE1, 0x8DE2, 0x8DE3, 0x8DE4, 0x8DE5,
	0x8DE6, 0x8DE7, 0x8DE8, 0x8DE9, 0x8DEA, 0x8DEB, 0x8DEC, 0x8DED, 0x8DEF, 0x8DF0, 0x8DF1, 0x8DF2,
	0x8DF3, 0x8DF4, 0x8DF5, 0x8DF6, 0x8DF7, 0x8DF8, 0x8DF9, 0x8DFA, 0x8DFB, 0x8DFC, 0x8DFD, 0x8DFE,
	0x8DFF, 0x8E00, 0x8E01, 0x8E02, 0x8E03, 0x8E04, 0x8E05, 0x8E06, 0x8E07, 0x8E08, 0x8E09, 0x8E0A,
	0x8E0B, 0x8E0C, 0x8E0D, 0x8E0E, 0x8E0F, 0x8E10, 0x8E12, 0x8E13, 0x8E14, 0x8E15, 0x8E16, 0x8E17,
	0x8E18, 0x8E19, 0x8E1A, 0x8E1B, 0x8E1C, 0x8E1D, 0x8E1E, 0x8E1F, 0x8E20, 0x8E21, 0x8E22, 0x8E23,
	0x8E24, 0x8E25, 0x8E26, 0x8E27, 0x8E28, 0x8E29, 0x8E2A, 0x8E2B, 0x8E2C, 0x8E2D, 0x8E2E, 0x8E2F,
	0x8E30, 0x8E31, 0x8E32, 0x8E33, 0x8E34, 0x8E35, 0x8E36, 0x8E37, 0x8E38, 0x8E39, 0x8E3A, 0x8E3B,
	0x8E3C, 0x8E3D, 0x8E3E, 0x8E3F, 0x8E40, 0x8E41, 0x8E42, 0x8E43, 0x8E44, 0x8E45, 0x8E46, 0x8E47,
	0x8E48, 0x8E49, 0x8E4A, 0x8E4B, 0x8E4C, 0x8E4D, 0x8E4E, 0x8E4F, 0x8E50, 0x8E51, 0x8E52, 0x8E53,
	0x8E54, 0x8E55, 0x8E56, 0x8E57, 0x8E58, 0x8E59, 0x8E5A, 0x8E5B, 0x8E5C, 0x8E5D, 0x8E5E, 0x8E5F,
	0x8E60, 0x8E61, 0x8E62, 0x8E63, 0x8E64, 0x8E65, 0x8E66, 0x8E67, 0x8E68, 0x8E69, 0x8E6A, 0x8E6B,
	0x8E6C, 0x8E6D, 0x8E6E, 0x8E6F, 0x8E70, 0x8E71, 0x8E72, 0x8E73, 0x8E74, 0x8E75, 0x8E76, 0x8E77,
	0x8E78, 0x8E79, 0x8E7A, 0x8E7B, 0x8E7C, 0x8E7D, 0x8E7E, 0x8E7F, 0x8E80, 0x8E81, 0x8E82, 0x8E83,
	0x8E84, 0x8E85, 0x8E86, 0x8E87, 0x8E88, 0x8E89, 0x8E8A, 0x8E8B, 0x8E8C, 0x8E8D, 0x8E8E, 0x8E8F,
	0x8E90, 0x8E91, 0x8E92, 0x8E93, 0x8E94, 0x8E95, 0x8E96, 0x8E97, 0x8E98, 0x8E99, 0x8E9A, 0x8E9B,
	0x8E9C, 0x8E9D, 0x8E9E, 0x8E9F, 0x8EA0, 0x8EA1, 0x8EA2, 0x8EA3, 0x8EA4, 0x8EA5, 0x8EA6, 0x8EA7,
	0x8EA8, 0x8EA9, 0x8EAA, 0x8EAB, 0x8EAC, 0x8EAD, 0x8EAE, 0x8EAF, 0x8EB0, 0x8EB1, 0x8EB2, 0x8EB3,
	0x8EB4, 0x8EB5, 0x8EB6, 0x8EB7, 0x8EB8, 0x8EB9, 0x8EBA, 0x8EBB, 0x8EBC, 0x8EBD, 0x8EBE, 0x8EBF,
	0x8EC0, 0x8EC1, 0x8EC2, 0x8EC3, 0x8EC4, 0x8EC5, 0x8EC6, 0x8EC7, 0x8EC8, 0x8EC9, 0x8ECA, 0x8ECB,
	0x8ECC, 0x8ECD, 0x8ECE, 0x8ECF, 0x8ED0, 0x8ED1, 0x8ED2, 0x8ED3, 0x8ED4, 0x8ED5, 0x8ED6, 0x8ED7,
	0x8ED8, 0x8ED9, 0x8EDA, 0x8EDB, 0x8EDC, 0x8EDD, 0x8EDE, 0x8EDF, 0x8EE0, 0x8EE1, 0x8EE2, 0x8EE3,
	0x8EE4, 0x8EE5, 0x8EE6, 0x8EE7, 0x8EE8, 0x8EE9, 0x8EEA, 0x8EEB, 0x8EEC, 0x8EED, 0x8EEE, 0x8EEF,
	0x8EF0, 0x8EF1, 0x8EF2, 0x8EF3, 0x8EF4, 0x8EF5, 0x8EF6, 0x8EF7, 0x8EF8, 0x8EF9, 0x8EFA, 0x8EFB,
	0x8EFC, 0x8EFD, 0x8EFE, 0x8EFF, 0x8F00, 0x8F01, 0x8F02, 0x8F03, 0x8F04, 0x8F05, 0x8F06, 0x8F07,
	0x8F08, 0x8F09, 0x8F0A, 0x8F0B, 0x8F0C, 0x8F0D, 0x8F0E, 0x8F0F, 0x8F10, 0x8F11, 0x8F12, 0x8F13,
	0x8F14, 0x8F15, 0x8F16, 0x8F17, 0x8F18, 0x8F19, 0x8F1A, 0x8F1B, 0x8F1C, 0x8F1D, 0x8F1E, 0x8F1F,
	0x8F20, 0x8F21, 0x8F22, 0x8F23, 0x8F24, 0x8F25, 0x8F26, 0x8F27, 0x8F28, 0x8F29, 0x8F2A, 0x8F2B,
	0x8F2C, 0x8F2D, 0x8F2E, 0x8F2F, 0x8F30, 0x8F31, 0x8F32, 0x8F33, 0x8F34, 0x8F35, 0x8F36, 0x8F37,
	0x8F38, 0x8F39, 0x8F3A, 0x8F3B, 0x8F3C, 0x8F3D, 0x8F3E, 0x8F3F, 0x8F40, 0x8F41, 0x8F42, 0x8F43,
	0x8F44, 0x8F45, 0x8F46, 0x8F47, 0x8F48, 0x8F49, 0x8F4A, 0x8F4B, 0x8F4C, 0x8F4D, 0x8F4E, 0x8F4F,
	0x8F50, 0x8F52, 0x8F53, 0x8F54, 0x8F55, 0x8F56, 0x8F57, 0x8F58, 0x8F59, 0x8F5A, 0x8F5B, 0x8F5C,
	0x8F5D, 0x8F5E, 0x8F5F, 0x8F60, 0x8F61, 0x8F62, 0x8F63, 0x8F64, 0x8F65, 0x8F66, 0x8F67, 0x8F68,
	0x8F69, 0x8F6A, 0x8F6B, 0x8F6C, 0x8F6D, 0x8F6E, 0x8F6F, 0x8F70, 0x8F71, 0x8F72, 0x8F73, 0x8F74,
	0x8F75, 0x8F76, 0x8F77, 0x8F78, 0x8F79, 0x8F7A, 0x8F7B, 0x8F7C, 0x8F7D, 0x8F7E, 0x8F7F, 0x8F80,
	0x8F81, 0x8F82, 0x8F83, 0x8F84, 0x8F85, 0x8F86, 0x8F87, 0x8F88, 0x8F89, 0x8F8A, 0x8F8B, 0x8F8C,
	0x8F8D, 0x8F8E, 0x8F8F, 0x8F90, 0x8F91, 0x8F92, 0x8F93, 0x8F94, 0x8F95, 0x8F96, 0x8F97, 0x8F98,
	0x8F99, 0x8F9A, 0x8F9B, 0x8F9C, 0x8F9D, 0x8F9E, 0x8F9F, 0x8FA0, 0x8FA1, 0x8FA2, 0x8FA3, 0x8FA4,
	0x8FA5, 0x8FA6, 0x8FA7, 0x8FA8, 0x8FA9, 0x8FAA, 0x8FAB, 0x8FAC, 0x8FAD, 0x8FAE, 0x8FAF, 0x8FB0,
	0x8FB1, 0x8FB2, 0x8FB3, 0x8FB4, 0x8FB5, 0x8FB6, 0x8FB7, 0x8FB8, 0x8FB9, 0x8FBA, 0x8FBB, 0x8FBC,
	0x8FBD, 0x8FBE, 0x8FBF, 0x8FC0, 0x8FC1, 0x8FC2, 0x8FC3, 0x8FC4, 0x8FC5, 0x8FC6, 0x8FC7, 0x8FC8,
	0x8FCA, 0x8FCB, 0x8FCC, 0x8FCD, 0x8FCE, 0x8FCF, 0x8FD0, 0x8FD1, 0x8FD2, 0x8FD3, 0x8FD4, 0x8FD5,
	0x8FD6, 0x8FD7, 0x8FD8, 0x8FD9, 0x8FDA, 0x8FDB, 0x8FDC, 0x8FDD, 0x8FDE, 0x8FDF, 0x8FE0, 0x8FE1,
	0x8FE2, 0x8FE3, 0x8FE4, 0x8FE5, 0x8FE6, 0x8FE7, 0x8FE8, 0x8FE9, 0x8FEA, 0x8FEB, 0x8FEC, 0x8FED,
	0x8FEE, 0x8FEF, 0x8FF0, 0x8FF1, 0x8FF2, 0x8FF3, 0x8FF4, 0x8FF5, 0x8FF6, 0x8FF7, 0x8FF8, 0x8FF9,
	0x8FFA, 0x8FFB, 0x8FFC, 0x8FFD, 0x8FFE, 0x8FFF, 0x9000, 0x9001, 0x9002, 0x9003, 0x9004, 0x9005,
	0x9006, 0x9007, 0x9008, 0x9009, 0x900A, 0x900B, 0x900C, 0x900D, 0x900E, 0x900F, 0x9010, 0x9011,
	0x9012, 0x9013, 0x9014, 0x9015, 0x9016, 0x9017, 0x9018, 0x9019, 0x901A, 0x901B, 0x901C, 0x901D,
	0x901E, 0x901F, 0x9020, 0x9021, 0x9022, 0x9023, 0x9024, 0x9025, 0x9026, 0x9027, 0x9028, 0x9029,
	0x902A, 0x902B, 0x902C, 0x902D, 0x902E, 0x902F, 0x9030, 0x9031, 0x9032, 0x9033, 0x9034, 0x9035,
	0x9036, 0x9037, 0x9038, 0x9039, 0x903A, 0x903B, 0x903C, 0x903D, 0x903E, 0x903F, 0x9040, 0x9041,
	0x9042, 0x9043, 0x9044, 0x9045, 0x9046, 0x9047, 0x9048, 0x9049, 0x904A, 0x904B, 0x904C, 0x904D,
	0x904E, 0x904F, 0x9050, 0x9051, 0x9052, 0x9053, 0x9054, 0x9055, 0x9056, 0x9057, 0x9058, 0x9059,
	0x905A, 0x905B, 0x905C, 0x905D, 0x905E, 0x905F, 0x9060, 0x9061, 0x9062, 0x9063, 0x9064, 0x9065,
	0x9066, 0x9067, 0x9068, 0x9069, 0x906A, 0x906B, 0x906C, 0x906D, 0x906E, 0x906F, 0x9070, 0x9071,
	0x9072, 0x9073, 0x9074, 0x9075, 0x9076, 0x9077, 0x9078, 0x9079, 0x907A, 0x907B, 0x907C, 0x907D,
	0x907E, 0x907F, 0x9080, 0x9081, 0x9082, 0x9083, 0x9084, 0x9085, 0x9086, 0x9087, 0x9088, 0x9089,
	0x908A, 0x908B, 0x908C, 0x908D, 0x908E, 0x908F, 0x9090, 0x9091, 0x9092, 0x9093, 0x9095, 0x9096,
	0x9097, 0x9098, 0x9099, 0x909A, 0x909B, 0x909C, 0x909D, 0x909E, 0x909F, 0x90A0, 0x90A1, 0x90A2,
	0x90A3, 0x90A4, 0x90A5, 0x90A6, 0x90A7, 0x90A8, 0x90A9, 0x90AA, 0x90AB, 0x90AC, 0x90AD, 0x90AE,
	0x90AF, 0x90B0, 0x90B1, 0x90B2, 0x90B3, 0x90B4, 0x90B5, 0x90B6, 0x90B7, 0x90B8, 0x90B9, 0x90BA,
	0x90BB, 0x90BC, 0x90BD, 0x90BE, 0x90BF, 0x90C0, 0x90C1, 0x90C2, 0x90C3, 0x90C4, 0x90C5, 0x90C6,
	0x90C7, 0x90C8, 0x90C9, 0x90CA, 0x90CB, 0x90CC, 0x90CD, 0x90CE, 0x90CF, 0x90D0, 0x90D1, 0x90D2,
	0x90D3, 0x90D4, 0x90D5, 0x90D6, 0x90D7, 0x90D8, 0x90D9, 0x90DA, 0x90DB, 0x90DC, 0x90DD, 0x90DE,
	0x90DF, 0x90E0, 0x90E1, 0x90E2, 0x90E3, 0x90E4, 0x90E5, 0x90E6, 0x90E7, 0x90E8, 0x90E9, 0x90EA,
	0x90EB, 0x90EC, 0x90ED, 0x90EE, 0x90EF, 0x90F0, 0x90F1, 0x90F2, 0x90F3, 0x90F4, 0x90F5, 0x90F6,
	0x90F7, 0x90F8, 0x90F9, 0x90FA, 0x90FB, 0x90FC, 0x90FD, 0x90FE, 0x90FF, 0x9100, 0x9101, 0x9102,
	0x9103, 0x9104, 0x9105, 0x9106, 0x9107, 0x9108, 0x9109, 0x910A, 0x910B, 0x910C, 0x910D, 0x910E,
	0x910F, 0x9110, 0x9111, 0x9112, 0x9113, 0x9114, 0x9115, 0x9116, 0x9117, 0x9118, 0x9119, 0x911A,
	0x911B, 0x911C, 0x911D, 0x911E, 0x911F, 0x9120, 0x9121, 0x9122, 0x9123, 0x9124, 0x9125, 0x9126,
	0x9127, 0x9129, 0x912A, 0x912B, 0x912C, 0x912D, 0x912E, 0x912F, 0x9130, 0x9131, 0x9132, 0x9133,
	0x9134, 0x9135, 0x9136, 0x9137, 0x9138, 0x9139, 0x913A, 0x913B, 0x913C, 0x913D, 0x913E, 0x913F,
	0x9140, 0x9141, 0x9142, 0x9143, 0x9144, 0x9145, 0x9146, 0x9147, 0x9148, 0x9149, 0x914A, 0x914B,
	0x914C, 0x914D, 0x914E, 0x914F, 0x9150, 0x9151, 0x9152, 0x9153, 0x9154, 0x9155, 0x9156, 0x9157,
	0x9158, 0x9159, 0x915A, 0x915B, 0x915C, 0x915D, 0x915E, 0x915F, 0x9160, 0x9161, 0x9162, 0x9163,
	0x9164, 0x9165, 0x9166, 0x9167, 0x9168, 0x9169, 0x916A, 0x916B, 0x916C, 0x916D, 0x916E, 0x916F,
	0x9170, 0x9171, 0x9172, 0x9173, 0x9174, 0x9175, 0x9176, 0x9177, 0x9178, 0x9179, 0x917A, 0x917B,
	0x917C, 0x917D, 0x917E, 0x917F, 0x9180, 0x9181, 0x9182, 0x9183, 0x9184, 0x9185, 0x9186, 0x9187,
	0x9188, 0x9189, 0x918A, 0x918B, 0x918C, 0x918D, 0x918E, 0x918F, 0x9190, 0x9191, 0x9192, 0x9193,
	0x9194, 0x9195, 0x9196, 0x9197, 0x9198, 0x9199, 0x919A, 0x919B, 0x919C, 0x919D, 0x919E, 0x919F,
	0x91A0, 0x91A1, 0x91A2, 0x91A3, 0x91A4, 0x91A5, 0x91A6, 0x91A7, 0x91A8, 0x91A9, 0x91AA, 0x91AB,
	0x91AC, 0x91AD, 0x91AE, 0x91AF, 0x91B0, 0x91B1, 0x91B2, 0x91B3, 0x91B4, 0x91B5, 0x91B6, 0x91B7,
	0x91B8, 0x91B9, 0x91BA, 0x91BB, 0x91BC, 0x91BD, 0x91BE, 0x91BF, 0x91C0, 0x91C1, 0x91C2, 0x91C3,
	0x91C4, 0x91C5, 0x91C6, 0x91C7, 0x91C8, 0x91C9, 0x91CA, 0x91CB, 0x91CC, 0x91CD, 0x91CE, 0x91CF,
	0x91D0, 0x91D1, 0x91D2, 0x91D3, 0x91D4, 0x91D5, 0x91D6, 0x91D7, 0x91D8, 0x91D9, 0x91DA, 0x91DB,
	0x91DC, 0x91DD, 0x91DE, 0x91DF, 0x91E0, 0x91E1, 0x91E2, 0x91E3, 0x91E4, 0x91E5, 0x91E6, 0x91E7,
	0x91E8, 0x91E9, 0x91EC, 0x91ED, 0x91EE, 0x91EF, 0x91F0, 0x91F1, 0x91F2, 0x91F3, 0x91F4, 0x91F5,
	0x91F6, 0x91F7, 0x91F8, 0x91F9, 0x91FA, 0x91FB, 0x91FC, 0x91FD, 0x91FE, 0x91FF, 0x9200, 0x9201,
	0x9202, 0x9203, 0x9204, 0x9205, 0x9206, 0x9207, 0x9208, 0x9209, 0x920A, 0x920B, 0x920C, 0x920D,
	0x920E, 0x920F, 0x9210, 0x9211, 0x9212, 0x9213, 0x9214, 0x9215, 0x9216, 0x9217, 0x9218, 0x9219,
	0x921A, 0x921B, 0x921C, 0x921D, 0x921E, 0x921F, 0x9220, 0x9221, 0x9222, 0x9223, 0x9224, 0x9225,
	0x9226, 0x9227, 0x9228, 0x9229, 0x922A, 0x922B, 0x922C, 0x922D, 0x922E, 0x922F, 0x9230, 0x9231,
	0x9232, 0x9233, 0x9234, 0x9235, 0x9236, 0x9237, 0x9238, 0x9239, 0x923A, 0x923B, 0x923C, 0x923D,
	0x923E, 0x923F, 0x9240, 0x9241, 0x9242, 0x9243, 0x9244, 0x9245, 0x9246, 0x9247, 0x9248, 0x9249,
	0x924A, 0x924B, 0x924C, 0x924D, 0x924E, 0x924F, 0x9250, 0x9251, 0x9252, 0x9253, 0x9254, 0x9255,
	0x9256, 0x9257, 0x9258, 0x9259, 0x925A, 0x925B, 0x925C, 0x925D, 0x925E, 0x925F, 0x9260, 0x9261,
	0x9262, 0x9263, 0x9264, 0x9265, 0x9266, 0x9267, 0x9268, 0x9269, 0x926A, 0x926B, 0x926C, 0x926D,
	0x926E, 0x926F, 0x9270, 0x9271, 0x9272, 0x9273, 0x9274, 0x9275, 0x9276, 0x9277, 0x9278, 0x9279,
	0x927A, 0x927B, 0x927C, 0x927D, 0x927E, 0x927F, 0x9280, 0x9281, 0x9282, 0x9283, 0x9284, 0x9285,
	0x9286, 0x9287, 0x9288, 0x9289, 0x928A, 0x928C, 0x928D, 0x928E, 0x928F, 0x9290, 0x9291, 0x9292,
	0x9293, 0x9294, 0x9295, 0x9296, 0x9298, 0x9299, 0x929A, 0x929B, 0x929C, 0x929D, 0x929E, 0x929F,
	0x92A0, 0x92A1, 0x92A2, 0x92A3, 0x92A4, 0x92A5, 0x92A6, 0x92A7, 0x92A8, 0x92A9, 0x92AA, 0x92AB,
	0x92AC, 0x92AD, 0x92AE, 0x92AF, 0x92B0, 0x92B1, 0x92B2, 0x92B3, 0x92B4, 0x92B5, 0x92B6, 0x92B7,
	0x92B8, 0x92B9, 0x92BA, 0x92BB, 0x92BC, 0x92BD, 0x92BE, 0x92BF, 0x92C0, 0x92C1, 0x92C2, 0x92C3,
	0x92C4, 0x92C5, 0x92C6, 0x92C7, 0x92C8, 0x92C9, 0x92CA, 0x92CB, 0x92CC, 0x92CD, 0x92CE, 0x92CF,
	0x92D0, 0x92D1, 0x92D2, 0x92D3, 0x92D4, 0x92D5, 0x92D6, 0x92D7, 0x92D9, 0x92DA, 0x92DB, 0x92DC,
	0x92DD, 0x92DE, 0x92DF, 0x92E0, 0x92E1, 0x92E2, 0x92E3, 0x92E4, 0x92E5, 0x92E6, 0x92E7, 0x92E8,
	0x92E9, 0x92EA, 0x92EB, 0x92EC, 0x92ED, 0x92EE, 0x92EF, 0x92F0, 0x92F1, 0x92F2, 0x92F3, 0x92F4,
	0x92F5, 0x92F6, 0x92F7, 0x92F8, 0x92F9, 0x92FA, 0x92FB, 0x92FC, 0x92FD, 0x92FE, 0x92FF, 0x9300,
	0x9301, 0x9302, 0x9303, 0x9304, 0x9305, 0x9306, 0x9307, 0x9308, 0x9309, 0x930A, 0x930B, 0x930C,
	0x930D, 0x930E, 0x930F, 0x9310, 0x9311, 0x9312, 0x9313, 0x9314, 0x9315, 0x9316, 0x9317, 0x9318,
	0x9319, 0x931A, 0x931B, 0x931C, 0x931D, 0x931E, 0x931F, 0x9320, 0x9321, 0x9322, 0x9323, 0x9324,
	0x9325, 0x9326, 0x9327, 0x9328, 0x9329, 0x932A, 0x932B, 0x932C, 0x932D, 0x932E, 0x932F, 0x9330,
	0x9331, 0x9332, 0x9333, 0x9334, 0x9335, 0x9336, 0x9337, 0x9338, 0x9339, 0x933A, 0x933B, 0x933C,
	0x933D, 0x933E, 0x933F, 0x9340, 0x9341, 0x9344, 0x9345, 0x9346, 0x9347, 0x9348, 0x9349, 0x934A,
	0x934B, 0x934C, 0x934D, 0x934E, 0x934F, 0x9350, 0x9351, 0x9352, 0x9353, 0x9354, 0x9355, 0x9356,
	0x9357, 0x9358, 0x9359, 0x935A, 0x935B, 0x935C, 0x935D, 0x935E, 0x935F, 0x9360, 0x9361, 0x9362,
	0x9363, 0x9364, 0x9365, 0x9366, 0x9367, 0x9368, 0x9369, 0x936A, 0x936B, 0x936C, 0x936D, 0x936E,
	0x936F, 0x9370, 0x9371, 0x9372, 0x9373, 0x9374, 0x9375, 0x9376, 0x9377, 0x9378, 0x9379, 0x937A,
	0x937B, 0x937C, 0x937D, 0x937E, 0x937F, 0x9380, 0x9381, 0x9382, 0x9383, 0x9384, 0x9385, 0x9386,
	0x9387, 0x9388, 0x9389, 0x938A, 0x938B, 0x938C, 0x938D, 0x938E, 0x938F, 0x9390, 0x9391, 0x9392,
	0x9393, 0x9394, 0x9395, 0x9396, 0x9397, 0x9398, 0x9399, 0x939A, 0x939B, 0x939C, 0x939D, 0x939E,
	0x939F, 0x93A0, 0x93A1, 0x93A2, 0x93A3, 0x93A4, 0x93A5, 0x93A6, 0x93A7, 0x93A8, 0x93A9, 0x93AA,
	0x93AB, 0x93AC, 0x93AD, 0x93AE, 0x93AF, 0x93B0, 0x93B1, 0x93B2, 0x93B3, 0x93B4, 0x93B5, 0x93B6,
	0x93B7, 0x93B8, 0x93B9, 0x93BA, 0x93BB, 0x93BC, 0x93BD, 0x93BE, 0x93BF, 0x93C0, 0x93C1, 0x93C2,
	0x93C3, 0x93C4, 0x93C5, 0x93C6, 0x93C7, 0x93C8, 0x93C9, 0x93CA, 0x93CB, 0x93CC, 0x93CD, 0x93CE,
	0x93CF, 0x93D0, 0x93D1, 0x93D2, 0x93D3, 0x93D4, 0x93D5, 0x93D6, 0x93D7, 0x93D8, 0x93D9, 0x93DA,
	0x93DB, 0x93DC, 0x93DD, 0x93DE, 0x93DF, 0x93E0, 0x93E1, 0x93E2, 0x93E3, 0x93E4, 0x93E5, 0x93E6,
	0x93E7, 0x93E8, 0x93E9, 0x93EA, 0x93EB, 0x93EC, 0x93ED, 0x93EE, 0x93EF, 0x93F0, 0x93F1, 0x93F2,
	0x93F3, 0x93F4, 0x93F5, 0x93F6, 0x93F7, 0x93F8, 0x93F9, 0x93FA, 0x93FB, 0x93FC, 0x93FD, 0x93FE,
	0x93FF, 0x9400, 0x9401, 0x9402, 0x9403, 0x9404, 0x9405, 0x9406, 0x9407, 0x9408, 0x9409, 0x940A,
	0x940B, 0x940C, 0x940D, 0x940E, 0x940F, 0x9410, 0x9411, 0x9412, 0x9413, 0x9414, 0x9415, 0x9416,
	0x9417, 0x9418, 0x9419, 0x941A, 0x941B, 0x941C, 0x941D, 0x941E, 0x941F, 0x9420, 0x9421, 0x9422,
	0x9423, 0x9424, 0x9425, 0x9426, 0x9427, 0x9428, 0x9429, 0x942A, 0x942B, 0x942C, 0x942D, 0x942E,
	0x942F, 0x9430, 0x9431, 0x9432, 0x9433, 0x9434, 0x9435, 0x9436, 0x9437, 0x9438, 0x9439, 0x943A,
	0x943B, 0x943C, 0x943D, 0x943E, 0x943F, 0x9440, 0x9441, 0x9442, 0x9443, 0x9444, 0x9445, 0x9446,
	0x9447, 0x9448, 0x9449, 0x944A, 0x944B, 0x944C, 0x944D, 0x944E, 0x944F, 0x9450, 0x9451, 0x9452,
	0x9453, 0x9454, 0x9455, 0x9456, 0x9457, 0x9458, 0x9459, 0x945A, 0x945B, 0x945C, 0x945D, 0x945E,
	0x945F, 0x9460, 0x9461, 0x9462, 0x9463, 0x9464, 0x9465, 0x9466, 0x9467, 0x9468, 0x9469, 0x946A,
	0x946B, 0x946C, 0x946D, 0x946E, 0x946F, 0x9470, 0x9471, 0x9472, 0x9473, 0x9474, 0x9475, 0x9476,
	0x9477, 0x9478, 0x9479, 0x947A, 0x947B, 0x947C, 0x947D, 0x947E, 0x947F, 0x9480, 0x9481, 0x9482,
	0x9483, 0x9484, 0x9485, 0x9486, 0x9487, 0x9488, 0x9489, 0x948A, 0x948B, 0x948C, 0x948D, 0x948E,
	0x948F, 0x9490, 0x9491, 0x9492, 0x9493, 0x9494, 0x9495, 0x9496, 0x9497, 0x9498, 0x9499, 0x949A,
	0x949B, 0x949C, 0x949D, 0x949E, 0x949F, 0x94A0, 0x94A1, 0x94A2, 0x94A3, 0x94A4, 0x94A5, 0x94A6,
	0x94A7, 0x94A8, 0x94A9, 0x94AA, 0x94AB, 0x94AC, 0x94AD, 0x94AE, 0x94AF, 0x94B0, 0x94B1, 0x94B2,
	0x94B3, 0x94B4, 0x94B5, 0x94B6, 0x94B7, 0x94B8, 0x94B9, 0x94BA, 0x94BB, 0x94BC, 0x94BD, 0x94BE,
	0x94BF, 0x94C0, 0x94C1, 0x94C2, 0x94C3, 0x94C4, 0x94C5, 0x94C6, 0x94C7, 0x94C8, 0x94C9, 0x94CA,
	0x94CB, 0x94CC, 0x94CD, 0x94CE, 0x94CF, 0x94D0, 0x94D1, 0x94D2, 0x94D3, 0x94D4, 0x94D5, 0x94D6,
	0x94D7, 0x94D8, 0x94D9, 0x94DA, 0x94DB, 0x94DC, 0x94DD, 0x94DE, 0x94DF, 0x94E0, 0x94E1, 0x94E2,
	0x94E3, 0x94E4, 0x94E5, 0x94E6, 0x94E7, 0x94E8, 0x94E9, 0x94EA, 0x94EB, 0x94EC, 0x94ED, 0x94EE,
	0x94EF, 0x94F0, 0x94F1, 0x94F2, 0x94F3, 0x94F4, 0x94F5, 0x94F6, 0x94F7, 0x94F8, 0x94F9, 0x94FA,
	0x94FB, 0x94FC, 0x94FD, 0x94FE, 0x94FF, 0x9500, 0x9501, 0x9502, 0x9503, 0x9504, 0x9505, 0x9506,
	0x9507, 0x9508, 0x9509, 0x950A, 0x950B, 0x950C, 0x950D, 0x950E, 0x950F, 0x9510, 0x9511, 0x9512,
	0x9513, 0x9514, 0x9515, 0x9516, 0x9517, 0x9518, 0x9519, 0x951A, 0x951B, 0x951C, 0x951D, 0x951E,
	0x951F, 0x9520, 0x9521, 0x9522, 0x9523, 0x9524, 0x9525, 0x9526, 0x9527, 0x9528, 0x9529, 0x952B,
	0x952C, 0x952D, 0x952E, 0x952F, 0x9530, 0x9531, 0x9532, 0x9533, 0x9534, 0x9535, 0x9536, 0x9537,
	0x9538, 0x9539, 0x953A, 0x953B, 0x953C, 0x953D, 0x953E, 0x953F, 0x9540, 0x9541, 0x9542, 0x9543,
	0x9544, 0x9545, 0x9546, 0x9547, 0x9548, 0x9549, 0x954A, 0x954B, 0x954C, 0x954D, 0x954E, 0x954F,
	0x9550, 0x9551, 0x9552, 0x9553, 0x9554, 0x9555, 0x9556, 0x9557, 0x9558, 0x9559, 0x955A, 0x955B,
	0x955C, 0x955D, 0x955E, 0x955F, 0x9560, 0x9561, 0x9562, 0x9563, 0x9564, 0x9565, 0x9566, 0x9567,
	0x9568, 0x9569, 0x956A, 0x956B, 0x956C, 0x956D, 0x956E, 0x956F, 0x9570, 0x9571, 0x9572, 0x9573,
	0x9574, 0x9575, 0x9576, 0x9577, 0x9578, 0x9579, 0x957A, 0x957B, 0x957C, 0x957D, 0x957E, 0x957F,
	0x9580, 0x9581, 0x9582, 0x9583, 0x9584, 0x9585, 0x9586, 0x9587, 0x9588, 0x9589, 0x958A, 0x958B,
	0x958C, 0x958D, 0x958E, 0x958F, 0x9590, 0x9591, 0x9592, 0x9593, 0x9594, 0x9596, 0x9597, 0x9598,
	0x9599, 0x959A, 0x959C, 0x959D, 0x959E, 0x959F, 0x95A0, 0x95A1, 0x95A2, 0x95A3, 0x95A4, 0x95A5,
	0x95A6, 0x95A7, 0x95A8, 0x95A9, 0x95AA, 0x95AB, 0x95AC, 0x95AD, 0x95AE, 0x95AF, 0x95B0, 0x95B1,
	0x95B2, 0x95B3, 0x95B4, 0x95B5, 0x95B6, 0x95B7, 0x95B8, 0x95B9, 0x95BA, 0x95BB, 0x95BC, 0x95BD,
	0x95BE, 0x95BF, 0x95C0, 0x95C1, 0x95C2, 0x95C3, 0x95C4, 0x95C5, 0x95C6, 0x95C7, 0x95C8, 0x95C9,
	0x95CA, 0x95CB, 0x95CC, 0x95CD, 0x95CE, 0x95CF, 0x95D0, 0x95D1, 0x95D2, 0x95D3, 0x95D4, 0x95D5,
	0x95D6, 0x95D7, 0x95D8, 0x95D9, 0x95DA, 0x95DC, 0x95DD, 0x95DE, 0x95DF, 0x95E0, 0x95E1, 0x95E2,
	0x95E3, 0x95E4, 0x95E5, 0x95E6, 0x95E7, 0x95E8, 0x95E9, 0x95EA, 0x95EB, 0x95EC, 0x95ED, 0x95EE,
	0x95EF, 0x95F0, 0x95F1, 0x95F2, 0x95F3, 0x95F4, 0x95F5, 0x95F6, 0x95F7, 0x95F8, 0x95F9, 0x95FA,
	0x95FB, 0x95FC, 0x95FD, 0x95FE, 0x95FF, 0x9600, 0x9601, 0x9602, 0x9603, 0x9604, 0x9605, 0x9606,
	0x9607, 0x9608, 0x9609, 0x960A, 0x960B, 0x960C, 0x960D, 0x960E, 0x960F, 0x9610, 0x9611, 0x9612,
	0x9613, 0x9614, 0x9615, 0x9616, 0x9617, 0x9618, 0x9619, 0x961A, 0x961B, 0x961C, 0x961D, 0x961E,
	0x961F, 0x9620, 0x9621, 0x9622, 0x9623, 0x9624, 0x9625, 0x9626, 0x9627, 0x9628, 0x9629, 0x962A,
	0x962B, 0x962C, 0x962D, 0x962E, 0x962F, 0x9630, 0x9631, 0x9632, 0x9633, 0x9634, 0x9635, 0x9636,
	0x9637, 0x9638, 0x9639, 0x963A, 0x963B, 0x963C, 0x963D, 0x963E, 0x963F, 0x9640, 0x9641, 0x9642,
	0x9643, 0x9644, 0x9645, 0x9646, 0x9647, 0x9648, 0x9649, 0x964A, 0x964B, 0x964C, 0x964D, 0x964E,
	0x964F, 0x9650, 0x9651, 0x9652, 0x9653, 0x9654, 0x9655, 0x9656, 0x9657, 0x9658, 0x9659, 0x965A,
	0x965B, 0x965C, 0x965D, 0x965E, 0x965F, 0x9660, 0x9661, 0x9662, 0x9663, 0x9664, 0x9665, 0x9666,
	0x9667, 0x9668, 0x9669, 0x966A, 0x966B, 0x966C, 0x966D, 0x966E, 0x966F, 0x9670, 0x9671, 0x9672,
	0x9673, 0x9674, 0x9675, 0x9676, 0x9677, 0x9678, 0x9679, 0x967A, 0x967B, 0x967C, 0x967D, 0x967E,
	0x967F, 0x9680, 0x9681, 0x9682, 0x9683, 0x9684, 0x9685, 0x9686, 0x9687, 0x9688, 0x9689, 0x968A,
	0x968B, 0x968C, 0x968D, 0x968E, 0x968F, 0x9690, 0x9691, 0x9693, 0x9694, 0x9695, 0x9696, 0x9697,
	0x9698, 0x9699, 0x969A, 0x969B, 0x969C, 0x969D, 0x969E, 0x969F, 0x96A0, 0x96A1, 0x96A2, 0x96A3,
	0x96A4, 0x96A5, 0x96A6, 0x96A7, 0x96A8, 0x96A9, 0x96AA, 0x96AB, 0x96AC, 0x96AD, 0x96AE, 0x96AF,
	0x96B0, 0x96B1, 0x96B2, 0x96B3, 0x96B4, 0x96B5, 0x96B6, 0x96B7, 0x96B8, 0x96B9, 0x96BA, 0x96BB,
	0x96BC, 0x96BD, 0x96BE, 0x96BF, 0x96C0, 0x96C1, 0x96C2, 0x96C3, 0x96C4, 0x96C5, 0x96C6, 0x96C7,
	0x96C8, 0x96C9, 0x96CA, 0x96CB, 0x96CC, 0x96CD, 0x96CE, 0x96CF, 0x96D0, 0x96D1, 0x96D2, 0x96D3,
	0x96D4, 0x96D5, 0x96D6, 0x96D7, 0x96D8, 0x96D9, 0x96DA, 0x96DB, 0x96DC, 0x96DD, 0x96DE, 0x96DF,
	0x96E0, 0x96E1, 0x96E2, 0x96E3, 0x96E4, 0x96E5, 0x96E6, 0x96E7, 0x96E8, 0x96E9, 0x96EA, 0x96EB,
	0x96EC, 0x96ED, 0x96EE, 0x96EF, 0x96F0, 0x96F1, 0x96F2, 0x96F3, 0x96F4, 0x96F5, 0x96F6, 0x96F7,
	0x96F8, 0x96F9, 0x96FA, 0x96FB, 0x96FC, 0x96FD, 0x96FE, 0x96FF, 0x9700, 0x9701, 0x9702, 0x9703,
	0x9704, 0x9705, 0x9706, 0x9707, 0x9708, 0x9709, 0x970A, 0x970B, 0x970C, 0x970D, 0x970E, 0x970F,
	0x9710, 0x9711, 0x9712, 0x9713, 0x9714, 0x9715, 0x9716, 0x9717, 0x9718, 0x9719, 0x971A, 0x971B,
	0x971C, 0x971D, 0x971E, 0x971F, 0x9720, 0x9721, 0x9722, 0x9723, 0x9724, 0x9725, 0x9726, 0x9727,
	0x9728, 0x9729, 0x972A, 0x972B, 0x972C, 0x972D, 0x972E, 0x972F, 0x9730, 0x9731, 0x9732, 0x9733,
	0x9734, 0x9735, 0x9736, 0x9737, 0x9738, 0x9739, 0x973A, 0x973B, 0x973C, 0x973D, 0x973E, 0x9740,
	0x9741, 0x9742, 0x9743, 0x9744, 0x9745, 0x9746, 0x9747, 0x9748, 0x9749, 0x974A, 0x974B, 0x974C,
	0x974D, 0x974E, 0x974F, 0x9750, 0x9751, 0x9752, 0x9753, 0x9754, 0x9755, 0x9756, 0x9757, 0x9758,
	0x9759, 0x975A, 0x975B, 0x975C, 0x975D, 0x975E, 0x975F, 0x9760, 0x9761, 0x9762, 0x9763, 0x9764,
	0x9765, 0x9766, 0x9767, 0x9768, 0x9769, 0x976A, 0x976B, 0x976C, 0x976D, 0x976E, 0x976F, 0x9770,
	0x9771, 0x9772, 0x9773, 0x9774, 0x9775, 0x9776, 0x9777, 0x9778, 0x9779, 0x977A, 0x977B, 0x977C,
	0x977D, 0x977E, 0x977F, 0x9780, 0x9781, 0x9782, 0x9783, 0x9784, 0x9785, 0x9786, 0x9787, 0x9788,
	0x9789, 0x978A, 0x978B, 0x978C, 0x978D, 0x978E, 0x978F, 0x9790, 0x9791, 0x9792, 0x9793, 0x9794,
	0x9795, 0x9796, 0x9797, 0x9798, 0x9799, 0x979A, 0x979B, 0x979C, 0x979D, 0x979E, 0x979F, 0x97A0,
	0x97A1, 0x97A2, 0x97A3, 0x97A4, 0x97A5, 0x97A6, 0x97A7, 0x97A8, 0x97A9, 0x97AA, 0x97AB, 0x97AC,
	0x97AD, 0x97AE, 0x97AF, 0x97B0, 0x97B1, 0x97B2, 0x97B3, 0x97B4, 0x97B5, 0x97B6, 0x97B7, 0x97B8,
	0x97B9, 0x97BA, 0x97BB, 0x97BC, 0x97BD, 0x97BE, 0x97BF, 0x97C0, 0x97C1, 0x97C2, 0x97C3, 0x97C4,
	0x97C5, 0x97C6, 0x97C7, 0x97C8, 0x97C9, 0x97CA, 0x97CB, 0x97CC, 0x97CD, 0x97CE, 0x97CF, 0x97D0,
	0x97D1, 0x97D2, 0x97D3, 0x97D4, 0x97D5, 0x97D6, 0x97D7, 0x97D8, 0x97D9, 0x97DA, 0x97DB, 0x97DC,
	0x97DD, 0x97DE, 0x97DF, 0x97E0, 0x97E1, 0x97E2, 0x97E3, 0x97E4, 0x97E5, 0x97E6, 0x97E7, 0x97E8,
	0x97E9, 0x97EA, 0x97EB, 0x97EC, 0x97ED, 0x97EE, 0x97EF, 0x97F0, 0x97F1, 0x97F2, 0x97F3, 0x97F4,
	0x97F5, 0x97F6, 0x97F7, 0x97F8, 0x97F9, 0x97FA, 0x97FB, 0x97FC, 0x97FD, 0x97FE, 0x97FF, 0x9800,
	0x9801, 0x9802, 0x9803, 0x9804, 0x9805, 0x9806, 0x9807, 0x9808, 0x9809, 0x980A, 0x980B, 0x980C,
	0x980D, 0x980E, 0x980F, 0x9810, 0x9811, 0x9812, 0x9813, 0x9814, 0x9815, 0x9816, 0x9817, 0x9818,
	0x9819, 0x981A, 0x981B, 0x981C, 0x981D, 0x981E, 0x981F, 0x9820, 0x9821, 0x9822, 0x9823, 0x9824,
	0x9825, 0x9826, 0x9827, 0x9828, 0x9829, 0x982A, 0x982B, 0x982C, 0x982D, 0x982E, 0x982F, 0x9830,
	0x9831, 0x9832, 0x9833, 0x9834, 0x9835, 0x9836, 0x9837, 0x9838, 0x9839, 0x983A, 0x983B, 0x983C,
	0x983D, 0x983E, 0x983F, 0x9840, 0x9841, 0x9842, 0x9843, 0x9844, 0x9845, 0x9846, 0x9847, 0x9848,
	0x9849, 0x984A, 0x984B, 0x984C, 0x984D, 0x984E, 0x984F, 0x9850, 0x9851, 0x9852, 0x9853, 0x9854,
	0x9855, 0x9856, 0x9857, 0x9858, 0x9859, 0x985A, 0x985B, 0x985C, 0x985D, 0x985E, 0x985F, 0x9860,
	0x9861, 0x9862, 0x9863, 0x9864, 0x9865, 0x9866, 0x9867, 0x9868, 0x9869, 0x986A, 0x986B, 0x986C,
	0x986D, 0x986E, 0x986F, 0x9870, 0x9871, 0x9872, 0x9873, 0x9874, 0x9875, 0x9876, 0x9877, 0x9878,
	0x9879, 0x987A, 0x987B, 0x987C, 0x987D, 0x987E, 0x987F, 0x9880, 0x9881, 0x9882, 0x9883, 0x9884,
	0x9885, 0x9886, 0x9887, 0x9888, 0x9889, 0x988A, 0x988B, 0x988C, 0x988D, 0x988E, 0x988F, 0x9890,
	0x9891, 0x9892, 0x9893, 0x9894, 0x9895, 0x9896, 0x9897, 0x9898, 0x9899, 0x989A, 0x989B, 0x989C,
	0x989D, 0x989E, 0x989F, 0x98A0, 0x98A1, 0x98A2, 0x98A3, 0x98A4, 0x98A5, 0x98A6, 0x98A7, 0x98A8,
	0x98A9, 0x98AA, 0x98AB, 0x98AC, 0x98AD, 0x98AE, 0x98AF, 0x98B0, 0x98B1, 0x98B2, 0x98B3, 0x98B4,
	0x98B5, 0x98B6, 0x98B7, 0x98B8, 0x98B9, 0x98BA, 0x98BB, 0x98BC, 0x98BD, 0x98BE, 0x98BF, 0x98C0,
	0x98C1, 0x98C2, 0x98C3, 0x98C4, 0x98C5, 0x98C6, 0x98C7, 0x98C8, 0x98C9, 0x98CA, 0x98CB, 0x98CC,
	0x98CD, 0x98CE, 0x98CF, 0x98D0, 0x98D1, 0x98D2, 0x98D3, 0x98D4, 0x98D5, 0x98D6, 0x98D7, 0x98D8,
	0x98D9, 0x98DA, 0x98DB, 0x98DC, 0x98DD, 0x98DE, 0x98DF, 0x98E0, 0x98E1, 0x98E2, 0x98E3, 0x98E4,
	0x98E5, 0x98E6, 0x98E7, 0x98E8, 0x98E9, 0x98EA, 0x98EB, 0x98EC, 0x98ED, 0x98EE, 0x98EF, 0x98F0,
	0x98F1, 0x98F2, 0x98F3, 0x98F4, 0x98F5, 0x98F6, 0x98F7, 0x98F8, 0x98F9, 0x98FA, 0x98FB, 0x98FC,
	0x98FD, 0x98FE, 0x98FF, 0x9900, 0x9901, 0x9902, 0x9903, 0x9904, 0x9905, 0x9906, 0x9907, 0x9908,
	0x9909, 0x990A, 0x990B, 0x990C, 0x990D, 0x990E, 0x990F, 0x9910, 0x9911, 0x9912, 0x9913, 0x9914,
	0x9915, 0x9916, 0x9917, 0x9918, 0x9919, 0x991A, 0x991B, 0x991C, 0x991D, 0x991E, 0x991F, 0x9920,
	0x9921, 0x9922, 0x9923, 0x9924, 0x9925, 0x9926, 0x9927, 0x9928, 0x9929, 0x992A, 0x992B, 0x992C,
	0x992D, 0x992E, 0x992F, 0x9930, 0x9931, 0x9932, 0x9933, 0x9934, 0x9935, 0x9936, 0x9937, 0x9938,
	0x9939, 0x993A, 0x993B, 0x993C, 0x993D, 0x993E, 0x993F, 0x9940, 0x9941, 0x9942, 0x9943, 0x9944,
	0x9945, 0x9946, 0x9947, 0x9948, 0x9949, 0x994A, 0x994B, 0x994C, 0x994D, 0x994E, 0x994F, 0x9950,
	0x9951, 0x9952, 0x9953, 0x9954, 0x9955, 0x9956, 0x9957, 0x9958, 0x9959, 0x995A, 0x995B, 0x995C,
	0x995D, 0x995E, 0x995F, 0x9960, 0x9961, 0x9962, 0x9963, 0x9964, 0x9965, 0x9966, 0x9967, 0x9968,
	0x9969, 0x996A, 0x996B, 0x996C, 0x996D, 0x996E, 0x996F, 0x9970, 0x9971, 0x9972, 0x9973, 0x9974,
	0x9975, 0x9976, 0x9977, 0x9978, 0x9979, 0x997A, 0x997B, 0x997C, 0x997D, 0x997E, 0x997F, 0x9980,
	0x9981, 0x9982, 0x9983, 0x9984, 0x9985, 0x9986, 0x9987, 0x9988, 0x9989, 0x998A, 0x998B, 0x998C,
	0x998D, 0x998E, 0x998F, 0x9990, 0x9991, 0x9992, 0x9993, 0x9994, 0x9995, 0x9996, 0x9997, 0x9998,
	0x9999, 0x999A, 0x999B, 0x999C, 0x999D, 0x999E, 0x999F, 0x99A0, 0x99A1, 0x99A2, 0x99A3, 0x99A4,
	0x99A5, 0x99A6, 0x99A7, 0x99A8, 0x99A9, 0x99AA, 0x99AB, 0x99AC, 0x99AD, 0x99AE, 0x99AF, 0x99B0,
	0x99B1, 0x99B2, 0x99B3, 0x99B4, 0x99B5, 0x99B6, 0x99B7, 0x99B8, 0x99B9, 0x99BA, 0x99BB, 0x99BC,
	0x99BD, 0x99BE, 0x99BF, 0x99C0, 0x99C1, 0x99C2, 0x99C3, 0x99C4, 0x99C5, 0x99C6, 0x99C7, 0x99C8,
	0x99C9, 0x99CA, 0x99CB, 0x99CC, 0x99CD, 0x99CE, 0x99CF, 0x99D0, 0x99D1, 0x99D2, 0x99D3, 0x99D4,
	0x99D5, 0x99D6, 0x99D7, 0x99D8, 0x99D9, 0x99DA, 0x99DB, 0x99DC, 0x99DD, 0x99DE, 0x99DF, 0x99E0,
	0x99E1, 0x99E2, 0x99E3, 0x99E4, 0x99E5, 0x99E6, 0x99E7, 0x99E8, 0x99E9, 0x99EA, 0x99EB, 0x99EC,
	0x99ED, 0x99EE, 0x99EF, 0x99F0, 0x99F1, 0x99F2, 0x99F3, 0x99F4, 0x99F5, 0x99F6, 0x99F7, 0x99F8,
	0x99F9, 0x99FA, 0x99FB, 0x99FC, 0x99FD, 0x99FE, 0x99FF, 0x9A00, 0x9A01, 0x9A02, 0x9A03, 0x9A04,
	0x9A05, 0x9A06, 0x9A07, 0x9A08, 0x9A09, 0x9A0A, 0x9A0B, 0x9A0C, 0x9A0D, 0x9A0E, 0x9A0F, 0x9A10,
	0x9A11, 0x9A12, 0x9A13, 0x9A14, 0x9A15, 0x9A16, 0x9A17, 0x9A18, 0x9A19, 0x9A1A, 0x9A1B, 0x9A1C,
	0x9A1D, 0x9A1E, 0x9A1F, 0x9A20, 0x9A21, 0x9A22, 0x9A23, 0x9A24, 0x9A25, 0x9A26, 0x9A27, 0x9A28,
	0x9A29, 0x9A2A, 0x9A2B, 0x9A2C, 0x9A2D, 0x9A2E, 0x9A2F, 0x9A30, 0x9A31, 0x9A32, 0x9A33, 0x9A34,
	0x9A35, 0x9A36, 0x9A37, 0x9A38, 0x9A39, 0x9A3A, 0x9A3B, 0x9A3C, 0x9A3D, 0x9A3E, 0x9A3F, 0x9A40,
	0x9A41, 0x9A42, 0x9A43, 0x9A44, 0x9A45, 0x9A46, 0x9A47, 0x9A48, 0x9A49, 0x9A4A, 0x9A4B, 0x9A4C,
	0x9A4D, 0x9A4E, 0x9A4F, 0x9A50, 0x9A51, 0x9A52, 0x9A53, 0x9A54, 0x9A55, 0x9A56, 0x9A57, 0x9A58,
	0x9A59, 0x9A5A, 0x9A5B, 0x9A5C, 0x9A5D, 0x9A5E, 0x9A5F, 0x9A60, 0x9A61, 0x9A62, 0x9A63, 0x9A64,
	0x9A65, 0x9A66, 0x9A67, 0x9A68, 0x9A69, 0x9A6A, 0x9A6B, 0x9A6C, 0x9A6D, 0x9A6E, 0x9A6F, 0x9A70,
	0x9A71, 0x9A72, 0x9A73, 0x9A74, 0x9A75, 0x9A76, 0x9A77, 0x9A78, 0x9A79, 0x9A7A, 0x9A7B, 0x9A7C,
	0x9A7D, 0x9A7E, 0x9A7F, 0x9A80, 0x9A81, 0x9A82, 0x9A83, 0x9A84, 0x9A85, 0x9A86, 0x9A87, 0x9A88,
	0x9A89, 0x9A8A, 0x9A8B, 0x9A8C, 0x9A8D, 0x9A8E, 0x9A8F, 0x9A90, 0x9A91, 0x9A92, 0x9A93, 0x9A94,
	0x9A95, 0x9A96, 0x9A97, 0x9A98, 0x9A99, 0x9A9A, 0x9A9B, 0x9A9C, 0x9A9D, 0x9A9E, 0x9A9F, 0x9AA0,
	0x9AA1, 0x9AA2, 0x9AA3, 0x9AA4, 0x9AA5, 0x9AA6, 0x9AA7, 0x9AA8, 0x9AA9, 0x9AAA, 0x9AAB, 0x9AAC,
	0x9AAD, 0x9AAE, 0x9AAF, 0x9AB0, 0x9AB1, 0x9AB2, 0x9AB3, 0x9AB4, 0x9AB5, 0x9AB6, 0x9AB7, 0x9AB8,
	0x9AB9, 0x9ABA, 0x9ABB, 0x9ABC, 0x9ABD, 0x9ABE, 0x9ABF, 0x9AC0, 0x9AC1, 0x9AC2, 0x9AC3, 0x9AC4,
	0x9AC5, 0x9AC6, 0x9AC8, 0x9AC9, 0x9ACA, 0x9ACB, 0x9ACC, 0x9ACD, 0x9ACE, 0x9ACF, 0x9AD0, 0x9AD1,
	0x9AD2, 0x9AD3, 0x9AD4, 0x9AD5, 0x9AD6, 0x9AD7, 0x9AD8, 0x9AD9, 0x9ADA, 0x9ADB, 0x9ADC, 0x9ADD,
	0x9ADE, 0x9ADF, 0x9AE0, 0x9AE1, 0x9AE2, 0x9AE3, 0x9AE4, 0x9AE5, 0x9AE6, 0x9AE7, 0x9AE8, 0x9AE9,
	0x9AEA, 0x9AEB, 0x9AEC, 0x9AED, 0x9AEE, 0x9AEF, 0x9AF0, 0x9AF1, 0x9AF2, 0x9AF3, 0x9AF4, 0x9AF5,
	0x9AF6, 0x9AF7, 0x9AF8, 0x9AF9, 0x9AFA, 0x9AFB, 0x9AFC, 0x9AFD, 0x9AFE, 0x9AFF, 0x9B00, 0x9B01,
	0x9B02, 0x9B03, 0x9B04, 0x9B05, 0x9B06, 0x9B07, 0x9B08, 0x9B09, 0x9B0A, 0x9B0B, 0x9B0C, 0x9B0D,
	0x9B0E, 0x9B0F, 0x9B10, 0x9B11, 0x9B12, 0x9B13, 0x9B14, 0x9B15, 0x9B16, 0x9B17, 0x9B18, 0x9B19,
	0x9B1A, 0x9B1B, 0x9B1C, 0x9B1D, 0x9B1E, 0x9B1F, 0x9B20, 0x9B21, 0x9B22, 0x9B23, 0x9B24, 0x9B25,
	0x9B26, 0x9B27, 0x9B28, 0x9B29, 0x9B2A, 0x9B2B, 0x9B2C, 0x9B2D, 0x9B2E, 0x9B2F, 0x9B30, 0x9B31,
	0x9B32, 0x9B33, 0x9B34, 0x9B35, 0x9B36, 0x9B37, 0x9B38, 0x9B39, 0x9B3A, 0x9B3B, 0x9B3C, 0x9B3D,
	0x9B3E, 0x9B3F, 0x9B40, 0x9B41, 0x9B42, 0x9B43, 0x9B44, 0x9B45, 0x9B46, 0x9B47, 0x9B48, 0x9B49,
	0x9B4A, 0x9B4B, 0x9B4C, 0x9B4D, 0x9B4E, 0x9B4F, 0x9B50, 0x9B51, 0x9B52, 0x9B53, 0x9B54, 0x9B55,
	0x9B56, 0x9B57, 0x9B58, 0x9B59, 0x9B5A, 0x9B5B, 0x9B5C, 0x9B5D, 0x9B5E, 0x9B5F, 0x9B60, 0x9B61,
	0x9B62, 0x9B63, 0x9B64, 0x9B65, 0x9B66, 0x9B67, 0x9B68, 0x9B69, 0x9B6A, 0x9B6B, 0x9B6C, 0x9B6D,
	0x9B6E, 0x9B6F, 0x9B70, 0x9B71, 0x9B72, 0x9B73, 0x9B74, 0x9B75, 0x9B76, 0x9B77, 0x9B78, 0x9B79,
	0x9B7A, 0x9B7B, 0x9B7C, 0x9B7D, 0x9B7E, 0x9B7F, 0x9B80, 0x9B81, 0x9B82, 0x9B83, 0x9B84, 0x9B85,
	0x9B86, 0x9B87, 0x9B88, 0x9B89, 0x9B8A, 0x9B8B, 0x9B8C, 0x9B8D, 0x9B8E, 0x9B8F, 0x9B90, 0x9B91,
	0x9B92, 0x9B93, 0x9B94, 0x9B95, 0x9B96, 0x9B97, 0x9B98, 0x9B99, 0x9B9A, 0x9B9B, 0x9B9C, 0x9B9D,
	0x9B9E, 0x9B9F, 0x9BA0, 0x9BA1, 0x9BA2, 0x9BA3, 0x9BA4, 0x9BA5, 0x9BA6, 0x9BA7, 0x9BA8, 0x9BA9,
	0x9BAA, 0x9BAB, 0x9BAC, 0x9BAD, 0x9BAE, 0x9BAF, 0x9BB0, 0x9BB1, 0x9BB2, 0x9BB3, 0x9BB4, 0x9BB5,
	0x9BB6, 0x9BB7, 0x9BB8, 0x9BB9, 0x9BBA, 0x9BBB, 0x9BBC, 0x9BBD, 0x9BBE, 0x9BBF, 0x9BC0, 0x9BC1,
	0x9BC2, 0x9BC3, 0x9BC4, 0x9BC5, 0x9BC6, 0x9BC7, 0x9BC8, 0x9BC9, 0x9BCA, 0x9BCB, 0x9BCC, 0x9BCD,
	0x9BCE, 0x9BCF, 0x9BD0, 0x9BD1, 0x9BD2, 0x9BD3, 0x9BD4, 0x9BD5, 0x9BD6, 0x9BD7, 0x9BD8, 0x9BD9,
	0x9BDA, 0x9BDB, 0x9BDC, 0x9BDD, 0x9BDE, 0x9BDF, 0x9BE0, 0x9BE1, 0x9BE2, 0x9BE3, 0x9BE4, 0x9BE5,
	0x9BE6, 0x9BE7, 0x9BE8, 0x9BE9, 0x9BEA, 0x9BEB, 0x9BEC, 0x9BED, 0x9BEE, 0x9BEF, 0x9BF0, 0x9BF1,
	0x9BF2, 0x9BF3, 0x9BF4, 0x9BF5, 0x9BF6, 0x9BF7, 0x9BF8, 0x9BF9, 0x9BFA, 0x9BFB, 0x9BFC, 0x9BFD,
	0x9BFE, 0x9BFF, 0x9C00, 0x9C01, 0x9C02, 0x9C03, 0x9C04, 0x9C05, 0x9C06, 0x9C07, 0x9C08, 0x9C09,
	0x9C0A, 0x9C0B, 0x9C0C, 0x9C0D, 0x9C0E, 0x9C0F, 0x9C10, 0x9C11, 0x9C12, 0x9C13, 0x9C14, 0x9C15,
	0x9C16, 0x9C17, 0x9C18, 0x9C19, 0x9C1A, 0x9C1B, 0x9C1C, 0x9C1D, 0x9C1E, 0x9C1F, 0x9C20, 0x9C21,
	0x9C22, 0x9C23, 0x9C24, 0x9C25, 0x9C26, 0x9C27, 0x9C28, 0x9C29, 0x9C2A, 0x9C2B, 0x9C2C, 0x9C2D,
	0x9C2E, 0x9C2F, 0x9C30, 0x9C31, 0x9C32, 0x9C33, 0x9C34, 0x9C35, 0x9C37, 0x9C38, 0x9C39, 0x9C3A,
	0x9C3B, 0x9C3C, 0x9C3D, 0x9C3E, 0x9C3F, 0x9C40, 0x9C41, 0x9C42, 0x9C43, 0x9C44, 0x9C45, 0x9C46,
	0x9C47, 0x9C48, 0x9C49, 0x9C4A, 0x9C4B, 0x9C4C, 0x9C4D, 0x9C4E, 0x9C4F, 0x9C50, 0x9C51, 0x9C52,
	0x9C53, 0x9C54, 0x9C55, 0x9C56, 0x9C57, 0x9C58, 0x9C59, 0x9C5A, 0x9C5B, 0x9C5C, 0x9C5D, 0x9C5E,
	0x9C5F, 0x9C60, 0x9C61, 0x9C62, 0x9C63, 0x9C64, 0x9C65, 0x9C66, 0x9C67, 0x9C68, 0x9C69, 0x9C6A,
	0x9C6B, 0x9C6C, 0x9C6D, 0x9C6E, 0x9C6F, 0x9C70, 0x9C71, 0x9C72, 0x9C73, 0x9C74, 0x9C75, 0x9C76,
	0x9C77, 0x9C78, 0x9C79, 0x9C7A, 0x9C7B, 0x9C7C, 0x9C7D, 0x9C7E, 0x9C7F, 0x9C80, 0x9C81, 0x9C82,
	0x9C83, 0x9C84, 0x9C85, 0x9C86, 0x9C87, 0x9C88, 0x9C89, 0x9C8A, 0x9C8B, 0x9C8C, 0x9C8D, 0x9C8E,
	0x9C8F, 0x9C90, 0x9C91, 0x9C92, 0x9C93, 0x9C94, 0x9C95, 0x9C96, 0x9C97, 0x9C98, 0x9C99, 0x9C9A,
	0x9C9B, 0x9C9C, 0x9C9D, 0x9C9E, 0x9C9F, 0x9CA0, 0x9CA1, 0x9CA2, 0x9CA3, 0x9CA4, 0x9CA5, 0x9CA6,
	0x9CA7, 0x9CA8, 0x9CA9, 0x9CAA, 0x9CAB, 0x9CAC, 0x9CAD, 0x9CAE, 0x9CAF, 0x9CB0, 0x9CB1, 0x9CB2,
	0x9CB3, 0x9CB4, 0x9CB5, 0x9CB6, 0x9CB7, 0x9CB8, 0x9CB9, 0x9CBA, 0x9CBB, 0x9CBC, 0x9CBD, 0x9CBE,
	0x9CBF, 0x9CC0, 0x9CC1, 0x9CC2, 0x9CC3, 0x9CC4, 0x9CC5, 0x9CC6, 0x9CC7, 0x9CC8, 0x9CC9, 0x9CCA,
	0x9CCB, 0x9CCC, 0x9CCD, 0x9CCE, 0x9CCF, 0x9CD0, 0x9CD1, 0x9CD2, 0x9CD3, 0x9CD4, 0x9CD5, 0x9CD6,
	0x9CD7, 0x9CD8, 0x9CD9, 0x9CDB, 0x9CDC, 0x9CDD, 0x9CDE, 0x9CDF, 0x9CE0, 0x9CE1, 0x9CE2, 0x9CE3,
	0x9CE4, 0x9CE5, 0x9CE6, 0x9CE7, 0x9CE8, 0x9CE9, 0x9CEA, 0x9CEB, 0x9CEC, 0x9CED, 0x9CEE, 0x9CEF,
	0x9CF0, 0x9CF1, 0x9CF2, 0x9CF3, 0x9CF4, 0x9CF5, 0x9CF6, 0x9CF7, 0x9CF8, 0x9CFA, 0x9CFB, 0x9CFC,
	0x9CFD, 0x9CFE, 0x9CFF, 0x9D00, 0x9D01, 0x9D02, 0x9D03, 0x9D04, 0x9D05, 0x9D06, 0x9D07, 0x9D08,
	0x9D09, 0x9D0A, 0x9D0B, 0x9D0C, 0x9D0D, 0x9D0E, 0x9D0F, 0x9D10, 0x9D11, 0x9D12, 0x9D14, 0x9D15,
	0x9D16, 0x9D17, 0x9D18, 0x9D19, 0x9D1A, 0x9D1B, 0x9D1C, 0x9D1D, 0x9D1E, 0x9D1F, 0x9D20, 0x9D21,
	0x9D22, 0x9D23, 0x9D24, 0x9D25, 0x9D26, 0x9D27, 0x9D28, 0x9D29, 0x9D2A, 0x9D2B, 0x9D2C, 0x9D2D,
	0x9D2E, 0x9D2F, 0x9D30, 0x9D31, 0x9D32, 0x9D33, 0x9D34, 0x9D35, 0x9D36, 0x9D37, 0x9D38, 0x9D39,
	0x9D3A, 0x9D3B, 0x9D3C, 0x9D3D, 0x9D3E, 0x9D3F, 0x9D40, 0x9D41, 0x9D42, 0x9D43, 0x9D44, 0x9D45,
	0x9D46, 0x9D47, 0x9D48, 0x9D49, 0x9D4A, 0x9D4B, 0x9D4C, 0x9D4D, 0x9D4E, 0x9D4F, 0x9D50, 0x9D51,
	0x9D52, 0x9D53, 0x9D54, 0x9D55, 0x9D56, 0x9D57, 0x9D58, 0x9D59, 0x9D5A, 0x9D5B, 0x9D5C, 0x9D5D,
	0x9D5E, 0x9D60, 0x9D61, 0x9D62, 0x9D63, 0x9D64, 0x9D65, 0x9D66, 0x9D67, 0x9D68, 0x9D69, 0x9D6A,
	0x9D6B, 0x9D6C, 0x9D6D, 0x9D6E, 0x9D6F, 0x9D70, 0x9D71, 0x9D72, 0x9D73, 0x9D74, 0x9D75, 0x9D76,
	0x9D77, 0x9D78, 0x9D79, 0x9D7A, 0x9D7B, 0x9D7C, 0x9D7D, 0x9D7E, 0x9D7F, 0x9D80, 0x9D81, 0x9D82,
	0x9D83, 0x9D84, 0x9D85, 0x9D86, 0x9D87, 0x9D88, 0x9D89, 0x9D8A, 0x9D8B, 0x9D8C, 0x9D8D, 0x9D8E,
	0x9D8F, 0x9D90, 0x9D91, 0x9D92, 0x9D93, 0x9D94, 0x9D95, 0x9D96, 0x9D97, 0x9D98, 0x9D99, 0x9D9A,
	0x9D9B, 0x9D9C, 0x9D9D, 0x9D9E, 0x9D9F, 0x9DA0, 0x9DA1, 0x9DA3, 0x9DA4, 0x9DA5, 0x9DA6, 0x9DA7,
	0x9DA8, 0x9DA9, 0x9DAA, 0x9DAB, 0x9DAC, 0x9DAD, 0x9DAE, 0x9DAF, 0x9DB0, 0x9DB1, 0x9DB2, 0x9DB3,
	0x9DB4, 0x9DB5, 0x9DB6, 0x9DB7, 0x9DB8, 0x9DB9, 0x9DBA, 0x9DBB, 0x9DBC, 0x9DBD, 0x9DBE, 0x9DBF,
	0x9DC0, 0x9DC1, 0x9DC2, 0x9DC3, 0x9DC4, 0x9DC5, 0x9DC6, 0x9DC7, 0x9DC8, 0x9DC9, 0x9DCA, 0x9DCB,
	0x9DCC, 0x9DCD, 0x9DCE, 0x9DCF, 0x9DD0, 0x9DD2, 0x9DD3, 0x9DD4, 0x9DD5, 0x9DD6, 0x9DD7, 0x9DD8,
	0x9DD9, 0x9DDA, 0x9DDB, 0x9DDC, 0x9DDD, 0x9DDE, 0x9DDF, 0x9DE0, 0x9DE1, 0x9DE2, 0x9DE3, 0x9DE5,
	0x9DE6, 0x9DE7, 0x9DE8, 0x9DE9, 0x9DEA, 0x9DEB, 0x9DEC, 0x9DED, 0x9DEE, 0x9DEF, 0x9DF0, 0x9DF1,
	0x9DF2, 0x9DF3, 0x9DF4, 0x9DF5, 0x9DF6, 0x9DF7, 0x9DF8, 0x9DF9, 0x9DFA, 0x9DFB, 0x9DFC, 0x9DFD,
	0x9DFE, 0x9DFF, 0x9E01, 0x9E02, 0x9E03, 0x9E04, 0x9E05, 0x9E06, 0x9E07, 0x9E08, 0x9E09, 0x9E0A,
	0x9E0B, 0x9E0C, 0x9E0D, 0x9E0E, 0x9E0F, 0x9E10, 0x9E11, 0x9E12, 0x9E13, 0x9E14, 0x9E15, 0x9E16,
	0x9E17, 0x9E18, 0x9E19, 0x9E1A, 0x9E1B, 0x9E1C, 0x9E1D, 0x9E1E, 0x9E1F, 0x9E20, 0x9E21, 0x9E22,
	0x9E23, 0x9E24, 0x9E25, 0x9E26, 0x9E27, 0x9E28, 0x9E29, 0x9E2A, 0x9E2B, 0x9E2C, 0x9E2D, 0x9E2E,
	0x9E2F, 0x9E30, 0x9E31, 0x9E32, 0x9E33, 0x9E34, 0x9E35, 0x9E36, 0x9E37, 0x9E38, 0x9E39, 0x9E3A,
	0x9E3B, 0x9E3C, 0x9E3D, 0x9E3E, 0x9E3F, 0x9E40, 0x9E41, 0x9E42, 0x9E43, 0x9E44, 0x9E45, 0x9E46,
	0x9E47, 0x9E48, 0x9E49, 0x9E4A, 0x9E4B, 0x9E4C, 0x9E4D, 0x9E4E, 0x9E4F, 0x9E50, 0x9E51, 0x9E52,
	0x9E53, 0x9E54, 0x9E55, 0x9E56, 0x9E57, 0x9E58, 0x9E59, 0x9E5A, 0x9E5B, 0x9E5C, 0x9E5D, 0x9E5E,
	0x9E5F, 0x9E60, 0x9E61, 0x9E62, 0x9E63, 0x9E64, 0x9E65, 0x9E66, 0x9E67, 0x9E68, 0x9E69, 0x9E6A,
	0x9E6B, 0x9E6C, 0x9E6D, 0x9E6E, 0x9E6F, 0x9E70, 0x9E71, 0x9E72, 0x9E73, 0x9E74, 0x9E75, 0x9E76,
	0x9E77, 0x9E78, 0x9E79, 0x9E7A, 0x9E7B, 0x9E7C, 0x9E7D, 0x9E7E, 0x9E7F, 0x9E80, 0x9E81, 0x9E82,
	0x9E83, 0x9E84, 0x9E85, 0x9E86, 0x9E87, 0x9E88, 0x9E89, 0x9E8A, 0x9E8B, 0x9E8C, 0x9E8D, 0x9E8E,
	0x9E8F, 0x9E90, 0x9E91, 0x9E92, 0x9E93, 0x9E94, 0x9E95, 0x9E96, 0x9E97, 0x9E98, 0x9E9A, 0x9E9B,
	0x9E9C, 0x9E9D, 0x9E9E, 0x9E9F, 0x9EA0, 0x9EA1, 0x9EA2, 0x9EA3, 0x9EA4, 0x9EA5, 0x9EA6, 0x9EA7,
	0x9EA8, 0x9EA9, 0x9EAA, 0x9EAB, 0x9EAC, 0x9EAD, 0x9EAE, 0x9EAF, 0x9EB0, 0x9EB1, 0x9EB2, 0x9EB3,
	0x9EB4, 0x9EB5, 0x9EB6, 0x9EB7, 0x9EB8, 0x9EB9, 0x9EBA, 0x9EBB, 0x9EBC, 0x9EBD, 0x9EBE, 0x9EBF,
	0x9EC0, 0x9EC1, 0x9EC2, 0x9EC3, 0x9EC4, 0x9EC5, 0x9EC6, 0x9EC7, 0x9EC8, 0x9EC9, 0x9ECA, 0x9ECB,
	0x9ECC, 0x9ECD, 0x9ECE, 0x9ECF, 0x9ED0, 0x9ED1, 0x9ED2, 0x9ED3, 0x9ED4, 0x9ED5, 0x9ED6, 0x9ED7,
	0x9ED8, 0x9ED9, 0x9EDA, 0x9EDB, 0x9EDC, 0x9EDD, 0x9EDE, 0x9EDF, 0x9EE0, 0x9EE1, 0x9EE2, 0x9EE3,
	0x9EE4, 0x9EE5, 0x9EE6, 0x9EE7, 0x9EE8, 0x9EE9, 0x9EEA, 0x9EEB, 0x9EEC, 0x9EEE, 0x9EEF, 0x9EF0,
	0x9EF1, 0x9EF2, 0x9EF3, 0x9EF4, 0x9EF5, 0x9EF6, 0x9EF7, 0x9EF8, 0x9EF9, 0x9EFA, 0x9EFB, 0x9EFC,
	0x9EFD, 0x9EFE, 0x9EFF, 0x9F00, 0x9F01, 0x9F02, 0x9F03, 0x9F04, 0x9F05, 0x9F06, 0x9F07, 0x9F08,
	0x9F09, 0x9F0A, 0x9F0B, 0x9F0C, 0x9F0D, 0x9F0E, 0x9F0F, 0x9F10, 0x9F11, 0x9F12, 0x9F13, 0x9F14,
	0x9F15, 0x9F16, 0x9F17, 0x9F18, 0x9F19, 0x9F1A, 0x9F1B, 0x9F1C, 0x9F1D, 0x9F1E, 0x9F1F, 0x9F20,
	0x9F21, 0x9F22, 0x9F23, 0x9F24, 0x9F25, 0x9F26, 0x9F27, 0x9F28, 0x9F29, 0x9F2A, 0x9F2B, 0x9F2C,
	0x9F2D, 0x9F2E, 0x9F2F, 0x9F30, 0x9F31, 0x9F32, 0x9F33, 0x9F34, 0x9F35, 0x9F36, 0x9F37, 0x9F38,
	0x9F39, 0x9F3A, 0x9F3B, 0x9F3C, 0x9F3D, 0x9F3E, 0x9F3F, 0x9F40, 0x9F41, 0x9F42, 0x9F43, 0x9F44,
	0x9F45, 0x9F46, 0x9F47, 0x9F48, 0x9F49, 0x9F4A, 0x9F4B, 0x9F4C, 0x9F4D, 0x9F4E, 0x9F4F, 0x9F50,
	0x9F51, 0x9F52, 0x9F53, 0x9F54, 0x9F55, 0x9F56, 0x9F57, 0x9F58, 0x9F59, 0x9F5A, 0x9F5B, 0x9F5C,
	0x9F5D, 0x9F5E, 0x9F5F, 0x9F60, 0x9F61, 0x9F62, 0x9F63, 0x9F64, 0x9F65, 0x9F66, 0x9F67, 0x9F68,
	0x9F69, 0x9F6A, 0x9F6B, 0x9F6C, 0x9F6D, 0x9F6E, 0x9F6F, 0x9F70, 0x9F71, 0x9F72, 0x9F73, 0x9F75,
	0x9F76, 0x9F77, 0x9F78, 0x9F79, 0x9F7A, 0x9F7B, 0x9F7C, 0x9F7D, 0x9F7E, 0x9F7F, 0x9F80, 0x9F81,
	0x9F82, 0x9F83, 0x9F84, 0x9F85, 0x9F86, 0x9F87, 0x9F88, 0x9F89, 0x9F8A, 0x9F8B, 0x9F8C, 0x9F8D,
	0x9F8E, 0x9F8F, 0x9F90, 0x9F91, 0x9F92, 0x9F93, 0x9F94, 0x9F95, 0x9F96, 0x9F97, 0x9F98, 0x9F99,
	0x9F9A, 0x9F9B, 0x9F9C, 0x9F9D, 0x9F9E, 0x9F9F, 0x9FA0, 0x9FA1, 0x9FA2, 0x9FA3, 0x9FA4, 0x9FA5,
	0x9FA6, 0x9FA7, 0x9FA8, 0x9FA9, 0x9FAA, 0x9FAB, 0x9FAC, 0x9FAD, 0x9FAE, 0x9FAF, 0x9FB0, 0x9FB2,
	0x9FB5, 0x9FBB, 0x9FC1, 0x9FC3, 0x9FC4, 0x9FC7, 0x9FC8, 0x9FC9, 0x9FCA, 0x9FCB, 0x9FCC, 0x9FCD,
	0x9FCE, 0x9FCF, 0x9FD0, 0x9FD4, 0x9FEB, 0x9FEC, 0x9FED, 0x9FF0, 0x9FF1, 0x9FF2, 0x9FF3, 0x9FF4,
	0x9FF5, 0x9FF6, 0x9FF7, 0x9FF8, 0x9FF9, 0x9FFA, 0x9FFB, 0x9FFC, 0xF928, 0xF936, 0xF945, 0xFA17,
	0x20001, 0x20005, 0x20009, 0x2000D, 0x20021, 0x2003E, 0x20041, 0x20046, 0x2004E, 0x2005E, 0x20068, 0x20086,
	0x20087, 0x20094, 0x2009D, 0x200A2, 0x200A4, 0x200CC, 0x200CD, 0x200D1, 0x200D3, 0x200D4, 0x200EE, 0x200F6,
	0x2010C, 0x20118, 0x20123, 0x20159, 0x2018C, 0x201A9, 0x201AB, 0x201B2, 0x201BF, 0x201C1, 0x201C6, 0x201D4,
	0x201F1, 0x201F2, 0x201F9, 0x20204, 0x2020C, 0x20214, 0x20228, 0x20239, 0x20242, 0x2025B, 0x2026A, 0x20274,
	0x20275, 0x20299, 0x2029E, 0x202A0, 0x202A7, 0x202B7, 0x202BF, 0x202C0, 0x202E5, 0x2030A, 0x20325, 0x20341,
	0x20345, 0x20346, 0x20347, 0x2037D, 0x2037E, 0x20380, 0x203A0, 0x203A7, 0x203B5, 0x203C9, 0x203CB, 0x203F5,
	0x203FC, 0x20413, 0x20414, 0x2041F, 0x20465, 0x20487, 0x2048E, 0x20491, 0x20492, 0x20499, 0x204A3, 0x204B2,
	0x204CE, 0x204CF, 0x204D7, 0x204FC, 0x204FE, 0x20503, 0x20533, 0x20541, 0x20544, 0x20547, 0x2058E, 0x205A5,
	0x205B3, 0x205C3, 0x205CA, 0x205D5, 0x205DF, 0x205E0, 0x205E6, 0x205EB, 0x20611, 0x20615, 0x20619, 0x2061A,
	0x20630, 0x20656, 0x20666, 0x20676, 0x2067D, 0x206B9, 0x206C5, 0x206EA, 0x206EC, 0x2070E, 0x20731, 0x2073C,
	0x2076D, 0x20779, 0x207AD, 0x207B0, 0x207B3, 0x207CD, 0x2082C, 0x20860, 0x20873, 0x208D5, 0x2090E, 0x20916,
	0x20923, 0x20954, 0x20979, 0x20984, 0x2098C, 0x209E7, 0x209E9, 0x20A11, 0x20A1E, 0x20A50, 0x20A6F, 0x20A75,
	0x20A7A, 0x20A8A, 0x20A99, 0x20AB1, 0x20AB4, 0x20AC2, 0x20ACA, 0x20AE4, 0x20AED, 0x20B0D, 0x20B1B, 0x20B1D,
	0x20B22, 0x20B24, 0x20B36, 0x20B6F, 0x20B8F, 0x20B9F, 0x20BA8, 0x20BBE, 0x20BBF, 0x20BC6, 0x20BC8, 0x20BCB,
	0x20BD1, 0x20BD7, 0x20BDF, 0x20BE0, 0x20BE6, 0x20BFB, 0x20BFD, 0x20BFF, 0x20C0B, 0x20C0C, 0x20C0D, 0x20C20,
	0x20C32, 0x20C37, 0x20C3A, 0x20C3B, 0x20C41, 0x20C42, 0x20C43, 0x20C53, 0x20C58, 0x20C5E, 0x20C65, 0x20C77,
	0x20C7C, 0x20C8D, 0x20C96, 0x20C9C, 0x20CA5, 0x20CB5, 0x20CBF, 0x20CC1, 0x20CCF, 0x20CD3, 0x20CD4, 0x20CD5,
	0x20CD6, 0x20CDD, 0x20CED, 0x20CFF, 0x20D15, 0x20D1F, 0x20D28, 0x20D30, 0x20D31, 0x20D32, 0x20D46, 0x20D47,
	0x20D48, 0x20D49, 0x20D4C, 0x20D4D, 0x20D4E, 0x20D58, 0x20D66, 0x20D69, 0x20D6F, 0x20D71, 0x20D74, 0x20D7C,
	0x20D7D, 0x20D7E, 0x20D7F, 0x20D88, 0x20D96, 0x20D9C, 0x20DA5, 0x20DA7, 0x20DAE, 0x20DB2, 0x20DC8, 0x20DFF,
	0x20E04, 0x20E09, 0x20E0A, 0x20E0D, 0x20E0E, 0x20E0F, 0x20E10, 0x20E11, 0x20E12, 0x20E16, 0x20E1D, 0x20E3A,
	0x20E6D, 0x20E73, 0x20E77, 0x20E78, 0x20E79, 0x20E7A, 0x20E7B, 0x20E87, 0x20E8C, 0x20E98, 0x20E9D, 0x20EAB,
	0x20EAC, 0x20EB6, 0x20ED7, 0x20ED8, 0x20EDD, 0x20EF4, 0x20EF8, 0x20EF9, 0x20EFA, 0x20EFB, 0x20EFC, 0x20F15,
	0x20F17, 0x20F1D, 0x20F26, 0x20F2D, 0x20F2E, 0x20F30, 0x20F3B, 0x20F43, 0x20F4C, 0x20F52, 0x20F64, 0x20F8D,
	0x20F8F, 0x20F90, 0x20FAD, 0x20FB4, 0x20FB5, 0x20FB6, 0x20FC1, 0x20FDF, 0x20FEA, 0x20FEB, 0x20FEC, 0x20FED,
	0x21014, 0x2101D, 0x2101E, 0x21020, 0x21029, 0x21032, 0x2104F, 0x2105C, 0x2106F, 0x21075, 0x21076, 0x21077,
	0x21078, 0x2107B, 0x21088, 0x21096, 0x2109D, 0x210AA, 0x210B4, 0x210C1, 0x210C7, 0x210C8, 0x210C9, 0x210CF,
	0x210D3, 0x210E4, 0x210E7, 0x210F4, 0x210F6, 0x2110E, 0x2111F, 0x21121, 0x2112F, 0x21135, 0x2113B, 0x2113D,
	0x21148, 0x2114F, 0x21180, 0x21187, 0x211D9, 0x2120E, 0x21219, 0x2121B, 0x2123C, 0x21244, 0x2124F, 0x2127C,
	0x21291, 0x212A8, 0x212A9, 0x212AE, 0x212B0, 0x212E3, 0x212E4, 0x212FE, 0x21302, 0x21303, 0x21304, 0x21305,
	0x21336, 0x2133A, 0x2136E, 0x21375, 0x21376, 0x2138E, 0x21398, 0x213B4, 0x213C5, 0x213C6, 0x213ED, 0x213FE,
	0x21413, 0x21416, 0x21424, 0x21428, 0x2143F, 0x21452, 0x21454, 0x21455, 0x2145E, 0x2146F, 0x21483, 0x21484,
	0x2148A, 0x21497, 0x214B6, 0x214E8, 0x214FD, 0x21570, 0x21577, 0x21582, 0x21596, 0x215E4, 0x2160A, 0x21613,
	0x21619, 0x2161E, 0x2163E, 0x21661, 0x21681, 0x21692, 0x216A6, 0x216B8, 0x216BA, 0x216C0, 0x216C1, 0x216C2,
	0x216D3, 0x216D5, 0x216DF, 0x216E6, 0x216E8, 0x216F7, 0x216FA, 0x216FB, 0x216FC, 0x2170D, 0x21710, 0x21726,
	0x21731, 0x2173A, 0x2173B, 0x2173C, 0x21757, 0x21764, 0x2176C, 0x2176D, 0x2176E, 0x2176F, 0x21770, 0x21771,
	0x21773, 0x21774, 0x217AB, 0x217B0, 0x217B1, 0x217B2, 0x217B3, 0x217B4, 0x217B5, 0x217BE, 0x217C3, 0x217C7,
	0x217D9, 0x217DA, 0x217DB, 0x217DC, 0x217DF, 0x217EC, 0x217EF, 0x217F5, 0x217F9, 0x217FA, 0x217FB, 0x217FC,
	0x2181C, 0x2181F, 0x21820, 0x21828, 0x21829, 0x2182A, 0x2182D, 0x21839, 0x2183A, 0x2183B, 0x21840, 0x21852,
	0x2185E, 0x21861, 0x21862, 0x21863, 0x21864, 0x21877, 0x2187B, 0x21883, 0x21884, 0x21885, 0x21898, 0x2189E,
	0x2189F, 0x218A0, 0x218A1, 0x218A2, 0x218BE, 0x218D5, 0x218D6, 0x218D7, 0x218D8, 0x218D9, 0x218FA, 0x21903,
	0x21904, 0x21905, 0x21910, 0x21911, 0x21912, 0x21915, 0x2191C, 0x21922, 0x21927, 0x2193B, 0x21944, 0x21949,
	0x21958, 0x21967, 0x2196A, 0x2197C, 0x21980, 0x21988, 0x21996, 0x219CC, 0x219DB, 0x219EF, 0x219F3, 0x21A2D,
	0x21A34, 0x21A45, 0x21A4B, 0x21A63, 0x21B36, 0x21B44, 0x21B74, 0x21B7D, 0x21B82, 0x21BC2, 0x21BCE, 0x21C2A,
	0x21C38, 0x21C70, 0x21C95, 0x21CA2, 0x21CA5, 0x21CAC, 0x21D0E, 0x21D32, 0x21D41, 0x21D46, 0x21D53, 0x21D5D,
	0x21D5E, 0x21D90, 0x21DB4, 0x21DB6, 0x21DBA, 0x21DCA, 0x21DD1, 0x21DEB, 0x21DF9, 0x21E1C, 0x21E23, 0x21E37,
	0x21E3D, 0x21E83, 0x21E89, 0x21EA4, 0x21EA8, 0x21EC8, 0x21ED5, 0x21F0F, 0x21F15, 0x21F6A, 0x21F9E, 0x21F9F,
	0x21FA1, 0x21FE7, 0x21FE8, 0x21FFA, 0x22016, 0x22045, 0x22049, 0x2207E, 0x22091, 0x2209A, 0x220C7, 0x220FC,
	0x2212A, 0x2214F, 0x22156, 0x2215B, 0x22165, 0x22173, 0x2217A, 0x2219E, 0x221A1, 0x221C1, 0x221C2, 0x221C3,
	0x221C7, 0x22208, 0x2228D, 0x222C8, 0x2231C, 0x22321, 0x22325, 0x2237A, 0x2237F, 0x223BD, 0x223D0, 0x223FA,
	0x22427, 0x22465, 0x22471, 0x2248B, 0x22491, 0x224B0, 0x224BC, 0x224C1, 0x224C9, 0x224CC, 0x224ED, 0x22513,
	0x2251B, 0x22530, 0x22554, 0x2258D, 0x22597, 0x225AF, 0x225BE, 0x225D0, 0x22605, 0x2261B, 0x2261C, 0x2262B,
	0x22650, 0x22652, 0x22653, 0x22662, 0x22668, 0x22671, 0x2267A, 0x22696, 0x22698, 0x226EF, 0x226F4, 0x226F5,
	0x226F6, 0x22712, 0x22714, 0x2271B, 0x2271F, 0x2272A, 0x2272B, 0x22775, 0x22781, 0x22796, 0x227B4, 0x227B5,
	0x227C7, 0x227CD, 0x227FC, 0x22803, 0x22833, 0x22835, 0x2285F, 0x22860, 0x22871, 0x228AD, 0x228BA, 0x228C1,
	0x228CF, 0x228F7, 0x22926, 0x22939, 0x2294F, 0x22958, 0x2295E, 0x22960, 0x22967, 0x2296B, 0x22980, 0x22982,
	0x22993, 0x229D0, 0x229DC, 0x22A66, 0x22A93, 0x22ACA, 0x22ACF, 0x22AD3, 0x22AD5, 0x22AD8, 0x22AE6, 0x22AE8,
	0x22AEB, 0x22AEC, 0x22B02, 0x22B0D, 0x22B0E, 0x22B22, 0x22B3F, 0x22B43, 0x22B46, 0x22B4F, 0x22B6A, 0x22B91,
	0x22BCA, 0x22BCE, 0x22BF1, 0x22BF2, 0x22C26, 0x22C27, 0x22C38, 0x22C3E, 0x22C4C, 0x22C51, 0x22C55, 0x22C5F,
	0x22C62, 0x22C88, 0x22C9B, 0x22CA9, 0x22CB2, 0x22CB5, 0x22CB7, 0x22CB8, 0x22CC6, 0x22CC9, 0x22CDC, 0x22CDF,
	0x22D07, 0x22D08, 0x22D12, 0x22D15, 0x22D44, 0x22D4C, 0x22D53, 0x22D67, 0x22D80, 0x22D85, 0x22D8D, 0x22D95,
	0x22D9C, 0x22DA0, 0x22DA3, 0x22DA4, 0x22DAF, 0x22DB7, 0x22DCE, 0x22DE4, 0x22DEE, 0x22E01, 0x22E0D, 0x22E36,
	0x22E42, 0x22E51, 0x22E78, 0x22E8B, 0x22E9E, 0x22EB3, 0x22EEF, 0x22F38, 0x22F74, 0x22F7E, 0x22F96, 0x22FCC,
	0x22FE3, 0x22FF9, 0x23033, 0x23044, 0x2304B, 0x23066, 0x2307D, 0x2307E, 0x2308E, 0x230B7, 0x230BC, 0x230C1,
	0x230C8, 0x230DA, 0x23103, 0x23108, 0x2313D, 0x2317D, 0x23182, 0x23184, 0x23190, 0x231A4, 0x231A5, 0x231B3,
	0x231C0, 0x231C8, 0x231C9, 0x231E8, 0x231EA, 0x231F6, 0x231F7, 0x231F8, 0x231F9, 0x2320F, 0x23225, 0x2322F,
	0x23231, 0x23232, 0x23233, 0x23234, 0x23236, 0x2325E, 0x23262, 0x23289, 0x2328A, 0x232AB, 0x232AC, 0x232AD,
	0x232D2, 0x232E0, 0x232E1, 0x23300, 0x2330A, 0x2331F, 0x23353, 0x23368, 0x2336F, 0x23370, 0x23391, 0x233B4,
	0x233C2, 0x233CB, 0x233CC, 0x233DE, 0x233E2, 0x233E6, 0x233F4, 0x233F9, 0x233FA, 0x233FE, 0x23400, 0x23415,
	0x23424, 0x2343F, 0x23441, 0x23450, 0x2345D, 0x2346F, 0x23472, 0x2348C, 0x23497, 0x234C1, 0x234CC, 0x234E5,
	0x234EA, 0x234FF, 0x23519, 0x23528, 0x23530, 0x23533, 0x2353C, 0x23551, 0x2355A, 0x23567, 0x23572, 0x23595,
	0x23599, 0x2359C, 0x235BB, 0x235CA, 0x235CB, 0x235CD, 0x235CE, 0x235CF, 0x235F3, 0x23600, 0x23617, 0x2361A,
	0x23634, 0x2363C, 0x23640, 0x2364E, 0x23659, 0x2365F, 0x23665, 0x23677, 0x2368E, 0x23695, 0x2369A, 0x236AD,
	0x236BA, 0x236DF, 0x236EE, 0x23703, 0x23716, 0x23720, 0x2372D, 0x2372F, 0x2373F, 0x23766, 0x23781, 0x237A2,
	0x237BC, 0x237C2, 0x237C4, 0x237D5, 0x237D6, 0x237D7, 0x237F4, 0x2383A, 0x238BE, 0x239B5, 0x239C2, 0x239DF,
	0x23A10, 0x23A2F, 0x23A3C, 0x23A75, 0x23A95, 0x23A98, 0x23AA0, 0x23AA7, 0x23AB5, 0x23ABA, 0x23AC2, 0x23AC5,
	0x23ACB, 0x23ADB, 0x23AEE, 0x23AFA, 0x23B1A, 0x23B5A, 0x23B72, 0x23BF6, 0x23C07, 0x23C5D, 0x23C63, 0x23C97,
	0x23C98, 0x23C99, 0x23C9A, 0x23C9B, 0x23C9D, 0x23CB5, 0x23CB7, 0x23CC6, 0x23CC7, 0x23CC8, 0x23CC9, 0x23CE8,
	0x23CFC, 0x23CFD, 0x23CFE, 0x23CFF, 0x23D40, 0x23D5B, 0x23D7E, 0x23D8F, 0x23D92, 0x23DA9, 0x23DB6, 0x23DB7,
	0x23DB8, 0x23DB9, 0x23DBA, 0x23DBB, 0x23DBC, 0x23DBD, 0x23DE3, 0x23DF8, 0x23E06, 0x23E11, 0x23E23, 0x23E27,
	0x23E2C, 0x23E2D, 0x23E2E, 0x23E2F, 0x23E30, 0x23E31, 0x23E39, 0x23E88, 0x23E89, 0x23E8A, 0x23E8B, 0x23EB9,
	0x23EBC, 0x23EBF, 0x23ED7, 0x23EF7, 0x23EF8, 0x23EF9, 0x23EFA, 0x23EFC, 0x23F35, 0x23F41, 0x23F49, 0x23F4A,
	0x23F61, 0x23F77, 0x23F7D, 0x23F7F, 0x23F80, 0x23F81, 0x23F82, 0x23F8F, 0x23FB4, 0x23FB7, 0x23FC0, 0x23FC5,
	0x23FEB, 0x23FEC, 0x23FED, 0x23FEE, 0x23FEF, 0x23FF0, 0x24011, 0x2401C, 0x24039, 0x2403A, 0x2403B, 0x2403C,
	0x2403D, 0x24057, 0x24073, 0x24085, 0x2408B, 0x2408C, 0x2408D, 0x24091, 0x240C9, 0x240E1, 0x24104, 0x2410F,
	0x24119, 0x2413F, 0x24140, 0x24144, 0x24155, 0x24156, 0x24157, 0x2415C, 0x2415F, 0x24161, 0x24177, 0x2417A,
	0x2418D, 0x241A1, 0x241A2, 0x241A3, 0x241A4, 0x241A5, 0x241AC, 0x241B5, 0x241C3, 0x241C4, 0x241CD, 0x241E2,
	0x241ED, 0x241FC, 0x241FE, 0x2421B, 0x24236, 0x2424B, 0x24256, 0x24259, 0x24277, 0x24278, 0x24284, 0x24292,
	0x24295, 0x242A5, 0x242BF, 0x242C1, 0x242C9, 0x242CA, 0x242CF, 0x242EE, 0x242FA, 0x2430D, 0x2431A, 0x24334,
	0x24348, 0x24350, 0x24355, 0x24360, 0x24362, 0x24363, 0x24364, 0x24365, 0x2438C, 0x24396, 0x2439C, 0x243BA,
	0x243BB, 0x243BD, 0x243C1, 0x243E9, 0x243EA, 0x243F2, 0x243F6, 0x243F8, 0x24404, 0x24435, 0x24436, 0x24455,
	0x2445A, 0x2445B, 0x24473, 0x24487, 0x24488, 0x244B9, 0x244BC, 0x244CE, 0x244D3, 0x244D6, 0x24505, 0x24521,
	0x24548, 0x2456A, 0x2456D, 0x2456F, 0x24578, 0x245C8, 0x24618, 0x2462A, 0x24665, 0x24674, 0x24697, 0x246C9,
	0x246D4, 0x246D8, 0x24706, 0x24725, 0x2472F, 0x2476C, 0x24783, 0x2478F, 0x247A4, 0x247E0, 0x247E5, 0x24811,
	0x24812, 0x24823, 0x2483E, 0x24882, 0x24895, 0x248AA, 0x248E5, 0x248E9, 0x248F0, 0x248F1, 0x248F2, 0x248F3,
	0x248FB, 0x248FF, 0x24900, 0x24901, 0x2490C, 0x24916, 0x24919, 0x2492F, 0x24933, 0x24934, 0x2493E, 0x2493F,
	0x24940, 0x24941, 0x24942, 0x24957, 0x24962, 0x24963, 0x24974, 0x24975, 0x2497B, 0x2497F, 0x24980, 0x24988,
	0x24989, 0x2498A, 0x2498B, 0x2498C, 0x2498D, 0x2498E, 0x2498F, 0x24994, 0x249A4, 0x249A7, 0x249AB, 0x249AD,
	0x249B7, 0x249B8, 0x249B9, 0x249BA, 0x249BB, 0x249C5, 0x249D0, 0x249DA, 0x249DE, 0x249DF, 0x249E3, 0x249E5,
	0x249EC, 0x249ED, 0x249F6, 0x249F7, 0x249F8, 0x249F9, 0x249FB, 0x24A0E, 0x24A0F, 0x24A12, 0x24A13, 0x24A15,
	0x24A21, 0x24A22, 0x24A23, 0x24A24, 0x24A25, 0x24A26, 0x24A27, 0x24A28, 0x24A29, 0x24A2A, 0x24A3E, 0x24A42,
	0x24A45, 0x24A4A, 0x24A4E, 0x24A4F, 0x24A50, 0x24A51, 0x24A5D, 0x24A61, 0x24A65, 0x24A66, 0x24A67, 0x24A71,
	0x24A77, 0x24A78, 0x24A79, 0x24A7A, 0x24A7D, 0x24A8C, 0x24A93, 0x24A95, 0x24A96, 0x24AA4, 0x24AA6, 0x24AA7,
	0x24AB1, 0x24AB2, 0x24AB3, 0x24ABA, 0x24ABB, 0x24ABC, 0x24AC0, 0x24AC7, 0x24ACA, 0x24AD1, 0x24ADF, 0x24AE2,
	0x24AE9, 0x24B5B, 0x24B6E, 0x24B80, 0x24BA8, 0x24BF5, 0x24C07, 0x24C09, 0x24C15, 0x24C1D, 0x24C21, 0x24C48,
	0x24C5D, 0x24C6C, 0x24C9E, 0x24C9F, 0x24CC8, 0x24CC9, 0x24CD9, 0x24D06, 0x24D10, 0x24D13, 0x24D14, 0x24D2F,
	0x24D50, 0x24D5A, 0x24D8A, 0x24D99, 0x24DB8, 0x24DC7, 0x24DEA, 0x24DEB, 0x24DFD, 0x24E05, 0x24E3B, 0x24E50,
	0x24E9B, 0x24EA5, 0x24EA7, 0x24EBA, 0x24ECA, 0x24ED8, 0x24F0E, 0x24F5C, 0x24F80, 0x24F82, 0x24F86, 0x24F97,
	0x24F9A, 0x24FA9, 0x24FB8, 0x24FC2, 0x24FEA, 0x24FF2, 0x2502C, 0x25051, 0x25052, 0x25053, 0x25055, 0x25062,
	0x25081, 0x2509D, 0x250A9, 0x2510E, 0x25128, 0x2512B, 0x25148, 0x2515F, 0x25160, 0x25174, 0x2517D, 0x2517E,
	0x251A7, 0x251CD, 0x251E2, 0x251E3, 0x251E6, 0x251E7, 0x2521F, 0x25220, 0x25232, 0x25236, 0x25250, 0x2528C,
	0x25292, 0x25299, 0x252C7, 0x252D8, 0x252DF, 0x2530E, 0x25311, 0x25313, 0x2531B, 0x2538A, 0x2539D, 0x25418,
	0x25419, 0x2541E, 0x2541F, 0x25425, 0x2542F, 0x25430, 0x2543B, 0x25446, 0x25462, 0x2546A, 0x2546C, 0x25490,
	0x254FF, 0x25500, 0x25531, 0x25535, 0x2553F, 0x2555B, 0x2555D, 0x2555E, 0x25562, 0x25564, 0x25565, 0x25566,
	0x25581, 0x25584, 0x25585, 0x2558F, 0x255B9, 0x255D5, 0x255DB, 0x255E0, 0x25605, 0x25635, 0x25651, 0x25683,
	0x25695, 0x256E3, 0x256F1, 0x256F6, 0x25706, 0x2570C, 0x2571D, 0x25725, 0x2573D, 0x25762, 0x25772, 0x2579B,
	0x257C2, 0x257C7, 0x257DF, 0x257E0, 0x257E1, 0x25857, 0x2585D, 0x25872, 0x258A2, 0x258C8, 0x258DE, 0x258E1,
	0x25903, 0x2591B, 0x25945, 0x25946, 0x25956, 0x259AC, 0x259CC, 0x259F9, 0x25A54, 0x25A95, 0x25A9C, 0x25AAE,
	0x25AAF, 0x25AD7, 0x25AE9, 0x25AF1, 0x25B00, 0x25B08, 0x25B1E, 0x25B20, 0x25B74, 0x25B89, 0x25B9C, 0x25BB4,
	0x25BBE, 0x25BC6, 0x25BD7, 0x25BE4, 0x25BE8, 0x25C01, 0x25C06, 0x25C21, 0x25C4A, 0x25C54, 0x25C65, 0x25C7C,
	0x25C91, 0x25CA4, 0x25CC0, 0x25CC1, 0x25CCD, 0x25CFE, 0x25D20, 0x25D26, 0x25D27, 0x25D30, 0x25D43, 0x25D5A,
	0x25D5C, 0x25DB9, 0x25E0E, 0x25E49, 0x25E81, 0x25E82, 0x25E83, 0x25E85, 0x25EA6, 0x25EBC, 0x25ED7, 0x25ED8,
	0x25EDA, 0x25EDF, 0x25EFF, 0x25F1A, 0x25F4B, 0x25F58, 0x25FE2, 0x26007, 0x26021, 0x26029, 0x26048, 0x26064,
	0x26083, 0x26097, 0x260A4, 0x260A5, 0x260B3, 0x26102, 0x26121, 0x26159, 0x2615A, 0x2615B, 0x2615C, 0x2619F,
	0x261AD, 0x261AE, 0x261AF, 0x261B2, 0x261DD, 0x26209, 0x2620B, 0x2620C, 0x2620E, 0x2620F, 0x26210, 0x26211,
	0x26213, 0x26214, 0x26216, 0x26218, 0x2621A, 0x2621B, 0x2621D, 0x2621F, 0x26220, 0x26221, 0x26246, 0x26258,
	0x26261, 0x2626A, 0x2627D, 0x26299, 0x2629F, 0x262D0, 0x26335, 0x2634B, 0x2634C, 0x26351, 0x26360, 0x26369,
	0x263BE, 0x263F5, 0x263F8, 0x26400, 0x26402, 0x26407, 0x26408, 0x26410, 0x26411, 0x26412, 0x2644A, 0x26469,
	0x26484, 0x26488, 0x26489, 0x2648D, 0x26498, 0x2649C, 0x26512, 0x2652E, 0x26543, 0x26548, 0x26552, 0x26572,
	0x265A0, 0x265AD, 0x265BF, 0x265C0, 0x26612, 0x26626, 0x26629, 0x26675, 0x26676, 0x2667C, 0x26693, 0x26696,
	0x266A7, 0x266AF, 0x266B1, 0x266B5, 0x266DA, 0x266E8, 0x266FC, 0x26716, 0x26741, 0x26761, 0x2677C, 0x26799,
	0x267A3, 0x267B3, 0x267B4, 0x267CC, 0x267E4, 0x2681C, 0x26846, 0x2685E, 0x2686E, 0x26888, 0x2688A, 0x2688C,
	0x26893, 0x268C7, 0x268DD, 0x268DE, 0x268F1, 0x2690E, 0x26911, 0x26926, 0x26939, 0x26947, 0x26951, 0x2695B,
	0x2696F, 0x269A8, 0x269B5, 0x269E1, 0x269F2, 0x269FA, 0x26A2D, 0x26A2E, 0x26A34, 0x26A42, 0x26A51, 0x26A88,
	0x26B05, 0x26B0A, 0x26B13, 0x26B15, 0x26B23, 0x26B28, 0x26B50, 0x26B51, 0x26B52, 0x26B53, 0x26B5B, 0x26B75,
	0x26B82, 0x26B96, 0x26B9D, 0x26BB3, 0x26BC0, 0x26BF7, 0x26C0F, 0x26C21, 0x26C29, 0x26C40, 0x26C41, 0x26C44,
	0x26C54, 0x26C7E, 0x26C7F, 0x26C80, 0x26C82, 0x26CA4, 0x26CB7, 0x26CB8, 0x26CBD, 0x26CC0, 0x26CC3, 0x26CD1,
	0x26D22, 0x26D23, 0x26D24, 0x26D25, 0x26D26, 0x26D27, 0x26D28, 0x26D29, 0x26D2A, 0x26D4F, 0x26D51, 0x26D74,
	0x26DA0, 0x26DA1, 0x26DA2, 0x26DA3, 0x26DA4, 0x26DA7, 0x26DAE, 0x26DDC, 0x26DDD, 0x26DEA, 0x26DEB, 0x26DF0,
	0x26E00, 0x26E05, 0x26E07, 0x26E12, 0x26E42, 0x26E43, 0x26E44, 0x26E45, 0x26E6E, 0x26E72, 0x26E77, 0x26E84,
	0x26E88, 0x26E99, 0x26ED0, 0x26ED1, 0x26ED2, 0x26ED3, 0x26ED4, 0x26ED5, 0x26ED6, 0x26ED7, 0x26F26, 0x26F2F,
	0x26F4A, 0x26F73, 0x26F74, 0x26F9F, 0x26FA1, 0x26FBE, 0x26FDE, 0x26FDF, 0x2700E, 0x27039, 0x2704B, 0x27052,
	0x27088, 0x270AE, 0x270AF, 0x270CD, 0x270D2, 0x270F0, 0x270F8, 0x27109, 0x2710C, 0x2710D, 0x27126, 0x27127,
	0x27138, 0x27164, 0x27165, 0x27175, 0x271B2, 0x271CD, 0x2721B, 0x27253, 0x2725E, 0x27280, 0x27285, 0x2728B,
	0x272B2, 0x272B5, 0x272B6, 0x272CA, 0x272CD, 0x272E6, 0x27307, 0x27313, 0x2739A, 0x273D6, 0x273D7, 0x273FF,
	0x27405, 0x27422, 0x27444, 0x2744F, 0x27450, 0x27484, 0x27486, 0x274CD, 0x2754F, 0x27574, 0x275A3, 0x275E0,
	0x275E4, 0x275F4, 0x275FD, 0x275FE, 0x27602, 0x2760C, 0x27632, 0x27639, 0x27655, 0x27656, 0x27657, 0x27685,
	0x27694, 0x27700, 0x2770F, 0x27717, 0x2772D, 0x27735, 0x27736, 0x27741, 0x2775D, 0x2775E, 0x27784, 0x27785,
	0x277C4, 0x277CC, 0x27858, 0x2785D, 0x27870, 0x27883, 0x2789D, 0x278B2, 0x278C8, 0x27924, 0x27945, 0x27967,
	0x2797A, 0x279A0, 0x279DD, 0x279FB, 0x279FD, 0x27A0A, 0x27A0E, 0x27A3E, 0x27A53, 0x27A59, 0x27A79, 0x27A84,
	0x27ABD, 0x27ABE, 0x27AF4, 0x27B06, 0x27B08, 0x27B0B, 0x27B18, 0x27B28, 0x27B38, 0x27B39, 0x27B3A, 0x27B48,
	0x27B5C, 0x27B65, 0x27BAA, 0x27BEF, 0x27BF4, 0x27C0A, 0x27C0E, 0x27C12, 0x27C35, 0x27C3C, 0x27C6C, 0x27CB1,
	0x27D2F, 0x27D53, 0x27D54, 0x27D66, 0x27D73, 0x27D84, 0x27D8F, 0x27D98, 0x27DA7, 0x27DB6, 0x27DBD, 0x27DC7,
	0x27DDC, 0x27E4D, 0x27E4F, 0x27E51, 0x27E52, 0x27E54, 0x27E55, 0x27E56, 0x27E57, 0x27E89, 0x27ED9, 0x27F52,
	0x27FB7, 0x27FD2, 0x27FDB, 0x27FEB, 0x27FF9, 0x28001, 0x28002, 0x28009, 0x2801E, 0x28023, 0x28024, 0x28043,
	0x28048, 0x28054, 0x28083, 0x28090, 0x280BD, 0x280BE, 0x280BF, 0x280DE, 0x280DF, 0x280E9, 0x280F4, 0x2812E,
	0x2814F, 0x2815B, 0x2815D, 0x2816C, 0x2816F, 0x28189, 0x281AA, 0x281AF, 0x281BC, 0x281E4, 0x28207, 0x28218,
	0x2821A, 0x28249, 0x28256, 0x28257, 0x28263, 0x2827C, 0x2829B, 0x282CC, 0x282CD, 0x282E2, 0x28306, 0x28318,
	0x2832F, 0x2833A, 0x28365, 0x2836D, 0x28373, 0x2837D, 0x2838A, 0x28405, 0x28408, 0x28412, 0x28452, 0x2845F,
	0x28468, 0x28473, 0x28482, 0x284C8, 0x28501, 0x2853C, 0x2853D, 0x2856C, 0x285C9, 0x285E8, 0x285F4, 0x28600,
	0x2860B, 0x28625, 0x2863B, 0x2865E, 0x286AA, 0x286AB, 0x286B2, 0x286BC, 0x286D8, 0x286E6, 0x2870F, 0x28713,
	0x28804, 0x28812, 0x28816, 0x2882B, 0x288A5, 0x288E6, 0x2890D, 0x28933, 0x28948, 0x28949, 0x28956, 0x28964,
	0x28968, 0x2896D, 0x2897E, 0x28989, 0x289A8, 0x289AA, 0x289AB, 0x289B8, 0x289BC, 0x289C0, 0x289DC, 0x289DE,
	0x289E1, 0x289E3, 0x289E4, 0x289E7, 0x289E8, 0x289F9, 0x289FA, 0x289FB, 0x289FC, 0x28A0F, 0x28A15, 0x28A16,
	0x28A25, 0x28A29, 0x28A32, 0x28A36, 0x28A44, 0x28A45, 0x28A46, 0x28A48, 0x28A49, 0x28A4A, 0x28A4B, 0x28A59,
	0x28A5A, 0x28A68, 0x28A81, 0x28A82, 0x28A83, 0x28A9A, 0x28A9B, 0x28A9C, 0x28AC0, 0x28AC6, 0x28ACB, 0x28ACC,
	0x28ACE, 0x28ADE, 0x28ADF, 0x28AE0, 0x28AE1, 0x28AE2, 0x28AE3, 0x28AE5, 0x28AEA, 0x28AFC, 0x28B0C, 0x28B13,
	0x28B21, 0x28B22, 0x28B2B, 0x28B2C, 0x28B2D, 0x28B2F, 0x28B46, 0x28B4E, 0x28B50, 0x28B63, 0x28B65, 0x28B66,
	0x28B6C, 0x28B8F, 0x28B98, 0x28B99, 0x28B9C, 0x28B9D, 0x28BC2, 0x28BC5, 0x28BD4, 0x28BD7, 0x28BD9, 0x28BDA,
	0x28BE7, 0x28BE8, 0x28BE9, 0x28BEA, 0x28BEC, 0x28BF5, 0x28BFF, 0x28C03, 0x28C09, 0x28C1C, 0x28C1D, 0x28C23,
	0x28C26, 0x28C2B, 0x28C30, 0x28C39, 0x28C3B, 0x28C3E, 0x28C3F, 0x28C41, 0x28C42, 0x28C43, 0x28C44, 0x28C45,
	0x28C46, 0x28C47, 0x28C48, 0x28C49, 0x28C4B, 0x28C4C, 0x28C4D, 0x28C4E, 0x28C4F, 0x28C51, 0x28C52, 0x28C53,
	0x28C54, 0x28C56, 0x28CCA, 0x28CCD, 0x28CD2, 0x28D34, 0x28D7F, 0x28D99, 0x28DB9, 0x28DFF, 0x28E02, 0x28E03,
	0x28E04, 0x28E0F, 0x28E1A, 0x28E1F, 0x28E2C, 0x28E36, 0x28E39, 0x28E65, 0x28E97, 0x28EAC, 0x28EB2, 0x28EB3,
	0x28ED9, 0x28EE7, 0x28EEA, 0x28EF2, 0x28EF6, 0x28F4C, 0x28FC5, 0x28FFD, 0x29082, 0x29088, 0x2908B, 0x29093,
	0x290AF, 0x290B0, 0x290B1, 0x290C0, 0x290E4, 0x290E5, 0x290EC, 0x290ED, 0x2910D, 0x29110, 0x2913C, 0x2914D,
	0x2915B, 0x29170, 0x2917B, 0x2919C, 0x291A8, 0x291D3, 0x291D5, 0x291DB, 0x291EB, 0x29272, 0x2929A, 0x292D4,
	0x292D8, 0x292E7, 0x2939F, 0x293FC, 0x29400, 0x2941D, 0x29420, 0x29433, 0x2943F, 0x29448, 0x2947A, 0x294D0,
	0x294D9, 0x294DA, 0x294E5, 0x294E7, 0x29516, 0x29517, 0x29544, 0x29596, 0x2959E, 0x295B0, 0x295B8, 0x295D7,
	0x295E1, 0x295E9, 0x295F4, 0x29665, 0x29667, 0x2966A, 0x2966B, 0x2966F, 0x29732, 0x297AF, 0x297C4, 0x297D4,
	0x29807, 0x2980C, 0x29810, 0x29811, 0x29857, 0x298A4, 0x298B2, 0x298D1, 0x298EA, 0x298F1, 0x29905, 0x2992F,
	0x29945, 0x29947, 0x29948, 0x29949, 0x2994B, 0x2995D, 0x2996A, 0x2999D, 0x299A2, 0x299C3, 0x299E8, 0x299EB,
	0x299EF, 0x299F0, 0x299F1, 0x299F2, 0x299F4, 0x299FA, 0x299FF, 0x29A00, 0x29A01, 0x29A03, 0x29A04, 0x29A08,
	0x29A0A, 0x29A0D, 0x29A0E, 0x29A0F, 0x29A12, 0x29A28, 0x29A48, 0x29A4D, 0x29AAF, 0x29B05, 0x29B79, 0x29BD5,
	0x29BED, 0x29C73, 0x29C74, 0x29CAD, 0x29D3E, 0x29D4B, 0x29D5A, 0x29D7C, 0x29D85, 0x29D89, 0x29D98, 0x29D9B,
	0x29DAC, 0x29DD3, 0x29DD5, 0x29DF6, 0x29E06, 0x29E2D, 0x29E4E, 0x29E68, 0x29E72, 0x29EAC, 0x29EC3, 0x29EF8,
	0x29F08, 0x29F23, 0x29F30, 0x29F79, 0x29F7C, 0x29F7E, 0x29F81, 0x29F83, 0x29F87, 0x29F88, 0x29F8A, 0x29F8C,
	0x29FB7, 0x29FDE, 0x2A014, 0x2A087, 0x2A0B9, 0x2A0E1, 0x2A0ED, 0x2A0F3, 0x2A0F8, 0x2A0FE, 0x2A107, 0x2A123,
	0x2A133, 0x2A150, 0x2A176, 0x2A193, 0x2A1AB, 0x2A1B4, 0x2A1B5, 0x2A1DF, 0x2A1F5, 0x2A220, 0x2A233, 0x2A242,
	0x2A243, 0x2A246, 0x2A248, 0x2A24A, 0x2A24D, 0x2A251, 0x2A293, 0x2A29F, 0x2A2B2, 0x2A2B4, 0x2A2B6, 0x2A2BA,
	0x2A2BD, 0x2A2DF, 0x2A2FF, 0x2A351, 0x2A389, 0x2A38A, 0x2A38B, 0x2A38C, 0x2A3A9, 0x2A3AD, 0x2A3ED, 0x2A400,
	0x2A434, 0x2A45B, 0x2A4AC, 0x2A4D0, 0x2A502, 0x2A599, 0x2A5C6, 0x2A5CB, 0x2A601, 0x2A632, 0x2A64A, 0x2A65B,
	0x2A6A9, 0x2A6DE, 0x2A79D, 0x2A7DD, 0x2A80F, 0x2A833, 0x2A835, 0x2A838, 0x2A83D, 0x2A840, 0x2A843, 0x2A84B,
	0x2A84F, 0x2A88C, 0x2A890, 0x2A895, 0x2A8A0, 0x2A8AE, 0x2A8C6, 0x2A8D2, 0x2A8FB, 0x2A91A, 0x2A96B, 0x2A970,
	0x2A97F, 0x2A9C0, 0x2A9D8, 0x2AA07, 0x2AA0A, 0x2AA17, 0x2AA27, 0x2AA36, 0x2AA37, 0x2AA4E, 0x2AA58, 0x2AA78,
	0x2AA9E, 0x2AABC, 0x2AACC, 0x2AAF7, 0x2AAFA, 0x2AB62, 0x2AB67, 0x2AB75, 0x2AB7E, 0x2AB8B, 0x2AB96, 0x2ABB3,
	0x2ABB6, 0x2ABCB, 0x2AC36, 0x2AC65, 0x2AC77, 0x2AC8E, 0x2AC94, 0x2AC9B, 0x2ACAE, 0x2ACCD, 0x2AD19, 0x2AD2F,
	0x2AD51, 0x2AD63, 0x2AD71, 0x2AD84, 0x2ADFD, 0x2ADFF, 0x2AE15, 0x2AE29, 0x2AE73, 0x2AEAA, 0x2AEAD, 0x2AEB7,
	0x2AEBB, 0x2AEBD, 0x2AED0, 0x2AEE8, 0x2AEF2, 0x2AEFA, 0x2AF0B, 0x2AF6A, 0x2AF6E, 0x2AF77, 0x2AFA2, 0x2AFA6,
	0x2AFB8, 0x2AFEB, 0x2B042, 0x2B05F, 0x2B061, 0x2B072, 0x2B073, 0x2B077, 0x2B083, 0x2B086, 0x2B088, 0x2B099,
	0x2B119, 0x2B11A, 0x2B11B, 0x2B11C, 0x2B11F, 0x2B120, 0x2B121, 0x2B122, 0x2B123, 0x2B124, 0x2B125, 0x2B127,
	0x2B128, 0x2B129, 0x2B12B, 0x2B12C, 0x2B12D, 0x2B12E, 0x2B130, 0x2B131, 0x2B132, 0x2B133, 0x2B134, 0x2B136,
	0x2B137, 0x2B138, 0x2B139, 0x2B157, 0x2B18F, 0x2B1D8, 0x2B1E6, 0x2B1ED, 0x2B1F4, 0x2B1FD, 0x2B209, 0x2B20E,
	0x2B21F, 0x2B235, 0x2B241, 0x2B244, 0x2B26C, 0x2B2AE, 0x2B2B1, 0x2B2B8, 0x2B2BB, 0x2B2C7, 0x2B2F2, 0x2B2F7,
	0x2B2F9, 0x2B2FB, 0x2B300, 0x2B307, 0x2B328, 0x2B32A, 0x2B32D, 0x2B359, 0x2B35A, 0x2B35B, 0x2B35C, 0x2B360,
	0x2B361, 0x2B362, 0x2B363, 0x2B364, 0x2B365, 0x2B366, 0x2B367, 0x2B368, 0x2B369, 0x2B36A, 0x2B36C, 0x2B36E,
	0x2B36F, 0x2B370, 0x2B371, 0x2B372, 0x2B373, 0x2B374, 0x2B375, 0x2B377, 0x2B378, 0x2B379, 0x2B37B, 0x2B37D,
	0x2B37E, 0x2B37F, 0x2B386, 0x2B38C, 0x2B3A6, 0x2B3A7, 0x2B3A9, 0x2B3AA, 0x2B3AB, 0x2B3AC, 0x2B3AD, 0x2B3B1,
	0x2B3B3, 0x2B3C3, 0x2B3C6, 0x2B3CB, 0x2B3CC, 0x2B3D0, 0x2B3D5, 0x2B3E8, 0x2B404, 0x2B405, 0x2B406, 0x2B407,
	0x2B408, 0x2B409, 0x2B40A, 0x2B40C, 0x2B40E, 0x2B40F, 0x2B410, 0x2B411, 0x2B412, 0x2B413, 0x2B415, 0x2B416,
	0x2B417, 0x2B418, 0x2B419, 0x2B437, 0x2B458, 0x2B461, 0x2B477, 0x2B4E5, 0x2B4E6, 0x2B4E7, 0x2B4E8, 0x2B4E9,
	0x2B4EA, 0x2B4EC, 0x2B4ED, 0x2B4EF, 0x2B4F0, 0x2B4F1, 0x2B4F2, 0x2B4F4, 0x2B4F5, 0x2B4F6, 0x2B4F8, 0x2B4F9,
	0x2B4FA, 0x2B4FB, 0x2B4FD, 0x2B4FE, 0x2B500, 0x2B501, 0x2B502, 0x2B504, 0x2B505, 0x2B507, 0x2B508, 0x2B509,
	0x2B50A, 0x2B50B, 0x2B50C, 0x2B50D, 0x2B50E, 0x2B514, 0x2B52D, 0x2B52F, 0x2B530, 0x2B534, 0x2B535, 0x2B536,
	0x2B565, 0x2B583, 0x2B585, 0x2B587, 0x2B592, 0x2B594, 0x2B595, 0x2B5AB, 0x2B5AE, 0x2B5AF, 0x2B5B1, 0x2B5B2,
	0x2B5B3, 0x2B5B5, 0x2B5B6, 0x2B5B8, 0x2B5B9, 0x2B5BA, 0x2B5C9, 0x2B5CA, 0x2B5CB, 0x2B5DE, 0x2B5E0, 0x2B5E2,
	0x2B5E3, 0x2B5E5, 0x2B5E6, 0x2B5E7, 0x2B5E9, 0x2B5EA, 0x2B5EB, 0x2B5EC, 0x2B5ED, 0x2B5EE, 0x2B5EF, 0x2B5F0,
	0x2B5F4, 0x2B5F5, 0x2B61B, 0x2B61C, 0x2B61D, 0x2B61E, 0x2B61F, 0x2B620, 0x2B621, 0x2B623, 0x2B624, 0x2B625,
	0x2B626, 0x2B627, 0x2B628, 0x2B629, 0x2B62A, 0x2B62B, 0x2B62C, 0x2B62D, 0x2B62E, 0x2B62F, 0x2B630, 0x2B631,
	0x2B63D, 0x2B688, 0x2B689, 0x2B68A, 0x2B68B, 0x2B68C, 0x2B68D, 0x2B68F, 0x2B691, 0x2B692, 0x2B693, 0x2B694,
	0x2B695, 0x2B696, 0x2B697, 0x2B699, 0x2B69A, 0x2B69B, 0x2B69C, 0x2B69E, 0x2B6A0, 0x2B6A1, 0x2B6A2, 0x2B6A3,
	0x2B6A4, 0x2B6A5, 0x2B6A6, 0x2B6A7, 0x2B6AA, 0x2B6AB, 0x2B6AD, 0x2B6DA, 0x2B6DB, 0x2B6DC, 0x2B6DD, 0x2B6DE,
	0x2B6DF, 0x2B6E1, 0x2B6E2, 0x2B6E3, 0x2B6E4, 0x2B6E5, 0x2B6E6, 0x2B6E8, 0x2B6E9, 0x2B6EA, 0x2B6EB, 0x2B6EC,
	0x2B6EE, 0x2B6EF, 0x2B6F0, 0x2B6F1, 0x2B6F2, 0x2B6F3, 0x2B6F5, 0x2B6F6, 0x2B6F7, 0x2B6F8, 0x2B6FC, 0x2B6FD,
	0x2B700, 0x2B701, 0x2B703, 0x2B704, 0x2B711, 0x2B714, 0x2B728, 0x2B729, 0x2B72A, 0x2B72C, 0x2B72D, 0x2B730,
	0x2B732, 0x2B736, 0x2B766, 0x2B767, 0x2B768, 0x2B769, 0x2B76B, 0x2B76C, 0x2B76D, 0x2B76E, 0x2B775, 0x2B797,
	0x2B79A, 0x2B79B, 0x2B79D, 0x2B7A0, 0x2B7A1, 0x2B7A3, 0x2B7A5, 0x2B7A6, 0x2B7A7, 0x2B7A8, 0x2B7A9, 0x2B7C3,
	0x2B7C4, 0x2B7C5, 0x2B7C6, 0x2B7C7, 0x2B7D1, 0x2B7D5, 0x2B7DE, 0x2B7DF, 0x2B7E0, 0x2B7E1, 0x2B7E4, 0x2B7E6,
	0x2B7F2, 0x2B7F3, 0x2B7F4, 0x2B7F5, 0x2B7F6, 0x2B7F7, 0x2B7F8, 0x2B7F9, 0x2B7FA, 0x2B7FB, 0x2B7FC, 0x2B7FF,
	0x2B800, 0x2B801, 0x2B802, 0x2B805, 0x2B806, 0x2B807, 0x2B808, 0x2B80B, 0x2B810, 0x2B812, 0x2B81C, 0x2B852,
	0x2B88A, 0x2B892, 0x2B899, 0x2B8AA, 0x2B8AC, 0x2B8AD, 0x2B8B8, 0x2B8BA, 0x2B8C9, 0x2B8CA, 0x2B938, 0x2B977,
	0x2B985, 0x2B98C, 0x2B99F, 0x2B9A9, 0x2B9B3, 0x2B9EE, 0x2B9EF, 0x2B9FF, 0x2BA55, 0x2BA56, 0x2BA5B, 0x2BA65,
	0x2BA66, 0x2BA73, 0x2BA7A, 0x2BA7D, 0x2BA7E, 0x2BA80, 0x2BA81, 0x2BA83, 0x2BA8C, 0x2BA8D, 0x2BA92, 0x2BA9A,
	0x2BAA2, 0x2BAA7, 0x2BAB1, 0x2BAC3, 0x2BAC4, 0x2BAC7, 0x2BAC8, 0x2BAD5, 0x2BAE6, 0x2BAE8, 0x2BAF2, 0x2BAFE,
	0x2BAFF, 0x2BB00, 0x2BB03, 0x2BB07, 0x2BB10, 0x2BB12, 0x2BB16, 0x2BB18, 0x2BB1B, 0x2BB24, 0x2BB25, 0x2BB28,
	0x2BB33, 0x2BB37, 0x2BB40, 0x2BB5E, 0x2BB5F, 0x2BB62, 0x2BB68, 0x2BB6A, 0x2BB72, 0x2BB83, 0x2BB85, 0x2BBE5,
	0x2BBF6, 0x2BC02, 0x2BC0D, 0x2BC1B, 0x2BC20, 0x2BC21, 0x2BC22, 0x2BC28, 0x2BC30, 0x2BC39, 0x2BC55, 0x2BC97,
	0x2BCB8, 0x2BCC3, 0x2BCD7, 0x2BD71, 0x2BD75, 0x2BD76, 0x2BD77, 0x2BD87, 0x2BD95, 0x2BDC9, 0x2BDEC, 0x2BDEE,
	0x2BDF7, 0x2BDF9, 0x2BDFE, 0x2BE29, 0x2BE6E, 0x2BE74, 0x2BE77, 0x2BE7D, 0x2BE81, 0x2BE82, 0x2BE86, 0x2BE8A,
	0x2BE8C, 0x2BE93, 0x2BE96, 0x2BE98, 0x2BEAA, 0x2BEB7, 0x2BF1D, 0x2BF25, 0x2BF27, 0x2BF2E, 0x2BF35, 0x2BF38,
	0x2BF3E, 0x2BF41, 0x2BF47, 0x2BF4A, 0x2BF4B, 0x2BF62, 0x2BF63, 0x2BF65, 0x2BF6E, 0x2C029, 0x2C02A, 0x2C031,
	0x2C075, 0x2C07A, 0x2C080, 0x2C082, 0x2C085, 0x2C089, 0x2C0A0, 0x2C0A9, 0x2C0AE, 0x2C0B0, 0x2C0C0, 0x2C0CA,
	0x2C0D8, 0x2C0EB, 0x2C129, 0x2C165, 0x2C16B, 0x2C1A6, 0x2C1AE, 0x2C1BE, 0x2C1C7, 0x2C1D5, 0x2C1D8, 0x2C1D9,
	0x2C1F9, 0x2C201, 0x2C215, 0x2C21C, 0x2C227, 0x2C242, 0x2C247, 0x2C24B, 0x2C260, 0x2C261, 0x2C267, 0x2C27C,
	0x2C282, 0x2C288, 0x2C289, 0x2C28D, 0x2C28E, 0x2C296, 0x2C29C, 0x2C2A4, 0x2C2A6, 0x2C2B5, 0x2C2B6, 0x2C2BA,
	0x2C31D, 0x2C32E, 0x2C359, 0x2C35B, 0x2C361, 0x2C364, 0x2C386, 0x2C391, 0x2C3A7, 0x2C3DC, 0x2C3DF, 0x2C3E6,
	0x2C3EB, 0x2C3EE, 0x2C446, 0x2C44D, 0x2C453, 0x2C454, 0x2C455, 0x2C457, 0x2C461, 0x2C467, 0x2C486, 0x2C488,
	0x2C48D, 0x2C48E, 0x2C494, 0x2C495, 0x2C4E0, 0x2C4EB, 0x2C4F5, 0x2C4FC, 0x2C502, 0x2C542, 0x2C544, 0x2C54A,
	0x2C55B, 0x2C566, 0x2C583, 0x2C591, 0x2C5AE, 0x2C603, 0x2C613, 0x2C615, 0x2C616, 0x2C618, 0x2C61B, 0x2C61D,
	0x2C61F, 0x2C620, 0x2C621, 0x2C622, 0x2C624, 0x2C625, 0x2C627, 0x2C628, 0x2C629, 0x2C62A, 0x2C62B, 0x2C62C,
	0x2C62D, 0x2C62E, 0x2C62F, 0x2C630, 0x2C634, 0x2C635, 0x2C636, 0x2C637, 0x2C63A, 0x2C63B, 0x2C642, 0x2C646,
	0x2C647, 0x2C648, 0x2C649, 0x2C64A, 0x2C64B, 0x2C64E, 0x2C65D, 0x2C66D, 0x2C684, 0x2C6F9, 0x2C6FC, 0x2C725,
	0x2C727, 0x2C728, 0x2C72C, 0x2C72F, 0x2C738, 0x2C73E, 0x2C73F, 0x2C74B, 0x2C76F, 0x2C795, 0x2C798, 0x2C79F,
	0x2C7AB, 0x2C7C1, 0x2C7EA, 0x2C7FD, 0x2C805, 0x2C820, 0x2C847, 0x2C852, 0x2C853, 0x2C860, 0x2C877, 0x2C88A,
	0x2C88B, 0x2C88C, 0x2C88E, 0x2C891, 0x2C892, 0x2C894, 0x2C8AA, 0x2C8AF, 0x2C8B3, 0x2C8BF, 0x2C8C0, 0x2C8D9,
	0x2C8DB, 0x2C8DC, 0x2C8DD, 0x2C8DE, 0x2C8DF, 0x2C8E0, 0x2C8E1, 0x2C8E3, 0x2C8E4, 0x2C8E5, 0x2C8E6, 0x2C8E7,
	0x2C8E8, 0x2C8E9, 0x2C8EA, 0x2C8EC, 0x2C8ED, 0x2C8EE, 0x2C8F0, 0x2C8F1, 0x2C8F2, 0x2C8F3, 0x2C8F6, 0x2C8F7,
	0x2C8F8, 0x2C8F9, 0x2C8FB, 0x2C8FC, 0x2C8FD, 0x2C8FE, 0x2C8FF, 0x2C900, 0x2C901, 0x2C902, 0x2C904, 0x2C906,
	0x2C907, 0x2C909, 0x2C90A, 0x2C90D, 0x2C90E, 0x2C910, 0x2C911, 0x2C918, 0x2C919, 0x2C91B, 0x2C91D, 0x2C91F,
	0x2C921, 0x2C922, 0x2C923, 0x2C924, 0x2C925, 0x2C926, 0x2C928, 0x2C929, 0x2C92A, 0x2C92B, 0x2C92C, 0x2C92D,
	0x2C92E, 0x2C930, 0x2C944, 0x2C948, 0x2C973, 0x2C976, 0x2C977, 0x2C978, 0x2C97D, 0x2C9A0, 0x2C9A5, 0x2C9A7,
	0x2C9BB, 0x2C9BE, 0x2C9C0, 0x2C9DF, 0x2C9E2, 0x2C9E4, 0x2C9EF, 0x2CA01, 0x2CA02, 0x2CA04, 0x2CA06, 0x2CA07,
	0x2CA08, 0x2CA09, 0x2CA0D, 0x2CA0E, 0x2CA11, 0x2CA13, 0x2CA7D, 0x2CA7E, 0x2CA8D, 0x2CAA7, 0x2CAA8, 0x2CAA9,
	0x2CB27, 0x2CB29, 0x2CB2A, 0x2CB2B, 0x2CB2C, 0x2CB2D, 0x2CB2E, 0x2CB2F, 0x2CB30, 0x2CB31, 0x2CB32, 0x2CB35,
	0x2CB37, 0x2CB38, 0x2CB39, 0x2CB3A, 0x2CB3B, 0x2CB3C, 0x2CB3D, 0x2CB3E, 0x2CB3F, 0x2CB40, 0x2CB41, 0x2CB43,
	0x2CB46, 0x2CB48, 0x2CB49, 0x2CB4A, 0x2CB4D, 0x2CB4E, 0x2CB4F, 0x2CB53, 0x2CB54, 0x2CB55, 0x2CB56, 0x2CB57,
	0x2CB59, 0x2CB5A, 0x2CB5B, 0x2CB5C, 0x2CB5D, 0x2CB60, 0x2CB61, 0x2CB62, 0x2CB63, 0x2CB64, 0x2CB65, 0x2CB66,
	0x2CB68, 0x2CB69, 0x2CB6A, 0x2CB6B, 0x2CB6C, 0x2CB6D, 0x2CB6F, 0x2CB70, 0x2CB72, 0x2CB73, 0x2CB74, 0x2CB76,
	0x2CB78, 0x2CB7B, 0x2CB7C, 0x2CB7D, 0x2CB7F, 0x2CB80, 0x2CB81, 0x2CB98, 0x2CB9F, 0x2CBA0, 0x2CBA2, 0x2CBA4,
	0x2CBA5, 0x2CBA8, 0x2CBAA, 0x2CBAD, 0x2CBB1, 0x2CBB2, 0x2CBB3, 0x2CBB4, 0x2CBBA, 0x2CBBB, 0x2CBBF, 0x2CBC0,
	0x2CBC5, 0x2CBCE, 0x2CC25, 0x2CC33, 0x2CC36, 0x2CC53, 0x2CC56, 0x2CC57, 0x2CC59, 0x2CC5C, 0x2CC5F, 0x2CC60,
	0x2CC62, 0x2CC66, 0x2CC6A, 0x2CC6B, 0x2CC6E, 0x2CC70, 0x2CC73, 0x2CC75, 0x2CC77, 0x2CC7C, 0x2CC7D, 0x2CC7F,
	0x2CC80, 0x2CC85, 0x2CCA6, 0x2CCAD, 0x2CCAE, 0x2CCB2, 0x2CCB6, 0x2CCBC, 0x2CCBE, 0x2CCC1, 0x2CCC2, 0x2CCC6,
	0x2CCCA, 0x2CCCB, 0x2CCCD, 0x2CCDF, 0x2CCF3, 0x2CCF4, 0x2CCF5, 0x2CCF6, 0x2CCF8, 0x2CCFA, 0x2CCFD, 0x2CCFE,
	0x2CCFF, 0x2CD00, 0x2CD01, 0x2CD02, 0x2CD03, 0x2CD05, 0x2CD06, 0x2CD0A, 0x2CD0B, 0x2CD0D, 0x2CD0F, 0x2CD10,
	0x2CD29, 0x2CD68, 0x2CD80, 0x2CD81, 0x2CD82, 0x2CD84, 0x2CD87, 0x2CD8A, 0x2CD8B, 0x2CD8C, 0x2CD8D, 0x2CD8E,
	0x2CD8F, 0x2CD90, 0x2CD93, 0x2CD94, 0x2CD95, 0x2CD96, 0x2CD97, 0x2CD9B, 0x2CD9E, 0x2CD9F, 0x2CDA0, 0x2CDA2,
	0x2CDA3, 0x2CDA4, 0x2CDA7, 0x2CDA8, 0x2CDAB, 0x2CDAC, 0x2CDAE, 0x2CDB2, 0x2CDB5, 0x2CDBA, 0x2CDD5, 0x2CDEF,
	0x2CDFC, 0x2CDFE, 0x2CE00, 0x2CE05, 0x2CE06, 0x2CE08, 0x2CE0A, 0x2CE12, 0x2CE15, 0x2CE18, 0x2CE1A, 0x2CE1B,
	0x2CE1C, 0x2CE1D, 0x2CE1E, 0x2CE22, 0x2CE23, 0x2CE26, 0x2CE27, 0x2CE29, 0x2CE2A, 0x2CE2E, 0x2CE2F, 0x2CE30,
	0x2CE31, 0x2CE33, 0x2CE3E, 0x2CE45, 0x2CE49, 0x2CE56, 0x2CE63, 0x2CE7A, 0x2CE7C, 0x2CE83, 0x2CE88, 0x2CE8C,
	0x2CE8D, 0x2CE8E, 0x2CE93, 0x2CE94, 0x2CE95, 0x2CE9C, 0x2CF96, 0x2D11B, 0x2D1DC, 0x2D1E1, 0x2D1EF, 0x2D21C,
	0x2D25D, 0x2D382, 0x2D39C, 0x2D3E6, 0x2D3F8, 0x2D613, 0x2D6A6, 0x2D784, 0x2D819, 0x2D8C7, 0x2D8E7, 0x2D90E,
	0x2D930, 0x2D9CB, 0x2DA5A, 0x2DA5B, 0x2DA70, 0x2DA86, 0x2DAC0, 0x2DAD9, 0x2DB48, 0x2DC0E, 0x2DC4A, 0x2DCAB,
	0x2DD0A, 0x2DE5C, 0x2E024, 0x2E02A, 0x2E18F, 0x2E1D4, 0x2E260, 0x2E261, 0x2E262, 0x2E263, 0x2E264, 0x2E267,
	0x2E268, 0x2E26A, 0x2E26B, 0x2E26C, 0x2E26E, 0x2E26F, 0x2E41A, 0x2E428, 0x2E502, 0x2E505, 0x2E50A, 0x2E581,
	0x2E583, 0x2E5B1, 0x2E64A, 0x2E64B, 0x2E6D7, 0x2E736, 0x2E774, 0x2E775, 0x2E777, 0x2E778, 0x2E779, 0x2E77A,
	0x2E81E, 0x2E833, 0x2E8F2, 0x2E8F3, 0x2E8F4, 0x2E8F5, 0x2E8F6, 0x2E92B, 0x2E92C, 0x2E92D, 0x2E932, 0x2E9F4,
	0x2E9F5, 0x2EA34, 0x2EA35, 0x2EA5B, 0x2EA5C, 0x2EA5D, 0x2EA5E, 0x2EAA1, 0x2EAA2, 0x2EAA3, 0x2EAA4, 0x2EAA5,
	0x2EAC2, 0x2EB1B, 0x2EB1C, 0x2EB1D, 0x2EB1E, 0x2EB20, 0x2EB22, 0x2EB23, 0x2EB24, 0x2EB61, 0x2EB62, 0x2EB68,
	0x2EB6A, 0x2EB87, 0x2EBD9, 0x2EBF4, 0x2EBF8, 0x2EBF9, 0x2EC04, 0x2EC09, 0x2EC14, 0x2EC38, 0x2EC3E, 0x2EC41,
	0x2EC46, 0x2EC47, 0x2EC4A, 0x2EC52, 0x2EC54, 0x2EC60, 0x2EC63, 0x2EC69, 0x2EC6F, 0x2EC81, 0x2EC82, 0x2EC83,
	0x2EC84, 0x2EC87, 0x2EC9B, 0x2EC9D, 0x2EC9F, 0x2ECAE, 0x2ECB2, 0x2ECB6, 0x2ECB8, 0x2ECC3, 0x2ECC5, 0x2ECC6,
	0x2ECCF, 0x2ECD7, 0x2ECDC, 0x2ECE0, 0x2ECE7, 0x2ECEF, 0x2ECF3, 0x2ECF4, 0x2ECF6, 0x2ED05, 0x2ED07, 0x2ED12,
	0x2ED13, 0x2ED14, 0x2ED17, 0x2ED18, 0x2ED20, 0x2ED25, 0x2ED28, 0x2ED3C, 0x2ED3F, 0x2ED45, 0x2ED51, 0x2ED60,
	0x2ED71, 0x2ED7F, 0x2ED82, 0x2ED83, 0x2ED99, 0x2ED9E, 0x2EDC5, 0x2EDC7, 0x2EDC8, 0x2EDCA, 0x2EDCD, 0x2EDD6,
	0x2EDD7, 0x2EDDB, 0x2EDDD, 0x2EDE3, 0x2EDE5, 0x2EDF5, 0x2EDF8, 0x2EDFB, 0x2EDFD, 0x2EE00, 0x2EE03, 0x2EE06,
	0x2EE08, 0x2EE09, 0x2EE0A, 0x2EE0C, 0x2EE0F, 0x2EE10, 0x2EE15, 0x2EE17, 0x2EE1A, 0x2EE1B, 0x2EE1D, 0x2EE1F,
	0x2EE20, 0x2EE22, 0x2EE23, 0x2EE25, 0x2EE26, 0x2EE2E, 0x2EE37, 0x2EE39, 0x2EE3C, 0x2EE3D, 0x2EE40, 0x2EE42,
	0x2EE46, 0x2EE4B, 0x2EE4C, 0x2EE57, 0x2EE58, 0x2EE59, 0x2EE5D, 0x2F817, 0x2F825, 0x2F835, 0x2F83B, 0x2F840,
	0x2F865, 0x2F878, 0x2F894, 0x2F8A6, 0x2F8BF, 0x2F8CD, 0x2F8D2, 0x2F8E0, 0x2F907, 0x2F994, 0x2F9BC, 0x2F9D4,
	0x30021, 0x30022, 0x3005C, 0x30067, 0x30078, 0x3007E, 0x3008B, 0x3008E, 0x3008F, 0x30097, 0x3009C, 0x300A6,
	0x300AD, 0x300C6, 0x300EE, 0x300F7, 0x300FF, 0x3011E, 0x30154, 0x30165, 0x30166, 0x3019A, 0x301C0, 0x301CE,
	0x301D5, 0x301E0, 0x301E3, 0x301F2, 0x301FC, 0x30206, 0x30207, 0x3020A, 0x3020D, 0x30213, 0x3022E, 0x3022F,
	0x30236, 0x30244, 0x30259, 0x3025A, 0x30263, 0x30265, 0x30269, 0x3026A, 0x30271, 0x3027D, 0x30282, 0x30288,
	0x30291, 0x302A1, 0x302A2, 0x302F8, 0x302F9, 0x302FD, 0x30300, 0x30302, 0x30306, 0x30307, 0x30319, 0x30326,
	0x30337, 0x3038C, 0x3038E, 0x3038F, 0x30391, 0x30394, 0x30396, 0x3039E, 0x303A0, 0x303AB, 0x303B9, 0x303C1,
	0x303D5, 0x303DF, 0x303F6, 0x303FC, 0x3043E, 0x30441, 0x30444, 0x30454, 0x30455, 0x30459, 0x3045F, 0x30465,
	0x30467, 0x3046A, 0x3046C, 0x30475, 0x30478, 0x3047F, 0x30486, 0x30492, 0x304C4, 0x304C6, 0x304D4, 0x304D9,
	0x304DC, 0x304E7, 0x304EC, 0x304F1, 0x304FB, 0x304FC, 0x30507, 0x3050B, 0x30528, 0x30532, 0x3053A, 0x30541,
	0x30545, 0x30548, 0x3056D, 0x30588, 0x305A9, 0x305D3, 0x305D6, 0x305DB, 0x305DC, 0x305E1, 0x305E2, 0x305E6,
	0x305E8, 0x305EC, 0x305F5, 0x305F9, 0x305FA, 0x30600, 0x30608, 0x30613, 0x30620, 0x30623, 0x30633, 0x30636,
	0x30638, 0x3064B, 0x3064E, 0x30651, 0x30694, 0x306A6, 0x306CA, 0x306CF, 0x306D2, 0x306DB, 0x306E1, 0x306E3,
	0x306E4, 0x306E5, 0x306E6, 0x306E9, 0x306EA, 0x306EE, 0x306F2, 0x306F5, 0x306FB, 0x306FD, 0x30710, 0x3071C,
	0x3071D, 0x30722, 0x30728, 0x30733, 0x30745, 0x3074D, 0x30757, 0x3075E, 0x3075F, 0x30764, 0x30787, 0x30789,
	0x3078D, 0x307A4, 0x307B2, 0x307BB, 0x307D8, 0x3081B, 0x3082B, 0x30832, 0x30839, 0x30844, 0x3084A, 0x3084E,
	0x3084F, 0x30854, 0x3085E, 0x30869, 0x30875, 0x3087B, 0x3087D, 0x30884, 0x308A2, 0x308A4, 0x308A6, 0x308EC,
	0x308EF, 0x308F6, 0x308FC, 0x308FD, 0x30915, 0x30928, 0x3092C, 0x3094A, 0x30952, 0x3095B, 0x30960, 0x30962,
	0x30968, 0x3096A, 0x30979, 0x30994, 0x3099C, 0x309A6, 0x309A8, 0x309AD, 0x309B0, 0x309B4, 0x309B7, 0x309BE,
	0x309BF, 0x309C3, 0x309C7, 0x309C9, 0x309D4, 0x309D8, 0x309F0, 0x309FB, 0x309FE, 0x30A16, 0x30A1C, 0x30A26,
	0x30A33, 0x30A45, 0x30A4F, 0x30A53, 0x30A67, 0x30A6E, 0x30A72, 0x30A78, 0x30A79, 0x30A7A, 0x30A7B, 0x30A8A,
	0x30A8F, 0x30AA3, 0x30AAB, 0x30AAD, 0x30AB6, 0x30ACB, 0x30AD6, 0x30AFC, 0x30AFD, 0x30B00, 0x30B01, 0x30B02,
	0x30B05, 0x30B06, 0x30B07, 0x30B08, 0x30B09, 0x30B0B, 0x30B0C, 0x30B0D, 0x30B0E, 0x30B0F, 0x30B10, 0x30B11,
	0x30B12, 0x30B13, 0x30B14, 0x30B16, 0x30B17, 0x30B18, 0x30B1A, 0x30B1B, 0x30B1C, 0x30B1E, 0x30B1F, 0x30B20,
	0x30B21, 0x30B22, 0x30B23, 0x30B24, 0x30B25, 0x30B27, 0x30B29, 0x30B2A, 0x30B2B, 0x30B2C, 0x30B2E, 0x30B2F,
	0x30B30, 0x30B31, 0x30B32, 0x30B33, 0x30B34, 0x30B35, 0x30B37, 0x30B38, 0x30B3A, 0x30B3B, 0x30B3D, 0x30B3F,
	0x30B40, 0x30B44, 0x30B54, 0x30B62, 0x30B63, 0x30B79, 0x30B85, 0x30B87, 0x30B99, 0x30B9D, 0x30BB2, 0x30BCB,
	0x30BCE, 0x30BF2, 0x30C0B, 0x30C0F, 0x30C11, 0x30C20, 0x30C24, 0x30C28, 0x30C31, 0x30C33, 0x30C34, 0x30C35,
	0x30C37, 0x30C39, 0x30C3A, 0x30C3E, 0x30C40, 0x30C47, 0x30C48, 0x30C49, 0x30C4C, 0x30C4D, 0x30C50, 0x30C5B,
	0x30C5F, 0x30C69, 0x30C6E, 0x30C6F, 0x30C71, 0x30C72, 0x30C7E, 0x30C81, 0x30C82, 0x30C92, 0x30C96, 0x30C9F,
	0x30CA0, 0x30CAB, 0x30CAC, 0x30CAE, 0x30CAF, 0x30CB0, 0x30CB2, 0x30CB4, 0x30CB5, 0x30CB6, 0x30CB8, 0x30CB9,
	0x30CBB, 0x30CC2, 0x30CC4, 0x30CCA, 0x30CD7, 0x30CDA, 0x30CF2, 0x30CF5, 0x30CF8, 0x30CFA, 0x30CFB, 0x30CFC,
	0x30D02, 0x30D15, 0x30D16, 0x30D18, 0x30D19, 0x30D1A, 0x30D1C, 0x30D1D, 0x30D1E, 0x30D22, 0x30D23, 0x30D24,
	0x30D2F, 0x30D4A, 0x30D4C, 0x30D4D, 0x30D4E, 0x30D4F, 0x30D51, 0x30D52, 0x30D53, 0x30D54, 0x30D56, 0x30D57,
	0x30D59, 0x30D5A, 0x30D5B, 0x30D5C, 0x30D5D, 0x30D5E, 0x30D60, 0x30D61, 0x30D63, 0x30D64, 0x30D65, 0x30D66,
	0x30D67, 0x30D68, 0x30D69, 0x30D6D, 0x30D6E, 0x30D6F, 0x30D70, 0x30D71, 0x30D72, 0x30D74, 0x30D75, 0x30D76,
	0x30D77, 0x30D78, 0x30D79, 0x30D7A, 0x30D7C, 0x30D7D, 0x30D7E, 0x30D7F, 0x30D80, 0x30D81, 0x30D82, 0x30D83,
	0x30D84, 0x30D86, 0x30D87, 0x30D88, 0x30D89, 0x30D8A, 0x30D8C, 0x30D8D, 0x30D8E, 0x30D8F, 0x30D91, 0x30D94,
	0x30DAC, 0x30DDE, 0x30DE0, 0x30DE1, 0x30DE2, 0x30DE4, 0x30DE5, 0x30DE6, 0x30DE7, 0x30DE9, 0x30DEA, 0x30DEB,
	0x30DED, 0x30DEE, 0x30DF5, 0x30DF6, 0x30E08, 0x30E0A, 0x30E10, 0x30E14, 0x30E1A, 0x30E1B, 0x30E1E, 0x30E40,
	0x30E72, 0x30E74, 0x30E75, 0x30E76, 0x30E78, 0x30E7A, 0x30E7C, 0x30E7D, 0x30E7F, 0x30E80, 0x30E81, 0x30E82,
	0x30E83, 0x30E84, 0x30E85, 0x30E87, 0x30E88, 0x30E89, 0x30E8A, 0x30E8B, 0x30E8D, 0x30E8E, 0x30E8F, 0x30E90,
	0x30E91, 0x30E92, 0x30E93, 0x30E96, 0x30E97, 0x30E99, 0x30E9C, 0x30E9D, 0x30E9E, 0x30E9F, 0x30EA1, 0x30EA3,
	0x30EB2, 0x30EB7, 0x30EC6, 0x30EE1, 0x30EE6, 0x30EEE, 0x30EF3, 0x30F05, 0x30F11, 0x30F3B, 0x30F55, 0x30F56,
	0x30F58, 0x30F5A, 0x30F5B, 0x30F5C, 0x30F5D, 0x30F5E, 0x30F60, 0x30F61, 0x30F62, 0x30F63, 0x30F65, 0x30F66,
	0x30F67, 0x30F68, 0x30F69, 0x30F6B, 0x30F6C, 0x30F6D, 0x30F6E, 0x30F6F, 0x30F70, 0x30F71, 0x30F72, 0x30F73,
	0x30F74, 0x30F75, 0x30F76, 0x30F77, 0x30F78, 0x30F79, 0x30F7A, 0x30F7C, 0x30F7E, 0x30F7F, 0x30F80, 0x30F81,
	0x30F83, 0x30F84, 0x30F85, 0x30F86, 0x30F88, 0x30F8B, 0x30F8C, 0x30F8D, 0x30F8E, 0x30F8F, 0x30F91, 0x30F92,
	0x30F93, 0x30F95, 0x30F96, 0x30F97, 0x30F98, 0x30F99, 0x30F9A, 0x30F9B, 0x30F9C, 0x30F9D, 0x30F9E, 0x30F9F,
	0x30FA1, 0x30FA2, 0x30FA4, 0x30FA5, 0x30FA7, 0x30FA9, 0x30FAA, 0x30FAB, 0x30FAC, 0x30FAD, 0x30FAE, 0x30FAF,
	0x30FB0, 0x30FB1, 0x30FB2, 0x30FB4, 0x30FB6, 0x30FB7, 0x30FB8, 0x30FB9, 0x30FBB, 0x30FBC, 0x30FBD, 0x30FBE,
	0x30FC0, 0x30FC1, 0x30FC2, 0x30FC3, 0x30FC4, 0x30FC6, 0x30FC8, 0x30FC9, 0x30FE8, 0x30FEB, 0x30FF0, 0x30FF3,
	0x30FF4, 0x30FFB, 0x30FFE, 0x31011, 0x31021, 0x31052, 0x31074, 0x31076, 0x31077, 0x31079, 0x3107A, 0x3107D,
	0x3107E, 0x31084, 0x31085, 0x31086, 0x31087, 0x31088, 0x31089, 0x3108A, 0x3108B, 0x3108E, 0x31090, 0x310A3,
	0x310A4, 0x310A5, 0x310A6, 0x310A7, 0x310A8, 0x310AB, 0x310AC, 0x310AD, 0x310AF, 0x310B0, 0x310B1, 0x310B2,
	0x310B4, 0x310B5, 0x310B6, 0x310B8, 0x310BA, 0x310BB, 0x310D4, 0x310D5, 0x310D7, 0x310D8, 0x310D9, 0x310DD,
	0x310DF, 0x310E0, 0x310F2, 0x310F3, 0x310F4, 0x310FA, 0x310FC, 0x310FD, 0x310FE, 0x310FF, 0x31100, 0x31103,
	0x31104, 0x31106, 0x31108, 0x3110A, 0x3113C, 0x3113D, 0x3113F, 0x31140, 0x31141, 0x31142, 0x31143, 0x31144,
	0x31145, 0x31147, 0x31148, 0x31149, 0x3114A, 0x3114B, 0x3114F, 0x31150, 0x31154, 0x31155, 0x31156, 0x31157,
	0x31159, 0x3115A, 0x3115B, 0x3115C, 0x3115D, 0x3115E, 0x3115F, 0x31160, 0x31161, 0x31162, 0x31163, 0x31164,
	0x31166, 0x31167, 0x31169, 0x3116A, 0x3116B, 0x3116C, 0x3116E, 0x31180, 0x31181, 0x31185, 0x31186, 0x3118C,
	0x31199, 0x3119B, 0x311CF, 0x311D0, 0x311D2, 0x311D3, 0x311D4, 0x311D6, 0x311D7, 0x311D8, 0x311D9, 0x311DA,
	0x311DB, 0x311DC, 0x311DD, 0x311DE, 0x311DF, 0x311E0, 0x311E1, 0x311E2, 0x311E3, 0x311E5, 0x311E6, 0x311E7,
	0x311E8, 0x311E9, 0x311EA, 0x311ED, 0x311EE, 0x311EF, 0x311F1, 0x311F2, 0x311F3, 0x311F5, 0x311F6, 0x311F7,
	0x311F8, 0x311FA, 0x311FB, 0x311FC, 0x311FD, 0x311FE, 0x311FF, 0x31201, 0x31202, 0x31204, 0x31205, 0x31207,
	0x31209, 0x3120A, 0x3120B, 0x3120C, 0x3120D, 0x3120F, 0x31210, 0x31211, 0x31212, 0x31213, 0x31215, 0x31217,
	0x31218, 0x31219, 0x3121A, 0x3121C, 0x31247, 0x31248, 0x3124A, 0x3124C, 0x3124D, 0x3124E, 0x3124F, 0x31250,
	0x31251, 0x31253, 0x31254, 0x31255, 0x31256, 0x31257, 0x31258, 0x31259, 0x3125A, 0x3125B, 0x3125D, 0x3125E,
	0x3125F, 0x31260, 0x31261, 0x31262, 0x31265, 0x31266, 0x31268, 0x31269, 0x3126A, 0x3126B, 0x3126C, 0x3126E,
	0x3126F, 0x31270, 0x31271, 0x31272, 0x31273, 0x31274, 0x31275, 0x31276, 0x31278, 0x31279, 0x3127B, 0x3127C,
	0x3127D, 0x3127E, 0x3127F, 0x31280, 0x31281, 0x31282, 0x31283, 0x31284, 0x31285, 0x31286, 0x31287, 0x31288,
	0x3128A, 0x3128B, 0x3128C, 0x3128D, 0x3128E, 0x3128F, 0x31290, 0x31291, 0x31295, 0x31296, 0x31297, 0x31298,
	0x31299, 0x3129A, 0x3129B, 0x3129D, 0x3129F, 0x312A0, 0x312A1, 0x312A4, 0x312A6, 0x312A7, 0x312A8, 0x312A9,
	0x312AA, 0x312AB, 0x312AD, 0x312AE, 0x312AF, 0x312B0, 0x312B1, 0x312B3, 0x312B5, 0x312C6, 0x312C7, 0x312CA,
	0x312CB, 0x312D0, 0x312D4, 0x312D6, 0x312D7, 0x312D9, 0x312E2, 0x312EB, 0x312EE, 0x312F1, 0x312F6, 0x312FE,
	0x312FF, 0x31301, 0x31303, 0x31304, 0x31306, 0x31307, 0x31309, 0x3130A, 0x3130F, 0x31316, 0x31317, 0x31318,
	0x31319, 0x3132B, 0x3132C, 0x3132D, 0x3132E, 0x3132F, 0x31331, 0x31332, 0x31333, 0x31336, 0x31339, 0x3133A,
	0x3133D, 0x31341, 0x31342, 0x31347, 0x31348, 0x314A8, 0x314B2, 0x314EC, 0x3150D, 0x3154C, 0x3156E, 0x31677,
	0x317EA, 0x317ED, 0x317FD, 0x31838, 0x318DA, 0x3195C, 0x32003, 0x32054,
}

// jyutReading[i] 是 jyutCP[i] 的粤拼读音（Jyutping 主读音）。
var jyutReading = []string{
	"jau1", "zim1", "kwaa1", "ng5", "gau2", "jap6", "ding1", "si6", "tou2", "ji4", "zaau2", "man4",
	"ng5", "nou4", "dung1", "ziu6", "ho2", "hang1", "jau4", "lou5", "mai5", "dau6", "ng4", "jau6",
	"keoi1", "kei4", "fei1", "jyu5", "no6", "fau4", "fu3", "co4", "geoi2", "zeoi6", "si2", "hung1",
	"lau4", "lam5", "soeng1", "jung4", "seon3", "can2", "daai6", "ngat6", "paan1", "jyu4", "ci5", "maa6",
	"him3", "hei3", "noi6", "cing2", "fung1", "wun6", "sau2", "taai3", "fong2", "mou5", "zok3", "hing1",
	"zau3", "dung1", "hong1", "nou5", "cyu5", "suk1", "zat6", "cim1", "zeon3", "seoi2", "seoi3", "zung6",
	"gaai3", "lung6", "gin1", "zik1", "koek3", "gwai3", "lo4", "caai4", "nim6", "gu1", "bei2", "seoi2",
	"naam4", "zau3", "cam1", "zat6", "hei3", "taai3", "wui6", "zeon3", "loek6", "tong4", "kai2", "kap1",
	"mou5", "si1", "king4", "hon4", "seon2", "buk6", "taat3", "suk6", "toi4", "syu6", "min4", "wan2",
	"mit6", "wai6", "niu5", "haai6", "joek6", "jing3", "fung1", "leoi5", "lai6", "sin1", "lo2", "sek3",
	"gei3", "wong1", "fui1", "jip6", "cyun4", "zik6", "coi4", "loeng5", "gwat1", "gung1", "hing1", "seoi6",
	"din1", "mong5", "mou6", "mun4", "hyun1", "lei4", "buk1", "mong5", "dou3", "ting1", "leon4", "juk1",
	"wut6", "dung6", "gung6", "cang1", "cung1", "gwing2", "luk6", "cat1", "ze6", "mit6", "git3", "suk1",
	"hung1", "gung1", "gung1", "kit3", "pai1", "dim3", "fu2", "gat1", "tong1", "baak3", "ci3", "hyun1",
	"long5", "fu1", "fu1", "hot3", "diu1", "lei4", "waak6", "dai1", "ngok6", "kit3", "ji6", "zoek3",
	"kin4", "gong1", "cat1", "sung4", "sai1", "syu2", "king4", "leon4", "zyut6", "suk1", "siu3", "caam5",
	"put3", "fei6", "zuk1", "zau6", "sit3", "lik6", "cim1", "cat1", "kwai4", "gin2", "gaa1", "gaa1",
	"kit3", "but6", "loeng5", "sai3", "hat6", "bit3", "dyut3", "leoi6", "bui3", "aap6", "lou5", "lung4",
	"coek3", "ci4", "no4", "hang4", "jyu4", "gwai2", "syun2", "gung3", "lau6", "lak6", "pei1", "seon2",
	"cim1", "zau3", "wai3", "koek3", "gaap3", "wu6", "hap6", "bou1", "kam4", "ngoi6", "deoi1", "hap6",
	"cyu4", "se2", "cyu4", "cin4", "teng1", "sou3", "caam1", "zeon3", "zaau2", "si2", "si6", "caat3",
	"wai2", "soeng1", "kok3", "haai6", "jin5", "ji5", "waa6", "si1", "faan6", "dam2", "zung1", "aau3",
	"fu2", "neot6", "muk1", "hung1", "gwok3", "ng2", "lap1", "fat6", "hiu1", "hung1", "ci5", "siu2",
	"wo4", "leot6", "leon6", "seot1", "kuk1", "ji4", "lou5", "kei5", "cam4", "gaai3", "sau4", "dau2",
	"gaai3", "tai4", "hung4", "seon2", "gaa1", "fu6", "gu2", "jing1", "mei6", "waa1", "sau6", "je6",
	"ci1", "tau3", "haam4", "leon1", "dung2", "luk6", "waak6", "ling4", "sau1", "tim1", "leon4", "tung4",
	"tung4", "je6", "jyu4", "jyu5", "man5", "got3", "si3", "ceon2", "mau4", "zaak3", "ngok6", "je5",
	"ngok6", "saang2", "wu4", "gaak3", "haa1", "maan6", "loek6", "leoi4", "hau4", "zaai1", "gaa3", "waai1",
	"haap3", "baai6", "aai1", "zeoi1", "hin1", "daam6", "bok3", "leot6", "siu3", "cau3", "gou1", "po3",
	"zyu3", "ci2", "jing4", "kwok3", "lou4", "sap1", "pei1", "zaa1", "gang1", "ze2", "cung4", "zaap6",
	"waak1", "dap1", "fat1", "put3", "coi3", "haam4", "wai4", "saap3", "go6", "hoeng2", "hoe1", "zok3",
	"ci4", "je5", "lang1", "haam4", "wing4", "zik1", "haam3", "dou6", "lai6", "zung2", "laan4", "coi3",
	"keoi1", "lyun2", "haam3", "coeng1", "haap6", "wang2", "waan1", "jau4", "kan4", "zeoi6", "nip6", "bei6",
	"hou3", "aau3", "jik6", "coeng4", "zam1", "taan1", "guk1", "zo6", "bou3", "git6", "zong3", "ci4",
	"fat6", "haau2", "zoi1", "jyu5", "lau6", "bai6", "bou2", "wang4", "cuk1", "tin2", "coeng4", "gei1",
	"suk1", "wai1", "fuk1", "do2", "kwai4", "faai3", "jyu5", "lung5", "sing1", "bou2", "hip3", "long5",
	"zung1", "zoeng3", "laa3", "ce4", "lau6", "gei1", "liu4", "ngan4", "kyut3", "daap3", "jung1", "ham2",
	"toi4", "tong4", "cin4", "leoi5", "sik1", "hok6", "hei1", "hei1", "kiu3", "wan1", "zi3", "lung4",
	"fuk6", "zung1", "ngoi6", "gu2", "hoi1", "diu1", "fo2", "heoi3", "gou2", "tou3", "ling4", "sim2",
	"loi4", "nip6", "gou2", "ce4", "bun6", "gaa1", "kwang1", "hai3", "wik6", "sam2", "coek3", "hiu1",
	"gei2", "nou4", "gaau2", "gei1", "san1", "jim5", "hou3", "saap3", "gwan1", "daam1", "cam4", "pui1",
	"dung1", "ci5", "si1", "haau2", "hing1", "co4", "no4", "git3", "nei6", "zong1", "haau2", "jiu3",
	"nei5", "mau4", "leoi5", "kau4", "sou2", "caan3", "hei1", "fung1", "so1", "san1", "tung2", "san1",
	"bui3", "lung6", "wun6", "haan5", "wan6", "sau3", "wan4", "lei4", "lam5", "zuk6", "luk6", "sik1",
	"sou2", "fan1", "wui2", "faat3", "nou5", "cing1", "taan3", "gai1", "syu6", "pin4", "saan1", "haam4",
	"daai3", "soeng1", "caa4", "fung1", "lyun2", "cam4", "huk1", "muk6", "zin2", "tong4", "wan4", "syu6",
	"po4", "daap3", "ging2", "lin4", "cou4", "luk6", "suk1", "ngou6", "cim3", "haam3", "ceoi1", "leoi5",
	"maai4", "cam4", "naai4", "ou3", "mei5", "daam1", "dong1", "laam6", "hei1", "zat1", "niu5", "keoi4",
	"zaan2", "lyun2", "zi2", "haai4", "zeoi6", "min5", "seon4", "gau3", "hei2", "seon4", "lyun4", "cyu5",
	"sau2", "gau3", "se2", "ding6", "gaai3", "pong4", "geoi1", "jiu2", "ning4", "jin4", "suk1", "sik1",
	"lam4", "aa1", "mou6", "ming4", "zeoi3", "ai3", "gau3", "zeon3", "wan2", "jyun4", "hoi1", "dim3",
	"lung4", "wu4", "sing2", "ceoi3", "kiu4", "min4", "mung6", "cam2", "sam1", "dak1", "dak1", "cam4",
	"bin6", "nau4", "lim4", "gan2", "zo2", "bo2", "fui1", "teoi2", "am1", "zaat3", "seot1", "nin2",
	"jyun4", "baa2", "geoi1", "mei5", "aai3", "hei3", "ji4", "sit3", "ci1", "kau4", "duk1", "niu6",
	"gei2", "teoi1", "cik1", "sung4", "din6", "liu4", "zin2", "zi1", "fan1", "gei2", "wui6", "zi2",
	"laam4", "zau2", "jan2", "daai6", "heoi2", "dau2", "ci4", "tou1", "man4", "wong4", "seoi3", "ho2",
	"zuk6", "hou6", "sing4", "hyut3", "nei4", "kei4", "lin4", "ngon6", "mou5", "si1", "coeng4", "waa4",
	"kau4", "lou4", "mong4", "long4", "ham4", "mong5", "but6", "kwan1", "kei4", "ham4", "giu3", "lung6",
	"ban1", "tiu4", "zaak6", "kei4", "pui4", "hong6", "gong1", "kwai5", "sung1", "luk6", "cam1", "wan6",
	"ngok6", "man4", "cyun4", "man4", "ngaak6", "ming5", "leot6", "gong1", "gou1", "lou4", "cim3", "biu2",
	"dou2", "dik1", "zaap6", "daan1", "zau6", "tung4", "heoi1", "ngok6", "zaap6", "waa4", "giu6", "zeoi6",
	"biu2", "mung4", "ou3", "zeoi6", "hou4", "waak6", "cyun4", "zing1", "lai4", "niu5", "lik6", "soeng1",
	"fung1", "mei5", "fong1", "geoi6", "faan4", "hau2", "zin2", "ji5", "gaa1", "gei6", "bei2", "jap6",
	"fong1", "faan4", "gaai3", "saa1", "hei1", "si1", "tung4", "zi1", "bai6", "lai6", "fong1", "seon1",
	"no5", "fong1", "zip3", "man6", "mou6", "mok6", "saam1", "zin1", "ciu1", "zeon1", "mou6", "cong4",
	"tai4", "lim4", "mong4", "fung6", "zou1", "zing3", "cyu4", "maan6", "lung4", "jip6", "zing3", "lyun4",
	"fan1", "gei2", "gai3", "waan4", "zi2", "ling4", "zi2", "bun2", "daan3", "liu6", "ziu6", "haan6",
	"cik1", "ci3", "ci2", "long4", "lung6", "cin4", "jin4", "teoi4", "caa4", "ai2", "ci2", "aa3",
	"tau4", "waa1", "teoi4", "caa4", "zoeng3", "zung2", "pun1", "lim4", "kan4", "lou5", "kong2", "sou1",
	"gwing2", "zoeng2", "bai6", "king4", "zoi1", "dung6", "go1", "gyun2", "hon6", "dik1", "wu1", "saan1",
	"wang4", "tou1", "ci4", "deon1", "bei6", "nei4", "seon3", "lou4", "sai1", "hip3", "bat6", "seoi3",
	"san1", "bit3", "nei6", "gyun3", "hau4", "zan3", "bei6", "keoi4", "si3", "gung1", "man4", "daan1",
	"saam3", "toi4", "muk6", "zing6", "bin3", "caan3", "ding1", "daai6", "taai3", "wu6", "keoi1", "tung2",
	"sung1", "dyut6", "zung6", "cin5", "zi6", "wai1", "gu1", "lam4", "wun6", "cap1", "zung1", "naam4",
	"sit3", "mei4", "mou4", "wong4", "taat3", "zaan1", "ning6", "jeoi6", "jing3", "sam1", "jan2", "syu3",
	"caa3", "zoek3", "mong4", "tim2", "gap1", "fong1", "pui3", "oi3", "faan3", "ou3", "haau6", "fan1",
	"go1", "tip3", "gou1", "ban6", "fu6", "no6", "taai3", "zau3", "hong4", "cung1", "caa3", "lit6",
	"lai6", "paang1", "hoi6", "lei6", "hau4", "gung2", "kok3", "wai6", "giu1", "gwing2", "zok3", "fu3",
	"hip3", "ci4", "tung4", "gip3", "cau4", "jim1", "dak1", "tik1", "mun6", "ling4", "sau6", "teoi3",
	"dip6", "pang4", "guk1", "gei6", "tin2", "coi2", "lin4", "cung1", "man5", "gip3", "zung1", "jyu4",
	"gik6", "wai6", "seoi1", "wai6", "ging1", "hip3", "seon6", "do2", "lau4", "deon1", "pong4", "taai3",
	"zau3", "jan2", "sou1", "fei2", "can1", "wan6", "sak1", "ai3", "man5", "hap6", "cik1", "caak3",
	"nik6", "ngou6", "fung4", "lin4", "soeng4", "maa4", "fu1", "luk6", "oi3", "waa4", "zaa1", "fat1",
	"ngok6", "waak6", "seon2", "nei6", "lai2", "lung4", "mun6", "gik1", "jyu4", "bin2", "wok6", "cau4",
	"deoi6", "lok6", "zit3", "ji3", "hyun1", "caam2", "laan5", "sip3", "zaat3", "waak6", "ngo5", "zoi1",
	"zoi1", "gaak3", "zyu1", "dit6", "gik1", "zaap6", "soeng3", "gap6", "heoi3", "tin4", "sau1", "muk6",
	"put3", "hyun2", "fong2", "ngaa4", "gong1", "sung2", "fai1", "gwaa1", "lau5", "ak1", "zi2", "pit3",
	"ngaa5", "laam5", "laap6", "bat6", "kwaai5", "mei4", "hoi6", "zyu1", "cung3", "sin2", "hyun3", "so1",
	"kau4", "gung2", "kung4", "lou5", "lik6", "naa4", "sam2", "ngo5", "pau4", "hang1", "paang1", "tik1",
	"duk1", "biu2", "gu3", "fat1", "bing2", "zi6", "dung2", "deoi2", "lam5", "po4", "zai1", "man4",
	"gau3", "bong1", "taan1", "zung1", "fui1", "lou4", "zi3", "zit6", "saang2", "haai4", "seon1", "sim2",
	"kin4", "sit3", "sou3", "goi1", "mik6", "pei1", "jung2", "kwaai5", "sung2", "cau1", "zit6", "fong2",
	"laam5", "jyun4", "wu6", "dau1", "caak3", "kin2", "zin2", "dou2", "wai6", "min5", "loek6", "bik1",
	"joeng6", "geoi3", "kok1", "huk6", "gin2", "saai1", "cau1", "waak6", "syun1", "sok1", "caak3", "hak1",
	"dan3", "saap3", "gam6", "wai2", "tyun4", "ling1", "koeng4", "kwai4", "sak1", "mung4", "tyun4", "laam5",
	"hou4", "caak3", "zaai6", "ou1", "lo2", "mit6", "fu1", "kwai4", "bok1", "wai6", "king2", "kit3",
	"zat1", "hei1", "gaau2", "pun4", "ziu2", "zoek3", "kyun4", "sung2", "ngaat6", "nip6", "hin1", "dip6",
	"dip6", "pei1", "kei1", "zi1", "kei4", "zeoi1", "kam4", "gang1", "dai2", "sin3", "gwai3", "hap6",
	"kwan4", "hon6", "sim2", "saan3", "diu6", "luk6", "tau2", "lim5", "fo2", "saan3", "ceoi2", "lin6",
	"mou6", "deon1", "zaam1", "saau2", "zaa1", "sin6", "coek3", "lou4", "ling4", "geoi2", "zaai1", "wun6",
	"bun3", "huk6", "dau2", "keoi1", "gyun3", "ho2", "so2", "lok6", "zit3", "ding2", "dyun6", "zyu3",
	"jin2", "pong4", "kei4", "ji5", "jyu1", "jyu1", "ngai4", "ji2", "zin1", "syun4", "fai1", "zi2",
	"gung1", "hei3", "gan3", "gwong1", "zi2", "hau5", "mat6", "fu4", "fat1", "taan2", "dai1", "tou1",
	"bun3", "dung1", "heoi3", "man5", "cong2", "ming4", "tou1", "bou6", "on1", "ceon1", "zung1", "hin2",
	"ceon4", "si4", "ci2", "mou6", "pui3", "san4", "fei1", "zau2", "gei1", "zip3", "sik1", "zit3",
	"luk6", "soeng6", "zeoi1", "hoeng2", "caap3", "toi4", "maan6", "man5", "wun6", "wan1", "nyun5", "wun6",
	"hau4", "ging2", "bok3", "hin2", "lik6", "zeon3", "gwok3", "mong5", "piu3", "hou4", "kai2", "suk1",
	"wai5", "cit3", "kap1", "zeon3", "cang4", "hot3", "fan1", "saai3", "ling4", "hei1", "jap1", "wok3",
	"haak1", "dip6", "ziu3", "tai3", "tim1", "ng5", "gaau1", "hou6", "kwan3", "tiu1", "zaang1", "tang4",
	"fong1", "fuk6", "ngok6", "tyun4", "sai6", "niu1", "gong1", "seon3", "saam1", "naai5", "kyut3", "waa4",
	"sik1", "cat1", "gong1", "wai5", "daai6", "mui6", "zi6", "bin6", "lou4", "keoi1", "doi6", "ming5",
	"zaak6", "leoi5", "paai3", "kau4", "lyut3", "gung2", "sin2", "sai3", "hing1", "man6", "niu5", "fu6",
	"zaak6", "zau1", "je4", "lyut6", "fu1", "co4", "baat3", "zaat3", "haap6", "gik6", "haau3", "gin1",
	"din6", "fong1", "naam4", "tou4", "tong4", "dai2", "gwat6", "ngong4", "haam4", "guk1", "wai1", "bong2",
	"zeoi1", "tim3", "noi6", "hap6", "mau6", "min4", "zin1", "bui1", "noi6", "caap3", "gang2", "ngok6",
	"leot6", "ci4", "zong1", "hat6", "zit3", "wing4", "gun3", "hau4", "koi3", "cung4", "sok3", "wu1",
	"zik1", "sik1", "kung4", "git3", "wan4", "pei4", "sing1", "sau1", "zin1", "sok3", "gai1", "sung3",
	"zi2", "bun2", "sou1", "sin3", "pun4", "long5", "pui4", "daai3", "cat1", "zi1", "pei4", "caan2",
	"bai6", "cuk1", "wok6", "han4", "cyun4", "nyun6", "guk1", "to5", "zoeng1", "mik6", "taap3", "ceoi3",
	"sai1", "haan4", "fun2", "daap3", "wu4", "lou6", "gyun3", "luk1", "zam6", "fan1", "cou4", "kei4",
	"ciu1", "suk1", "ling4", "keoi4", "lim5", "lou5", "suk6", "gung3", "zik6", "gam3", "king4", "jung4",
	"dung2", "zung1", "buk6", "zeon2", "biu2", "haam6", "gwan2", "goi3", "ban1", "zou1", "lip6", "lai4",
	"sam2", "min4", "zin1", "dik1", "lim5", "zeon1", "cim4", "pan4", "kok3", "lung4", "zeoi3", "gou1",
	"to5", "hok6", "laam5", "hei1", "laam5", "cik1", "lei4", "din1", "ci1", "hang1", "heoi3", "hoi1",
	"hoi1", "caam1", "seon1", "heoi1", "aa3", "zeot1", "zi3", "lim5", "haa6", "giu3", "hei1", "zyut3",
	"hong1", "jam2", "hei1", "sik1", "kok3", "lyun4", "zing3", "seoi3", "ho1", "ling4", "se1", "gwai1",
	"seoi6", "zaat3", "sei2", "pei1", "fu1", "sing1", "long4", "teoi2", "ling4", "kei1", "waat3", "lim5",
	"duk6", "fan1", "laan6", "dyun6", "kui2", "ngoi4", "zoi2", "wui6", "mok6", "fan3", "pang4", "zaap6",
	"lik6", "hoi1", "dam2", "goi1", "kok3", "hung1", "cang4", "huk1", "gai3", "ling4", "dung1", "siu4",
	"kok3", "coek3", "ning6", "zi1", "gam1", "seoi2", "bou6", "jung2", "sin1", "siu1", "fu1", "keoi4",
	"saa1", "zi2", "taan2", "seot1", "mou4", "noi6", "seoi1", "tong4", "hon6", "sou3", "taap3", "dang1",
	"buk6", "ziu1", "taap3", "ning4", "lip6", "dip6", "dit6", "zung3", "siu1", "daam6", "kap1", "nik6",
	"wong2", "gwo3", "zak1", "jyun4", "ceoi3", "jin4", "lau4", "fu6", "pui3", "jyut6", "bou3", "bin6",
	"faat3", "jau6", "deoi6", "laan4", "cung1", "gyun1", "hong1", "cung1", "hung4", "taat3", "wo1", "kiu4",
	"lou5", "suk6", "lung6", "haai6", "zaat3", "pei3", "syun4", "san1", "joeng4", "taai3", "hak1", "mat6",
	"gwai3", "faa1", "wong2", "zaak3", "bat1", "nei4", "goeng1", "sit3", "leoi6", "siu1", "zam3", "suk1",
	"gu1", "sing4", "noi6", "wong2", "min6", "sou3", "kap1", "lok6", "mou6", "seoi6", "zi3", "pin3",
	"tou1", "hau5", "haam4", "hoeng1", "cung1", "ji4", "cyu5", "ciu3", "gun3", "sik1", "zam6", "jung1",
	"ze6", "sit3", "zi1", "sam1", "si1", "lung5", "zaam3", "mat6", "kok3", "sim2", "mai4", "zip3",
	"syu6", "suk1", "sit3", "but6", "ding2", "zuk6", "fong1", "syu3", "se4", "hon3", "tim4", "gu1",
	"lam4", "mik6", "ceon4", "gaan3", "kyut3", "ho6", "fai3", "zik6", "sam3", "pang4", "maan6", "fu2",
	"sin6", "naam5", "jeoi6", "sau4", "mei4", "bok6", "leoi4", "hot3", "saap3", "mat6", "got3", "pei3",
	"zyu2", "seon4", "fung4", "zeoi6", "mou5", "liu4", "cong4", "bin6", "wun4", "se3", "leoi5", "gwik1",
	"wong4", "mou5", "hok6", "zyu1", "waang4", "kai1", "can2", "jeoi6", "sin2", "waan4", "jing3", "lim6",
	"sim2", "cong4", "gaan2", "suk1", "tim5", "jeoi6", "baa3", "jing3", "nong5", "leoi5", "gau2", "caau2",
	"gon1", "nyun6", "jam4", "pui1", "mut6", "siu1", "ham4", "bun2", "zeon6", "ci2", "nung1", "ceon4",
	"hip3", "hung6", "fung1", "wo1", "but6", "king4", "jung2", "caau2", "fui1", "tong3", "zau2", "leon4",
	"hot3", "zung2", "ziu3", "gwing2", "toi4", "zin1", "ting4", "bou1", "jik6", "dat6", "hau5", "teoi3",
	"leon4", "gwing2", "zaa2", "sing1", "zing1", "gwik1", "jyun4", "fung1", "hei1", "hing3", "mok6", "fung1",
	"zou1", "ci1", "hung4", "dung6", "lik6", "mak6", "bik1", "zaau3", "saat3", "mou4", "sin6", "hon3",
	"seoi6", "dim2", "zai6", "zit3", "kaau3", "zyun3", "ziu1", "sit3", "faan4", "fok3", "hei3", "nip6",
	"mei4", "cyun3", "jam4", "mat6", "hon3", "fok3", "tung4", "ze1", "lei5", "siu4", "zi1", "tiu5",
	"syu4", "bei6", "pin3", "wu6", "seon4", "gin1", "bui3", "baa1", "fan4", "fo1", "ling4", "sek6",
	"gwai2", "lyut6", "saa1", "zi6", "fung1", "bui3", "duk6", "loeng4", "he3", "zik1", "zung2", "fai1",
	"mou4", "ngok6", "caan2", "dik6", "leoi4", "pok3", "goeng1", "waan6", "tou1", "si6", "kyut3", "tyun4",
	"gaa1", "zung1", "hip3", "zyu3", "diu1", "hing5", "saan1", "si2", "jai6", "gwong1", "zoek3", "ng4",
	"gang1", "ting4", "hei1", "gang1", "wo1", "guk1", "caan2", "nou5", "gau2", "hau4", "ban6", "si1",
	"ci1", "laam6", "ban1", "haau1", "caan1", "sat6", "zyu3", "nung4", "lik6", "kut3", "hei1", "cim1",
	"caam4", "hiu1", "si1", "gau6", "pok3", "gung2", "zi2", "lung6", "si1", "mui4", "baat3", "gau2",
	"dau2", "seot1", "ping4", "bin6", "mou6", "fat1", "pat1", "pei1", "gwing1", "gwai1", "ping4", "kuk1",
	"bou2", "wui6", "jyun5", "cyun4", "hau6", "bou6", "mun4", "laat6", "tou4", "ng4", "sat1", "ling4",
	"ceon1", "do2", "gwat6", "doi6", "sam2", "juk6", "pang4", "ji6", "cung1", "laat6", "ban1", "ceoi4",
	"sit3", "si1", "sam6", "gik1", "jau4", "jyu4", "do6", "jyun2", "gim1", "bit1", "sat1", "caan3",
	"wai6", "leoi5", "lei6", "maan6", "zaan6", "bat1", "gik1", "hyun1", "lik6", "deon1", "taam4", "suk6",
	"daat6", "ji6", "laap6", "gei1", "gwong2", "jing4", "king4", "lo4", "zam6", "tyun4", "gu1", "jyu5",
	"leoi5", "bok6", "neoi5", "pin4", "lin6", "tong2", "lim4", "dong1", "ting4", "ngaa5", "gong1", "ong3",
	"wun2", "baak6", "to4", "syu4", "baak3", "kit3", "tau2", "gung2", "tung4", "ham4", "sing4", "zip3",
	"hang6", "caai1", "pei4", "zyun1", "hong1", "tong4", "cung4", "piu4", "luk6", "tung4", "lik6", "pun1",
	"si1", "dang1", "dong1", "lo4", "lau6", "ham1", "taam4", "gam3", "taam4", "sang1", "san1", "jeoi6",
	"din6", "zeon3", "cik1", "lai6", "lau4", "lyut3", "bei1", "am2", "wik6", "guk1", "jau4", "zi1",
	"zang2", "fu3", "sing1", "kwai4", "so1", "gaau2", "heoi1", "zoeng6", "zong1", "gei2", "seoi3", "faan2",
	"gap1", "zi1", "jan5", "gu3", "hip3", "hoi1", "to4", "duk6", "zi2", "cim1", "muk6", "fu6",
	"ling4", "sin2", "lai6", "daap3", "jyun1", "leoi5", "lei5", "loeng6", "gang2", "jan3", "se1", "cam2",
	"hip3", "ce3", "bou6", "koek3", "loi6", "hong1", "cuk1", "pui1", "fo3", "gwaai1", "saang2", "pin1",
	"gaai1", "zau3", "wong4", "fui1", "wu4", "fai3", "ngou4", "zi1", "gai3", "gwat1", "sai1", "gou2",
	"caai4", "maa6", "zyu6", "teoi2", "zeoi6", "long4", "baan1", "hiu1", "zing1", "zai6", "gwo1", "zaap6",
	"teoi4", "sou3", "gaai3", "kwan4", "ceoi1", "gaap3", "leoi5", "lou4", "teoi4", "pei3", "lo6", "lai6",
	"bit6", "hoeng1", "mou6", "gwong1", "dau1", "hot3", "ceon2", "ning6", "lik6", "tong2", "bei3", "baa1",
	"caak3", "zi1", "daap3", "bong1", "co4", "maan5", "taat3", "pok1", "gon1", "cyu5", "ngaa5", "on1",
	"teoi4", "mung4", "zeon6", "gu2", "kiu4", "jim4", "sik1", "ham3", "min5", "saam1", "waat3", "cin1",
	"wun6", "tin1", "kyut3", "cai3", "ngong4", "bei2", "tou1", "keoi4", "zim1", "seon3", "bei3", "mau6",
	"soek3", "gu2", "lok6", "hong4", "gaap3", "cyun4", "goi1", "fong1", "guk1", "fung1", "muk6", "seon3",
	"loeng6", "gip3", "gap6", "cau1", "ping3", "dou2", "dai3", "loeng6", "haan6", "biu1", "maang5", "waat3",
	"hip3", "hap1", "caang4", "zung1", "hyun1", "man4", "lau1", "hoi2", "syun2", "fong2", "saang2", "caa4",
	"lim4", "sim2", "syun4", "syun4", "nik1", "ceoi3", "miu4", "zaam2", "cang4", "biu1", "cim4", "hap1",
	"maai4", "mong5", "zin2", "gik1", "gok3", "sik1", "soek3", "mak6", "laap3", "mit6", "mak6", "hei1",
	"keoi4", "ziu3", "tung4", "jau5", "cung1", "bok6", "zyun2", "diu1", "zai1", "kwai1", "sek6", "deoi1",
	"ze3", "gaa1", "dai2", "dung2", "ci1", "fu6", "man4", "zan1", "cik1", "haau1", "haang1", "gung2",
	"loek6", "gwaai3", "laap6", "faat3", "co2", "gung1", "gip3", "gwaai1", "gwok3", "wo2", "zaang6", "diu6",
	"daap6", "ceoi3", "aa1", "gwan2", "mong5", "ging1", "dai1", "kei4", "min4", "gaai1", "man4", "zeoi2",
	"zan1", "zeoi6", "zaa3", "sing1", "dat6", "baan1", "hung4", "lou4", "wu2", "hang1", "luk6", "zuk6",
	"suk6", "saan3", "syun4", "zam1", "wai2", "suk1", "cong4", "deon1", "lung4", "koeng4", "taan4", "daam2",
	"gam2", "daat6", "lik1", "caat3", "pun4", "laap6", "zyu1", "niu5", "waai4", "laan6", "mo4", "baa3",
	"buk1", "gwai2", "bei2", "fu1", "wo6", "lau6", "joeng1", "gyun3", "wut6", "cing4", "ngo4", "zi3",
	"zeoi3", "zaa3", "hyun3", "wut6", "geoi2", "se5", "jyu4", "jyun1", "ming4", "cou4", "lei4", "zai3",
	"ceoi3", "daam1", "zaai1", "suk6", "laai6", "ling4", "liu5", "hei2", "nin4", "fu1", "gin2", "ngaa4",
	"fong1", "sin1", "jyut6", "lai4", "sek6", "pok3", "nin4", "zi6", "tou4", "tim2", "sin1", "lit6",
	"on3", "kung4", "gwai1", "zi3", "suk1", "aa3", "gyun1", "ting5", "mong4", "geoi2", "zi1", "geoi1",
	"am1", "loi4", "coeng1", "do6", "hung1", "saam1", "seoi2", "wong4", "hoeng1", "zi2", "teoi4", "loek6",
	"pong4", "cong3", "tong4", "an2", "kei4", "sok3", "zoek3", "tou4", "biu1", "lei4", "hing1", "sam4",
	"waa4", "mui5", "gou1", "lim4", "dou6", "ci4", "cou3", "fung6", "zi6", "baa6", "seoi6", "cau1",
	"kai1", "lung4", "cim1", "gwok3", "gau3", "cung1", "wang4", "tung4", "zaa3", "waan6", "san4", "cyun1",
	"cyun1", "sam1", "wo1", "ming4", "hung1", "coeng1", "wan5", "hin1", "kwaang1", "seoi6", "gwai1", "cung1",
	"pun1", "kiu3", "wo1", "keoi4", "laam4", "si1", "hin1", "zi6", "hat1", "fat6", "sap6", "maang4",
	"baak3", "gwong2", "hoi6", "ciu3", "cuk1", "coek3", "lei6", "baa6", "gaai3", "seoi1", "lo6", "seoi1",
	"wan5", "zung1", "wu6", "pok3", "zi2", "zim1", "gam1", "gin3", "cyu5", "cyu5", "fu2", "nip6",
	"zaak3", "gung3", "ci1", "gei1", "lou5", "zing1", "caak3", "zin1", "sai1", "gok3", "bit6", "cing4",
	"mei5", "zai3", "cuk1", "saan1", "leon4", "ping4", "ziu2", "ham4", "wik6", "daai6", "zaau3", "fei4",
	"saap3", "ling4", "mang4", "jip6", "bok6", "kui2", "gwaa2", "got3", "gaa1", "si4", "fo1", "so2",
	"ci4", "zau6", "faai3", "seoi1", "wun6", "soi2", "zing3", "kim4", "gan1", "zung1", "haan6", "gim3",
	"pou4", "geoi3", "tou1", "bun1", "daap6", "him3", "huk6", "zung1", "pou4", "mit6", "gan1", "syu3",
	"ling4", "leoi5", "zoeng2", "ling4", "zaam1", "saan2", "gu1", "mei6", "seoi6", "gaan2", "tong4", "fu1",
	"mou4", "cang4", "ling4", "wan4", "zi6", "wok6", "mei4", "se3", "sou2", "sung1", "cin1", "lau4",
	"au1", "leoi6", "lai4", "faai3", "lip6", "leon6", "au1", "nei4", "sin1", "soeng1", "bin6", "ling4",
	"hung4", "kei4", "liu6", "bei3", "wu4", "wu4", "caak3", "kung4", "ming4", "mui4", "sam2", "mei6",
	"zong1", "bei3", "lei4", "sam2", "wan4", "hoeng2", "zing1", "si6", "wong4", "deoi1", "saat3", "tyun4",
	"sit3", "zaak6", "mun4", "hei3", "mun4", "zoeng1", "wong4", "taam4", "siu3", "pei3", "lo4", "faan4",
	"lai6", "dou6", "dik6", "cim1", "mei4", "kau4", "zi1", "cin1", "wu6", "ci2", "gwaai3", "muk6",
	"fu1", "mou6", "mong5", "ngau4", "wu6", "jik6", "kyut3", "zing1", "man4", "o1", "zok6", "syu1",
	"zau3", "gin1", "zeoi6", "mai5", "hing3", "mong5", "gei6", "bou2", "syu1", "faan4", "lei4", "faan4",
	"keoi4", "fu2", "o1", "zang1", "hing3", "sing4", "bui3", "seoi1", "ceon4", "fuk1", "cau1", "ting1",
	"wui1", "fo1", "siu1", "gang2", "tong4", "sok3", "taap3", "gong1", "daap3", "gan2", "loek6", "mat6",
	"mik6", "gin1", "luk6", "mei4", "fu2", "suk1", "nip6", "gam1", "lim5", "tai2", "ling4", "zyun2",
	"si1", "jan5", "dou6", "cau4", "mit6", "laam6", "cung4", "ziu1", "soeng1", "hyun1", "fan1", "si1",
	"zuk1", "zi1", "cau4", "gyun3", "gwing2", "deoi6", "coi2", "fuk1", "laam4", "seoi6", "jau4", "dim2",
	"ling4", "daap6", "ping4", "zaai2", "gaau1", "seoi4", "cyun3", "jyun4", "hon2", "hon2", "wu6", "dai1",
	"mui4", "long6", "gu3", "zaau3", "wik6", "lei4", "luk6", "leoi4", "lik6", "lei4", "zong1", "joeng5",
	"mat6", "to4", "zong1", "siu6", "gwai2", "ceoi4", "kyut3", "wai2", "dung1", "wai5", "bok3", "zin1",
	"waan4", "lik6", "wong4", "wu4", "bou2", "hiu1", "pok3", "liu6", "kaau3", "cuk1", "fu1", "luk6",
	"zaan2", "daap6", "fu1", "zang1", "kiu4", "suk1", "wai6", "lou5", "fan1", "zyu3", "ze2", "hat1",
	"zi6", "guk6", "gaak3", "pong5", "zi1", "paa4", "hon3", "paa4", "ngat6", "gaang1", "bei3", "nei6",
	"zyu3", "ng6", "zai3", "luk6", "man4", "cau4", "zoi2", "sau2", "min4", "cai3", "cou4", "piu3",
	"lyun4", "lung4", "suk1", "hat1", "fung4", "heoi1", "kyut3", "pin3", "gun2", "jam6", "pat1", "dam1",
	"ceon2", "zyun1", "mut6", "si6", "bei2", "zeoi1", "taam1", "gwaat3", "nei6", "zyu1", "hip3", "zi3",
	"guk1", "dit6", "zit3", "hon6", "pong1", "nang4", "caan4", "kai2", "gei3", "duk1", "luk6", "haam6",
	"man5", "zik1", "zi3", "cung1", "tin2", "ceon2", "cau1", "zip3", "zaa1", "zyu1", "koek6", "gaak3",
	"zik1", "can1", "fong1", "ci4", "zo3", "ung3", "hou3", "guk1", "goi1", "zeon3", "cou4", "zai6",
	"sau1", "zaap6", "gui3", "zaam1", "daan1", "sau1", "gu1", "hai6", "mun4", "dok6", "ou3", "pik1",
	"uk1", "jaai5", "mung4", "bei6", "zat1", "bok1", "wai4", "laan4", "caam2", "kyun4", "buk6", "dou3",
	"toi4", "fai3", "syu2", "zit3", "tong4", "co4", "daam1", "tim4", "saai5", "taap3", "gaa2", "seon3",
	"wong4", "liu5", "caa1", "cam1", "gam6", "ngap6", "fu1", "to4", "gu2", "ngap6", "bang1", "dai3",
	"do2", "bou6", "leon4", "kei4", "muk6", "gin1", "zung1", "sau1", "zek3", "suk1", "zaap6", "zoeng2",
	"zou6", "fu3", "tang4", "cit3", "fu3", "fei6", "mou5", "joeng2", "ming6", "pong2", "mong5", "zang2",
	"tiu4", "kaai2", "baai3", "siu2", "seon3", "seoi1", "cong4", "siu2", "waan6", "haau4", "cam4", "daan1",
	"fung1", "ngong4", "mun4", "faan3", "wo4", "bin6", "doi6", "mok6", "dang2", "gong1", "jyun4", "zing1",
	"zaa3", "tin1", "gwaa1", "hyut3", "loi6", "gan2", "hei2", "kuk1", "mong5", "liu4", "gat1", "dang2",
	"ngan4", "kan4", "zit3", "ng4", "zi1", "zi3", "hon2", "cuk1", "fu1", "seon4", "ping4", "gwaai2",
	"cau4", "haau3", "jyun5", "kung4", "cung1", "zi1", "leoi6", "zau1", "zi1", "gu3", "loeng5", "fat1",
	"laat6", "din2", "gik1", "aang1", "zi1", "kei4", "coek3", "mau6", "duk6", "caai4", "fu1", "laai6",
	"hang6", "mei5", "kau3", "mong4", "gei3", "so1", "ham6", "seoi1", "leot6", "zou2", "go1", "lei4",
	"hei2", "gung3", "bang1", "so1", "gou1", "duk1", "zin1", "ce4", "pui5", "heoi2", "pou4", "ling4",
	"coeng4", "zou6", "diu3", "seon4", "king2", "naam4", "zaai1", "leot6", "waa4", "lai4", "paa1", "siu1",
	"mui4", "ung3", "cik1", "song2", "so1", "si1", "fu3", "fu3", "dang1", "cak1", "gaan1", "tai4",
	"kam4", "seoi6", "wai4", "deon1", "oi3", "hei3", "zyun2", "fun2", "fei2", "jyun5", "zing1", "sou2",
	"dau6", "wui6", "tong4", "zi6", "fuk1", "ngo4", "fuk1", "seoi1", "gaa1", "caat3", "haam4", "maan6",
	"syun1", "bei6", "ling4", "zit6", "gwai6", "gaap3", "ceoi3", "cing1", "long6", "hing1", "fai3", "leoi4",
	"zaa2", "kei4", "nei5", "gaau1", "tang4", "lou5", "zaak6", "kwai4", "goeng1", "cam4", "guk1", "faan4",
	"lam5", "zuk1", "kit3", "wu6", "mei4", "gaai1", "cung4", "lai6", "zuk6", "hon3", "hiu1", "lyun4",
	"ling4", "wat1", "joek6", "heoi1", "kin4", "haap6", "ngan4", "mik6", "hei1", "neot6", "ham2", "zou2",
	"haap6", "ngaam4", "tou4", "tai1", "wu1", "sok3", "wui4", "cung4", "zau2", "mong4", "nuk6", "miu4",
	"zou2", "maau4", "wat1", "naat6", "sek6", "zi1", "pong5", "gaap3", "hoeng2", "ceon4", "caa3", "kwan1",
	"fui1", "hei1", "ngo4", "tiu4", "lei4", "jyun4", "lei4", "cing1", "gei6", "fu2", "fu2", "gun2",
	"mong4", "coeng1", "taam3", "mau4", "sing1", "lai5", "sau1", "si1", "jap6", "bing6", "cung1", "hau4",
	"dai3", "hin1", "gap3", "hon4", "bok3", "caam4", "caam4", "ai3", "syun4", "zou2", "haam4", "zung1",
	"fung1", "hong1", "cik1", "ze3", "maa4", "fung1", "waan6", "song2", "zeon3", "gun3", "buk6", "leon6",
	"dang1", "ting4", "goeng1", "laap6", "ci3", "zit3", "wai6", "hin2", "ning4", "zim1", "zyu3", "hyun2",
	"man1", "caam4", "mit6", "zim1", "nik1", "caai3", "seot1", "nuk6", "mak6", "ham3", "hong4", "haam4",
	"wai6", "zeot1", "gei1", "gan1", "maa6", "diu1", "zyu2", "zi2", "seot6", "haap6", "joeng1", "cung1",
	"zi3", "song1", "sin1", "zam1", "zung1", "luk6", "haam4", "bit3", "jik6", "zaan6", "gun2", "bang1",
	"zung1", "do6", "cap1", "jiu1", "wai3", "jyun4", "hau4", "ceon4", "daai3", "syun1", "kui2", "fei1",
	"haai4", "hak1", "ceoi1", "baai2", "au1", "zung2", "bang1", "tai3", "co2", "ci4", "niu5", "fung4",
	"dip6", "dang1", "wai4", "kui2", "saap3", "do2", "ling4", "mung4", "fan1", "gwo2", "mung4", "paan3",
	"kei3", "hin1", "lei4", "suk6", "cin1", "biu1", "cin1", "nung4", "dak1", "jin6", "lim4", "ci1",
	"siu6", "kit3", "si1", "mei6", "cam1", "cam1", "jau4", "loi6", "jing2", "gyun3", "gyun1", "gou1",
	"cik1", "cong1", "leon6", "zik6", "maai4", "sam2", "ling4", "gong1", "caang4", "hyun1", "sin2", "huk6",
	"daai2", "daai2", "wan6", "soi1", "cit3", "jyu4", "zi6", "lau4", "fai3", "gwaan1", "hat6", "leon4",
	"hyun1", "tou2", "pei2", "seon3", "saan3", "zi3", "waat6", "tau2", "tin1", "haai6", "pei2", "nuk6",
	"hou3", "jam6", "ci4", "wun6", "jyun3", "haap3", "jin5", "min6", "hei1", "gei6", "tou4", "fai3",
	"hyut3", "ci4", "mat6", "bin6", "gaam1", "naa4", "zi2", "loek6", "fui3", "seon3", "nou4", "hon5",
	"waa6", "tuk1", "ping1", "cuk1", "zung6", "mai4", "seon3", "zoeng1", "tou4", "hang6", "geoi3", "wan6",
	"tai4", "gei1", "sau6", "loi6", "zaam1", "sin3", "gaai3", "jau5", "wai2", "sou3", "gaak3", "nou5",
	"hou4", "deoi1", "ci4", "wai4", "zip3", "gwan2", "cat1", "zou1", "wui6", "lyun4", "liu4", "lou4",
	"to1", "fai1", "wu3", "ou3", "sip3", "ceoi4", "maai6", "jam3", "ging2", "ngam4", "daap6", "wai6",
	"tyun2", "cam3", "juk1", "hin2", "jan1", "hung6", "daan3", "seon1", "nou5", "waan6", "jin3", "kau4",
	"zeon3", "hou1", "mun4", "lip6", "jyut3", "si6", "gong3", "cam1", "mui5", "cuk1", "caak3", "si6",
	"guk1", "syu6", "lau4", "lou4", "syu6", "zip6", "soeng1", "fui1", "fat1", "fui1", "ak1", "mung4",
	"saap3", "zung3", "kyut3", "teon1", "lau4", "cung1", "zo6", "lip6", "fun1", "zip3", "ceoi1", "nei4",
	"bo1", "syun1", "aat3", "maan6", "maan6", "keoi4", "lou5", "hou4", "zung1", "man4", "zan3", "so2",
	"zok6", "zyu3", "gau3", "zi6", "hip3", "zeon2", "caan4", "zai1", "bou6", "loeng4", "zi1", "gei6",
	"gun3", "geoi1", "cing4", "ngaai6", "fu3", "gwai3", "hau6", "zi3", "zi3", "gwai3", "sing6", "seon3",
	"can3", "sit6", "cing4", "coeng1", "si1", "seon2", "hung4", "dung6", "cing1", "mei5", "suk6", "caai1",
	"gat1", "zaap3", "kei4", "jin1", "zek3", "zok3", "keoi4", "jau6", "haak6", "hau6", "kwai2", "ap1",
	"zoeng6", "wan5", "ceon1", "tou1", "fu3", "zaak6", "huk6", "ngo5", "baak6", "zaau1", "kyut3", "wong4",
	"ceon1", "cyun2", "hin1", "caai1", "haau1", "cik1", "zim6", "bat1", "gei1", "zat6", "keoi4", "zim2",
	"zit6", "bin1", "zaan2", "lik6", "kyun4", "fu6", "caa1", "si6", "hong6", "bat6", "tau3", "cyu4",
	"nin2", "ceot1", "mung4", "bat6", "tin4", "man4", "fung2", "caang1", "jau3", "fuk6", "kut3", "gin2",
	"cung1", "cuk1", "an3", "kau4", "co3", "cai3", "kwai4", "lyut6", "bui3", "dou6", "mou5", "so1",
	"dyut3", "tong3", "zai1", "co2", "loeng5", "tin2", "kwan2", "coeng4", "gwat6", "teot1", "wun6", "fei6",
	"pe5", "daap6", "haa4", "ak1", "kwik1", "kwai2", "wu4", "cau1", "seoi6", "caai1", "zi1", "jau3",
	"pei3", "pong4", "hyun1", "cuk1", "dip6", "cai3", "co4", "mung6", "syun2", "do2", "bit6", "zi3",
	"caa4", "cim3", "gwai6", "zau6", "dang3", "kyun4", "zuk6", "ling4", "can1", "zan2", "fu6", "se6",
	"tiu1", "kwaa1", "haai4", "man6", "syu3", "haai4", "sim2", "lung5", "kau1", "gei1", "jung4", "hong2",
	"faan2", "kei4", "wang4", "fu4", "lou4", "wang4", "to4", "man4", "tin4", "kai2", "hing3", "gung2",
	"tin4", "long4", "maau6", "jan6", "luk6", "jyun1", "guk1", "hang1", "wan4", "zyu1", "song2", "wu1",
	"caai4", "sin3", "pung4", "maan6", "zung1", "cung1", "zyun2", "si1", "cung1", "seoi6", "hat6", "mit6",
	"zi3", "wai6", "ling4", "zyun1", "ling4", "lip1", "saai2", "san4", "jung2", "nung4", "but3", "dau2",
	"cou4", "dai2", "gaau1", "hap6", "kuk1", "sau2", "baai6", "gang1", "gwing2", "gwai1", "aa3", "seot6",
	"sung3", "jip6", "cong3", "seot6", "seot1", "liu6", "hiu1", "ceoi4", "cin1", "leoi5", "leon4", "tik1",
	"duk6", "wok6", "gei2", "cin1", "bong1", "daan1", "zeoi1", "geoi2", "ceot1", "san4", "gung1", "hong6",
	"san1", "on1", "leoi5", "se3", "tou4", "san4", "jing4", "kau4", "hong6", "saa1", "dong2", "coi2",
	"dai2", "zi1", "gung1", "cin4", "gwai3", "lai4", "so2", "maa5", "maa5", "gou1", "tong4", "pui4",
	"lau4", "sat1", "co4", "tou4", "ngok6", "caam4", "ji4", "zik6", "dong2", "fok3", "bei2", "leoi6",
	"seon4", "seon4", "put3", "ci1", "put3", "geoi6", "zyu3", "faan3", "si1", "nei6", "zyu1", "jim5",
	"fat6", "ham1", "loeng4", "zi1", "mik6", "jyu4", "joek6", "mui4", "min5", "tou4", "kwai4", "sau1",
	"hei1", "mat6", "coeng1", "mai4", "gwat1", "zam2", "ong3", "gei6", "mung4", "zim6", "hok3", "bou6",
	"gam2", "caam2", "lik6", "lei5", "kau4", "deon6", "wan5", "cam4", "zi2", "baat3", "lyut3", "hoi1",
	"gwai2", "pik1", "zaak6", "do2", "caam4", "so1", "sik1", "sip3", "jing4", "sai6", "cek3", "ze6",
	"ham4", "jip3", "gan1", "do6", "sin3", "gwaan1", "kit3", "cin2", "ham4", "mung6", "ngok6", "cou3",
	"kam4", "kam4", "sin3", "mou5", "coeng1", "zing3", "zi3", "seon4", "mau4", "faan6", "suk1", "pit3",
	"tin4", "fun2", "co3", "seoi6", "co1", "git3", "ou1", "giu2", "jit3", "lung4", "zok6", "bok6",
	"lim4", "ceoi4", "syun4", "leoi6", "mei4", "hin2", "tit3", "bok3", "zing3", "zuk1", "se2", "au1",
	"hiu2", "lik6", "ngit6", "ze4", "mou4", "mat6", "put3", "se2", "lai6", "jyu5", "bong1", "sin3",
	"zoek3", "wai6", "sin3", "fok3", "gai3", "ze1", "sei3", "niu5", "ngou4", "cyu3", "ngat6", "gun2",
	"haai6", "ting2", "hyut3", "dong6", "zaam1", "taan2", "ping1", "kit3", "gwik1", "haan6", "zi6", "zang3",
	"ng4", "waak6", "ceoi3", "wun4", "fut3", "fu3", "ceoi3", "laan4", "man4", "ngaat6", "kyut3", "hong1",
	"ceon2", "zi3", "gau1", "wai2", "hoeng3", "nai5", "zaang3", "ceoi3", "jyu6", "ding1", "zi2", "kyut3",
	"zeoi6", "zung1", "gwang1", "heoi2", "tin4", "gok3", "hung4", "sai1", "lei5", "huk1", "hin2", "seoi1",
	"gwik1", "jyun5", "fung1", "gwok3", "loi4", "zau1", "nim6", "wik6", "cin5", "bik1", "ling4", "hou6",
	"bong6", "tong4", "ci1", "maa6", "haam6", "zyun1", "jung4", "keoi1", "wai6", "wai4", "ngai5", "gam2",
	"cip3", "hou4", "si1", "hin3", "caam4", "wan6", "gon1", "ci1", "zi1", "jau4", "gu1", "jing1",
	"hung4", "gap3", "huk6", "ceoi2", "syu1", "dek6", "mou6", "cau1", "aan3", "am1", "liu4", "bai3",
	"soeng1", "ban1", "jyun1", "bok6", "wang4", "ci4", "tai4", "leoi4", "bok6", "zai3", "sin3", "fat1",
	"cing1", "waa1", "ham4", "daam6", "gaak3", "dik6", "zeoi1", "ling4", "lim4", "siu1", "syut3", "pok3",
	"nau4", "deoi6", "wan5", "suk1", "deoi6", "bang6", "wu6", "fei2", "zaap6", "fei1", "haam1", "si6",
	"tin2", "zin2", "zaan2", "zaam1", "fui3", "fu6", "ciu4", "cim1", "mit6", "wang4", "kei4", "ngong4",
	"saa1", "baa3", "zau6", "tip3", "ting1", "gaap3", "tou4", "kit3", "daan6", "tiu4", "coeng3", "jyun2",
	"gun2", "loeng5", "bung2", "gei1", "luk6", "dou1", "wu4", "wan6", "cin2", "bong1", "jung1", "baa3",
	"fung4", "ze3", "gun2", "buk6", "gaak3", "deon1", "wong4", "duk6", "tai2", "bok6", "lip6", "lung4",
	"wai6", "zaam6", "laan4", "seoi1", "naap6", "bei3", "to4", "zyu3", "dip3", "bou2", "pok3", "haa4",
	"pok3", "faan1", "zaap6", "zai1", "zai1", "zai1", "zai1", "faan4", "haai6", "hung4", "ci4", "gaa1",
	"goi2", "wan5", "zam2", "ngaa5", "zeoi1", "man4", "pei1", "bin6", "hou6", "seon3", "gan2", "bei6",
	"seon4", "caat1", "sing4", "maau6", "pui4", "fu2", "hei1", "mun4", "ng4", "cam2", "haa4", "song2",
	"gwaa1", "hau4", "au1", "fuk1", "wan6", "pei1", "si1", "mang1", "hou6", "song2", "lau4", "zam2",
	"leon6", "duk6", "min4", "fan4", "ngok6", "hung4", "wang4", "hyut3", "bik1", "ciu1", "saap3", "leot6",
	"waak6", "saap3", "ling4", "fat1", "gwok3", "sau1", "am3", "waang4", "ci1", "waang4", "tou4", "lau4",
	"fei1", "zyu3", "tou1", "dau3", "bok3", "tai4", "tou1", "siu6", "goi1", "se2", "caan1", "zin3",
	"mei5", "seon3", "zai3", "si6", "wu4", "gin1", "baau2", "wu4", "wu4", "bin2", "sik1", "deoi1",
	"zyu3", "cong4", "liu4", "kui2", "ning4", "ci4", "mei5", "seoi3", "loeng4", "kai2", "kai2", "but6",
	"bung6", "bit6", "ngai6", "faan4", "kei4", "mou4", "fu6", "ngong4", "fan1", "kei4", "to4", "but6",
	"pin4", "but6", "keoi1", "jyut6", "pei1", "wat6", "ci4", "lit6", "niu5", "ng4", "gwing1", "pou1",
	"zyut3", "coeng1", "ngon6", "wik6", "fu6", "wan4", "ceon2", "sau1", "bik1", "song1", "hok6", "lik6",
	"giu1", "hon6", "zoi2", "sing4", "mik6", "mak6", "zaak6", "zuk6", "wong4", "faan4", "dang6", "tung4",
	"biu1", "duk6", "ak1", "zai1", "leon4", "biu1", "gin2", "nip6", "leoi4", "san1", "on1", "waa1",
	"nip6", "kaa3", "haau1", "ling4", "gon3", "hang4", "zaak3", "ting1", "long4", "bei2", "tik1", "seoi5",
	"kwaa1", "deoi6", "ou2", "gim3", "kui2", "king2", "hou6", "haau2", "hou6", "do2", "cim1", "so1",
	"gaai3", "sung1", "coeng4", "sung1", "ci3", "cim1", "kut3", "gou3", "dik6", "zeot1", "wo2", "fai3",
	"coi3", "soi1", "sou1", "kei4", "pun4", "bok3", "zung2", "laam4", "sou1", "mung4", "min4", "pun4",
	"lou4", "gau1", "man4", "lik6", "lik6", "zang6", "zyu2", "ci3", "dung1", "waak6", "fu1", "mei6",
	"mei6", "caau1", "ji6", "ling4", "ding1", "gat1", "mong1", "gung1", "caak6", "gaai3", "cam4", "baa1",
	"to4", "kiu4", "gaai3", "mut6", "sin5", "sin5", "mai5", "gung2", "gang2", "gang2", "fu1", "ting4",
	"tiu4", "mau4", "caan1", "lei4", "suk1", "luk6", "cok3", "paai4", "noi6", "zaan6", "guk1", "zang1",
	"zeot1", "haam6", "zeoi1", "gyun2", "mong5", "biu2", "laat6", "seoi1", "gang2", "mou4", "tai4", "zin1",
	"jung1", "long4", "jyu4", "zaa2", "haai4", "zin2", "cong1", "caam3", "zi3", "syun4", "zou2", "kwai1",
	"cuk1", "maa4", "si1", "sam4", "fun2", "tang4", "neoi5", "lou4", "lou5", "king4", "haam4", "gun2",
	"zit3", "jip3", "cong1", "lap6", "jan3", "ceon1", "cau1", "tang4", "jyu4", "zau2", "gau1", "daai6",
	"dou6", "hung4", "si1", "kei4", "ci1", "wan6", "fong2", "gung1", "hong4", "zam6", "zoek3", "jyun4",
	"niu5", "gaai3", "pei4", "gam3", "sang1", "sek6", "haau2", "ci4", "dit6", "bat6", "diu1", "ci1",
	"zi2", "baak6", "mou5", "bou2", "dung1", "tung4", "gyun1", "ci3", "lou5", "guk1", "nip6", "ngo4",
	"ngo4", "hon2", "tou4", "ming4", "seoi6", "aan3", "kei4", "bit3", "ling4", "wong4", "kwai4", "zik3",
	"cung4", "bou2", "mou6", "zan3", "seot1", "cik1", "cung4", "maa4", "caam4", "au1", "hok6", "dang1",
	"tung4", "zoeng6", "seon3", "fan4", "buk6", "ling4", "ou2", "syun4", "mung4", "ang1", "leoi5", "bou2",
	"dip6", "ling4", "si1", "gaau1", "lit6", "zing1", "gwik1", "tai1", "pik1", "siu1", "waai1", "dik6",
	"wun4", "ou2", "lai6", "mei4", "fu1", "sang1", "gaa1", "wai1", "jyun4", "piu4", "luk6", "ling4",
	"coi4", "saan3", "fat1", "suk6", "mut6", "tip3", "bing2", "pung4", "wan4", "fu1", "gwo2", "lei4",
	"pei4", "co4", "mung4", "so2", "kwong3", "fung1", "mung4", "huk1", "tau4", "tan1", "teon1", "nik1",
	"nik1", "dung2", "geoi3", "zaa1", "tou2", "king4", "gon2", "dik1", "mui6", "daat3", "wat1", "zoi3",
	"mong4", "lai4", "gwan3", "fan1", "daap6", "ze3", "teon2", "soeng1", "ciu1", "keoi4", "waa1", "zi1",
	"ting5", "soeng1", "fu4", "tip3", "zoek3", "ham4", "ping4", "zeoi1", "zau6", "bok3", "lau4", "nuk6",
	"paau3", "tai3", "tai3", "tai3", "cai4", "ci4", "baa6", "kaa1", "laap6", "geoi6", "geoi2", "laat6",
	"guk1", "kei4", "haam6", "gaam1", "gaam1", "ngoi4", "ngaau5", "caat3", "gin1", "wong1", "jim5", "ziu1",
	"tung4", "ceoi1", "ci4", "mo1", "zo2", "jat1", "ding1", "haau2", "cat1", "soeng6", "haa6", "daan1",
	"maan6", "zoeng6", "saam1", "soeng6", "haa6", "gei1", "bat1", "jyu5", "min5", "koi3", "cau2", "ng5",
	"zyun1", "ce2", "pei1", "sai3", "sai3", "jau1", "bing2", "jip6", "cung4", "dung1", "si1", "sing4",
	"diu1", "kei3", "loeng2", "diu1", "jau5", "loeng5", "jim4", "bing6", "song1", "gwan2", "gau2", "go3",
	"aa1", "baan6", "zung1", "gik1", "gaai3", "fung1", "gwaan3", "cyun3", "caan2", "lam4", "zok6", "zyu2",
	"baat3", "jyun4", "daan1", "wai4", "zyu2", "zeng2", "lai6", "geoi2", "pit3", "fat1", "ji4", "ngaai6",
	"naai5", "ngau1", "gau2", "gau2", "tok3", "maa1", "ji6", "fu4", "zi1", "wu1", "zaa3", "fu4",
	"fat6", "lok6", "jam4", "bing1", "bam1", "kiu4", "fu2", "gwaai1", "sing4", "sing4", "jyut3", "jyut3",
	"waang4", "mat1", "gau2", "hat1", "jaa5", "zaap6", "hoeng1", "goi3", "gau2", "haa6", "fu4", "syu1",
	"dau2", "ci2", "gei1", "kek6", "gaa1", "geoi6", "sek6", "maau5", "fu4", "maai5", "lyun6", "ci3",
	"jyu5", "zyut6", "jim5", "fu2", "saa1", "naa2", "kin4", "so2", "jyu1", "zyu3", "ze2", "kin4",
	"zi6", "gwai1", "gon1", "lyun6", "leon5", "kyut3", "liu5", "ding1", "jyu4", "zaang1", "si6", "si6",
	"ji6", "cuk1", "jyu1", "kwai1", "jyu1", "wan4", "wu6", "kei4", "ng5", "zeng2", "sei3", "seoi3",
	"gang2", "gang2", "aa3", "se1", "aa3", "cai4", "aa3", "gik1", "tau4", "mong4", "kong3", "daai6",
	"gaau1", "hoi6", "jik6", "caan2", "hang1", "mau5", "bin3", "hoeng2", "ging1", "ting4", "loeng6", "hoeng2",
	"ging1", "je6", "can1", "bok3", "jau6", "sit3", "taan2", "lim4", "do2", "mei5", "jan4", "jan4",
	"zaap6", "zaap6", "mou4", "jik1", "sap6", "jan4", "lak6", "ding1", "zak1", "gan2", "fu6", "sau4",
	"baat3", "zoeng2", "gam1", "gaai3", "bing1", "jing4", "cung4", "fat6", "tou1", "leon4", "bing1", "cong1",
	"zai2", "si6", "taa1", "zoeng6", "fu6", "sin1", "hin1", "tok3", "hung4", "tung4", "jan6", "cin1",
	"gon2", "ngat6", "bok6", "doi6", "ling6", "ji5", "caau3", "coeng4", "saam1", "coeng4", "ji4", "muk6",
	"mun4", "jan6", "faan2", "caau3", "joeng5", "kim4", "zung6", "pei2", "wut6", "ng5", "gin6", "gaai3",
	"jiu2", "fung1", "cong1", "jam6", "wong4", "fan6", "dai1", "fong2", "zung1", "kei5", "pui3", "jyu4",
	"diu3", "mat6", "jik6", "sam2", "kong3", "ji1", "kap1", "aai3", "ng5", "gei6", "fuk6", "fat6",
	"jau1", "gan3", "pei1", "dam2", "fu1", "tong2", "zung3", "jau1", "fo2", "wui6", "jyu2", "ceoi3",
	"cyun4", "saan3", "wai5", "cyun4", "ce1", "ngaa4", "jin5", "soeng1", "coeng1", "leon4", "cong1", "seon1",
	"man1", "ngai6", "cyu5", "cek3", "jin4", "nou5", "baak3", "gu2", "nei5", "nei4", "sit3", "bun6",
	"gwik1", "ling4", "zau6", "san1", "ceoi1", "zi6", "ping1", "ci5", "gaa1", "pei1", "ji6", "ci5",
	"ji5", "zing1", "din6", "ham4", "mui6", "daan6", "cyu5", "bou3", "keoi1", "bei2", "siu6", "ci2",
	"wai6", "dai1", "zyu6", "zo3", "jau6", "joeng5", "tai2", "zim3", "ho4", "bit1", "to4", "se4",
	"jyu4", "jat6", "fat6", "zok3", "gau1", "ning6", "tung4", "nei5", "hin1", "keoi5", "jung2", "ngaa5",
	"cim1", "jau6", "kaa1", "baau1", "pui3", "wui4", "hok6", "lou2", "gong3", "gap3", "joeng4", "baak3",
	"faat3", "ming5", "gaai1", "ji6", "bing3", "gat1", "han2", "kut3", "gwai2", "cyun4", "tiu1", "gaau2",
	"ci3", "jat6", "si2", "jing4", "san1", "tok3", "hon2", "zat6", "goi1", "loi4", "ji4", "ci2",
	"kwaa2", "gwong1", "lai6", "jam1", "si6", "mei5", "zyu1", "gwik1", "jau6", "on1", "leot6", "mau4",
	"ji4", "leon4", "tung4", "caa3", "cik1", "seon1", "gung1", "zau1", "ji1", "jyu4", "cyun4", "hap6",
	"ci5", "daai3", "leoi5", "haau2", "hiu1", "zing1", "zak1", "kiu4", "kui2", "caai4", "ning6", "nung4",
	"zeon2", "mou5", "hau4", "kwan3", "cing2", "zan3", "zo6", "cau2", "cam1", "leoi5", "guk6", "syu6",
	"ting5", "sam6", "tyut3", "but6", "naam4", "haau1", "bin6", "teoi2", "jyu5", "hai6", "cuk1", "ngo4",
	"kau4", "ceoi4", "gwaang6", "guk1", "ng6", "zeon3", "jap1", "fu6", "loeng4", "zo2", "ciu3", "lei6",
	"jung2", "wan6", "ging3", "jin5", "saam3", "pui2", "zuk6", "fu1", "hei1", "lei5", "min5", "ping1",
	"bou2", "jyu4", "zi6", "hap6", "seon3", "sau1", "jyu5", "dai6", "ce1", "cau4", "zi3", "jim5",
	"loeng5", "lai6", "loi4", "si1", "gim6", "sau1", "fu2", "wo6", "keoi1", "haau6", "paai4", "cin5",
	"biu2", "cuk1", "fai3", "fung6", "aa3", "aan2", "bei6", "juk6", "jan1", "bei2", "fu2", "coeng1",
	"zi1", "bing3", "gau6", "haau4", "ceoi4", "loeng5", "jyun2", "loi4", "cong1", "zung3", "go3", "gun1",
	"pui5", "tin2", "suk1", "suk1", "mun4", "dou2", "taam4", "gwat6", "seoi4", "hang6", "pang4", "tong2",
	"hau6", "ji2", "hei1", "tik1", "gon3", "ging6", "ze3", "seoi1", "coeng1", "zit3", "fong2", "zik6",
	"hung2", "gyun6", "zung1", "geoi3", "sin6", "ngai4", "leon4", "coek3", "wai1", "lo2", "sung1", "ling4",
	"wan6", "dung1", "zi3", "ban3", "mou5", "keoi1", "noi6", "coi2", "gim6", "zaai3", "je4", "zik6",
	"saa2", "king1", "ning6", "jing1", "cing1", "cin4", "jin2", "jyun5", "zung3", "ceon2", "gaa2", "git6",
	"wai5", "jyu2", "bing2", "je6", "tai4", "wui1", "pin1", "ngaan6", "fung1", "tong2", "ak1", "ngok6",
	"gaai1", "ce2", "saang2", "hon2", "dai3", "zou6", "zaap3", "ting4", "bui3", "jip6", "wong4", "zaam6",
	"cau1", "jim1", "jau4", "gin6", "seoi2", "zaa3", "ci1", "fu6", "bik1", "zi6", "zung2", "min5",
	"cap1", "ji2", "sit3", "seon1", "si1", "dyun1", "zak1", "zing1", "ngau5", "tau1", "tau1", "bei6",
	"zaa1", "leoi5", "zit3", "ngai6", "fan5", "soeng4", "faai3", "sau2", "sou3", "gwaat3", "fu6", "jyun6",
	"jung5", "leot6", "nuk6", "wan6", "maa6", "bong6", "din1", "tong4", "hou6", "git6", "hai4", "sin3",
	"him3", "gok3", "cong1", "cuk1", "saan3", "bei6", "haau6", "jiu4", "co1", "ong2", "fat6", "bing6",
	"gaa1", "daai2", "zoi3", "tong2", "gwat1", "ban3", "cyu5", "no4", "caam1", "leoi5", "ceoi1", "jung4",
	"zou1", "zung2", "pang4", "sung2", "ngou6", "cyun4", "jyu2", "zaai3", "cik1", "soeng1", "cong2", "goeng1",
	"cai3", "so4", "hon3", "zoeng1", "king1", "jin3", "dai3", "sit3", "leoi5", "bei6", "piu1", "gan2",
	"lin5", "luk6", "maan6", "cim1", "sin1", "taam3", "jing4", "dung6", "zaan6", "zoeng6", "sin6", "kiu4",
	"kwan3", "teoi4", "zyun2", "buk6", "hei1", "lou4", "cong2", "gwong1", "liu4", "hei1", "cing1", "saan4",
	"ngai6", "gei1", "faan1", "wai6", "cyun2", "daan6", "hiu1", "zau6", "zang1", "fan5", "haan5", "gwat6",
	"ok3", "ziu1", "cim3", "tung4", "leon4", "baak6", "gu3", "sin1", "suk1", "haan5", "goeng1", "man5",
	"jip6", "gam3", "gaa3", "ciu3", "pik1", "fung1", "zau3", "oi3", "si1", "ji4", "zeon3", "nung4",
	"sin4", "jik1", "dong1", "ging2", "hyun1", "kui2", "gim6", "co3", "daam1", "giu2", "so4", "zoi3",
	"caan3", "ban3", "ngaam4", "jyu4", "toi4", "cau4", "caai4", "laam4", "ji5", "zeon2", "hin3", "mou5",
	"ning4", "king4", "nei5", "soeng4", "lip6", "leoi5", "leoi5", "kwong2", "bou3", "juk6", "biu1", "zaan2",
	"zat1", "ci3", "jau1", "hou4", "cing3", "can3", "lik6", "tang4", "wai5", "lung5", "cyu5", "caam3",
	"joeng4", "suk1", "wai6", "lai6", "lo4", "zaan2", "no4", "tong2", "jim5", "leoi5", "nong6", "ji4",
	"ngat6", "wan5", "zaam1", "jyun4", "hing1", "cung1", "siu6", "hung1", "sin1", "gwong1", "deoi3", "hak1",
	"deoi3", "min5", "tou3", "coeng4", "ji4", "deoi3", "ji4", "zam1", "tou3", "zi6", "jin2", "jin2",
	"ci2", "sap6", "dong2", "cin1", "dau1", "fan1", "hou4", "san1", "dau1", "baak3", "ging1", "lei4",
	"fong2", "jap6", "mong4", "noi6", "cyun4", "loeng5", "jyu6", "baat3", "gung1", "luk6", "hai4", "zit3",
	"laan4", "gung6", "tin1", "gwaan1", "hing1", "bing1", "kei4", "geoi6", "din2", "zi1", "fan1", "joeng5",
	"gim1", "sau3", "kei3", "ngai6", "kei3", "cin2", "gwing1", "mou6", "jim5", "noi6", "jyun4", "mou5",
	"gong1", "jim5", "caak3", "gwing1", "caak3", "zoi3", "gwaa2", "gwing2", "mou6", "zau6", "mou6", "gau3",
	"heoi2", "min5", "mik6", "jung2", "jam4", "se2", "kam2", "gwan1", "nung4", "ji4", "mei4", "sik1",
	"gun1", "mung4", "cung2", "zeoi3", "jyun1", "ming4", "kau3", "lam1", "fu3", "se2", "mik6", "bing1",
	"dung1", "taai3", "gong1", "fung4", "bing1", "wu6", "cung1", "kyut3", "wu6", "fong3", "je5", "laang5",
	"pun3", "man5", "dung3", "sin2", "lit6", "hap1", "zin1", "zing6", "sau1", "mui5", "tou4", "cai1",
	"gu3", "zeon2", "sung1", "zing6", "loeng4", "zing6", "diu1", "ling4", "dung3", "gam3", "gaam2", "jan1",
	"cau3", "ngoi2", "leot6", "cong1", "ming5", "zeon2", "ceoi4", "si1", "dok6", "gam6", "lam5", "lam5",
	"jing4", "hei1", "duk6", "gei1", "faan4", "faan4", "faan4", "fung6", "geoi1", "cyu2", "kei4", "fung1",
	"do2", "jau1", "fu4", "fung1", "pang4", "fung1", "hoi2", "wong4", "hoi2", "gaam1", "dang3", "pang4",
	"ham3", "hung1", "faai3", "dat6", "aau3", "ceot1", "gik1", "tam5", "haam4", "haam4", "zok6", "dou1",
	"diu1", "dou1", "jan6", "jan6", "cong1", "fan1", "cit3", "ngaai6", "gei1", "hon1", "cin3", "cyun2",
	"co1", "man5", "gei1", "daan2", "jing4", "waa4", "jyun4", "kyut3", "lei4", "jyut6", "lit6", "lau4",
	"zak1", "gong1", "cong3", "fat1", "co1", "ceoi3", "diu1", "saan1", "man5", "ling4", "zung1", "pun3",
	"bit6", "gip3", "gip3", "paau4", "lei6", "saan1", "bit6", "caan2", "ging2", "gwaat3", "gang1", "dou3",
	"cong3", "gwai1", "fu1", "do2", "ji6", "zai3", "caat3", "hyun3", "caat3", "ci3", "hak1", "gip3",
	"kui2", "ci3", "gwai3", "hoi2", "doek3", "zai1", "tai3", "ging2", "lau4", "lo5", "zak1", "jyun1",
	"co3", "soek3", "hak1", "laat6", "cin4", "caat3", "cong3", "gwaa2", "gim3", "cok3", "lei4", "tik1",
	"fai3", "fau2", "caan2", "kei4", "cong3", "zi3", "gong1", "wun1", "mok1", "gei1", "zyut3", "loek6",
	"jim5", "duk1", "gim3", "zai1", "mok1", "jim2", "kek6", "waak6", "sing6", "zin2", "dok6", "zai3",
	"uk1", "gwaa2", "fu3", "sing6", "gim3", "got3", "zaat3", "hoi2", "cong3", "cyun1", "caan2", "tyun4",
	"luk6", "lei4", "pang2", "saam1", "piu5", "kau1", "ziu2", "gwaat3", "ciu4", "kyut3", "waak6", "zaap3",
	"zoek3", "lim4", "kek6", "pik1", "lau4", "kui2", "ziu2", "gwai3", "gim3", "gim3", "tong1", "fok3",
	"zai1", "gim3", "ji6", "gim3", "zat1", "caam4", "zin2", "mo4", "lai5", "zuk1", "lik6", "aat3",
	"hyun3", "baan6", "gung1", "gaa1", "mou6", "maai6", "lyut3", "ging6", "haang1", "hip3", "zi2", "dung6",
	"zo6", "nou5", "gip3", "keoi4", "siu6", "jat6", "zyu2", "mok6", "lai6", "ging6", "lou4", "lou4",
	"hyun3", "hau2", "lik6", "aai1", "haau6", "mau4", "hong1", "kit3", "lit6", "hat6", "sai3", "hak1",
	"ging6", "hou4", "but6", "man5", "cik1", "long4", "jung5", "jung5", "min5", "hak1", "fan1", "gyun6",
	"king4", "luk6", "bau6", "maang5", "loi6", "lak6", "hat6", "min5", "dung6", "juk1", "juk1", "ham3",
	"mou6", "ji6", "fan1", "jung2", "sing3", "lou4", "mou6", "luk6", "piu3", "sai3", "zik1", "kan4",
	"koeng5", "ziu2", "hyun3", "zoeng6", "ji6", "kiu5", "faan1", "gyun1", "tung4", "geoi6", "daan1", "hip3",
	"maai6", "fan1", "fan1", "leoi6", "lai6", "cit3", "joeng4", "hyun3", "baau1", "zoek3", "wan4", "gau1",
	"bou6", "ngau1", "mat6", "wan4", "jan6", "hung1", "koi3", "koi3", "baau1", "cung1", "cung1", "hung1",
	"ping1", "guk1", "tou4", "gap3", "pou4", "ap1", "paau4", "fuk6", "daap3", "gau3", "kung4", "bei3",
	"faa3", "bak1", "nou5", "ci4", "fong1", "gau6", "ji4", "zaap3", "zoeng6", "kong3", "zoeng6", "hong1",
	"fat1", "haap6", "kuk1", "faan4", "gwai2", "haap6", "zong1", "hong1", "fei2", "fat1", "jyu6", "gwai2",
	"gwai6", "wui6", "daan1", "gwai6", "lim4", "lim4", "syun3", "duk6", "gau3", "goek3", "pat1", "keoi1",
	"ji1", "hap6", "jin2", "bin2", "nik1", "keoi1", "sap6", "seon3", "cin1", "nim6", "saa1", "zeot1",
	"sing1", "ng5", "wai2", "bun3", "sai3", "sei3", "maan6", "waa4", "hip3", "maan6", "bei1", "zeot1",
	"coek3", "hip3", "daan1", "maai6", "naam4", "daan1", "zap1", "bok3", "seot1", "baak6", "bin6", "buk1",
	"zim1", "kaa1", "lou4", "jau5", "lou5", "sai1", "gwaa3", "ngo6", "sit3", "zit3", "zit3", "wai6",
	"ngong4", "kung4", "zi1", "maau5", "jan3", "ngai4", "siu6", "zik1", "koek3", "leon2", "ci2", "gyun2",
	"se3", "seot1", "gan2", "koek3", "ngat6", "zik1", "ngok6", "hing1", "sat1", "ce4", "cong2", "ngai5",
	"ak1", "teng1", "lik6", "zaak6", "hon3", "lai6", "ngaa5", "aat3", "jim3", "se3", "zi2", "zaa3",
	"pong4", "ngaai4", "hip3", "ngaai4", "zat6", "ci3", "pong4", "tai4", "lei4", "se3", "hau5", "teng1",
	"seoi4", "cou3", "fei6", "jyun4", "ci3", "jyun4", "soeng1", "jim2", "lik6", "kyut3", "haa6", "din1",
	"cyu4", "gau3", "kan4", "ngou4", "gwai2", "jim3", "si1", "lik6", "cong2", "laam4", "lai6", "jim4",
	"jim2", "jyun4", "si1", "gwang1", "leon4", "kau4", "heoi3", "heoi3", "ji5", "leoi5", "duk1", "jyun6",
	"zyun1", "saam1", "caam1", "caam1", "caam1", "caam1", "oi2", "doi6", "jau6", "caa1", "kap6", "jau5",
	"soeng1", "faan2", "sau1", "gwaai3", "bat6", "faat3", "joek6", "si6", "suk1", "zyut3", "ceoi2", "sau6",
	"bin3", "zeoi6", "gaa2", "bun6", "sau2", "gap1", "wai3", "sau2", "dip6", "jeoi6", "cung4", "hau2",
	"gu2", "geoi3", "ling6", "waa1", "tou1", "kau3", "zi2", "giu3", "ziu6", "baa1", "ding1", "ho2",
	"toi4", "cik1", "si2", "jau6", "kau4", "po2", "jip6", "hou6", "si1", "taan3", "cek3", "lak6",
	"diu1", "gei1", "duk1", "hung1", "mei5", "heoi1", "mong4", "hek3", "gok3", "hyun1", "jiu1", "zi2",
	"hap6", "gat1", "diu3", "cyun3", "tung4", "ming4", "hau6", "lei6", "tou3", "hoeng3", "zaa1", "haak3",
	"jaa1", "leoi5", "aa1", "maa3", "ngau5", "hoe1", "ji1", "gwan1", "cau2", "leon6", "tan1", "jam4",
	"fai6", "pei2", "cam3", "cam3", "gaai3", "bat1", "fau2", "baa6", "deon1", "fan1", "ngo4", "ham4",
	"ting1", "hong4", "syun5", "kai2", "wang4", "zi1", "jan5", "ng4", "ng4", "caau2", "naap6", "hyut3",
	"kap1", "ceoi1", "dau1", "man5", "hau3", "ngau4", "ng4", "gou3", "aa1", "gwan3", "leoi5", "ak1",
	"gak1", "mui4", "ngoi4", "kai2", "cing4", "ng4", "gou3", "fu1", "giu3", "ngau4", "cek3", "sing1",
	"naap6", "tan1", "fu2", "ngai6", "taai1", "au2", "lik6", "baai6", "jyun4", "waa1", "mui4", "coeng1",
	"wu1", "ak1", "si1", "gyun2", "pan3", "man5", "nai4", "m2", "ling4", "jim4", "jau1", "dai2",
	"zau1", "si3", "zau3", "tip3", "hei3", "jai6", "kei4", "ping4", "zi2", "gu1", "zi1", "mei6",
	"heoi3", "ho1", "naau4", "haap3", "pei1", "jat6", "hiu1", "san1", "fu1", "ming6", "daat3", "keoi1",
	"zeoi2", "gam2", "zaap3", "to1", "deot1", "tau3", "paau4", "bit6", "fat6", "joeng1", "wo4", "zaa3",
	"wo4", "hoi1", "gau3", "wing6", "fu3", "daa1", "zau3", "aa5", "kaa1", "gu1", "gaa3", "zo2",
	"bou3", "lung4", "dung1", "ning4", "taa1", "si1", "jin6", "waak1", "cap1", "ji6", "ngok6", "gwong1",
	"zaa1", "hei3", "ji4", "le2", "zi1", "me1", "mai5", "zi2", "ngaau5", "gat1", "zau3", "gok1",
	"seot1", "zaa1", "siu3", "kat1", "fui1", "kwaa1", "waat6", "tou4", "haam4", "hon1", "hyun2", "jau1",
	"waa1", "jin1", "lou5", "ji1", "oi1", "ban2", "can2", "tung4", "hung1", "hung1", "do1", "waa1",
	"haa1", "zoi1", "juk6", "dei6", "paai3", "hoeng2", "aai1", "gan1", "hong1", "aa2", "daat6", "hiu1",
	"bat1", "jyut6", "nin4", "waa1", "hang4", "faai3", "doe2", "fan1", "zai6", "nung4", "mau1", "jo1",
	"hou6", "jyun4", "lung6", "dau6", "mong4", "go1", "ngo4", "ci1", "saau3", "li1", "naa5", "zuk1",
	"ho4", "huk1", "haau1", "jin6", "lou4", "but6", "zit3", "zaat3", "loeng6", "baat3", "me1", "lyut3",
	"ceoi1", "fau4", "bou6", "hon4", "hang1", "gang2", "syut3", "go2", "jau5", "jin6", "guk1", "guk1",
	"baai6", "ham4", "so1", "seon4", "jap1", "aai1", "gaap3", "tou1", "jin4", "waan5", "li1", "hei1",
	"tong4", "zo6", "cau4", "ce1", "m4", "zou6", "aa2", "dau1", "kai2", "dik6", "cam3", "mak1",
	"mut6", "gung3", "tau2", "heoi3", "lou4", "loeng2", "so2", "zou6", "wun6", "laang6", "saa1", "zik1",
	"zo2", "wo1", "fung2", "jam4", "fu2", "kei3", "sau6", "wai4", "caat3", "coeng3", "ji4", "leoi6",
	"goeng6", "am2", "ze3", "jo1", "nim6", "jyu1", "tin2", "loi6", "saap3", "sik1", "to3", "fat1",
	"ngaai4", "zau1", "nau5", "hang2", "doek3", "doek3", "soeng1", "dik1", "hang1", "lam4", "aa1", "coi1",
	"hong1", "teon1", "ng5", "man6", "ceoi3", "saap3", "gwat1", "kai2", "kai2", "tou4", "daam6", "daam6",
	"waa1", "zi2", "pei2", "ceoi3", "zyut3", "wo3", "aa2", "kai2", "zit3", "fe1", "loeng2", "haam4",
	"be1", "saa2", "laa1", "zaak3", "jing1", "gwaa3", "paak1", "ze1", "sik1", "zyun2", "ngit6", "gwok3",
	"lo1", "ngaam1", "di1", "kyun4", "taan1", "bo3", "ding6", "long1", "siu3", "goe1", "tong4", "ci3",
	"tai4", "am4", "zau1", "daam6", "kaak3", "jung4", "wai3", "naam4", "sin6", "juk6", "zit3", "laa3",
	"gaai1", "hau4", "haam3", "dip6", "zau1", "caai4", "waa1", "je5", "juk1", "jam1", "zaa1", "jiu1",
	"ak1", "min5", "wu4", "wan5", "cyun2", "fui3", "wun6", "wun6", "hei2", "hot3", "zik1", "wai2",
	"zung2", "wai4", "saap3", "heoi2", "wong4", "dok6", "ngaam4", "hyun1", "loeng6", "jyu6", "song1", "hek3",
	"kiu4", "jin6", "daan1", "pan3", "caan1", "lei1", "jo1", "zaa1", "wai1", "miu1", "jing4", "pan3",
	"fu2", "kwai4", "hai2", "jyu6", "gip1", "lau4", "guk1", "cou3", "hok3", "tai4", "jiu4", "hok3",
	"aa2", "cau3", "coeng1", "sik1", "jung1", "sou3", "fung2", "hip3", "jik1", "sok3", "maa1", "caa1",
	"haai6", "haap3", "taap3", "song2", "can1", "juk6", "sau1", "waat3", "gai1", "pong5", "wu1", "haam4",
	"si3", "gaak3", "zi1", "ze1", "lok6", "jung1", "wat1", "zi6", "ci1", "hou4", "so1", "gaa1",
	"haai1", "so2", "ceon4", "zip6", "ho4", "zik6", "saai3", "ng6", "go2", "naa4", "de2", "oi2",
	"goeng1", "tung1", "bat1", "ngou4", "ngou4", "lin4", "ceoi1", "ze1", "mok6", "sau3", "sau2", "taam2",
	"dik6", "ci1", "giu3", "cung1", "hiu1", "ge3", "taan3", "saam1", "cou4", "gaa1", "ngaai4", "haau1",
	"piu1", "lau4", "gaat3", "gu2", "haau1", "laa3", "wai3", "gwok3", "au2", "hin1", "zaak3", "soeng4",
	"heoi1", "po4", "dak1", "maa1", "mak1", "huk6", "laa3", "dou1", "gaat3", "tong1", "je5", "bang1",
	"jing1", "saai1", "ziu3", "mat6", "siu3", "waa1", "maai5", "jin4", "caai3", "paang4", "lou4", "siu3",
	"gei1", "zuk1", "zaau1", "zeoi2", "hiu1", "sai1", "hou4", "fu2", "liu4", "kiu4", "hei1", "cuk1",
	"taan1", "daam6", "hei1", "seon3", "ok3", "zyun2", "bo3", "hek3", "fai1", "cam2", "cong4", "zuk1",
	"gam2", "teon1", "zang1", "ziu6", "jit3", "kap1", "hei3", "hou4", "leon1", "heoi1", "dang1", "fai1",
	"jam4", "pok3", "kyut3", "kam4", "cam4", "ngit6", "lou1", "si1", "jim2", "jing3", "daat6", "zim1",
	"jyu2", "zau3", "gam3", "nung4", "jyut6", "haai3", "hei3", "ngok6", "cou3", "ji1", "sai6", "giu3",
	"jyun3", "oi2", "jung1", "koek6", "faai3", "jyu5", "pan3", "dou6", "gaa1", "hm1", "deon1", "dong1",
	"san1", "sak1", "pik1", "pei2", "jam1", "zeoi2", "ning4", "dik6", "laam6", "daap6", "o2", "jyu4",
	"hou1", "haak3", "deoi3", "be6", "cau4", "zai6", "zeon3", "hou4", "tai3", "soeng4", "fan1", "mo1",
	"caat3", "dai3", "lou1", "wai3", "bok3", "jau1", "ngit6", "ngan4", "huk1", "mak6", "gwang1", "zit3",
	"lai4", "lau4", "haai4", "nong4", "hiu1", "mo1", "jin3", "lik6", "lou4", "lung4", "bok3", "daam6",
	"can3", "pan4", "pei2", "hoeng3", "ho1", "jiu1", "hei3", "do2", "guk1", "jim4", "caam4", "jing1",
	"joeng6", "dim2", "laa3", "daap6", "hiu1", "zoek3", "zyut3", "fun1", "gau6", "zyun2", "zip3", "hiu1",
	"caap3", "lei4", "cin2", "caai3", "lai6", "ngai6", "lo1", "nong4", "zaan3", "sou1", "hei2", "zang6",
	"gaan1", "zaan3", "zuk1", "laan4", "ngit6", "nong4", "hei3", "lo1", "wai4", "wui4", "jan1", "cau4",
	"sei3", "nan4", "zai2", "wui4", "seon3", "jan1", "naam4", "tyun4", "tyun4", "deon6", "kong3", "jyun1",
	"gwing2", "pin1", "wan4", "cung1", "fat1", "wui4", "jyun4", "ngo4", "gwok3", "kwan3", "cung1", "tung1",
	"tou4", "wai4", "leon4", "gwok3", "kwan1", "jat6", "ling4", "gu3", "gwok3", "toi1", "gwok3", "tou4",
	"jau6", "gwok3", "ngan4", "wan6", "pou2", "jyu5", "haam4", "jyun4", "leon4", "hyun1", "jyu5", "cing1",
	"gwok3", "cyun4", "wai4", "jyun4", "hyun1", "ku1", "pou2", "jyun4", "jyun4", "aap3", "syu1", "tou4",
	"tou4", "tyun4", "loek6", "kui2", "jik6", "jyun4", "lyun4", "lyun4", "tou2", "caak3", "tou2", "ting5",
	"sing3", "pok3", "luk6", "faai3", "zong1", "zoi6", "wai4", "ngat6", "ou3", "wu1", "gwai1", "pei2",
	"ji4", "dei6", "cin1", "cin1", "zan3", "zoek3", "joeng6", "haap3", "haa6", "saan1", "kwong3", "coeng4",
	"kei4", "nit6", "mut6", "saap3", "git3", "zi2", "zi2", "baan2", "hyun1", "jik6", "jam2", "mui4",
	"gwan1", "haang1", "fong1", "fan6", "ban6", "taan1", "ham2", "waai6", "zo6", "haang1", "bei6", "zing6",
	"dei6", "ging1", "gei6", "faai3", "ci4", "ging1", "gin1", "taan4", "lek6", "baa3", "wu2", "fan4",
	"zeoi6", "po1", "bun3", "tong4", "kwan1", "ceoi1", "taan2", "zek3", "to4", "ham1", "ping4", "dim3",
	"gwaa3", "nai4", "toi4", "pui1", "gwing1", "joeng2", "fat6", "aau3", "luk6", "jau1", "muk6", "ho2",
	"gau3", "jyut6", "paat6", "ci4", "caak3", "ling4", "cyu5", "fu6", "fu1", "zi6", "seoi4", "laap6",
	"lung5", "lung5", "lou4", "aau3", "doi6", "paau4", "man4", "jing4", "dung6", "gei6", "haak6", "leot6",
	"ci4", "ci2", "leoi5", "goi1", "jan1", "hau6", "deoi1", "ziu6", "baak6", "gwong1", "jiu4", "do2",
	"do2", "gwai2", "caa4", "joeng4", "ngan4", "fat6", "gau3", "wun4", "dit6", "hip3", "han2", "hoeng2",
	"sau2", "ok3", "bing6", "din6", "hung4", "aa3", "kwaa1", "daat3", "lung6", "dong3", "hoi2", "hang4",
	"nou5", "am2", "sing1", "jin6", "jyun6", "bong1", "pau4", "bui3", "jik6", "ngan6", "hon6", "zeoi6",
	"seoi4", "cam4", "gang2", "oi1", "bung6", "fong4", "kok3", "jung2", "seon3", "gaap3", "dei6", "maai4",
	"long6", "gyun2", "sing4", "jin4", "zam1", "zit3", "lyut3", "lyut3", "bou3", "cing4", "faa1", "bou6",
	"si4", "hyun1", "wo1", "gwing1", "je5", "nim6", "deng6", "wik6", "bou6", "aa3", "gyun3", "seoi3",
	"pei4", "cing1", "wun2", "geoi6", "leon4", "zang1", "hung1", "cung2", "dung1", "dai6", "taam3", "am2",
	"coi3", "cuk1", "bung6", "ham2", "zik6", "do2", "ngai6", "zap1", "jik6", "pui4", "gei1", "zeon2",
	"kei4", "sou3", "zeoi6", "fat1", "fo3", "tong4", "kwan1", "ngai6", "gin1", "deoi1", "gan2", "gong1",
	"juk6", "ok3", "pang4", "gu3", "tou3", "ling4", "fong4", "ngaai4", "cim3", "kwan1", "ngon6", "sam1",
	"do6", "nou5", "dat6", "sing4", "jan1", "waan4", "pik1", "lin6", "wo1", "dip6", "zyun6", "hau6",
	"bou2", "bou2", "jyu4", "tai4", "mou4", "gaai1", "jyun4", "gang2", "ham1", "zung1", "jyu4", "wong4",
	"ngok6", "jiu4", "jin2", "bou3", "zik1", "mei4", "coeng4", "dou2", "to4", "jam3", "fung4", "zung3",
	"gaai3", "zeon1", "hang6", "gong1", "gaan2", "ping4", "leoi5", "hong4", "fong1", "ling4", "dyun6", "waan1",
	"syun1", "hei3", "zik6", "faai3", "jing4", "taap3", "sing4", "jung5", "hoi2", "sou3", "sou3", "si4",
	"mik6", "taap3", "jung2", "sing4", "tou4", "tong4", "kok3", "cung2", "leot6", "bung6", "bong6", "sak1",
	"zong3", "deoi1", "tin4", "wu2", "zing6", "hyun1", "gaak3", "zan6", "aai3", "gung1", "jim4", "ham2",
	"tin4", "jyun4", "wan1", "ze6", "lau6", "hoi2", "long5", "coeng4", "bung6", "bang6", "can4", "luk6",
	"lou5", "au2", "cim3", "mui4", "mok6", "zyun1", "song2", "suk6", "lau5", "ci4", "maan6", "biu1",
	"ging2", "cak1", "seoi6", "dit6", "ham3", "jung4", "din3", "cam2", "zek3", "kei3", "gwok3", "coeng2",
	"gan6", "soeng1", "mou6", "ceoi4", "jin2", "taap3", "zang1", "kin4", "coeng4", "loeng4", "wai3", "zeoi6",
	"haau1", "zang1", "heoi1", "sin6", "sin6", "baat6", "pok3", "faai3", "dung2", "faan4", "kok3", "mak6",
	"deon1", "dan1", "deon1", "dei6", "sing6", "do6", "do6", "taam4", "dang3", "mou4", "fan4", "wong4",
	"taam4", "daat3", "jip6", "zyu3", "gaan1", "ou3", "coeng4", "gik1", "hiu1", "han2", "jik6", "pei4",
	"bik1", "din6", "goeng1", "je5", "jung1", "bok3", "taan4", "lam5", "geoi6", "waai6", "dong3", "joeng6",
	"cim3", "hyun1", "haam5", "saai2", "kok3", "oi2", "aat3", "dou2", "hou4", "jyun4", "zeon6", "leoi5",
	"kwong3", "lou4", "jim4", "taam4", "wai2", "waai6", "lung5", "lung5", "jeoi6", "lik6", "leon4", "joeng6",
	"cin4", "hyun1", "ngaam4", "leoi4", "baa3", "waan1", "si6", "jam4", "si6", "zong3", "zong3", "sing1",
	"jat1", "maai6", "hok3", "zyu3", "zong3", "wu4", "wu4", "kwan2", "jat1", "wu4", "sai3", "kwan2",
	"sau6", "mong5", "sau6", "jat1", "zi2", "gu2", "cyu3", "gong3", "fung1", "bei6", "zaai1", "bin3",
	"seoi1", "ceon1", "ling4", "fuk6", "zo3", "haa6", "hyun3", "sit3", "nou4", "haa6", "kwai4", "zik6",
	"ngoi6", "jyun3", "maau5", "suk1", "do1", "do1", "je6", "cing4", "ngoi6", "gau3", "gau3", "hei3",
	"mung6", "mung6", "jan4", "fo2", "cam2", "daai6", "zak1", "tin1", "taai3", "fu1", "gwaai3", "jiu1",
	"joeng1", "haang1", "gou2", "sat1", "tou1", "taai3", "tau4", "jim5", "bei2", "ji4", "kwaa1", "gaap3",
	"dyut6", "ng4", "kwong3", "wan5", "gaap3", "baa1", "ngan1", "lim4", "wun6", "dai1", "jim2", "paau3",
	"gyun6", "kei4", "noi6", "fung6", "fan5", "dim2", "hyun3", "fui1", "zau3", "wun6", "kai3", "hoi1",
	"zaa3", "ban1", "jik6", "zoeng2", "tou3", "zong6", "bun2", "hai4", "kong3", "fei2", "diu1", "seon3",
	"bang1", "din6", "ngou6", "ce1", "wang2", "haa5", "ou3", "mou6", "ou3", "zoeng2", "lim4", "dyut6",
	"wan1", "zoeng2", "sik1", "fan5", "kut3", "bei6", "lyun4", "do2", "neoi5", "nou4", "ding2", "naai5",
	"cin1", "gaan1", "taa1", "gau2", "nyun4", "caa3", "hou2", "sin1", "faan3", "gei2", "zoek3", "jyu4",
	"fei1", "mong5", "hung4", "zong1", "fu5", "maa1", "daam1", "jam4", "fu1", "zing6", "jin4", "hoi6",
	"man6", "zung1", "paa1", "dou3", "gei6", "haang1", "zung3", "jiu1", "kam5", "wan4", "miu6", "fau2",
	"ci1", "jyut3", "zong1", "nau2", "aan3", "naap6", "jan1", "fan4", "bei2", "jyu4", "to5", "fung1",
	"wun6", "fong4", "mou5", "jyu3", "gwai1", "dou3", "bat6", "nei4", "zuk6", "zoek3", "ziu1", "daat3",
	"nei5", "jyun2", "tau2", "jin4", "zat6", "o2", "mui6", "mut6", "cai1", "bat6", "san1", "cip3",
	"aa3", "wo4", "heoi2", "fat6", "zing1", "man4", "bun3", "mou5", "fu1", "ling4", "zi2", "zi2",
	"ci2", "jim5", "saan1", "maan4", "ze2", "gu1", "ci5", "sing3", "wai2", "zi1", "geoi6", "saan1",
	"ping1", "jam6", "jiu4", "dung6", "goeng1", "zyu1", "gat1", "goi1", "hoeng3", "waat6", "gyun1", "gaau2",
	"gau3", "mou5", "gaan1", "gaan1", "ji4", "nin6", "zat6", "can2", "gei1", "him3", "hang4", "gwong1",
	"gwan1", "kwaa1", "aan3", "ming5", "lit6", "bui6", "ap1", "jau6", "jin4", "caa3", "san1", "jan1",
	"ci2", "gwai2", "cyun4", "zi1", "sung1", "wai1", "hung4", "waa1", "lau4", "aa3", "jiu2", "giu1",
	"lyun2", "ping1", "jin6", "saau3", "lei5", "sing4", "hit3", "mong4", "fu1", "so1", "mou5", "mei5",
	"hak1", "cuk1", "cok3", "ting5", "noeng4", "jing4", "naam4", "jyu4", "no5", "pau1", "neoi5", "gyun1",
	"san1", "zi3", "ham4", "tai5", "zong1", "ngo4", "pan4", "teoi3", "haan6", "min5", "ng4", "jin4",
	"mou5", "hei1", "jin4", "jyu4", "ci5", "jyu4", "wo1", "lei6", "haan4", "zyu1", "ceoi2", "zeoi3",
	"hei1", "jin4", "to3", "dung1", "coeng1", "luk6", "ngaai6", "o1", "o2", "lau4", "min4", "cung4",
	"pau3", "guk1", "po4", "coi2", "ling4", "jyun2", "biu2", "haau1", "suk6", "kei2", "fai1", "faan3",
	"wo2", "wo2", "taam4", "fei1", "fei1", "zit3", "tim1", "ngai4", "kyun4", "zing6", "fan1", "ging1",
	"haan1", "din6", "hang6", "wu6", "wun1", "loi4", "pei5", "jan1", "zau1", "coek3", "fu5", "zing6",
	"leon4", "ngon6", "laam4", "gwan1", "jam4", "aa3", "geoi1", "lai6", "din2", "jin4", "waa6", "waak6",
	"jing1", "sim4", "sam2", "ting4", "dong6", "jiu2", "mou6", "naam6", "joek6", "gaa2", "jyu4", "sai3",
	"jyu6", "wai4", "dai3", "jau4", "mei5", "daam1", "jyun5", "can1", "fai1", "ak1", "ceon1", "maau4",
	"fu5", "ze2", "dyun1", "hei1", "zung6", "mui4", "wong4", "min4", "am1", "jing1", "hyun1", "gaai1",
	"wai1", "mei6", "jyun6", "zing1", "cau1", "tai4", "sit3", "to5", "lin6", "mou6", "gam1", "si1",
	"pin1", "wai6", "wo1", "cuk1", "wu4", "ou2", "zit3", "bou2", "seoi1", "jyu4", "gwai1", "co4",
	"jiu4", "pei3", "sik1", "jyun4", "jing6", "jung4", "juk6", "ci1", "lau4", "mei5", "pun4", "ou2",
	"maa1", "gau3", "kwai3", "ceon4", "gaa3", "sou2", "zan1", "jyun4", "ze1", "jung4", "ming4", "jing1",
	"zat6", "sou3", "niu5", "jim4", "tou1", "pong4", "long4", "nou5", "biu3", "oi3", "pei3", "pan4",
	"ai3", "piu4", "jyu3", "leoi4", "syun4", "maan6", "ji1", "zoeng1", "hong1", "sung4", "nik1", "lei4",
	"dik1", "kwai1", "jin1", "gan2", "zyun1", "soeng4", "zaak3", "hon1", "nyun6", "lou6", "mou4", "ze1",
	"wu6", "wu6", "ngou6", "nyun6", "coeng4", "maa4", "pit3", "gu1", "mou5", "ciu4", "to5", "zin2",
	"maau4", "haan4", "haan4", "aat3", "liu4", "lin4", "waak6", "gwai1", "dang1", "zik1", "seoi1", "jat1",
	"waa6", "jap1", "wui6", "jiu2", "hei1", "jin2", "sim4", "giu1", "mei5", "faan3", "faan1", "cim1",
	"ji3", "wai3", "giu3", "faan3", "sik1", "pei3", "sin6", "seoi6", "coeng4", "lim5", "waan4", "jam1",
	"niu5", "dung2", "ji6", "caam2", "oi3", "noeng4", "ning4", "maa1", "tiu5", "cau4", "zeon6", "ci4",
	"jyu4", "pan4", "wing4", "jyu4", "naai5", "jim1", "toi4", "jing1", "cim3", "niu5", "wok6", "jing4",
	"min4", "bei6", "maa1", "sam2", "hing1", "nik1", "duk6", "lau5", "bei6", "laan5", "jin2", "soeng1",
	"ling4", "giu2", "noeng4", "laan5", "cim1", "jing1", "soeng1", "wai3", "kyun4", "mei5", "lei4", "lyun2",
	"jim4", "zuk1", "laan5", "zi2", "kit3", "kyut3", "kyut3", "hung2", "jan6", "zi1", "zi6", "cyun4",
	"syun1", "fu1", "bui6", "zi1", "haau3", "seon3", "maang6", "zi6", "toi1", "baau1", "gwai3", "gu1",
	"nou4", "hok6", "jau3", "zyun2", "haai4", "lyun4", "syun1", "naau1", "me1", "cung4", "haan1", "suk6",
	"saan4", "aa1", "zi1", "ji5", "fu1", "zi1", "lei4", "hok6", "maak3", "jyu6", "laai1", "jit6",
	"jit6", "jing1", "lyun4", "min4", "ning4", "jung2", "taa1", "gwai2", "zaak6", "kung4", "jyu5", "sau2",
	"on1", "dat6", "sung3", "jyun4", "juk6", "jiu2", "wang4", "ji4", "jing2", "zeon1", "mat6", "zyu2",
	"dong6", "wang4", "zung1", "gun1", "zau6", "ding6", "jyun2", "ji4", "bou2", "sat6", "sat6", "cung2",
	"sam2", "haak3", "syun1", "sat1", "jau6", "waan6", "ji4", "tiu2", "si2", "hin3", "gung1", "sing4",
	"kwan4", "gung1", "haau1", "zoi2", "zaa6", "bou2", "hoi6", "jin3", "siu1", "gaa1", "sam2", "san4",
	"jung4", "fong2", "mat6", "kau3", "fun1", "ban1", "suk1", "coi2", "zaam2", "zik6", "jyun1", "gei3",
	"jan4", "mat6", "kau3", "cing1", "hok6", "zing1", "fu3", "ning4", "bing3", "jyun4", "mei6", "cam2",
	"hon4", "jyu6", "sat6", "ning4", "zam3", "ning6", "tin4", "jyu5", "bou2", "fun1", "ning4", "cam2",
	"mok6", "caat3", "geoi6", "gwaa2", "cam2", "fat1", "ng6", "liu4", "sat6", "ning4", "zaai6", "sam2",
	"wai2", "se2", "fun1", "wai6", "liu4", "zeon3", "waan4", "ngai6", "ji4", "bou2", "can1", "cung2",
	"bou2", "fung1", "cyun3", "deoi3", "zi6", "cam4", "dou6", "lyut3", "deoi3", "sau6", "po2", "fung1",
	"zyun1", "fu1", "se6", "hak1", "zoeng1", "zoeng1", "zyun1", "wai3", "zyun1", "cam4", "syu6", "deoi3",
	"dou6", "siu2", "zit3", "siu2", "ji5", "ji5", "ji5", "gaa2", "zim1", "suk6", "can4", "soeng6",
	"soeng6", "mo1", "gaat3", "soeng4", "liu4", "sin2", "sin2", "kwan1", "wong1", "wong1", "jau4", "liu6",
	"liu6", "jiu4", "mong4", "wong1", "wong1", "wong1", "gaai3", "jiu4", "do3", "kwai3", "zung2", "zau6",
	"gaam1", "gwat1", "gaam1", "teoi4", "gaam1", "gaam1", "si1", "wan5", "cek3", "haau1", "nei4", "zeon6",
	"mei5", "niu6", "guk6", "pei3", "cang4", "ai3", "bei1", "geoi1", "gaai3", "tin4", "wat1", "tai3",
	"gaai3", "uk1", "diu2", "si1", "si2", "ping4", "kek6", "sit3", "zan2", "ai3", "nai4", "zin2",
	"sai1", "cyun3", "mei1", "o1", "lau6", "bing2", "tai3", "fei2", "suk6", "sit3", "tou4", "leoi5",
	"leoi5", "saai2", "cang4", "lei5", "geoi3", "sit3", "geoi3", "goek3", "liu4", "goek3", "suk6", "ai3",
	"cit3", "tyun4", "jik6", "saan1", "saan1", "sin1", "lik6", "ngaat6", "wui6", "wui6", "lung4", "ngat6",
	"hei2", "jan6", "ngat6", "hon6", "san1", "zeoi6", "ceot1", "seoi3", "hei2", "jan6", "jyut6", "baan2",
	"jiu2", "ngong4", "ngaa4", "mat6", "zit3", "ngap6", "kap1", "hin1", "fan4", "jyun4", "kei4", "sam4",
	"kim4", "kei4", "caa3", "gaai3", "keoi1", "gong1", "jin6", "ou3", "laam4", "dou2", "baa1", "zok3",
	"zok3", "joeng2", "geoi6", "gong1", "ho2", "gau2", "jyut6", "laap6", "tiu4", "zeoi1", "ngaam4", "fat6",
	"zau6", "gaap3", "ling5", "to4", "pei4", "au3", "doi6", "fong3", "ngok6", "keoi1", "wu6", "paak3",
	"man4", "ngon6", "tiu4", "ling4", "ci4", "ping4", "dung1", "zim1", "kwai1", "bong1", "maau5", "tung4",
	"hok6", "jik6", "bin6", "hap6", "baa1", "lok6", "ngaak6", "fau6", "seon1", "dit6", "leot6", "jan2",
	"ji4", "goi1", "cyun1", "tung4", "ji4", "mou5", "si4", "on1", "ngai4", "wun4", "zi6", "mat6",
	"lei5", "gai3", "tung4", "ngai4", "jau6", "kaa1", "haap6", "lit6", "jiu4", "giu6", "zang1", "lyun4",
	"gaau1", "ngo4", "ngo4", "juk6", "je4", "bou1", "ciu3", "kwan1", "fung1", "fung1", "naau4", "lei5",
	"jau4", "jin6", "wing4", "dou2", "san1", "sing4", "tou4", "gang2", "zeon3", "kuk1", "haap6", "ngan4",
	"jyu5", "long6", "ham3", "lou4", "loi4", "him2", "gok3", "hung1", "sung4", "sung4", "daap6", "lam4",
	"waa4", "geoi1", "loi4", "kei1", "man4", "kwan1", "kwan1", "zyut6", "gu3", "ceoi1", "ngaai4", "ngaai4",
	"gong1", "leon4", "leon4", "ling4", "gwat6", "do1", "zang1", "gwok3", "jam4", "dung3", "haam4", "zang1",
	"wai2", "ngaau4", "pei4", "jim1", "sung1", "zip6", "bang1", "zyut6", "fat1", "dung1", "zaam2", "gu3",
	"jam4", "zi1", "zak1", "wong4", "jyu4", "wai1", "joeng4", "fung1", "cau4", "ngong4", "tai4", "ji5",
	"zi6", "si6", "zai2", "jiu5", "ngok6", "cyu5", "ham1", "leot6", "jin5", "mei5", "haam4", "kai1",
	"kai1", "wun6", "ting4", "sing6", "mei4", "ham3", "mou6", "jyu4", "zung1", "laam4", "hot3", "ngaam4",
	"ngaam4", "wai3", "zung1", "caa4", "seoi3", "wing4", "fo1", "jam1", "jyu4", "kei1", "lau5", "tou4",
	"deoi1", "kai1", "jung2", "cong1", "dong6", "wing4", "git6", "hoi2", "lau4", "wu2", "sung1", "hiu1",
	"zi1", "ngai4", "bang1", "din1", "co1", "him2", "jit6", "co1", "zek3", "zi6", "joek6", "sung2",
	"zung1", "koeng4", "liu4", "hong1", "caan2", "dit6", "cam1", "ding2", "tou1", "lau5", "zoeng3", "zaam2",
	"zaam2", "ngou4", "cou4", "keoi1", "coeng1", "ceoi1", "zeoi2", "dou2", "dou2", "zaap6", "wai3", "pui3",
	"lung4", "zoeng6", "cang4", "bo1", "jam1", "ciu4", "jim1", "lou4", "zaan6", "leon4", "liu4", "liu4",
	"zam1", "dang3", "do6", "zeon1", "giu6", "gwai3", "jiu4", "ciu4", "jiu4", "gwai3", "zim1", "jik6",
	"hok6", "naau4", "jip6", "jip6", "ngai4", "jit6", "him2", "cap1", "haai5", "got3", "kwai1", "dei6",
	"ou3", "zeoi2", "mei4", "ji4", "wing4", "dou2", "ling5", "zit3", "zeoi6", "ngok6", "jan2", "seoi1",
	"zit3", "lai6", "kwai1", "lung4", "lung4", "din1", "wing4", "hei1", "guk1", "caam4", "jing2", "kwai1",
	"ngaam4", "ngai4", "naau4", "kyun4", "ciu2", "cyun4", "lyun4", "din1", "din1", "jit6", "ngaam4", "ngaam4",
	"jin2", "naau4", "jin2", "cyun1", "kui2", "cyun1", "zau1", "fong1", "ging1", "ceon4", "caau4", "caau4",
	"lip6", "gung1", "zo2", "haau2", "geoi6", "gung2", "geoi6", "mou4", "gei1", "gung1", "caa1", "kau4",
	"kau4", "gei2", "ji5", "zi6", "baa1", "zi1", "ciu1", "hong6", "ji4", "gan2", "seon3", "gyun2",
	"baa1", "seon3", "gan1", "fat1", "zaap3", "bai6", "si5", "bou3", "ding1", "seoi3", "faan4", "nip6",
	"si1", "fan1", "paa3", "zi2", "hei1", "wu6", "daam3", "wai4", "zoeng3", "tong2", "doi6", "mat6",
	"pei3", "paak3", "tip3", "fat1", "lim4", "dit6", "zau2", "baak6", "ci3", "dai3", "mak6", "jik6",
	"jit6", "ping4", "hap1", "gyun3", "jyu4", "seoi3", "daai3", "zing3", "seoi3", "ciu3", "zan1", "si1",
	"kwan4", "zik6", "bong1", "daai3", "gwai1", "cau4", "ping4", "zoeng3", "zin2", "wun1", "daai3", "wai4",
	"soeng4", "saap3", "kei4", "zik1", "gwok3", "mou6", "dou2", "hau4", "zing3", "seoi1", "mik6", "wai4",
	"ak1", "fuk1", "ai3", "bong1", "ping4", "jip6", "gung1", "pun4", "fong2", "tou1", "mik6", "gaa3",
	"tang4", "fai1", "zung1", "saam1", "maan6", "mok6", "biu1", "gwok3", "zik1", "mok6", "bong1", "zoeng3",
	"ging2", "cin2", "fuk6", "ci3", "fu1", "faan1", "cong4", "bai6", "bai6", "zoeng2", "mik6", "ciu1",
	"cim1", "fan4", "mung4", "bong1", "cau4", "mit6", "cyu4", "zit3", "hin2", "laan4", "gon1", "ping4",
	"nin4", "hin1", "bing6", "bing6", "hang6", "gon3", "jiu1", "waan6", "jau3", "jau1", "gei2", "gwong2",
	"pei2", "ting1", "zak1", "gwong2", "zong1", "mo1", "hing3", "bei3", "kam4", "cong4", "gwai2", "ngaa5",
	"baai3", "gaai3", "zeoi6", "lou4", "mou5", "zong1", "fu3", "jing3", "dai2", "paau4", "dim3", "aap3",
	"miu6", "gang1", "ci3", "fu2", "tung4", "pong4", "fai3", "coeng4", "ji2", "zat6", "tiu1", "zi6",
	"jau1", "dou6", "zo6", "haau1", "tou4", "gwai2", "fu3", "pong4", "ting4", "jau5", "bou1", "bing6",
	"cing2", "loi4", "bei1", "zik6", "am1", "syu3", "hong1", "jung4", "tok3", "cung4", "syu3", "king2",
	"jyu6", "jyu4", "miu6", "sau1", "ci3", "soeng1", "fai3", "gau3", "ap1", "gwai1", "lau6", "haa6",
	"lim4", "long4", "sau1", "zi6", "bou6", "king2", "gau3", "gau3", "kan4", "ngou4", "gwok3", "lau4",
	"jam3", "liu6", "daai3", "luk6", "ji6", "cyu4", "cin4", "tou4", "si1", "jam1", "miu6", "cong2",
	"mou5", "fai3", "gwong2", "fu3", "kui2", "bik1", "coeng4", "haai6", "lam5", "lam5", "liu4", "lou4",
	"zik1", "jing2", "teng1", "jung1", "lai4", "teng1", "jan5", "ceon4", "jin4", "ting4", "dik6", "baak1",
	"gin3", "wui4", "naai5", "wui4", "gung2", "nim6", "hoi1", "bin6", "ji6", "hei3", "lung6", "fan5",
	"geoi2", "jim2", "jik6", "zong6", "bai6", "jik6", "jat1", "ji6", "saam1", "sik1", "ji6", "si3",
	"si3", "gung1", "diu3", "jan5", "gung1", "fat1", "wang4", "wu1", "dai6", "ci4", "koeng5", "baa3",
	"can2", "dai6", "zoeng1", "gwat6", "tou1", "fu2", "dai2", "nei4", "jin4", "wu4", "ciu1", "nou5",
	"ging3", "can2", "ji4", "mai5", "hyun1", "waan1", "saau1", "joek6", "hyun1", "ging3", "diu1", "zoeng1",
	"koeng6", "koeng4", "paang4", "daan6", "koeng4", "bat6", "bat6", "sip3", "daan6", "gin2", "gau3", "go1",
	"faat3", "bat1", "kau1", "zin2", "bit3", "siu1", "daan6", "kwok3", "goeng1", "wang4", "nei4", "kwok3",
	"waan1", "fok3", "gai3", "gai3", "gwai1", "dong1", "luk6", "luk6", "teon3", "wai6", "zi6", "wai6",
	"wai6", "ji4", "ji4", "ji4", "ji4", "wok6", "wok6", "saam1", "jing4", "man4", "tung4", "jin6",
	"jin6", "juk1", "ci1", "coi2", "biu1", "diu1", "ban1", "paang4", "jung5", "piu1", "zoeng1", "jing2",
	"ci1", "cik1", "zoek3", "to5", "gap1", "pong4", "zung1", "jik6", "wong4", "cit3", "bei2", "ling4",
	"fat1", "wong5", "zing1", "cou4", "wong5", "ging3", "doi6", "sai1", "seon1", "han2", "joeng4", "wui4",
	"leot6", "hau6", "wong5", "cing2", "zik1", "ceoi4", "ging3", "tou4", "cung4", "zi1", "loi4", "cung4",
	"dak1", "pui4", "saai2", "gaan2", "gei6", "soeng4", "zi3", "cung4", "zau1", "loi4", "jyu6", "sip3",
	"ze3", "gin6", "si6", "gaa2", "pin3", "wong4", "fuk6", "ceon4", "wai5", "pong4", "jiu4", "mei4",
	"hai4", "zing1", "piu3", "tai4", "dak1", "zing1", "zi2", "dak1", "cung1", "cit3", "hiu1", "wai3",
	"hiu1", "fai1", "mei4", "lung6", "soeng1", "bou3", "keoi4", "sam1", "syu6", "bit1", "jik1", "lak6",
	"jan4", "dou1", "ding6", "goi2", "gei6", "jan2", "jan4", "caam3", "taan2", "tik1", "tik1", "gon1",
	"sai6", "cyun2", "zi3", "mong4", "mong4", "hei1", "faan4", "jing3", "tim2", "man4", "man4", "zung1",
	"cung1", "ng6", "gap1", "ng5", "hei3", "git3", "jau1", "wun6", "cung1", "zung1", "faai3", "jyu6",
	"bin6", "zi3", "kei4", "seoi6", "sam4", "taai3", "tyun4", "kim4", "nim6", "wan4", "hung1", "nau2",
	"kong4", "him1", "jan1", "kong2", "fat1", "koi3", "fan5", "waai4", "taai3", "sung2", "mou5", "au3",
	"coeng3", "cong3", "geoi6", "jai6", "baau2", "ciu1", "man4", "pei1", "zok6", "zam2", "joeng2", "kau3",
	"bun6", "nou6", "naau4", "zing1", "paa3", "bou3", "tip3", "gu3", "wu6", "zeoi6", "daat3", "lin4",
	"si1", "dai3", "toi5", "ji4", "dat6", "jau4", "fu1", "gap1", "ping1", "sing3", "jyun3", "nei4",
	"gwaai3", "fat6", "hei3", "bit1", "jau1", "hip3", "jyun6", "cung1", "bing2", "fong2", "wat1", "zeot1",
	"bei3", "sik1", "sik1", "taa1", "wing5", "zung2", "deoi6", "mei6", "sik1", "jik6", "ci2", "jam6",
	"seon1", "ci5", "hat1", "lou5", "hang4", "hong1", "mau4", "zi2", "hip3", "lyun2", "tiu1", "fong2",
	"dit6", "hou2", "hung2", "gwai2", "hang4", "sai1", "haau6", "syu3", "si1", "fu1", "jau1", "joeng6",
	"wai6", "wui4", "cik1", "gaat3", "ji4", "hung1", "gwaai3", "leon6", "fui1", "zi3", "seot1", "ci2",
	"soeng3", "nuk6", "han6", "jan1", "kok3", "dung6", "tim4", "gung1", "cyun4", "sik1", "hap1", "jyut6",
	"paang1", "han2", "dak1", "wai6", "ok3", "jau1", "dung6", "jim1", "hoi2", "cak1", "nou5", "wan6",
	"mong4", "jung2", "jung5", "gyun3", "pei1", "kwan2", "ciu2", "jyut6", "jyu6", "tou4", "gaai3", "sik1",
	"zit3", "leon6", "dai6", "hon6", "hou6", "hip3", "tik1", "bou3", "jap1", "jin5", "fui3", "hei1",
	"bui6", "mun5", "ji1", "hang1", "sung2", "syun1", "cing2", "fui1", "ng6", "ng6", "jau4", "lei4",
	"loeng6", "waan6", "cung1", "ji3", "jyut6", "lei4", "nei5", "nou5", "ok3", "kok3", "jyun4", "haan1",
	"ng6", "man5", "cung4", "fei2", "bei1", "dak1", "seoi6", "coeng3", "mun6", "lai6", "gwai3", "gun3",
	"gun3", "hang6", "dou6", "cai1", "hung1", "tim2", "leon4", "sik1", "ham2", "gwan2", "nik6", "cing4",
	"cau4", "deon1", "gwo2", "zim1", "ging1", "wun2", "jyun1", "gam1", "gei6", "lam4", "wik6", "waak6",
	"wo4", "kyun4", "taam4", "tik1", "tik1", "nam2", "mong5", "zyut3", "fat1", "fan1", "sik1", "cong2",
	"jan1", "wai4", "wai6", "ok3", "so2", "zung2", "gin1", "jung2", "dim3", "geoi6", "caam2", "cing4",
	"dak1", "bei6", "hip3", "caam4", "daan6", "gwaan3", "do6", "nou5", "wan6", "soeng2", "zeoi3", "dip6",
	"wong4", "ceon2", "king4", "je5", "sing1", "cak1", "bin2", "fan1", "zung1", "tai4", "ciu2", "sau4",
	"bui6", "syun1", "wui1", "gaak3", "hin1", "wai5", "jyu6", "jyu4", "bik1", "hyun1", "wun6", "man5",
	"bik1", "ji3", "min5", "jung5", "koi3", "dong6", "jam1", "ngok6", "sam4", "mau6", "kok3", "kok3",
	"jyu4", "oi3", "hip3", "jin2", "no6", "gam2", "wan3", "zung2", "soi1", "ling6", "fan5", "jing1",
	"kui2", "kwai5", "kok3", "gung1", "wan4", "sou3", "saak3", "kei4", "jiu4", "sung2", "fong2", "zat6",
	"gwat1", "geoi6", "cong3", "nik6", "hip3", "hoi2", "zing2", "jung5", "cou2", "seon3", "san6", "bok3",
	"koi3", "jyun6", "hai6", "wan6", "jung2", "ong2", "leot6", "cou2", "tou1", "jan1", "ci4", "cuk1",
	"him3", "taai3", "fong1", "wan3", "san6", "ming5", "gung1", "sip3", "cung4", "piu5", "mou6", "mou6",
	"gwok3", "cik1", "caam2", "caam4", "caam4", "ceoi4", "man5", "tik1", "zoeng1", "dung6", "ngou6", "song2",
	"maan6", "gwaan3", "kok3", "zou6", "gau3", "wai6", "koi3", "lin4", "au3", "sung2", "kan4", "jan6",
	"leoi6", "soeng1", "wai3", "tyun4", "mun4", "haan1", "sip3", "jung4", "hing3", "kong2", "dai3", "zap1",
	"lau4", "gyun3", "cik1", "cik1", "juk6", "pang4", "liu4", "zung2", "jau1", "cung1", "zi3", "dung6",
	"caang1", "hei3", "keoi1", "paang4", "bei6", "bit3", "king4", "giu1", "zang1", "cai3", "lin4", "pang4",
	"kui2", "wai6", "ciu4", "cing4", "jan6", "jan6", "hei2", "hei2", "daan6", "taam4", "do6", "deoi6",
	"deoi6", "suk1", "kyut3", "caak3", "hiu1", "faan1", "fan5", "lou4", "lou6", "cung1", "ham1", "hei3",
	"haan4", "man5", "ging2", "liu5", "mou5", "caam2", "kyut3", "cuk1", "hin3", "taam2", "sing4", "pik1",
	"jik1", "co2", "cim1", "nou4", "daam6", "taan2", "ging2", "sung1", "ham6", "giu1", "wai3", "hyun1",
	"dung2", "kan4", "kan4", "keoi4", "cou2", "han2", "haai6", "jing3", "ou3", "mau6", "jik6", "lam5",
	"sik1", "zeon3", "waai4", "mun6", "laan5", "oi3", "lam5", "jim1", "kut3", "haa3", "cit3", "jyu5",
	"jan3", "daai1", "mung1", "ngoi6", "mung4", "deoi6", "cai4", "mo5", "laam4", "mun6", "cau4", "zi3",
	"no6", "no6", "jim1", "joeng5", "bok6", "zi3", "kwong3", "kong3", "jau1", "fu1", "lau4", "mit6",
	"cing4", "wai6", "caam3", "mung2", "laan5", "waai4", "jyun4", "joeng6", "caam3", "gei3", "geoi6", "fun1",
	"sip3", "ji3", "lyun2", "naan5", "mei4", "tong2", "fok3", "ngong6", "zong3", "zong3", "gwo1", "jyut6",
	"mou6", "zin1", "seot1", "syu3", "jung4", "hei3", "sing4", "ngo5", "gaai3", "gap3", "zin1", "coeng4",
	"waak6", "coeng1", "zin3", "dung6", "cik1", "gaat3", "dit6", "gaat3", "gik1", "zik1", "ham1", "cap1",
	"kwai4", "koi3", "dang2", "zin3", "coeng1", "go1", "zin2", "zit6", "juk1", "zin2", "jan5", "luk6",
	"hei3", "zin3", "hei3", "hei3", "coek3", "daai3", "keoi4", "wu6", "wu6", "wu6", "ak1", "si6",
	"dai6", "maau5", "fu3", "leoi6", "fong4", "so2", "bin2", "dim3", "gwing1", "soeng2", "ji4", "ji2",
	"sin3", "wu6", "fei1", "jim5", "sau2", "sau2", "coi4", "zaat3", "kau4", "lak6", "pok3", "paa4",
	"daa2", "wing1", "faan2", "jap6", "zoi6", "tok3", "zoeng6", "tiu2", "gong1", "jyu1", "fu1", "hon6",
	"san1", "caa1", "ci2", "gwat1", "kau3", "ngaat6", "dan3", "cin1", "zap1", "jan6", "kwong3", "mun4",
	"sou3", "joeng4", "nau2", "baan6", "ce2", "jiu2", "kap1", "ngam4", "paan1", "git3", "jyu1", "fu4",
	"ou3", "sik1", "pai1", "zi2", "ham2", "ak1", "dan3", "zaau2", "sing4", "gei6", "jin5", "kwong4",
	"bin6", "caau1", "keoi1", "man5", "wat6", "jyut6", "kyut3", "baa2", "cam3", "dam2", "sing1", "wan5",
	"neot6", "jik1", "syu1", "zaau2", "pau4", "tau4", "dau2", "kong3", "zit3", "pau4", "fu2", "paau1",
	"bat6", "aau2", "zaak6", "tyun4", "kau1", "leon4", "coeng2", "gwan1", "wu6", "bou3", "bing2", "zi2",
	"ping1", "naam4", "bo3", "pei1", "toi4", "jiu5", "zan2", "zaa1", "joeng2", "pou5", "ho1", "nei5",
	"jit6", "dai2", "cik1", "pei1", "hip3", "mut3", "mui6", "can2", "aat3", "cau1", "man5", "zuk1",
	"ke2", "fat1", "zaa3", "zyu2", "daam1", "caak3", "mou5", "nim1", "laai1", "fu2", "paau1", "bun6",
	"paak3", "ling1", "naa4", "gwaai2", "kim4", "keoi5", "tok3", "bat6", "to1", "to1", "aau2", "keoi1",
	"zyut3", "pun3", "ziu1", "baai3", "baai3", "dai2", "ji5", "geoi3", "kwok3", "lung5", "gaan2", "kaa1",
	"jung2", "laan4", "ning6", "but6", "zaak6", "cin1", "hang4", "kut3", "sik1", "git3", "cing2", "nam5",
	"gung2", "gung2", "kyun4", "saan1", "cyun4", "zaat3", "haau2", "ji4", "hip3", "caak3", "fui1", "ping1",
	"jai6", "sap6", "naa4", "baak3", "ci4", "gwaa3", "zat6", "kwok3", "do2", "do2", "zi2", "kit3",
	"on3", "lung6", "zan3", "gaak3", "haau6", "kwaa3", "dung6", "tiu1", "lit6", "zaa1", "leoi5", "dip3",
	"waat3", "kyut3", "lyut3", "geoi2", "zi3", "lyun4", "aa3", "zaa1", "taat3", "hip3", "naau5", "dong2",
	"giu2", "zang1", "zai1", "fai1", "cam4", "jyu5", "aai1", "tyut3", "no4", "co3", "but6", "gaang3",
	"tai2", "zan3", "caang4", "so1", "so1", "hang1", "mui5", "lung6", "guk6", "pong3", "gin2", "jap1",
	"ting5", "saan1", "no4", "waan5", "hip3", "caap3", "fung4", "gaau2", "wu2", "kwan2", "kau4", "tung2",
	"kwan2", "waak6", "tou4", "zuk1", "pau4", "lyut3", "baat3", "hon6", "saau1", "nip6", "gyun1", "zik6",
	"cuk1", "je4", "gok3", "bou6", "gwaat3", "bou6", "zyun3", "jai6", "zaai1", "leoi5", "sau1", "tyut3",
	"laau4", "syun2", "bang1", "gim2", "wun6", "dou2", "mei5", "wun2", "kam4", "pung2", "se2", "lit6",
	"man4", "mun4", "fu2", "baai2", "geoi3", "dou3", "wo2", "ngaai4", "gyun2", "ngok6", "zung2", "tin2",
	"ceoi4", "zit6", "teot1", "ban3", "naat6", "nip6", "no4", "zeot1", "wut6", "cai1", "hin1", "caang4",
	"dim1", "sou3", "leon4", "cing3", "gong1", "zyut3", "sau6", "diu6", "pau2", "dai2", "zoeng2", "wan6",
	"gei2", "tou4", "haap3", "kei4", "paai4", "suk1", "haan1", "ling4", "jik6", "aa3", "gwat6", "zang1",
	"loeng5", "gwaa3", "ngai5", "waak6", "sim3", "deng3", "loek6", "coi2", "taam3", "zai3", "bing1", "zip3",
	"tik1", "hung3", "teoi1", "jim2", "cou3", "zau1", "guk1", "tim5", "kin4", "kang3", "maak3", "paa4",
	"kit3", "lou5", "gwaak3", "ming6", "zit6", "zaak6", "daan6", "mang1", "caam1", "sou1", "gwaan3", "pung3",
	"jyun6", "nok6", "gaan2", "zing1", "zau1", "zin2", "jyu4", "jin4", "kwai4", "naam4", "fang4", "jau4",
	"bik1", "wui1", "sak1", "zau3", "syun1", "miu4", "tai4", "nip6", "caap3", "ci3", "zung2", "zam3",
	"jap1", "tan4", "wing4", "bin1", "joeng4", "wun6", "jim2", "zaan2", "am2", "seoi1", "aat3", "ak1",
	"kak1", "ceoi2", "zat1", "dai3", "laa2", "laat6", "caang4", "haai1", "zau1", "zau1", "dat6", "kit3",
	"fai1", "gang1", "cung3", "siu1", "sit3", "sit3", "wun4", "kin4", "je4", "caap3", "zaa1", "bui3",
	"jiu4", "wai1", "dam2", "laam5", "wan2", "gam6", "caam1", "gok3", "lau1", "zung2", "gang1", "gaau2",
	"kau3", "kam2", "jung4", "kok3", "cau1", "caai1", "zin2", "syun2", "syun1", "bok3", "cuk1", "jung4",
	"pong3", "co1", "sou1", "hap6", "jiu4", "dou2", "zi1", "nuk6", "lap6", "gim1", "sau1", "hau2",
	"gaau2", "hin2", "sok3", "song2", "zeon3", "mit1", "ak1", "ceoi4", "nik1", "sin3", "taap3", "git6",
	"tong4", "pun4", "bun1", "daap3", "leot6", "tou1", "wat6", "zi6", "waa2", "waak6", "hin1", "wan2",
	"coeng2", "tin4", "zeon1", "ngak1", "kwai4", "kyun4", "caa4", "zaa3", "gaap3", "wu2", "on3", "sip3",
	"sip3", "syu1", "baai2", "jiu4", "ban3", "sau1", "taan1", "saat3", "caan2", "suk1", "gau1", "zung1",
	"cung1", "gwaak3", "bing3", "fung4", "seot1", "dai3", "cai3", "cuk1", "zaak6", "lin5", "tong3", "ci1",
	"gwaan3", "luk6", "lo6", "lau1", "zung2", "goi3", "wu6", "zaa1", "coeng2", "tong3", "waa6", "ceoi1",
	"naai4", "mo1", "zoeng1", "kwai1", "jing2", "zek3", "ngou4", "zi3", "jit6", "maan1", "saam3", "kau1",
	"syu1", "saak3", "tyun4", "ziu6", "mo2", "mou4", "zip3", "caam1", "hang1", "biu1", "koeng5", "jiu4",
	"gau3", "hin1", "liu1", "gik1", "jing1", "kyut3", "pit3", "pit3", "laau4", "dan3", "haan6", "gwai6",
	"zaan2", "ji3", "cam4", "caang1", "caang1", "saat3", "naau5", "wang6", "si1", "hon6", "gwong3", "daap3",
	"zyun2", "nan2", "leon5", "cing2", "fai1", "zong6", "giu2", "gik1", "cou1", "taam3", "daan2", "cit3",
	"but6", "ce2", "zyut6", "siu1", "liu4", "ban6", "fu2", "giu6", "bo3", "cyut3", "zoek3", "zaan6",
	"wai5", "pok3", "gam6", "deon1", "lin5", "waa1", "kit3", "lou5", "gaau2", "cyun3", "taat3", "ham6",
	"gik1", "zaa1", "gim2", "gon2", "jung2", "leoi4", "nong5", "lou5", "sin6", "zoek3", "zaak6", "pok3",
	"cok3", "gik1", "dong2", "saak3", "cou1", "king4", "king4", "gwaan3", "zip3", "kam4", "kwaai5", "daam1",
	"kwai4", "kaa1", "pik1", "maak3", "ngou1", "geoi3", "jip6", "ngaat6", "mang1", "sau2", "mei4", "zai1",
	"toi4", "zok6", "dou2", "sang3", "laam5", "caat3", "geoi2", "je4", "jyu5", "jip3", "jip3", "ji5",
	"wok6", "zit6", "ban3", "ning6", "gok3", "zaak6", "zit1", "kwok3", "mo1", "zin3", "kit3", "laap3",
	"taan1", "baai2", "sau2", "lou5", "lik6", "jiu2", "tik1", "paan1", "joeng5", "leoi4", "caat3", "syu1",
	"cyun4", "lin5", "hin2", "kwan2", "fok3", "lik6", "laai6", "waan6", "jing4", "lou4", "lung5", "hin1",
	"hin1", "cyun4", "hin1", "laan4", "cim1", "jing1", "mei4", "joeng4", "caam1", "jing4", "cyun3", "kwai4",
	"sip3", "lyut3", "kwan2", "mei4", "ci1", "cyun4", "lyun4", "taan1", "zaan6", "lai6", "din1", "waa2",
	"dong2", "gaau2", "fok3", "laam5", "lai5", "nong5", "zi1", "gui6", "gwai2", "kei1", "cam4", "pok3",
	"pok3", "sau1", "haau2", "jau4", "goi2", "ji5", "gung1", "gon1", "baan1", "fong3", "zing3", "baak3",
	"dim1", "kau3", "man5", "mou6", "gu3", "hap6", "caak3", "haau6", "mei5", "cuk1", "gok3", "dik6",
	"zeoi6", "gaau3", "man5", "san4", "gau3", "san1", "dyut6", "jyu5", "cik1", "ngou4", "baai6", "zeoi6",
	"gaau3", "dyut6", "lim5", "nip6", "bai6", "cong2", "din2", "zyut3", "ji6", "gam2", "saan3", "fo2",
	"jim6", "deon1", "gei1", "tau2", "haau6", "zyut3", "giu3", "ging3", "joeng4", "hap1", "man5", "sou3",
	"ngoi4", "haau1", "ngoi4", "zing2", "dik6", "can4", "fu1", "sou3", "liu4", "keoi1", "hing3", "ji2",
	"giu2", "sin6", "giu2", "zoek3", "jik6", "lim5", "bai6", "lei4", "haau6", "haau6", "man4", "hok6",
	"cai4", "cai4", "zaai1", "ban1", "gok3", "zaai1", "loeng4", "fei2", "baan1", "baan1", "laan4", "jyu4",
	"laan4", "mei5", "dau3", "sing1", "liu6", "gaa2", "huk6", "ce4", "gaa2", "jyu4", "zam1", "gaau3",
	"waat3", "tau3", "dau3", "gan1", "cik1", "ngan4", "fu2", "coeng1", "zaam2", "keoi4", "zoek3", "zaam2",
	"dyun6", "zoek3", "si1", "san1", "zoek3", "doek3", "kan4", "leon4", "zoek3", "cuk1", "dyun6", "zuk1",
	"fong1", "cin2", "hong4", "jyu1", "si1", "pui3", "jau4", "ji5", "pong4", "kei4", "zin1", "mou4",
	"leoi5", "pui3", "pei1", "lau4", "fu1", "fong2", "syun4", "zing1", "zing1", "nei5", "zuk6", "siu6",
	"ji2", "lau4", "saau1", "gin3", "jyu1", "ji2", "kei4", "ci3", "faan1", "piu1", "faan1", "zin1",
	"kui2", "seoi6", "jyu4", "mou4", "gei3", "gei3", "gei3", "wo6", "jat6", "daan3", "gau6", "zi2",
	"zou2", "hip3", "tiu1", "ceon4", "juk1", "go1", "lo1", "gon3", "hon5", "toi4", "dik1", "heoi1",
	"caam2", "si4", "kwong3", "joeng4", "si4", "wong6", "man4", "man4", "tan1", "ceon1", "ng5", "wan4",
	"bui3", "ngong4", "zak1", "baan2", "gip6", "kwan1", "sing1", "wu6", "fong2", "hou6", "gwai3", "coeng1",
	"hyun1", "ming4", "fan1", "fan1", "jam2", "fat1", "ji6", "sik1", "jan1", "jyun4", "zak1", "fong2",
	"taam4", "san6", "geoi6", "joeng4", "zaan2", "bing2", "sing1", "jing2", "jyun6", "pui3", "can2", "ling4",
	"ceon1", "hou6", "mui6", "zok6", "mut6", "bin6", "heoi2", "fan1", "ciu1", "zung6", "si6", "haa6",
	"juk1", "fai3", "dit6", "maau5", "nik1", "cong2", "wan1", "dung1", "oi2", "bing2", "ngong4", "zau3",
	"lung4", "hin2", "kwong3", "tiu2", "ciu4", "si4", "fong2", "fong2", "hyun1", "kwai1", "heoi1", "gaau2",
	"zeon3", "zat1", "zeon3", "hoeng2", "tung4", "hung2", "aan3", "goi1", "hoeng2", "saai3", "hiu2", "jip6",
	"wan4", "fai1", "ham4", "waan5", "zeon3", "maan5", "jin5", "kwan1", "zau3", "hei1", "sing4", "cou4",
	"bou1", "zit3", "zit3", "ng6", "wun5", "fui3", "hou6", "san4", "maan5", "long4", "zoek3", "zeoi3",
	"zau2", "pou2", "ging2", "sik1", "sim2", "ngai5", "sik1", "cing4", "kai2", "zing1", "gwai2", "zing2",
	"sik1", "zi3", "am2", "jyun2", "lam4", "long6", "coeng1", "wong2", "hiu2", "zaam6", "fei1", "hyun1",
	"hyun1", "ji4", "haa6", "wan4", "fai1", "seoi2", "man5", "kwai4", "hot3", "jing2", "syu6", "wai5",
	"syu2", "cing4", "mau6", "naam4", "gaan2", "nyun5", "am3", "joeng4", "ceon1", "jiu4", "so2", "pou2",
	"ming4", "giu2", "hoi2", "gou2", "jung2", "coeng3", "hei3", "hou6", "aan3", "lik6", "oi3", "kei3",
	"zai3", "mun5", "zaam6", "sit3", "hou6", "mou6", "mok6", "cung1", "nik1", "zoeng1", "wai3", "bou6",
	"hon3", "syun4", "cyun4", "liu4", "cim3", "taan2", "ging2", "pit3", "leon4", "tan1", "hei2", "ai3",
	"kei3", "wong6", "doi6", "jip6", "jip6", "lik6", "taam4", "tung4", "hiu2", "fai3", "sam2", "ziu3",
	"hou6", "jik6", "hoeng2", "sing1", "sam1", "giu2", "bou6", "ging6", "jim6", "oi3", "jip6", "jyu4",
	"cyu5", "mung4", "fan1", "jiu6", "buk6", "lai6", "san4", "kwong3", "dip6", "liu4", "jin3", "fok3",
	"lou4", "hei1", "jung4", "lung4", "nong5", "lo2", "lyun4", "saai3", "tong2", "jim5", "zuk1", "joek6",
	"gaat6", "kuk1", "jai6", "gang1", "jai6", "fat1", "hot3", "syu1", "cou4", "cou4", "cyun2", "maan6",
	"zang1", "zang1", "tai3", "zeoi3", "caam2", "juk1", "wui6", "jan5", "kit3", "fan1", "pei4", "jyut6",
	"jau5", "pang4", "fan4", "fuk6", "ling4", "fei2", "keoi4", "sai3", "nuk6", "tiu3", "sok3", "zam6",
	"long5", "long5", "ming4", "fong1", "mong6", "tan1", "ciu4", "gei1", "kei4", "jing1", "zung1", "mong6",
	"tung4", "long5", "lou4", "mung4", "lung4", "muk6", "muk6", "mei6", "mut6", "bun2", "zaat3", "seot6",
	"seot6", "zaat3", "zyu1", "jan4", "baat3", "pok3", "do2", "do2", "dou1", "lak6", "kau4", "gei1",
	"gau1", "pei4", "nau2", "caang4", "ci3", "saat3", "jan4", "zaap6", "kyun4", "cin1", "jyu1", "gon1",
	"wu1", "caa1", "caam3", "ceon4", "faan4", "ngat6", "zi2", "lei5", "hang6", "coi4", "cyun1", "jan6",
	"biu1", "tok3", "dai6", "zoeng6", "mong4", "ci3", "jik6", "koi3", "gung1", "dou6", "ji4", "gei2",
	"cuk1", "gong1", "tiu4", "gong3", "min4", "maan6", "loi4", "gau2", "mong1", "joeng4", "maa5", "miu5",
	"ci3", "jyun4", "hong4", "fai3", "bui1", "git6", "dung1", "gou2", "miu5", "him1", "cyu5", "ceon1",
	"paa4", "syu4", "faa3", "sam1", "cau2", "cyu5", "cau2", "cung4", "baan2", "cung4", "gik6", "wut6",
	"zeon3", "kau3", "gai1", "mou4", "pei4", "bei3", "wong2", "ngong6", "fong1", "fan4", "jai6", "fu4",
	"naam4", "sik1", "wu6", "aa1", "dau2", "cam4", "zam2", "jiu1", "lam4", "jeoi6", "ngo4", "mui4",
	"zaau3", "gwo2", "zi1", "cung1", "taan4", "zyut6", "sing1", "syu1", "zou2", "dai6", "lik1", "lou4",
	"gaan2", "caang4", "cung4", "coeng1", "fung1", "zin1", "hiu1", "cim1", "fu1", "ping4", "toi2", "saai2",
	"zi2", "gwaai2", "hiu1", "gaa3", "gaa1", "gau2", "baau1", "mut6", "jai6", "jip6", "jip6", "si6",
	"jit6", "bei2", "to4", "ji4", "ling4", "beng3", "nei5", "laap6", "wo4", "bun6", "faan4", "dung1",
	"doi6", "ci4", "joeng1", "fu1", "paak3", "mau5", "gam1", "cat1", "jim5", "jau4", "mau6", "siu4",
	"cung4", "ze3", "haap6", "jau2", "san1", "gwai6", "tok3", "zok6", "naam4", "ning4", "wing5", "dai2",
	"dit6", "zaa1", "caa4", "daan6", "gu1", "bou3", "gau6", "au1", "fat1", "gaan2", "baat3", "deot1",
	"o1", "noi6", "cyu5", "bei3", "lau5", "caai4", "caak3", "si3", "zuk1", "pui1", "ci2", "gwaai2",
	"caa4", "jiu2", "cing1", "gau6", "ci2", "zi1", "lau5", "mui4", "lai6", "wing4", "caak3", "zou2",
	"biu1", "zaan6", "zit3", "lung4", "dung6", "lou4", "sang1", "lik1", "laan4", "wing5", "syu6", "ceon4",
	"saan1", "kai3", "san4", "cai1", "leot6", "ji4", "hong4", "zam6", "lai6", "saak3", "kut3", "hon1",
	"bing1", "jam6", "haau6", "paak3", "jam6", "bing6", "zi1", "cau4", "jai6", "ci3", "heoi2", "zyu1",
	"zin3", "zeoi3", "ji4", "ji5", "jau5", "fat6", "gung2", "haau2", "lou5", "zin1", "lai6", "jan1",
	"joeng6", "hat6", "gan1", "ngai6", "sik1", "gaak3", "zoi1", "lyun4", "fuk6", "git6", "haang4", "gwai3",
	"tou4", "gwong3", "wai4", "kwaang1", "jyu4", "on3", "on1", "gyun3", "ji4", "coek3", "fu1", "zat6",
	"kung4", "tung4", "song1", "song1", "wun4", "gat1", "kau5", "hyut3", "do3", "ceoi4", "jyu4", "zaat3",
	"lung6", "jing1", "git6", "lau5", "zaan6", "aa1", "naau4", "zing1", "dong2", "kei1", "kiu4", "waa4",
	"kui2", "zoeng2", "zong1", "cam4", "so1", "saa1", "san4", "bui1", "ting1", "kut3", "ging3", "but6",
	"ban6", "fu1", "jeoi4", "tung2", "gok3", "hei1", "long4", "lau5", "fung1", "cat1", "wan2", "gwan1",
	"gon2", "saak3", "loeng4", "kau4", "ting5", "jau5", "mui4", "bong1", "lung6", "paang1", "zong1", "dai3",
	"hyun1", "tou4", "zou6", "au1", "guk1", "bai6", "dik6", "ham4", "zi2", "zi1", "jan6", "bui3",
	"gang2", "gaan2", "waan6", "maan5", "naa4", "gaap3", "tiu4", "gei6", "hiu1", "leoi5", "fun2", "saau1",
	"sam4", "fan4", "cung4", "mung6", "ng4", "lei4", "lei4", "dau6", "cam2", "jing5", "so1", "guk6",
	"tai1", "haai6", "kwan2", "zyut3", "so1", "cin1", "faan6", "mei5", "zing6", "lei4", "ban1", "haa6",
	"fat6", "tou4", "zi3", "loi4", "lin4", "gim2", "zyut3", "ling4", "lei4", "hei3", "bing3", "leon4",
	"sung2", "sin3", "min4", "kei4", "kei4", "coi3", "gwan3", "sim4", "dak6", "fei2", "paai4", "paang5",
	"paang5", "fan1", "zung1", "caang4", "zou2", "gik1", "lai6", "paang4", "juk6", "jyu3", "gu3", "gwan6",
	"dung6", "tong4", "gong1", "mong5", "dai6", "co3", "faan4", "caang1", "zaan6", "kai2", "jyun1", "jim5",
	"wik6", "hyun1", "jik6", "sam1", "nim1", "ceoi4", "ling4", "cai1", "zyut3", "fuk6", "po1", "loi4",
	"zau1", "zau1", "zaau6", "gun1", "fan1", "fan4", "cam1", "king4", "ngai4", "wun2", "gwok3", "luk6",
	"hou4", "zip3", "ji2", "cau4", "geoi2", "guk1", "sing4", "zyut6", "loeng4", "hong1", "zik6", "ceoi4",
	"aa1", "geoi1", "pei4", "ziu1", "doek3", "zi1", "ban1", "paang4", "ding3", "co2", "coeng1", "haan4",
	"waa4", "gim2", "kwai1", "sap1", "duk6", "cim3", "dou3", "gui3", "din2", "lo4", "zi1", "hyun1",
	"ming6", "fu2", "gang1", "pung3", "sin6", "ji4", "to5", "sam1", "do2", "je4", "fuk6", "wai5",
	"wui1", "dyun6", "gaa2", "zung1", "gaam1", "ji4", "zam1", "hat6", "jin3", "jin5", "cyun4", "zin1",
	"ceon1", "jyu5", "haak6", "zaa1", "ak1", "pin4", "bik1", "jiu1", "gwo2", "seoi1", "joek6", "joeng4",
	"lip6", "ngaan4", "bun2", "wan4", "fui1", "gaai3", "kwai5", "si1", "fung1", "sit3", "to5", "zit3",
	"gin6", "mou6", "mau6", "co2", "fu2", "wu4", "lin6", "ling4", "ting4", "naam4", "jyu4", "jau4",
	"mei4", "sung2", "jyun4", "hyun3", "joeng1", "zing1", "pin4", "dip6", "zip3", "git6", "jip6", "cyu5",
	"seon5", "jyu4", "cau3", "wai1", "mui4", "tai3", "gik6", "zit3", "kaai2", "cau1", "jing4", "jau2",
	"hang4", "lau4", "lok6", "cyun4", "hoeng1", "ban2", "sat1", "koi3", "tam4", "laam5", "wat1", "jyu4",
	"can3", "leoi4", "geoi2", "san4", "song1", "fei1", "sit3", "gaa2", "jik6", "zin2", "fu4", "nik1",
	"mat6", "long4", "jung4", "guk1", "zin3", "geoi2", "daap6", "jiu5", "zeon1", "bong2", "saat3", "jyun4",
	"zi2", "ming4", "sou3", "gaa3", "jiu4", "git6", "fong2", "gon3", "fei2", "zaa3", "kin4", "maa5",
	"seon2", "jyun4", "ze6", "wing4", "si4", "zi1", "ceoi1", "wat1", "ting4", "lau4", "jung4", "tong4",
	"kok3", "zaai1", "si1", "sing3", "taap3", "hap6", "hai4", "gwat1", "kei1", "gou2", "gou2", "syun1",
	"pun4", "tou1", "gaak3", "ceon1", "din1", "nau6", "zat6", "sok3", "kau3", "ceoi4", "coeng1", "caa4",
	"haam2", "waai4", "mui4", "cuk1", "lung5", "gou1", "coek3", "tok3", "kiu4", "joeng4", "din1", "gaa2",
	"laam6", "zeoi3", "dou2", "lung4", "ban1", "zyu1", "song1", "zaap6", "gei1", "lin4", "wai6", "jung4",
	"cim3", "gwok3", "koi3", "koi3", "tyun4", "waa6", "cik1", "sam1", "ceoi4", "bung6", "jau5", "huk6",
	"zoeng2", "wu6", "waan6", "gui3", "jit6", "ngai6", "gou1", "hong1", "kwai1", "kwai1", "cou4", "maan6",
	"gan2", "dik1", "zong1", "lok6", "long5", "can4", "cung1", "lei4", "sau1", "king4", "song2", "faan4",
	"tung1", "gun3", "zik1", "suk1", "leoi4", "lou5", "loeng4", "mat6", "lau4", "caau4", "cuk1", "po1",
	"syu1", "tong4", "biu1", "luk6", "gau1", "ze3", "zaa1", "syu1", "zoeng1", "mun4", "mou4", "niu5",
	"joeng6", "tiu4", "pung4", "cyu5", "saat3", "sai1", "kyun4", "waang4", "gin1", "sung2", "kei4", "jim5",
	"coeng4", "syut3", "jing1", "ji6", "cam4", "zik1", "ciu4", "zeoi1", "cung4", "pok3", "syu6", "waa4",
	"gwai6", "zeon1", "zeon1", "jyut6", "sin6", "hei1", "ceon1", "din6", "fat6", "gam2", "mou4", "mou4",
	"hiu1", "naau4", "leon6", "lau4", "kiu4", "haan5", "jeon6", "faan2", "zin2", "tok3", "lou5", "wan4",
	"seon3", "deon1", "caang1", "tong4", "mang4", "gwat1", "caang2", "suk1", "kyut3", "kyut3", "taam4", "wai6",
	"gei1", "no5", "zoeng6", "to5", "ning5", "jeoi5", "zyu1", "tung4", "zang1", "fan4", "king4", "jim5",
	"waang4", "cim4", "gu1", "lau5", "lou6", "gou1", "ceoi4", "hei2", "sing3", "zi2", "saan3", "gik1",
	"dau1", "zing1", "lou5", "gaan3", "cau2", "jyun4", "taat3", "syu1", "goeng1", "taan4", "lam5", "nung4",
	"jan2", "hat6", "seoi6", "caam3", "zeoi3", "syun4", "cing1", "gon1", "guk6", "seoi4", "jik1", "kam4",
	"pok3", "jim4", "leoi4", "fung1", "wai2", "dong3", "hai6", "seoi6", "paak3", "ping4", "caang4", "co2",
	"zaa1", "kui2", "zip3", "gaai2", "gaa2", "king4", "sik1", "gim2", "coeng4", "dou6", "ngai5", "biu2",
	"sung1", "ce1", "lam5", "lik1", "caat3", "mung1", "ngan4", "tou4", "toi2", "min4", "kei4", "tyun4",
	"ban1", "wok6", "gai3", "him1", "nai5", "ning4", "ji1", "gou2", "laam6", "jan2", "nau6", "king2",
	"jim2", "kei4", "mat6", "zaau6", "gwai6", "ceon1", "zai1", "fui1", "po4", "dang3", "ceoi4", "gok3",
	"min4", "jau1", "zat1", "fong2", "cin1", "leoi5", "leoi4", "saat3", "lou5", "lai6", "cyun4", "leoi6",
	"mit6", "seoi6", "au1", "leoi4", "zit3", "gou1", "duk6", "jyun4", "lik1", "fai3", "zoek3", "sau2",
	"lin4", "zin3", "cyu4", "hing3", "zyu1", "lou4", "jim4", "lik1", "zyu1", "can3", "git6", "ngok6",
	"sou1", "waai4", "jit6", "jyu6", "lung4", "laai6", "ciu4", "hin2", "gwai1", "geoi2", "ling4", "jing1",
	"zim1", "jan2", "jau2", "jing4", "soeng1", "nung4", "bok3", "caam4", "laan4", "geoi2", "soeng1", "sip3",
	"wai4", "cung4", "kyun4", "keoi4", "cong4", "kau5", "wat1", "lo4", "lai6", "cyun4", "lyun4", "dong2",
	"fok3", "jim4", "laam5", "laan4", "zuk1", "leoi4", "lai5", "baa3", "nong4", "wat1", "ling4", "gun1",
	"him3", "ci3", "fun1", "jan1", "jyu4", "him3", "him1", "au1", "heoi2", "ciu1", "ceot1", "kik1",
	"kat1", "ji3", "kyut3", "hat1", "seot1", "hap6", "juk6", "wai2", "long4", "fun2", "sok3", "hei1",
	"oi1", "ji1", "hei1", "fat1", "zyut3", "jam1", "fun2", "ham2", "fun2", "ham2", "cyun4", "saap3",
	"gwaa1", "jan1", "jam1", "hit3", "jyu4", "hip3", "hiu1", "ji4", "go1", "wu1", "taan3", "gan6",
	"au1", "fu1", "tik1", "fun1", "heoi1", "pan3", "hei2", "siu3", "fat1", "kap1", "sin6", "lim5",
	"cuk1", "jik6", "ngap6", "jyu4", "zyut3", "fun1", "zi2", "zing3", "ci2", "bou6", "mou5", "kei4",
	"bou6", "bou6", "waai1", "keoi5", "cin4", "ci4", "gip3", "ci2", "sap1", "zung2", "seoi3", "seoi3",
	"lik6", "zaak6", "jyu4", "lik6", "gwai1", "daai2", "aat3", "sei2", "cim1", "zit3", "mut6", "mut6",
	"jiu2", "mut6", "cou4", "joeng1", "tin5", "sang1", "toi5", "soeng1", "gwik1", "seon1", "syu4", "caan4",
	"kyut3", "piu5", "haap3", "kau4", "suk1", "king4", "wan5", "lim5", "ji6", "fau2", "zik6", "jip3",
	"caan4", "fan1", "daan1", "gik1", "jip6", "zeon1", "wan5", "wan1", "cau3", "ban3", "tai3", "gan2",
	"soeng1", "jan4", "diu1", "zau6", "kui2", "cyun3", "ji3", "daan1", "dou3", "goeng1", "lim5", "ban3",
	"duk6", "cim1", "cim1", "syu4", "au2", "dyun6", "zyu3", "jan1", "hing3", "ai3", "saat3", "hok3",
	"hok3", "ngaau4", "seon3", "din6", "wai2", "wai2", "guk1", "kok3", "gik1", "ngai6", "au2", "wai2",
	"dyun6", "ji1", "hiu1", "mou4", "gun3", "mou5", "mui5", "mui5", "oi2", "ze2", "duk6", "juk1",
	"bei2", "bat1", "bei3", "pei4", "pei4", "bai6", "caam4", "mou4", "hou4", "coi2", "pei4", "siu2",
	"gaa1", "zin1", "soi1", "muk6", "teoi3", "seon1", "nei6", "jung2", "sin2", "guk1", "mou4", "hou4",
	"kau4", "dau6", "caau1", "taan2", "pui4", "guk1", "zyut3", "ceoi3", "bei1", "saam1", "saam1", "mou6",
	"soi1", "syu1", "syu1", "teoi3", "hot3", "gin3", "taap3", "saam1", "leoi4", "mou4", "mou4", "tung4",
	"jung2", "cong2", "pou2", "lou5", "zin1", "cou3", "zin1", "mung4", "lou5", "keoi4", "dip6", "si6",
	"dai1", "man4", "kyut3", "maang4", "hei3", "pit3", "naai5", "hei3", "dou1", "sin1", "cyun1", "fan1",
	"joeng4", "noi6", "bing2", "fat1", "san1", "dung1", "hing1", "hei3", "jan1", "sai1", "hoi6", "joeng5",
	"on1", "aa3", "hak1", "hing1", "aa3", "dung1", "daam6", "luk6", "cing1", "joeng4", "wan1", "wan1",
	"seoi2", "seoi2", "cing2", "bing1", "wing5", "tam5", "seoi2", "lak6", "nik6", "tan2", "faan3", "gwai2",
	"ting1", "zap1", "kau4", "zak1", "min5", "cyun1", "wui6", "diu1", "hon3", "caa3", "joek6", "cyun3",
	"jyun4", "faan4", "daai6", "zik6", "tok3", "mong4", "cau4", "ngat6", "saan3", "pan3", "hon6", "cim4",
	"waa1", "wu1", "seon3", "ci5", "jyu5", "hung3", "gong1", "ci4", "wu1", "tou2", "gwai2", "tong1",
	"zi1", "zi2", "hin1", "mik6", "gwat1", "wong1", "zeng2", "zing6", "jeoi6", "gwan1", "wang4", "taai3",
	"gyun2", "kap1", "bin6", "bin6", "gam3", "man6", "zung1", "fong1", "hung1", "kyut3", "wu2", "ngau4",
	"hei3", "fan4", "zeoi6", "zeoi6", "sam3", "ji4", "juk1", "wan4", "jyun4", "hong4", "jin5", "sam2",
	"cam4", "dam2", "jau4", "deon6", "wu6", "fo3", "cai3", "muk6", "nuk6", "mut6", "daap6", "min5",
	"mat6", "cung1", "tim1", "bei2", "saa1", "zi2", "pui3", "pun3", "zeoi2", "zaap3", "kau1", "paai3",
	"mut6", "zaak6", "fung1", "au3", "lik6", "leon4", "cong1", "fung1", "gwai1", "wu6", "mut6", "mui6",
	"seot6", "zeoi1", "zaat3", "tok3", "to4", "to4", "ho4", "leoi6", "mei5", "ji4", "faat3", "fai3",
	"jau4", "tin4", "zi6", "ziu2", "gu1", "zim1", "jyun4", "si1", "fong3", "gwing2", "keoi1", "sit3",
	"cau4", "jat6", "gaa1", "zung1", "cyun4", "bok6", "wai3", "bei3", "ban1", "zaak6", "zeot1", "lak6",
	"jau2", "gu1", "wang4", "gam1", "faat3", "maau5", "si3", "fu1", "paang1", "ci2", "faan3", "sou3",
	"ning6", "zaa1", "ling4", "pou5", "bo1", "jap1", "ci5", "nai4", "guk1", "kut3", "zyu3", "sang1",
	"leoi6", "jyun5", "kyut3", "fu1", "pun3", "man5", "taai3", "joeng1", "zai3", "wing6", "gun3", "bam1",
	"hok6", "lung4", "lou4", "daan3", "lok6", "se3", "put3", "zaak6", "ging1", "ngan4", "zau1", "git3",
	"jik6", "fui1", "wui4", "zoi3", "sing4", "jan1", "ngai4", "hau6", "zin3", "joeng4", "lit6", "ci5",
	"gei3", "ji4", "hang4", "fuk6", "saa2", "saak3", "zi2", "jan5", "ng4", "sai2", "haau2", "zyu1",
	"gong3", "lok3", "lok3", "on3", "dung6", "ji4", "mau4", "leoi6", "ji1", "mai5", "cyun4", "zeon1",
	"paak3", "fui2", "ngaau4", "jai6", "hung4", "gwik1", "suk1", "hong1", "tou4", "kit3", "keoi4", "ji5",
	"zau1", "jyu6", "ping4", "seon1", "hung1", "zat6", "gwong1", "wun4", "ming4", "wut6", "waa1", "hap1",
	"paai3", "wu1", "kuk1", "lau4", "gun3", "zip3", "zing6", "cin2", "zoeng1", "hiu1", "zing1", "si1",
	"zuk6", "cak1", "fat6", "kui2", "zai3", "lau4", "caan2", "wan4", "wu2", "nung4", "cam4", "zeon6",
	"lyut6", "kau4", "mei5", "zit3", "zeon3", "ham4", "bong1", "mong4", "zuk1", "jau4", "hei1", "but6",
	"dau6", "wun5", "wang4", "jap1", "pou2", "jing5", "lam5", "hou6", "long6", "hon2", "lei5", "gang1",
	"fau4", "ng4", "lin6", "seon4", "fung4", "jik6", "juk6", "tung4", "lou4", "hoi2", "zam3", "zip3",
	"cung1", "gwing2", "mui5", "seoi1", "zaa1", "bui3", "jin6", "sam3", "tou4", "kwan3", "ping1", "nip6",
	"hon6", "ging1", "siu1", "sip3", "nin5", "teot1", "cung1", "haau3", "jin4", "ting5", "ngo4", "cuk1",
	"tan1", "gyun1", "sam4", "tai3", "lei6", "seoi3", "zi6", "leoi6", "seoi3", "tou4", "duk6", "lou6",
	"loi4", "lin4", "wai4", "wo1", "wan4", "wun6", "dik6", "hang1", "jeon6", "gaan3", "zoeng2", "gip3",
	"fau4", "gun3", "hang6", "sau6", "saan3", "ngaai4", "zyut3", "zoeng2", "jik6", "hung1", "wo3", "haam4",
	"to1", "dung1", "kok3", "wo1", "geoi1", "se3", "loeng4", "fan1", "taap3", "doek3", "din6", "cip3",
	"dak1", "gyun6", "zi1", "sik1", "ngaau4", "kei4", "gwat1", "gwo2", "jim1", "lam4", "tong2", "zau1",
	"fung2", "hou6", "coeng1", "suk6", "cai1", "fong1", "zik6", "luk6", "naau6", "guk1", "tou4", "cung4",
	"leoi6", "zit3", "pang4", "fei4", "sung1", "tin2", "pei3", "daam6", "wik6", "ngai4", "jyu1", "luk6",
	"gam3", "mat6", "zing6", "ling4", "leon4", "jam4", "ceoi3", "keoi4", "waai4", "juk6", "naam5", "sam1",
	"piu4", "seon4", "fat1", "jyun1", "loi4", "wan6", "cing1", "jim1", "cin2", "tim1", "miu5", "zi2",
	"jam2", "bok6", "ban6", "jyun1", "man6", "joek6", "fei1", "cing1", "jyun1", "hot3", "zai3", "sip3",
	"jyun1", "gip3", "luk6", "zi3", "duk6", "ji1", "zim6", "man5", "bei1", "kai1", "jyu4", "jyun1",
	"sam2", "sam3", "jau4", "wun6", "zyu2", "gaam2", "nyun5", "jyu4", "cau4", "ting4", "keoi4", "dou6",
	"fung1", "zaa1", "but6", "ak1", "wo1", "dai3", "wui1", "wan1", "jyu4", "sit3", "cak1", "wai6",
	"go1", "gong2", "jim2", "hung4", "hyun1", "mai5", "hot3", "maau4", "jing1", "jin5", "jau4", "gwang1",
	"miu5", "saang2", "mei5", "zoi1", "wan4", "noi6", "gwai2", "cap1", "ngok6", "baai3", "mei4", "lin6",
	"jap1", "jap1", "mui4", "tim4", "cau3", "wai4", "caan1", "teon1", "min5", "mui6", "paak3", "seoi2",
	"cap1", "pun4", "zin1", "gin2", "wu4", "fung6", "soeng1", "jik6", "jan6", "zaam3", "zik6", "gaai1",
	"zing1", "wong4", "taan3", "jyu4", "bik1", "man5", "si1", "teot1", "sang1", "jung2", "gwik1", "dung6",
	"teon3", "zau1", "zau1", "cau4", "jin1", "tong1", "lung4", "waak6", "jyun4", "naam5", "baan6", "jau5",
	"cyun4", "zong1", "loeng6", "cin4", "jin4", "seon4", "nip6", "zi1", "waan1", "sap1", "mun5", "jing4",
	"laat6", "kui2", "fung4", "zin3", "zeoi6", "lau4", "gwai1", "koi3", "bo1", "jing4", "put3", "zeon3",
	"gwai3", "tong4", "jyun4", "so2", "jyun4", "lim5", "jiu5", "mung4", "zeon2", "sing4", "hap6", "taai3",
	"taap3", "waa1", "lau6", "kau1", "sou1", "ming4", "zaa3", "si4", "jat6", "leon6", "maa5", "pou2",
	"mei4", "leot6", "zoi1", "wu2", "kai1", "wan1", "goeng1", "zik1", "si1", "sou3", "ji4", "zeon1",
	"sau1", "wan4", "cau3", "jan1", "jung4", "wan6", "sou3", "sok3", "nik6", "taap3", "sap1", "juk6",
	"aai1", "pun3", "cuk1", "ceoi4", "pong4", "jung2", "cong1", "mit6", "gaak3", "tin4", "hou6", "fong2",
	"hei3", "zi1", "dik6", "zi6", "jing4", "fu2", "git6", "waat6", "go1", "zi2", "tou1", "tang4",
	"seoi1", "bei3", "gaau3", "wui6", "gwan2", "jam4", "gou1", "lung4", "zai6", "jim6", "sip3", "mun5",
	"jing4", "seon4", "leoi6", "laam6", "lyun4", "haau6", "ban1", "taan1", "jyu6", "sau2", "wu6", "bat1",
	"biu1", "zai6", "koeng5", "kau3", "sam3", "soeng1", "dik6", "mat6", "ngou4", "lou5", "wu2", "fu1",
	"jau4", "caan2", "paan3", "jung4", "gwan2", "mun5", "hing2", "jyu4", "piu1", "zik6", "ngaai4", "ziu2",
	"cat1", "saai2", "zai3", "luk6", "lau4", "lung4", "gan2", "gwok3", "cung4", "lau6", "zap6", "koi3",
	"koeng4", "lei4", "jin2", "cou4", "gaau3", "cung1", "seon4", "tyun4", "au3", "tang4", "je5", "zaap6",
	"mik6", "tong4", "mok6", "tong1", "hon3", "lin4", "laam5", "waa1", "lei4", "gon1", "fung4", "syun4",
	"ji1", "maan6", "zi3", "mong5", "hong1", "taap3", "paang1", "sau3", "zoeng2", "zoeng1", "zong6", "zeoi6",
	"waan6", "kwok3", "zim6", "jin4", "song2", "liu4", "ceoi2", "tai4", "joeng6", "zoeng1", "cung4", "wing6",
	"hung4", "sau1", "sau3", "gun3", "jing4", "siu1", "zung1", "wan6", "zeoi6", "lim6", "zat6", "wai4",
	"pit3", "kyut3", "ziu3", "put3", "dong6", "wai6", "git3", "mou5", "paa4", "cap1", "pun1", "gwai1",
	"suk1", "cim4", "cim4", "jap1", "lou6", "sik1", "seon3", "dan6", "wong4", "man5", "jeon6", "suk1",
	"lou5", "zeon1", "zung1", "ji6", "zik6", "waan1", "taan1", "taam4", "ciu4", "cam4", "kui2", "jan1",
	"saau3", "tou4", "zyu1", "saat3", "hak1", "bei3", "saan1", "saan4", "saan4", "syu2", "tung4", "pou1",
	"leon4", "wai4", "sap1", "sap1", "cing4", "gwing3", "cing4", "waa6", "hiu1", "lou6", "cit3", "gam2",
	"cyun1", "wang6", "si1", "syu6", "paang4", "ham4", "wan4", "lau6", "hung6", "fuk6", "hou6", "wo4",
	"haan4", "gaan3", "saan1", "sik1", "jyut6", "lou5", "laan4", "ning6", "jyu4", "lam5", "man5", "cou3",
	"dong1", "wun5", "zaak6", "haai5", "jyu6", "lai5", "sai6", "hok6", "ling4", "maan6", "zi1", "jung1",
	"kui2", "caan3", "lim6", "din6", "jip6", "ou3", "waan4", "zeon1", "sin4", "maan6", "dam2", "daam6",
	"jik1", "seoi6", "pik1", "geoi6", "taat3", "kam4", "gik1", "zuk6", "lim4", "nung4", "wo1", "zam3",
	"fan4", "gip3", "cap1", "seoi1", "wai3", "co2", "taap3", "sung1", "ding2", "sat1", "zyu2", "laai6",
	"ban1", "lim4", "mei4", "sap1", "syu6", "mik6", "ning6", "jing4", "jing4", "mung4", "zeon6", "kei4",
	"pai3", "zai3", "hou4", "jyu4", "ceoi3", "waat3", "tou4", "jan5", "deoi6", "ci4", "wok6", "cing3",
	"laam6", "zeon3", "oi3", "buk6", "zok6", "wai4", "ban1", "guk1", "cim4", "jing4", "ban1", "fut3",
	"fai3", "cong1", "mak6", "zin3", "wai5", "lok6", "zaan3", "leoi6", "lai6", "jau1", "joeng6", "lou5",
	"ci3", "zit1", "jing4", "duk6", "wong2", "fai1", "se3", "pun4", "sam2", "biu1", "cin4", "mut3",
	"lau4", "zim1", "buk6", "gip3", "cing4", "guk1", "ban1", "fok3", "hin3", "lou4", "can3", "hon6",
	"jing4", "jung4", "lik6", "zing6", "siu1", "jing4", "seoi5", "wai5", "haai6", "waai4", "hou6", "zyu1",
	"lung4", "laai6", "deoi6", "faan6", "huk6", "laai6", "syu1", "lam4", "jing4", "nei4", "gai3", "lim6",
	"zin6", "jing1", "fan3", "lam4", "jik6", "zim1", "joek6", "caam4", "daai3", "joeng4", "zin2", "laan4",
	"faan4", "soeng3", "jyun1", "zok6", "fung1", "sip3", "leoi5", "laam4", "cung4", "keoi4", "jung1", "cim4",
	"faat3", "gun3", "kyut3", "jim6", "hou6", "jing4", "saa2", "zaan3", "lyun4", "jim6", "lei4", "mei5",
	"sin5", "taan1", "dong2", "gaau2", "cin2", "jing4", "hou6", "baa3", "zuk1", "laam5", "laan4", "nong5",
	"waan1", "lyun4", "ceon4", "hin2", "jim6", "gam3", "jim6", "wat1", "fo2", "biu1", "mit6", "gwong1",
	"dang1", "fui1", "haau1", "haau1", "fai1", "hung4", "ling4", "zou3", "zyun6", "gau3", "zaa3", "ce5",
	"cek3", "coek3", "zoi1", "zoi1", "caan3", "joeng4", "hei3", "zung1", "fan4", "nau5", "gwing2", "man1",
	"pok3", "jik6", "lou4", "ceoi1", "pui1", "kaai3", "pun3", "jim4", "kaai3", "pong3", "muk6", "caau2",
	"liu6", "kyut3", "kong3", "dan6", "gwong1", "jan1", "zek3", "gwong1", "gwong1", "wai5", "coeng3", "bin6",
	"daat3", "saap6", "zing1", "seot6", "ho2", "ziu3", "fat6", "bat6", "se3", "se3", "ling6", "dyut3",
	"jyun6", "geoi6", "taan3", "paau3", "gwing2", "paau4", "toi4", "toi4", "bing2", "joeng2", "tung1", "sim2",
	"zyu3", "zaa3", "dim2", "wai4", "sek6", "lin6", "ci3", "fong2", "zau1", "fu1", "soek3", "laan6",
	"ting1", "gaau2", "gwik1", "hang4", "cyun2", "lit6", "wun6", "joeng4", "haau1", "jau1", "sin2", "cim4",
	"wu1", "zau1", "jiu4", "sik1", "gwing1", "tung4", "mit6", "zoi1", "kaai3", "hung3", "lok3", "hap6",
	"zuk1", "hyun2", "zing1", "pok3", "jin1", "wui4", "gwong1", "caak3", "fui1", "haau1", "geoi6", "faan4",
	"siu1", "jip6", "wui6", "gwaan1", "tong3", "zeon6", "jit6", "lit6", "hei1", "fau4", "gwing2", "hit3",
	"pou2", "ting1", "zoek3", "ting5", "jyun4", "hoi2", "paang1", "long5", "jin3", "fat1", "fung1", "cek3",
	"jung4", "huk6", "hei1", "suk1", "haak1", "fan1", "guk6", "gyun1", "siu1", "hei1", "jin1", "hon6",
	"zong3", "zeon3", "dai6", "hit3", "gik1", "ng6", "jin1", "leoi5", "ham4", "jim6", "wun6", "mun6",
	"guk6", "tou4", "bui6", "fan4", "leon6", "kwan1", "fan3", "seon4", "sik1", "ceoi3", "mou4", "hung1",
	"caau2", "fu6", "waat3", "ziu1", "cung1", "fung3", "pang4", "hung3", "naat3", "sik1", "king4", "jan1",
	"zoek3", "jim6", "jim6", "jik6", "zoek3", "juk1", "gong3", "jin4", "pei4", "hing2", "gong3", "sing1",
	"coeng3", "siu1", "ming4", "nam4", "gang1", "wat1", "sam4", "haak3", "kwai2", "zung2", "dyun3", "haa6",
	"fai1", "fung3", "lin6", "hyun1", "sing1", "wong4", "ziu2", "zin1", "bik1", "jing1", "zyu2", "wai5",
	"tyun1", "sim2", "hei1", "hyun1", "nyun5", "cim4", "jin1", "gwing2", "gwing2", "juk1", "mei6", "saat3",
	"wai6", "zaa3", "zeon6", "king4", "jau5", "mui4", "wun6", "heoi2", "ziu3", "wui1", "faan4", "cau4",
	"seoi6", "joeng4", "lit6", "zyu2", "gaai1", "cou3", "wo1", "bou1", "wu4", "wan1", "naam4", "zik6",
	"fo2", "bin1", "gau3", "teoi3", "tong4", "caau2", "sin3", "jan1", "bok3", "fong2", "hip3", "hei3",
	"mou6", "sik1", "wan1", "hap6", "huk6", "hei1", "jyun4", "hung4", "noi4", "sim3", "hung3", "jiu3",
	"fan1", "mik6", "lim4", "jing4", "wat1", "jung4", "gung3", "jim6", "coeng3", "lau6", "hei1", "bat1",
	"biu1", "zung2", "luk6", "gin1", "suk6", "jap1", "lau4", "pung4", "seoi1", "tung1", "zoek3", "zung1",
	"tong3", "wu6", "ji4", "zek3", "ngou4", "wai6", "lau5", "hon3", "au1", "jit6", "gwing2", "maan6",
	"kwan1", "soeng1", "cyun3", "zang1", "zim1", "hei1", "hei1", "jap1", "jik6", "siu3", "ci3", "wong4",
	"cin2", "jip6", "taam4", "jin4", "jim6", "cam4", "hiu4", "zeon3", "dang1", "dan6", "san1", "ziu1",
	"fan4", "si1", "liu4", "wat6", "leon4", "tung4", "siu1", "fan4", "faan4", "jin3", "cam4", "laan6",
	"mui5", "tong3", "jik6", "gwing2", "mun6", "ging2", "ziu3", "jing4", "juk1", "jik6", "hok6", "laam4",
	"taai3", "cou3", "caan3", "seoi6", "hei1", "kok3", "zung2", "lim4", "wai2", "zuk1", "sit3", "ling4",
	"wui1", "ji3", "hip3", "ziu3", "wui6", "daat6", "nung1", "laam4", "jyu4", "sin2", "huk6", "fan1",
	"zeon6", "cau4", "tou4", "soek3", "haak1", "laam6", "biu1", "wing4", "lai6", "mak6", "baau3", "jyut3",
	"leoi4", "laap6", "ou1", "fan1", "kong3", "soek3", "liu4", "lik6", "lou4", "zoek3", "liu5", "jim6",
	"hei1", "sit3", "lung4", "jip6", "caan1", "joeng5", "joek6", "laan6", "cung4", "zoek3", "gun3", "keoi4",
	"cit3", "mei4", "tong2", "laan6", "zuk1", "laam5", "ling4", "cyun3", "wat1", "zaau2", "zaau2", "paa4",
	"zaang1", "paau4", "cing1", "wun4", "oi3", "wai4", "wai4", "fok3", "zoek3", "fu6", "je4", "baa1",
	"de1", "je4", "ngaau4", "zo2", "song2", "ji5", "baan6", "cong4", "go1", "zong1", "dip6", "coeng1",
	"jung4", "coeng4", "pin3", "baan2", "pun3", "ciu4", "zin1", "paai4", "duk6", "coeng1", "jyu4", "zaap6",
	"bin1", "dip6", "bong2", "bok3", "coeng1", "jau5", "jau5", "duk6", "ngaa4", "caang1", "ngau4", "ngau4",
	"pan5", "kau1", "mau4", "taa1", "maau5", "lou4", "jan6", "mong1", "fong1", "mou4", "muk6", "gong1",
	"mat6", "jyun6", "go1", "bui3", "sei3", "zin3", "gu2", "jau6", "o1", "sang1", "mau5", "dai2",
	"hin1", "hyun3", "cyun4", "zi6", "dak6", "hei1", "mong4", "hang1", "hin1", "ng5", "guk1", "sai1",
	"lai4", "lai4", "bau6", "gei1", "gong1", "dat6", "ban1", "kyun4", "seon4", "duk6", "geoi6", "gaa1",
	"gin1", "fung1", "pin1", "fo1", "gwik1", "hou3", "co1", "hei3", "bei6", "lok3", "gaai3", "maa4",
	"saam1", "wai3", "mou4", "deon1", "tung4", "kiu4", "goeng6", "ji6", "lai6", "duk6", "lip6", "bei1",
	"piu1", "bok6", "hei1", "cau4", "ngai4", "kwai4", "cau1", "hyun2", "hyun2", "bat6", "faan6", "kau4",
	"gik1", "caai4", "zoek3", "ngon6", "hat1", "zong6", "gwong2", "maa5", "jau4", "kong3", "but6", "hau3",
	"ngan4", "fun1", "zong6", "wan5", "kong4", "nau2", "dik6", "kong4", "zung1", "muk6", "bui3", "pei1",
	"gwik1", "sing1", "paau4", "haap6", "to4", "wu4", "ling4", "fai3", "pei1", "nei5", "maa1", "jau6",
	"gau2", "hyut3", "zeoi1", "daan3", "baak3", "gu2", "sin2", "ning4", "wun4", "han2", "gaau2", "hok6",
	"ziu6", "gat1", "seon1", "saan1", "daat3", "jung4", "sau3", "tung4", "lou5", "duk6", "haap6", "si1",
	"kui2", "zang1", "juk6", "syun1", "jyu4", "bai6", "mong4", "hei1", "gyun3", "lei4", "haap6", "ngan4",
	"syun1", "long4", "bui3", "zai3", "jin4", "saa1", "lei6", "hon5", "him2", "geng1", "paai4", "fei1",
	"haau1", "baa6", "kei4", "ngai4", "biu1", "ngan6", "loi4", "lip6", "gin1", "goeng1", "kwan1", "jim3",
	"gwo2", "zung3", "mei4", "coeng1", "ji1", "zai3", "zang1", "ngaai4", "maang5", "caai1", "cyut3", "se3",
	"lip6", "din2", "lo4", "wu4", "zung1", "gwai3", "wai2", "fung1", "wo1", "jyun4", "sing1", "zyu1",
	"maau1", "wai6", "cyun1", "hin3", "teon1", "aat3", "naau4", "hit3", "gaa1", "hau4", "bin1", "jau4",
	"jau4", "mei4", "zaa1", "jiu4", "syun1", "bok3", "ming4", "waat6", "jyun4", "sau1", "maa5", "wun4",
	"ngoi4", "juk6", "si1", "hou4", "goeng1", "jik6", "zeon1", "cong1", "hou4", "maan6", "ging3", "zoeng2",
	"mok6", "zoeng1", "caam4", "ngou4", "ngou4", "hou4", "ceoi1", "ban6", "kyut3", "bai6", "bai6", "wong4",
	"buk1", "leon4", "wat6", "tung4", "hiu1", "liu4", "soek3", "hiu1", "sau3", "deon1", "giu3", "got3",
	"gyun3", "duk6", "wai3", "kui2", "him2", "haai5", "caat3", "sin2", "fan1", "ning4", "ban1", "wok6",
	"nau6", "mung4", "lip6", "gwong2", "sau3", "lou4", "caat3", "hin3", "mei4", "joeng4", "fun1", "naau4",
	"lo4", "him2", "kei4", "fok3", "jyun4", "miu6", "zi1", "seot1", "lou4", "juk6", "suk1", "wong4",
	"kau4", "gaa2", "ding1", "lak6", "baat3", "gei1", "gung1", "dik1", "cyun3", "gon1", "gau2", "jyu1",
	"hei2", "jyu4", "dong6", "maa5", "gung1", "ng5", "fu1", "man4", "gaai3", "je4", "ban1", "bin6",
	"bung2", "jyut6", "kyut3", "mun4", "gok3", "wun6", "gaam1", "mui4", "taan2", "pan4", "wai5", "waan4",
	"jin6", "coeng1", "ling4", "doi6", "jai6", "ngam4", "ping4", "dim3", "fu4", "jyun4", "saai2", "bo1",
	"ci1", "gau2", "gaap3", "siu4", "paak3", "ci4", "o1", "jim5", "sang1", "san1", "ji4", "zou2",
	"gaa1", "man4", "saan1", "lau5", "bit1", "zan1", "zan1", "gok3", "faat3", "lung4", "zeon1", "gaau3",
	"zin6", "lai6", "gwong1", "sin1", "zau1", "gung2", "jin1", "jau3", "joeng4", "heoi2", "lok3", "suk1",
	"zyu1", "kam4", "ngan4", "seon1", "bou2", "ji5", "hoeng3", "jiu4", "hap6", "hang4", "gwai1", "cung1",
	"seot1", "baan1", "pui3", "lou5", "dong1", "jing1", "wan4", "man4", "ngo4", "cing4", "dai6", "mou5",
	"ng4", "sing4", "gwan6", "mui4", "bui3", "ting5", "jin6", "cuk1", "ham3", "syun4", "jin4", "kau4",
	"jyun5", "long4", "lei5", "sau3", "fau4", "lau4", "je4", "hei1", "ling4", "lei4", "zeon3", "lin5",
	"so2", "ciu3", "fung1", "jyun4", "din6", "pan4", "zaan2", "ceoi3", "man4", "wik6", "geoi1", "sam1",
	"loi4", "man4", "sing3", "wai4", "tin2", "cuk1", "doek3", "bung2", "zang1", "fu2", "kei4", "ok3",
	"kwan1", "coeng1", "kei4", "bung2", "jyun2", "luk6", "cung4", "gun2", "jim5", "diu1", "pui3", "lam4",
	"kam4", "pei4", "paa4", "zoek3", "kam4", "faat3", "cyun4", "king4", "dou2", "gaai3", "wan4", "jyu5",
	"mou6", "mei4", "ceon1", "syun1", "tai4", "sing1", "doi6", "jau4", "man4", "zam1", "wai5", "jyun5",
	"wun6", "haai4", "cyun1", "zin2", "syun6", "coeng3", "lin6", "cyun4", "haa4", "dyun3", "jyun6", "je4",
	"nou5", "wu4", "jing1", "jyu4", "waang4", "seoi6", "sat1", "lau4", "si1", "jung4", "so2", "jiu4",
	"wan1", "wu2", "zeon1", "zeon3", "jing4", "maa5", "tou1", "lau4", "tong4", "leot6", "long4", "gwai1",
	"tin3", "coeng1", "co1", "gok3", "zaau2", "jiu4", "oi3", "ban1", "syu1", "soeng4", "kwan1", "zyun1",
	"cung1", "gan2", "ji1", "ceoi1", "cung1", "kei4", "lei4", "ging2", "so2", "kau4", "syun4", "ngou4",
	"lin5", "mun4", "zoeng1", "jan4", "jip6", "jing1", "wai6", "lou6", "mou4", "dang1", "sau3", "zang1",
	"cam4", "keoi4", "dong6", "leon4", "liu4", "king4", "suk1", "wong4", "gwai1", "pok3", "ging2", "faan4",
	"zeon3", "lau4", "gei1", "wai6", "ging2", "oi3", "bik1", "caan3", "keoi4", "zou2", "dong1", "giu2",
	"gun2", "taan2", "wui6", "waan4", "sat1", "seoi6", "tin4", "co2", "jyu4", "zeon6", "leoi4", "ban1",
	"sau6", "man6", "zeoi2", "laam4", "saai2", "zai6", "syun4", "jyun5", "wok6", "koi3", "leoi4", "duk6",
	"lik1", "zat1", "jau4", "lei4", "zaan3", "king4", "tik1", "gwai1", "ceoi4", "laat6", "lung4", "lou4",
	"lik6", "zaan3", "laan6", "jing1", "mei4", "soeng1", "king4", "gun3", "dou6", "zaan3", "wun4", "gwaa1",
	"bok6", "dit6", "bok6", "wu6", "zap1", "piu4", "faan6", "nong4", "lai6", "ngaa5", "sap6", "gong1",
	"cin1", "baan2", "pun4", "fong2", "dam2", "ung3", "au1", "fan1", "hou4", "wu4", "ling4", "ji4",
	"ping4", "ci4", "baak3", "gyun1", "coeng4", "ci1", "lei5", "dong6", "waa1", "pau2", "zeoi6", "ping4",
	"pin1", "zau3", "jan1", "lei4", "ci4", "aang1", "hei3", "haam4", "lau5", "dik1", "au1", "mang4",
	"zyun1", "paang6", "leon6", "zang6", "mou5", "pik1", "daam1", "ung3", "aang1", "jin5", "gam1", "doi6",
	"sam6", "tim4", "tim4", "hon4", "soeng4", "sang1", "cing4", "san1", "caan2", "caan2", "jeoi6", "sang1",
	"sou1", "sam1", "jung6", "lat1", "luk6", "fu2", "jung2", "bung2", "fung6", "ning4", "tin4", "jau4",
	"gaap3", "san1", "zaat6", "din6", "fat6", "naam4", "din6", "ping1", "ting2", "waak6", "ting5", "hyun2",
	"zi1", "man4", "bei2", "bei2", "mau5", "seon4", "lau4", "coeng3", "mau5", "wan4", "faan3", "fu4",
	"gaang1", "tin4", "gaai3", "gaai3", "hyun2", "wai3", "fuk6", "tin4", "mau5", "cyun4", "bun6", "goeng1",
	"waa1", "daap3", "naam4", "lau4", "bun2", "can2", "cuk1", "mau5", "mau5", "zik1", "tin4", "goi1",
	"bat1", "daap3", "zi6", "loek6", "kwai4", "loek6", "faan1", "ji1", "faan1", "waak6", "jyu4", "jyu4",
	"mau5", "zeon3", "ji6", "lau4", "se4", "dip6", "cau4", "waak6", "dong1", "zyut3", "kei1", "jyun2",
	"goeng1", "sing4", "coeng4", "teon2", "leoi4", "gei1", "caap3", "lau4", "dip6", "teon2", "leon6", "goeng1",
	"goeng1", "cau4", "bik1", "dip6", "dip6", "pat1", "zit3", "daan6", "so1", "so1", "zi3", "ji4",
	"nik6", "naai5", "ding1", "bei2", "zit3", "liu4", "gong1", "ngat6", "gau3", "zau2", "haa6", "saan3",
	"heoi1", "joek6", "lai6", "joeng4", "can3", "jau4", "baa1", "gaai3", "kyut3", "kei4", "seoi6", "bei3",
	"jik6", "lik6", "zung3", "cong1", "fung1", "zyu3", "paau3", "pei4", "gam1", "o1", "ci1", "sit3",
	"zi1", "taan2", "can2", "fat6", "zi2", "tang4", "zeoi1", "zat6", "fai2", "keoi1", "dim3", "gaa1",
	"jin4", "zaa3", "beng6", "naat6", "zing3", "jung1", "ging3", "cyun4", "tang4", "tung1", "ji4", "gaai1",
	"fui2", "wui4", "taan1", "joeng5", "ci3", "zi6", "han4", "aa2", "mui6", "dau6", "ging6", "haau1",
	"tung3", "tuk1", "mong4", "pei2", "siu1", "syun1", "pou1", "lei6", "zi3", "co4", "dyut6", "ng6",
	"saa1", "lou4", "sau3", "wun6", "gaan2", "jik6", "bang1", "zoeng3", "gun2", "taam4", "fai2", "maa4",
	"maa4", "ci1", "gwai3", "din2", "am1", "cai3", "bei3", "bei3", "man4", "gu3", "deoi1", "o1",
	"wai2", "jyu2", "seoi6", "aa2", "zuk1", "cou3", "daan3", "sam3", "zung2", "zai3", "jyu6", "hau4",
	"fung1", "laat3", "joeng4", "sam4", "tou4", "jyu5", "gwo1", "wan4", "wun6", "fu2", "gaa2", "jam1",
	"ji3", "lau6", "sou3", "kyut3", "kai3", "sik1", "gwaan1", "ji3", "wan1", "zek3", "cong1", "baan1",
	"lau4", "caai3", "sau3", "joek6", "din1", "daap3", "bit6", "taan1", "zoeng3", "biu1", "sam3", "cuk1",
	"lo2", "ji3", "zung3", "cau1", "zoeng3", "zaai3", "sau3", "zek3", "ke4", "diu3", "lau6", "lau6",
	"mok6", "kan4", "jan5", "jing2", "wong4", "fuk6", "liu4", "lung4", "ciu4", "lau4", "lou4", "haan4",
	"fai3", "daan3", "jam3", "hok3", "ngaam4", "baan1", "gaan2", "gwaan1", "gui6", "nung6", "jyu6", "mei4",
	"ji3", "jung1", "pik1", "leoi5", "lai6", "syu2", "daam3", "lam5", "din6", "lam5", "laai3", "bit6",
	"zek3", "ci1", "joeng5", "sin2", "zit3", "zing1", "mak6", "lik6", "fok3", "laai3", "zik1", "din1",
	"sin2", "jing2", "jan5", "keoi4", "jung1", "taan1", "din1", "lo2", "lyun4", "lyun4", "but6", "gon1",
	"gwai3", "bat6", "faat3", "dang1", "faat3", "baak6", "baak3", "ke4", "bik1", "zou6", "zou6", "maau6",
	"dik1", "paa1", "gaai1", "wong4", "gwai1", "cai2", "ling4", "gou1", "mut6", "zik1", "gaau2", "pang2",
	"gou1", "ngoi4", "ngo4", "hou6", "hon5", "bik1", "wun2", "cau4", "sin3", "sik1", "ngoi4", "kiu5",
	"hou6", "fong2", "hou6", "caak3", "ceoi3", "hou6", "hiu2", "jip6", "po4", "hou6", "giu2", "oi3",
	"sing1", "fong2", "lik6", "piu2", "hok6", "zoek3", "pei4", "gon2", "paau3", "zau3", "gwan1", "kau4",
	"seon1", "zoek3", "zaa1", "gu2", "gwan1", "gwan1", "zau3", "zaa1", "gu2", "zin2", "duk6", "ming5",
	"hei2", "jing4", "jyu4", "bui1", "diu3", "zung1", "pun4", "hap6", "jing4", "wo4", "jik1", "but3",
	"wun2", "hap6", "ong3", "zaan2", "jim4", "gaam1", "hap6", "jyu1", "kwai1", "faan3", "koi3", "dou6",
	"pun4", "fu2", "kau4", "sing6", "dou6", "luk6", "zaan2", "mang4", "lai4", "zeon6", "gwik1", "gaam1",
	"pun4", "gun3", "am1", "lou4", "zau1", "dong6", "am1", "gu2", "leoi6", "muk6", "ding1", "gon3",
	"heoi1", "maang4", "maang4", "zik6", "hei3", "jyun5", "jyun4", "soeng1", "deon6", "jan1", "hai6", "paan3",
	"fung1", "teon5", "man4", "ming4", "saang2", "si6", "wan4", "min5", "paan1", "fong2", "miu5", "daam1",
	"mei4", "mou6", "hon1", "jyun6", "kau1", "si6", "ong1", "zing1", "jiu2", "san1", "kut3", "daap6",
	"zan2", "fong3", "geoi1", "san6", "ci3", "saang2", "mui6", "mut6", "zan1", "zan1", "min4", "si6",
	"jyun1", "dit6", "nik1", "zi6", "zi6", "ciu2", "zaap3", "jyun6", "bing2", "mai5", "lung4", "seoi1",
	"tung4", "mai5", "dit6", "ji4", "ji6", "ming4", "seon1", "ci1", "kwaang1", "gyun3", "mau4", "zan2",
	"tiu3", "joeng4", "ngaan5", "mak6", "zung3", "mak6", "zoek6", "zang1", "mei4", "so1", "ciu4", "hon6",
	"wun2", "tai2", "cing2", "co4", "gyun3", "ngo4", "maan5", "jin2", "hei1", "kwan3", "loi6", "gim2",
	"sim2", "tin5", "gwan3", "ling6", "sik1", "king4", "lit6", "ngaai4", "zing1", "zang1", "lei4", "loi6",
	"seoi6", "gyun3", "seoi6", "seoi1", "duk1", "pai5", "pai5", "muk6", "fan1", "ngai6", "luk1", "jik6",
	"zit6", "coi2", "zau2", "jyu4", "maat3", "haa6", "sing2", "fui1", "gwan3", "zoi1", "ceon2", "gin1",
	"mei1", "dou2", "hau4", "hyun1", "tin3", "kwai4", "gou1", "jeoi6", "mau6", "gwik1", "fat6", "wat1",
	"miu4", "cau2", "gwai3", "mai5", "jung2", "kau3", "dong6", "can1", "hap6", "sau2", "hat6", "king4",
	"mok6", "ming4", "mun4", "fan3", "zaak3", "zoeng3", "ai3", "diu1", "kau1", "mok6", "seon3", "cung1",
	"lau1", "ci1", "mun4", "piu5", "caang1", "kwai1", "mung4", "waan6", "seon4", "pit3", "hei1", "ciu4",
	"pok3", "zuk1", "dang1", "sam2", "seon3", "liu4", "cit3", "gaan3", "ham3", "jip6", "hyut3", "tung4",
	"mou4", "leon4", "gwai3", "gaan3", "jip6", "oi3", "wai3", "zim1", "gim2", "gu2", "ziu3", "keoi4",
	"mei4", "cau2", "ning5", "fan1", "jiu6", "fok3", "mung4", "min4", "pan4", "min4", "lai6", "kwong3",
	"fok3", "hing3", "min4", "hok6", "lou4", "mung4", "lung4", "gun3", "maan5", "saai2", "cuk1", "tong2",
	"ham3", "zuk1", "maau4", "ging1", "ging1", "wat6", "sok3", "zaak6", "fok3", "ci2", "ji5", "can2",
	"zi1", "hau4", "can2", "jing5", "geoi2", "zau1", "giu2", "co4", "dyun2", "ai2", "giu2", "zang1",
	"wok6", "baa6", "sek6", "deng6", "cai3", "gei1", "zi2", "gon1", "ngat6", "zaak3", "ngat6", "gong1",
	"zik6", "faan4", "kong3", "dong6", "maa5", "saa1", "daan1", "kyut3", "lai6", "fu1", "man4", "ngo5",
	"waak6", "kong3", "zi2", "cai3", "ham2", "gaai3", "fan1", "ngap6", "ngaa6", "pei1", "zit3", "jin4",
	"seoi3", "zyun1", "ce1", "deon6", "ngaa5", "jin6", "gaam1", "fung1", "faat3", "mut6", "zaa3", "zeoi1",
	"juk6", "lo2", "to4", "to4", "dai2", "zaai6", "zam1", "ak1", "fat1", "mou5", "zyu2", "laap6",
	"bin1", "nou5", "ping1", "ping1", "leon4", "paau3", "laak6", "po3", "but3", "paak3", "san1", "zaap3",
	"ngaai6", "lai6", "lung4", "tung4", "jung6", "lik1", "kong3", "co2", "hang1", "cyun4", "zyu1", "hong1",
	"gwai1", "ngap6", "naau4", "kit3", "leot6", "ngai5", "ngoi6", "kaak3", "haan6", "jing4", "ngaan4", "dung6",
	"ping1", "sai1", "lou5", "hung4", "sek6", "haap6", "haau1", "wui4", "wui1", "kiu4", "zik1", "hang1",
	"siu1", "kok3", "cin3", "long4", "wang4", "jyu4", "haau1", "haap6", "mong5", "lok6", "jung5", "ce1",
	"zit3", "ngo4", "lau4", "ngaang6", "mong4", "kok3", "jin6", "saa1", "kwan2", "juk6", "cek3", "faa1",
	"lou5", "cam2", "gaan2", "joek6", "sung1", "zoek3", "hang1", "paang4", "jim1", "zeoi6", "hung1", "cang4",
	"gei1", "zung3", "cing3", "lam4", "kwan1", "bo1", "ding3", "man4", "diu1", "zin1", "ho6", "luk1",
	"ngoi6", "seoi3", "coek3", "ling4", "bei1", "jam4", "deoi3", "mou5", "kei4", "leon5", "wun2", "din2",
	"gong1", "bui3", "zik1", "cam2", "jyun5", "ngaam4", "dip6", "ding3", "duk6", "to4", "kit3", "jing1",
	"bin2", "haak3", "bik1", "wai3", "sek6", "zam1", "dyun3", "haa4", "dong6", "tai4", "nou5", "pung3",
	"gaan2", "dai3", "taan3", "caa4", "zing1", "kai3", "seon5", "fung1", "syun4", "kok3", "kok3", "maa5",
	"gung1", "nin5", "seot1", "ngaak6", "ci4", "lau4", "si1", "tong4", "bong6", "waat6", "pei1", "faai3",
	"song2", "leoi5", "co1", "tin4", "git3", "kai1", "lim4", "pun4", "wai3", "wan5", "deoi1", "zaak6",
	"hap6", "laap6", "zyun1", "jiu4", "gwan2", "zyun1", "caam4", "zai3", "ngou4", "paang1", "luk6", "lou5",
	"ham3", "cong2", "cam2", "jan2", "leoi5", "biu1", "zik1", "mo4", "cik1", "ceoi4", "zung1", "hing3",
	"coek3", "leon4", "gei1", "sin6", "lou4", "keoi4", "zang1", "dang3", "gaan3", "sik1", "leon4", "ding3",
	"taam2", "wong4", "pun4", "zaap6", "haau1", "dai1", "lik6", "gaan3", "ziu1", "hei1", "zoeng2", "kiu4",
	"deon1", "him2", "juk1", "zeoi6", "hat6", "hak1", "zaak6", "leoi6", "kit3", "co2", "jap6", "kok3",
	"dong2", "ngai5", "goeng1", "pik1", "pik1", "jyu6", "pan1", "ngap6", "ngoi6", "hap6", "laam4", "jyun5",
	"mung4", "paau3", "ci4", "bok6", "joeng5", "maat3", "caat3", "jin4", "kong3", "leoi6", "leoi5", "zat1",
	"lai6", "lik1", "faan4", "kok3", "paau3", "jing4", "lik6", "lung4", "lung4", "mo6", "bok6", "soeng1",
	"gun3", "laam4", "caat3", "ngaam4", "si6", "si6", "lai5", "jing4", "se5", "joek6", "zi6", "kei4",
	"taa1", "maa6", "gaai3", "jiu1", "hin1", "kei4", "kei4", "zi2", "bang1", "doi6", "zung6", "jam6",
	"ji1", "sek6", "jau6", "zat6", "tiu4", "fat1", "fu6", "bei3", "zou2", "zi1", "syun3", "mei6",
	"zou6", "keoi1", "wu2", "zuk1", "san4", "seoi6", "ci4", "caai4", "nei5", "leoi5", "jyu5", "coeng4",
	"ng4", "tiu1", "piu3", "zyu3", "gwai2", "haap6", "zi1", "zai3", "haau2", "zing1", "haau2", "seoi3",
	"zam1", "goi1", "kwan2", "dai3", "tou2", "wo6", "tou4", "kei4", "gu3", "gun3", "zeoi3", "ling4",
	"luk6", "ban2", "gam3", "dou2", "zik6", "luk6", "sim4", "pei4", "cyu5", "fai1", "jau5", "hai6",
	"jan1", "zi1", "wo6", "zing1", "fuk1", "jyun6", "ng4", "sin2", "joeng4", "tai4", "ji1", "mui4",
	"si1", "dai3", "bui3", "zoek3", "zan1", "wing6", "zik1", "haau2", "tong4", "si1", "maa6", "taap3",
	"bok3", "hyun1", "kei4", "jyu6", "hei1", "gei1", "zi6", "sim4", "taam5", "kui3", "seoi6", "lai5",
	"nung4", "nei5", "tou2", "lai6", "joeng4", "joek6", "tai4", "zaan6", "leoi6", "jau4", "jyu5", "jyu4",
	"lei4", "sit3", "kam4", "wo4", "tuk1", "sau3", "si1", "jan4", "tuk1", "zi2", "caa4", "gon2",
	"ngai6", "sin1", "bing2", "nin4", "cau1", "cau1", "zung2", "fan6", "hou3", "wan4", "fo1", "miu5",
	"zi1", "gang1", "bei2", "zi2", "jyu3", "bei3", "fu3", "bun6", "pei1", "nei4", "lik6", "jau4",
	"zou1", "pei1", "bat3", "ling4", "mut3", "cing3", "nim4", "ceon4", "joeng1", "zok6", "dit6", "zi1",
	"seot6", "geoi6", "zi2", "wut6", "zik1", "cing1", "tung4", "zi6", "wut6", "hap6", "jan1", "zi1",
	"zat1", "gaai1", "jam5", "dou6", "ji4", "zyu3", "wai3", "nung4", "fu6", "hei1", "gou2", "long4",
	"fu1", "seon3", "seoi3", "leoi5", "kwan2", "gon2", "gang1", "tai4", "cing4", "tou4", "saau2", "seoi3",
	"aa3", "leon5", "luk6", "gu3", "zok6", "nam5", "zeon3", "bong6", "baai6", "gei1", "zik6", "zi6",
	"kwan2", "ling4", "paang4", "fo1", "ban2", "cau4", "zeoi3", "juk1", "sou1", "loek6", "hoeng1", "ji1",
	"hai6", "bin2", "gei3", "fuk1", "pik1", "no6", "gaai1", "zung2", "zung1", "seoi2", "cing1", "dou6",
	"wan2", "jim4", "zi1", "juk1", "zik1", "cuk1", "zan2", "zi6", "dou6", "gaa3", "kai1", "gou2",
	"gou2", "guk1", "jung4", "seoi6", "jung4", "zai3", "hong1", "muk6", "saam1", "mun4", "zi6", "gei3",
	"luk6", "sou1", "zik1", "wing6", "wan2", "cau1", "sik1", "niu5", "jik6", "wong4", "cip3", "gei1",
	"seoi6", "hiu1", "buk6", "giu1", "zuk1", "tung4", "zeoi3", "leoi5", "seoi6", "nung4", "sik1", "wai3",
	"joeng4", "no6", "jyu6", "pan1", "zai6", "teoi4", "wan2", "cing1", "wok6", "kong3", "leoi5", "biu1",
	"sik1", "joeng4", "zoek3", "lei4", "cyun4", "jyut6", "waat3", "gau3", "kung4", "zik6", "kung4", "hung1",
	"jyu1", "sam1", "zing6", "jiu2", "cyun1", "zeon1", "dat6", "lou4", "sit3", "zaak3", "jiu2", "bin2",
	"bok6", "miu5", "bing2", "waa1", "zyut3", "gaau3", "kiu3", "diu3", "wu1", "waa1", "jiu4", "zat6",
	"coeng1", "jiu2", "tiu5", "gaau3", "coeng1", "kwan3", "haau1", "sing4", "kau3", "cyun2", "wo1", "daam6",
	"fat1", "wo1", "zeot1", "wik6", "seot1", "gun1", "kwai1", "dau6", "coek3", "jam3", "wo1", "waa1",
	"jaak3", "jyu4", "geoi6", "kung4", "jiu4", "jiu4", "tiu5", "caau4", "jyu5", "zi3", "diu3", "geoi6",
	"liu6", "sik1", "ng6", "kwai1", "coeng1", "zaau1", "fun2", "fun2", "lung1", "cang1", "ceoi3", "liu4",
	"hung1", "cyun2", "kiu3", "kung4", "dau6", "zou3", "lung1", "sit3", "lap6", "cyu3", "sap6", "fu3",
	"cin1", "cuk1", "wang4", "kei4", "hou4", "sing1", "fan1", "syu6", "miu6", "keoi5", "zaam6", "cyu5",
	"ling4", "lung4", "bing6", "ging6", "ging2", "zoeng1", "baak3", "zi6", "zeon3", "wang4", "tung4", "sung2",
	"zing6", "diu6", "ji4", "syu6", "zing6", "geoi2", "kit3", "ping4", "dyun1", "lei4", "zyun2", "cang4",
	"dang1", "ceon1", "waai1", "ging6", "ham2", "ging6", "zuk1", "zuk1", "lak6", "pung4", "jyu4", "ci4",
	"gon1", "mong4", "zuk1", "jyun4", "duk1", "gai1", "gaau2", "baa1", "syun3", "kap1", "can2", "zaau3",
	"seon2", "ngaa4", "zeoi3", "jyun4", "fat1", "hong4", "siu3", "sam4", "pei4", "bat1", "gaan2", "ji5",
	"dung1", "sim1", "sang1", "daap3", "dek6", "zeot1", "naap6", "ci1", "ku1", "lap1", "ce3", "man5",
	"baau1", "tiu4", "zi6", "fu4", "caak3", "ban6", "fat6", "daat3", "zi2", "dai6", "ling4", "zaak3",
	"nou4", "fat1", "gau2", "faan4", "gaa1", "go2", "faan6", "ci2", "maau5", "po2", "sai3", "zin1",
	"kung4", "lung4", "ming5", "bin1", "lok3", "gai3", "kuk1", "ci4", "jan1", "jiu6", "sin2", "bat1",
	"kung4", "kut3", "dang2", "gaau2", "gan1", "cyun4", "seon2", "jyu4", "fat6", "hong1", "zuk1", "tung4",
	"gai1", "daap3", "hang4", "caak3", "zung6", "kau3", "loi4", "bat1", "sai1", "dong1", "zang1", "caak3",
	"fu1", "wan4", "seoi5", "paa4", "lei4", "long4", "geoi2", "gun2", "gaan2", "ham4", "tung4", "haap6",
	"zi3", "sing4", "syun3", "sai6", "zyu6", "zok6", "siu2", "saau1", "ting4", "caak3", "jin4", "gou3",
	"faai3", "gon2", "cau4", "hong1", "gaang3", "wan4", "ng4", "cim1", "siu2", "gaan2", "pau4", "loi4",
	"zau1", "paai4", "bai3", "bei6", "go3", "ci4", "gwaai2", "jyu1", "zin1", "dou3", "ku1", "ci4",
	"zang1", "zing1", "saap3", "zau2", "luk6", "bok6", "gei1", "lam4", "syun3", "kwan3", "fuk6", "zaap3",
	"gu1", "hung1", "kim4", "hyun1", "kwan2", "ceoi4", "gun2", "jyun1", "caak3", "zyut6", "bai1", "zaak3",
	"haap6", "tok3", "lo4", "daan1", "siu1", "joek6", "zin3", "hyun1", "bin1", "seon2", "soeng1", "sin2",
	"ping4", "zam1", "sing2", "wu4", "ji4", "zyu6", "ak1", "ceon2", "leot6", "uk1", "dung2", "sok3",
	"zaap6", "zit3", "wong4", "sing1", "mei6", "faan6", "cyun4", "syun6", "pin1", "fung1", "zuk1", "hung4",
	"haap6", "hau4", "cau1", "miu5", "ham3", "ku1", "gwai6", "sik6", "lau5", "wan4", "hap6", "tong4",
	"wok6", "cau1", "gou1", "fei2", "joek6", "zing1", "gau1", "nit6", "sin3", "siu2", "saan3", "gung1",
	"pong4", "duk1", "leot6", "bei6", "zuk1", "ceoi4", "sai1", "ci4", "zuk1", "coeng1", "lung4", "laam4",
	"zin1", "bou6", "lei4", "wai6", "bat1", "dek6", "cung1", "jin1", "pung4", "caam2", "zaan6", "paai4",
	"piu3", "dau1", "jyu5", "mit6", "tyun4", "zaak3", "si1", "gwok3", "jyu4", "wu6", "caan2", "kau3",
	"cuk1", "ping4", "zou6", "gei1", "gwai2", "cuk1", "lau5", "caak3", "luk1", "nin2", "so1", "saan3",
	"diu1", "so1", "lak6", "dyun6", "loeng4", "siu1", "bok3", "mik6", "sai1", "dong6", "liu4", "daan1",
	"tim5", "fu2", "gaan2", "man5", "gwai6", "daai6", "giu1", "dang1", "wong4", "seon2", "lou4", "zaam1",
	"siu1", "lou6", "sai6", "zaam1", "kei4", "paai4", "kei4", "paai4", "gon3", "geoi6", "lou6", "luk6",
	"jim4", "bo3", "dong1", "coi3", "zaa1", "gau1", "cim1", "lim4", "bou6", "zau6", "laai6", "sik1",
	"laam4", "gwai6", "jyu4", "wok6", "gou1", "zan1", "toi4", "tik1", "nip6", "cau4", "zik6", "ji4",
	"kei4", "tang4", "zaan6", "zau6", "faan1", "sou2", "zau6", "cim1", "zoek3", "tang4", "luk6", "lou4",
	"zin1", "tok3", "jing4", "jyu6", "laai6", "lung4", "gim2", "lim4", "laan4", "cim1", "joek6", "zung1",
	"keoi4", "lim4", "bin1", "dyun6", "zyun2", "lei4", "sai1", "lo4", "jing4", "wok6", "zoek3", "jyu6",
	"mai5", "dek6", "faan4", "san1", "zaak3", "san1", "jyu5", "hat6", "leoi6", "sin1", "zi2", "nei4",
	"fan1", "sap6", "cin1", "gau2", "bei2", "bun2", "mat6", "saa1", "hong1", "jau2", "fan2", "bei3",
	"seoi6", "baak3", "hou4", "mai5", "taai3", "wu6", "baa1", "nap1", "gam1", "geoi6", "pok3", "mit6",
	"cou1", "zim1", "zau6", "ci1", "suk1", "tiu3", "lai6", "sai1", "suk1", "hung4", "tung4", "zi1",
	"saan2", "jyut6", "zuk1", "leon4", "zong1", "baak3", "lou5", "fan3", "ji4", "kuk1", "hap6", "loeng4",
	"haan6", "fu1", "loeng4", "caan3", "gang1", "gung1", "jyut6", "luk6", "guk1", "kei4", "seoi6", "baai6",
	"zoeng1", "leon4", "zung2", "zing1", "gwo2", "faa1", "sam2", "sam2", "tong4", "bin2", "jau2", "min6",
	"hau4", "seoi2", "zung2", "wu4", "zin3", "zaam1", "ci4", "lei4", "sit3", "fu1", "nik1", "bei6",
	"guk1", "sau1", "gou1", "tong4", "jau2", "gaa1", "cou3", "zong1", "tong4", "mei4", "saam2", "fan3",
	"zou1", "hong1", "goeng6", "mou4", "sam2", "saan2", "no6", "ci3", "loeng4", "goeng6", "kui2", "baak3",
	"waan4", "syu4", "zung3", "haam5", "no6", "tyun4", "jit6", "lai6", "zok6", "dek6", "jit6", "tiu3",
	"laan6", "mik6", "mik6", "gau2", "hai6", "gung1", "zang2", "gau2", "jau3", "gei2", "caa3", "zau6",
	"ceon4", "joek3", "hung4", "jyu1", "hat6", "jyun4", "jan6", "man6", "man4", "kau4", "naap6", "zi1",
	"tau2", "nau2", "fau4", "gai3", "syu1", "seon4", "pei1", "can2", "saa1", "wang4", "zi2", "kap1",
	"fan1", "wan4", "jam6", "daam1", "gam1", "sou3", "fong2", "sok3", "ceoi3", "gau2", "zaat3", "baa1",
	"gan2", "fu1", "dit6", "cai1", "zi2", "cau4", "wang4", "zaat3", "leoi6", "sai3", "fat1", "sit3",
	"san1", "bo1", "cyu5", "keoi1", "ling4", "zyu3", "siu6", "gam3", "joeng2", "fat1", "to4", "zan2",
	"doi6", "zyut3", "si1", "zung1", "jin4", "zou2", "gwing2", "bun6", "keoi4", "mak6", "seot6", "zeoi3",
	"kwong3", "ging1", "jam6", "hong4", "jai6", "git3", "zyu1", "cau4", "gwaa3", "baak3", "zyut6", "kwong3",
	"wat6", "ci3", "gang1", "gang1", "tou1", "git3", "fu3", "gaau2", "cyun1", "goi2", "lok3", "hyun3",
	"bang1", "sin3", "fuk6", "kap1", "dung6", "jung2", "tiu3", "jan1", "leoi5", "sit3", "gyun3", "seoi5",
	"goi1", "dit6", "tung2", "si1", "gong3", "coeng4", "kui2", "zyut6", "zap1", "gaan2", "gyun3", "ci1",
	"man6", "zi6", "leoi5", "sing4", "kau4", "so1", "bong2", "tung2", "siu1", "jyun4", "cim1", "gang2",
	"sau2", "tai4", "sau3", "haap6", "wang4", "gwik1", "fat1", "ting1", "seoi1", "deoi6", "kwan2", "fu1",
	"ging1", "wu6", "zik1", "jin4", "gwing2", "fung4", "gai3", "zuk6", "jan2", "zung1", "sam1", "do2",
	"lit6", "luk6", "loeng4", "cau4", "hyun3", "siu6", "kei4", "kei4", "zeon2", "kei4", "jyun2", "sin6",
	"sin3", "sau6", "wai4", "hing3", "tou4", "waan2", "gong1", "mong5", "bang1", "zeoi3", "coi2", "gwo2",
	"ceoi3", "leon4", "lau5", "ji2", "zaan6", "bik1", "coek3", "ling4", "min4", "cai1", "cap1", "taam1",
	"zung1", "gwan2", "zau1", "sik1", "zi1", "hang6", "loeng5", "gan2", "fei1", "jeoi4", "man4", "wik6",
	"zung2", "po4", "luk6", "seoi5", "jing1", "soeng5", "cai4", "seoi5", "soeng1", "gaam1", "kaak1", "sin3",
	"jyun5", "min4", "cap1", "dyun6", "cung5", "dai3", "man4", "miu4", "jyun4", "sit3", "bou2", "si1",
	"cau1", "pin1", "wun6", "gang1", "zung2", "min5", "wai6", "fuk6", "wai5", "gau1", "miu5", "kit3",
	"lin6", "zung1", "pin4", "wan6", "jan1", "tai4", "gwaa1", "zi3", "wan3", "cing1", "cin4", "doi6",
	"dyun6", "jyun4", "zung2", "seoi1", "sing4", "wai1", "gang1", "syun1", "jing4", "zeon3", "ai3", "zeoi6",
	"jik6", "bong1", "gwat1", "pun4", "zau3", "gim1", "ci1", "cyun4", "song2", "wan3", "hat6", "ceoi1",
	"hai6", "jung4", "tou1", "bok3", "wan4", "zan2", "gou2", "juk6", "huk6", "zoi2", "tang4", "jyun6",
	"sou3", "zeon2", "zung3", "tou1", "fong2", "coi3", "bat1", "fung4", "zuk1", "lei4", "suk1", "jin2",
	"si2", "zung3", "leoi4", "gyun3", "hin3", "maan6", "zap1", "leoi5", "mou6", "piu5", "lin4", "mei4",
	"syun6", "zung2", "zik1", "saam1", "seoi3", "faan4", "leot6", "bang1", "ji1", "sou1", "mau4", "jau4",
	"koeng5", "wan4", "cim1", "hai6", "zung1", "sau3", "jin4", "syun3", "seoi6", "hiu1", "zang1", "dyut3",
	"zik1", "sin6", "saan3", "leon4", "wat6", "faan4", "liu4", "coek3", "zeon1", "gaan3", "jiu5", "taan4",
	"jeoi5", "sau3", "kui2", "waak6", "zyun2", "hei1", "koeng5", "wan4", "daat6", "sing4", "kui2", "hai6",
	"sik1", "gaan2", "goeng1", "waan4", "zou2", "cung1", "gaai3", "giu2", "bik1", "daan6", "jik1", "nung5",
	"seoi6", "jik6", "saai2", "seoi1", "gai3", "ban1", "hin2", "laam4", "fuk6", "fan1", "zyun2", "cai4",
	"pung4", "joek6", "mak6", "leoi6", "kit3", "zyun2", "kwong3", "jau1", "zuk6", "leoi4", "cim1", "cin4",
	"haau1", "lou4", "cin4", "jing1", "coi4", "soeng1", "cim1", "zeoi1", "zyun2", "lo6", "saai2", "duk6",
	"laam6", "leoi4", "lyun5", "mik6", "gau2", "jyu1", "hung4", "zau6", "cim1", "hat6", "joek3", "kap1",
	"jyun4", "kwong3", "gei2", "jan6", "wai5", "wan4", "wang4", "seon4", "pei1", "saa1", "gong1", "naap6",
	"jam6", "zung3", "leon4", "fan1", "zi2", "man4", "fong2", "cyu5", "can2", "nau2", "syu1", "sin3",
	"gam3", "sit3", "fat1", "lin6", "zou2", "san1", "sai3", "zik1", "zung1", "zau3", "bun6", "fat1",
	"zyut3", "siu6", "jik6", "ging1", "doi6", "bong2", "jung2", "git3", "fu3", "jiu5", "dit6", "hong4",
	"kui1", "kap1", "hyun3", "gong3", "lok3", "zyut6", "gaau2", "tung2", "gang2", "siu1", "gyun3", "sau3",
	"gwik1", "seoi1", "tou1", "gai3", "tai4", "zik1", "seoi5", "ling4", "jing1", "zuk6", "ji2", "fei1",
	"coek3", "soeng5", "gwan2", "sing4", "wai4", "min4", "sau6", "bang1", "cau4", "tou4", "lau5", "hyun3",
	"zung1", "zaan6", "waan2", "luk6", "zeoi3", "zi1", "kaak1", "soeng1", "gaam1", "min5", "laam6", "tai4",
	"miu5", "cap1", "wan3", "kui2", "si1", "do2", "dyun6", "pin4", "sin3", "gau1", "zeoi6", "wun6",
	"dai3", "leoi5", "pin1", "man4", "jyun4", "zeon3", "bok3", "juk6", "zan2", "fung4", "ceoi1", "gou2",
	"cin4", "lei4", "ai3", "gim1", "ban1", "piu5", "maan6", "leoi4", "jing1", "suk1", "mau4", "sou1",
	"kit3", "liu4", "sin6", "zang1", "goeng1", "hin2", "zou2", "waan4", "giu2", "zyun2", "fau2", "se3",
	"gong1", "fau2", "kyut3", "fau2", "kik1", "but6", "ping4", "hong6", "siu6", "gong1", "aang1", "ang1",
	"hing3", "laa3", "gun3", "zeon1", "taam4", "kai3", "ung3", "aang1", "leoi4", "taam4", "lou4", "gun3",
	"mong5", "muk6", "mong5", "hon2", "mong5", "lo4", "fau4", "sam1", "fat6", "gu1", "zyu2", "ze1",
	"mung4", "gu2", "man4", "gong1", "baa6", "gwaa3", "tai4", "gyun3", "fau4", "sam1", "jim2", "zaau3",
	"zeoi6", "waa6", "dyut3", "wik6", "zi3", "am2", "fat6", "laam5", "cyu5", "si1", "bei1", "maa6",
	"lau5", "baa6", "fat6", "lei4", "caau3", "wai3", "bat1", "gai3", "zang1", "cung1", "lau5", "gei1",
	"gyun3", "mik6", "zaau3", "lo4", "bei1", "gei1", "gei1", "lyun4", "joeng4", "me1", "goeng1", "taat3",
	"mei5", "joeng4", "jau5", "jau5", "fan4", "baa1", "gou1", "joeng6", "gu2", "goeng1", "zong1", "gou1",
	"ling4", "ji6", "cyu5", "dai1", "sau1", "koeng5", "ji4", "sin6", "jung2", "kwan4", "kwan4", "koeng5",
	"wun4", "so1", "sin6", "ji6", "loeng4", "hong1", "kim4", "jyu4", "gang1", "kit3", "tong1", "jyun4",
	"hei1", "faan4", "zin1", "fan4", "zin1", "lim5", "leoi4", "gang1", "nau4", "hoeng3", "caan3", "jyu5",
	"hung4", "ngai6", "cung1", "jung1", "fan1", "wang4", "ci3", "ci3", "ceoi3", "fat1", "haap6", "pun2",
	"jik6", "laap6", "jik6", "pei1", "ling4", "lau6", "dit6", "keoi4", "zaap6", "kit3", "coeng4", "jap1",
	"jap1", "ke4", "kiu4", "wai3", "fai1", "siu1", "saap3", "wang4", "goeng1", "dik6", "ceoi3", "fei2",
	"duk6", "saap3", "ci3", "zyu3", "zin2", "hyun1", "ci3", "pin1", "zung1", "wun6", "fai1", "hau4",
	"hat6", "hok6", "hon6", "ngou4", "piu1", "ai3", "lin4", "hau4", "ngou4", "leon4", "pun2", "kiu4",
	"ngou4", "faan1", "jik6", "wai3", "hyun1", "dou6", "jiu6", "lou5", "lou5", "haau2", "mou6", "ze2",
	"kei4", "gau2", "gau2", "gau2", "dit6", "dit6", "ji4", "saa2", "jyun5", "ji4", "noi6", "dyun1",
	"loi6", "ting1", "zi2", "gaang1", "caau3", "hou3", "wan4", "paa4", "pei1", "toi2", "zi6", "ceoi3",
	"gaa1", "geoi6", "hap6", "co4", "lou6", "leon5", "zik6", "tong2", "ngau5", "lau4", "nau6", "gong2",
	"pong5", "zaa6", "lau4", "gei1", "lou6", "wok6", "jau1", "mo6", "waai4", "ji5", "zip3", "ding1",
	"je4", "daap3", "sung2", "kam4", "wan4", "ci2", "daam1", "daam1", "wang4", "gang2", "zik1", "paan3",
	"nip6", "daam1", "can2", "cit3", "ling4", "zing1", "jau4", "waat6", "liu4", "lung4", "zik1", "ning4",
	"tiu1", "ji4", "ngaat6", "dip3", "kut3", "sai3", "lyun4", "hou6", "sing3", "lip6", "ping3", "zing1",
	"zeoi6", "bei2", "dai2", "gwik1", "man4", "sai3", "ping1", "cung1", "ding6", "ngai6", "ting4", "geoi2",
	"cung1", "kwai1", "lyun4", "kui2", "cung1", "lyun4", "jung2", "gwai3", "lyun4", "lyun4", "cung1", "ngou4",
	"sing1", "sung2", "ting1", "kui2", "nip6", "zik1", "daam1", "ning4", "cit3", "zim6", "teng1", "ting1",
	"lung4", "wat6", "ziu6", "si3", "suk1", "ji6", "suk1", "si3", "siu6", "siu6", "juk6", "jik1",
	"lak6", "gei1", "gau6", "hang2", "caau3", "gat1", "bok3", "wun6", "fong1", "ci2", "jan6", "ciu3",
	"jyu5", "zaau2", "jyun1", "tou5", "gong1", "jung4", "gon1", "caa1", "coeng4", "gu2", "zi1", "ham4",
	"fu1", "fei4", "baan1", "pui1", "pong3", "gin1", "fong1", "zeon1", "jau4", "neot6", "ong1", "hang2",
	"jin4", "gwang1", "juk6", "man5", "ngaau4", "kei4", "bei2", "him2", "jat6", "jat6", "fai3", "hang2",
	"zeng2", "taai3", "san5", "zung2", "zoeng3", "hip3", "san6", "wai6", "zau6", "dit3", "daam2", "fai3",
	"bat6", "bok3", "keoi4", "tim4", "bui3", "gwaa1", "toi1", "zi2", "pui3", "zi1", "nei6", "ping4",
	"zi3", "fu1", "bun6", "zan1", "jin4", "zou6", "pui1", "gaap3", "sing3", "zi1", "baau1", "mou5",
	"keoi1", "wu4", "kaa3", "ci2", "jan6", "seoi1", "joeng1", "lung4", "dung3", "kaa1", "lou4", "hing5",
	"nou5", "jin1", "pong1", "kwaa3", "ji4", "gwong1", "hoi2", "gok3", "dung6", "ci1", "gaau1", "hung1",
	"hung1", "ji4", "on1", "hang4", "pin4", "nang4", "zi3", "gwai1", "zing1", "tiu2", "zi1", "ceoi3",
	"mui4", "hip3", "ceoi3", "hip3", "mak6", "mak6", "zik3", "hip3", "nin1", "kui2", "saat3", "zong1",
	"ci4", "nou5", "mai5", "nung4", "lyun5", "maan5", "but6", "man5", "gun2", "jau1", "goek3", "hing5",
	"jau4", "hang1", "co2", "lyut3", "zin1", "ting2", "mui4", "seon4", "san5", "him2", "tik1", "zyun1",
	"cuk1", "sau1", "jan3", "tyut3", "paau1", "cing4", "neoi5", "fu2", "dau6", "tyut3", "niu6", "nou5",
	"pei2", "ng4", "lo4", "lei6", "lim5", "zoeng3", "seoi6", "zip3", "loeng5", "seoi4", "pei4", "biu2",
	"leon4", "pin4", "leoi5", "wai3", "ceoi4", "daam6", "tin2", "neoi5", "zing1", "naai4", "laap6", "jik6",
	"jim1", "nam5", "san5", "zyut3", "fu6", "fu2", "geoi1", "fei4", "hong1", "wun2", "dung3", "pei4",
	"gwok3", "zung1", "ding6", "ak1", "mui4", "jyun5", "syun6", "cat1", "cau3", "lo4", "ngau5", "dai3",
	"sing1", "nou5", "syu3", "syun6", "naam5", "wan6", "zung2", "nau6", "ngok6", "soi1", "dat1", "jiu1",
	"gin3", "wai2", "goek3", "jyu4", "gaa1", "dyun3", "bik1", "coeng4", "fuk1", "sin3", "nei6", "min5",
	"wat1", "tang4", "teoi2", "bong2", "him2", "leoi5", "wat1", "sau3", "tong4", "sou3", "zeoi6", "gaak3",
	"jik1", "bok3", "liu4", "zek3", "pei4", "haai4", "gou1", "leoi5", "ban3", "au1", "coeng4", "luk6",
	"gwok3", "pong1", "saai4", "biu1", "koeng5", "fu1", "tong4", "mok6", "sat1", "zyun1", "leot3", "gaau1",
	"jing6", "leoi4", "zat6", "syut3", "ceon1", "leon6", "tung4", "paang4", "nei6", "zaa6", "liu4", "ceoi3",
	"gwai1", "hiu1", "tang1", "faan4", "zik1", "ziu1", "sin6", "fu1", "seoi6", "jeon2", "hoeng1", "seoi5",
	"fan5", "jing1", "zin1", "zaa1", "daam2", "kui2", "nung4", "tyun4", "lim4", "bei3", "jung2", "koek6",
	"zuk1", "jik1", "zeon3", "laap6", "lim5", "sou1", "tyun4", "gu2", "ci4", "ceoi3", "ban3", "fan1",
	"nou6", "wok3", "zong6", "jin6", "biu1", "hing3", "fun1", "laap6", "jin1", "lou4", "fok3", "zim1",
	"lo2", "keoi4", "zong6", "lyun5", "nai4", "zim1", "san4", "haan1", "ngo6", "gwong3", "zong1", "lam4",
	"gwong3", "zi6", "giu2", "jit6", "cau3", "kei3", "gou1", "cau3", "min4", "jit6", "zi3", "zi3",
	"gaak3", "zin6", "dit6", "zi1", "sau1", "toi4", "zeon1", "kau5", "haam6", "jyu4", "caap3", "jiu5",
	"jyu4", "zung1", "sik1", "sik1", "kau5", "jyu4", "jyu5", "hing1", "geoi2", "gau6", "jan6", "sit3",
	"se3", "se3", "gau2", "saai5", "daam1", "syu1", "saai5", "tim2", "taam3", "pou3", "pou3", "gun2",
	"jyu5", "daam1", "cyun2", "seon3", "hat6", "mou5", "zau1", "dou1", "hong1", "saan1", "ngai5", "faan4",
	"paa1", "taai5", "faan4", "baan2", "syun4", "hong4", "fong2", "bun1", "bei2", "lou4", "zung1", "laam6",
	"cong1", "ling4", "zuk6", "zaak3", "to4", "bok6", "jin4", "go2", "syun4", "gaap3", "lou4", "kung4",
	"pong4", "sai1", "kwaa1", "fau4", "zou6", "fung4", "lei4", "saau1", "jyu4", "long4", "ting5", "juk1",
	"mei5", "bok6", "maang5", "nim6", "geoi1", "wong4", "sau2", "ho3", "bin6", "muk6", "dip6", "dou6",
	"caa1", "jik6", "sau1", "cong1", "cou4", "lau4", "daai3", "syut3", "jiu6", "cung1", "dang1", "dong1",
	"coeng4", "lou5", "ngai5", "zip3", "laam6", "wok6", "mung4", "cai4", "lou5", "lou4", "caam4", "soeng1",
	"gan3", "loeng4", "gaan1", "gaan1", "sik1", "jim6", "fat1", "ping1", "jim6", "jim6", "cou2", "cou2",
	"ngai6", "lak6", "ding2", "kau4", "ngaai6", "naai5", "tiu4", "kau4", "zit3", "pung4", "jyun4", "jik6",
	"ngaai6", "min4", "me1", "gon1", "cin1", "wu6", "wu6", "coek3", "gung1", "dou6", "wu6", "hei2",
	"mong4", "zi6", "wai2", "zik6", "zi6", "hoeng1", "pei4", "fu4", "tyun4", "wai5", "mou4", "zi1",
	"hat1", "saam1", "man4", "him3", "jan4", "fau4", "kau1", "gaai3", "lou4", "zeoi6", "kap6", "kam4",
	"kei4", "jyun4", "fan1", "baa1", "jeoi6", "sam1", "gei6", "faa1", "faa1", "fong1", "mat6", "kyut3",
	"gau2", "zi2", "wan4", "kan4", "ou3", "co1", "mou6", "ngaa4", "fai3", "jing4", "gong1", "cung1",
	"cim4", "jau5", "bin6", "ngaai6", "cit3", "wai5", "lik6", "pat1", "ak1", "jin6", "coeng4", "cong1",
	"cyu5", "sou1", "jyun2", "jim5", "ling4", "toi4", "tiu4", "miu4", "miu4", "king2", "lap1", "jung6",
	"ho1", "muk6", "bui6", "baau1", "gau2", "man4", "ji5", "ji5", "geoi6", "pei2", "joek6", "fu2",
	"ning4", "nei5", "baak6", "bing2", "sim1", "cau4", "jiu2", "sin1", "bun2", "wang4", "jing1", "zaa3",
	"dung2", "zeoi1", "dit6", "nip6", "gam1", "fu1", "ping4", "mui4", "fu4", "sang1", "gu1", "bat6",
	"mei6", "fat1", "zyut3", "mau6", "faan6", "ke2", "maau4", "maau5", "baat6", "ci4", "mut6", "zi1",
	"zi2", "ci4", "gik1", "hang1", "lung4", "cung1", "niu5", "jyun2", "cyut3", "jing4", "king4", "gaak3",
	"meng5", "lai6", "jung4", "jan3", "gan3", "sin6", "coi2", "coi2", "jyut6", "hou1", "zi6", "lit6",
	"ng4", "gei6", "gwai1", "caak3", "gaan2", "ci4", "gau2", "gwong1", "mong4", "caa4", "gaau1", "ziu1",
	"fuk6", "jyu4", "zyu1", "zi1", "gong1", "wui4", "jan1", "caa4", "fat6", "jung4", "jyu4", "cung1",
	"mong5", "tung4", "zung6", "hin1", "zuk1", "seon1", "jyun4", "fu1", "cyun4", "goi1", "taap3", "ging1",
	"hang6", "cyun2", "cou2", "ging1", "ji4", "on3", "kiu4", "ci4", "jam5", "zin3", "tai4", "fong1",
	"ping4", "lai6", "gan1", "lou5", "seot6", "zong1", "daat6", "gaap3", "jiu4", "bat1", "zak1", "kiu4",
	"wai3", "cai5", "dong6", "zi6", "wing4", "fan1", "jing4", "lok3", "jing4", "cam4", "zeon2", "syun1",
	"jam1", "maai5", "hung4", "zau6", "joek6", "dou6", "mei5", "huk1", "dau6", "fu1", "jan2", "jam4",
	"ho4", "but6", "bou6", "wan5", "dik6", "tou4", "seoi1", "seoi1", "sing4", "san4", "mou4", "bit6",
	"hei1", "gang2", "lei6", "pou4", "zyu6", "mut6", "lei6", "zong1", "zok6", "tyut3", "kau4", "so1",
	"co1", "cam4", "pung4", "geoi2", "mui4", "maang4", "hang6", "hang1", "ce1", "san1", "gwan1", "jin4",
	"ting4", "jau4", "co3", "gun1", "ham6", "jau5", "cok3", "gaap3", "mong4", "suk1", "nau5", "saau1",
	"jin6", "loeng4", "fu1", "ngo4", "mok6", "man6", "zit3", "naam4", "ping4", "ham2", "loi4", "lin4",
	"si4", "wo1", "tou3", "cim1", "wok6", "jau4", "jing4", "ang1", "jing4", "seon4", "mong5", "mong5",
	"ci3", "jyun2", "zing1", "dik1", "keoi4", "dung1", "gaan1", "zau1", "gu1", "laap6", "luk6", "guk1",
	"mei6", "kwan2", "nip6", "kwan1", "go1", "duk6", "zi1", "gou2", "gwo2", "fuk6", "leon4", "coeng1",
	"cau4", "sung1", "ceoi4", "zaan6", "mun4", "coi3", "bat6", "lai4", "tou3", "bo1", "haam5", "bou6",
	"jan3", "gyun2", "sik1", "kan4", "dai2", "zip3", "pou4", "dong6", "gan2", "ciu4", "toi4", "gang1",
	"waa4", "gu1", "ling4", "fei2", "kan4", "am1", "mong5", "bung2", "zau2", "jin1", "zeoi1", "gin1",
	"lam5", "taam2", "suk6", "tim4", "dou3", "fu2", "kei4", "wo4", "seoi6", "tou4", "ceon1", "bei1",
	"coeng4", "wun4", "fai6", "loi4", "cai1", "mang4", "ping4", "wai2", "daam6", "saap3", "wun4", "jin5",
	"ji4", "tiu4", "cai5", "gun1", "caak3", "noi6", "zam2", "tok3", "syun3", "tip3", "lo4", "bei1",
	"ngai6", "pang4", "bok6", "paau1", "ding6", "jing4", "jing4", "jing4", "siu1", "saat3", "cau1", "fo1",
	"hoeng3", "maan6", "jyu5", "jyu4", "fu6", "lin6", "hyun1", "hyun1", "naam5", "zak1", "wo1", "ceon2",
	"siu1", "jyu4", "pin1", "mou6", "jam1", "ngok6", "lok6", "jing4", "kut3", "kut3", "goeng1", "min5",
	"zou6", "zeoi1", "bou2", "jau4", "saai2", "jip6", "am1", "keoi4", "gaan1", "fuk1", "leot6", "zin1",
	"pun4", "fung1", "hung4", "hung4", "hau4", "jin4", "dat6", "zyu3", "zi1", "soeng1", "sam6", "got3",
	"kit3", "king4", "mei5", "wong4", "sam1", "pou4", "koi3", "dung2", "zau6", "zin3", "wai5", "but6",
	"wui1", "baa1", "gai3", "wu4", "zong3", "gaa1", "dyun6", "joek6", "seoi1", "cung1", "cyun4", "wai1",
	"zam1", "kwai4", "ting4", "fan1", "saai2", "si1", "cap1", "laam4", "zung1", "jiu1", "jyun1", "mei4",
	"wan1", "wat6", "dai3", "syun6", "gun1", "jim5", "zuk1", "cin2", "kaai2", "gwai6", "faa1", "zoeng1",
	"lau4", "wai2", "paai3", "wing6", "sau1", "jan1", "si1", "seon4", "si4", "wan1", "zan1", "long6",
	"mung4", "lik6", "kyut3", "syun3", "jyun4", "lei6", "geoi2", "sik1", "bong3", "ceoi4", "ceoi4", "tou4",
	"lau4", "wok6", "dim2", "sin6", "zou1", "pok3", "co4", "jyun1", "co1", "juk6", "gwaai2", "pun4",
	"pou4", "pou4", "naap6", "sok3", "hai4", "fan4", "wan4", "zing1", "gim1", "zat6", "joek6", "cong1",
	"jan1", "mai4", "hou1", "syun1", "zeon1", "ming4", "sau1", "cuk1", "lau4", "zik6", "gwat1", "long4",
	"jung4", "jung2", "koi3", "co3", "si1", "tong4", "lo2", "juk6", "so1", "hin1", "pui5", "jiu5",
	"gwai3", "bei1", "zung2", "gwan2", "zo6", "tiu4", "cik1", "pui3", "laam4", "daam6", "gai3", "lei4",
	"sam1", "long5", "jyu6", "ling4", "jing4", "mak6", "diu6", "tiu1", "mou6", "tung1", "zuk6", "pung4",
	"am1", "lin4", "cung1", "saai2", "ping4", "jau1", "seon4", "zit6", "wai4", "teoi1", "cou4", "jyu6",
	"ngai6", "cap1", "liu5", "bat1", "lou5", "suk1", "bou6", "zoeng1", "leoi4", "koeng2", "maan6", "jin4",
	"ling4", "gei3", "biu1", "gwan2", "dik6", "cuk1", "luk6", "cit3", "soeng1", "dik6", "mit6", "fan1",
	"maan6", "baak6", "dai3", "co4", "ze3", "sam1", "syun6", "wai3", "huk6", "ngou4", "mai5", "lau4",
	"cuk1", "zung1", "coi3", "po4", "zoeng2", "mat6", "cung1", "niu5", "seoi6", "gyun6", "jan4", "jin1",
	"so1", "jam1", "gwok3", "can4", "wu6", "saat3", "kau3", "sin6", "maa4", "cong4", "zaak3", "coeng4",
	"dau1", "lim5", "leon6", "kau3", "oi2", "bai3", "lai4", "wai2", "gik1", "cam4", "sing3", "faan4",
	"mang4", "ngau5", "cin2", "din2", "cam5", "ziu1", "jeoi5", "jeoi5", "leoi5", "jyu4", "kiu4", "cyu4",
	"waa4", "gaan1", "maai5", "wan4", "bou1", "jau4", "keoi4", "lou6", "jiu4", "wai6", "ngok6", "tai4",
	"fei2", "zyut6", "zeoi3", "faat3", "jyu4", "fan4", "gwai6", "seon3", "jeoi6", "ngaa5", "seoi1", "kyut3",
	"dong6", "mou4", "dung2", "si1", "siu1", "sik1", "saat3", "wan1", "saau2", "kei4", "gaan1", "wan3",
	"syun1", "ling4", "jyu6", "haa4", "ung3", "cap1", "hung4", "sei3", "nung4", "leoi5", "hyun1", "wan1",
	"juk1", "hat6", "hou6", "bok6", "hou1", "oi3", "mei4", "wai3", "wai3", "gai3", "ci4", "hoeng1",
	"waan6", "mit6", "ji3", "ling4", "goeng1", "caan3", "sam1", "coeng4", "lim4", "gwo1", "jyun4", "daat6",
	"tai3", "tong1", "sit3", "bai6", "zim1", "syun1", "cim1", "faan4", "ding2", "haai6", "gu2", "haai6",
	"suk6", "zin3", "haau2", "gwang1", "saat3", "san1", "fan1", "baai6", "sau2", "syu4", "fan1", "deoi6",
	"pan4", "jyun5", "ning4", "cau4", "maai4", "jyu4", "piu1", "toi4", "cai5", "zou2", "can4", "zan1",
	"ji5", "ji5", "jing4", "gou2", "cung4", "hiu1", "kei4", "fat6", "gin2", "zeoi6", "kwai1", "zik6",
	"bin2", "diu6", "mat6", "laam4", "zeon2", "cong4", "miu5", "king4", "kit3", "sin2", "liu4", "ngau5",
	"haan4", "suk1", "leoi4", "ngai6", "zuk6", "se2", "lai4", "ngai6", "laa5", "leoi5", "kiu2", "dik6",
	"zi2", "bei1", "tang4", "joek6", "mo4", "wun6", "biu1", "faan4", "sau2", "taam4", "teoi1", "kung4",
	"ciu4", "wai3", "lau4", "wui6", "au1", "gou2", "wan3", "bou2", "lik6", "syu4", "oi2", "leon6",
	"zou2", "hyun1", "can3", "laai6", "fok3", "tok3", "ng6", "jeoi5", "jeoi5", "kei4", "hang4", "lou4",
	"sou1", "teoi4", "mong4", "wan3", "pan4", "jyu5", "fan1", "kei3", "gwing2", "hyun1", "mo4", "cau1",
	"sou1", "gwing2", "pung4", "jit6", "baak3", "joeng4", "ai3", "sin2", "juk6", "guk1", "lim5", "lim5",
	"jan2", "coeng4", "jing1", "lung4", "tau2", "faa1", "joek6", "ling4", "keoi4", "jiu4", "faan4", "mei4",
	"ham3", "laan4", "gai3", "dong6", "maan6", "leoi6", "leoi4", "fai1", "fung1", "zik1", "ngai6", "kwai4",
	"zaam3", "waai4", "lei4", "hai6", "mei4", "leoi5", "waai6", "lo4", "zai1", "kwai4", "lou6", "zim1",
	"saat3", "tang4", "leoi4", "hyun2", "hiu1", "jik6", "lyun4", "mun4", "bit3", "fu1", "fu2", "lou5",
	"joek6", "leoi6", "si1", "haau1", "kin4", "cyu3", "fu4", "heoi1", "co4", "fuk6", "heoi1", "heoi1",
	"lou5", "fu2", "jyu4", "hou6", "gaau2", "geoi6", "gwik1", "bou6", "ngaan4", "zaan6", "zaan6", "kwai1",
	"ban1", "gwik1", "suk1", "cung4", "kau4", "diu1", "gei2", "kau4", "ding1", "sat1", "buk1", "gwat1",
	"zaak3", "se4", "jyu1", "hon4", "zi2", "hung4", "wai2", "mong4", "gat1", "seoi1", "haa1", "caai3",
	"sik6", "ngai5", "maa5", "hoeng2", "fong1", "ak1", "baa1", "cik3", "hin1", "man1", "man1", "jeoi6",
	"pong5", "pei4", "jyut6", "gwan1", "kei4", "jim4", "jan5", "kei4", "caam4", "jyun4", "kyut3", "wui4",
	"kam4", "kei4", "zung6", "ngaa4", "hou4", "muk6", "wong4", "fan4", "fan4", "hong4", "gung1", "zou2",
	"fu6", "jim4", "gaai3", "fu4", "ci1", "dau2", "baau1", "hin2", "nei4", "taai3", "jau1", "jau4",
	"zaak3", "ping4", "ci4", "jau3", "ho4", "ham1", "geoi6", "cik1", "fu6", "jim4", "zaat3", "ngau1",
	"pei4", "pei4", "jin4", "zyu3", "diu1", "bit6", "bing2", "gu1", "jim4", "zeoi1", "se4", "tit3",
	"ling4", "gu2", "daan6", "gu2", "jing4", "lai6", "cing1", "kuk1", "mau4", "gaak3", "ci3", "wui4",
	"wui4", "mong4", "fau6", "joeng5", "waa1", "lit6", "zyu1", "ji1", "haan4", "kut3", "gaau1", "lai6",
	"jik6", "ping4", "kit3", "gap3", "sit6", "ji4", "mong5", "mak6", "kung4", "kit3", "gwai2", "zat6",
	"maan4", "lou5", "zat6", "gaap3", "jiu4", "si1", "cai4", "hing1", "lyut6", "kau4", "saau1", "jung2",
	"gaap3", "teoi3", "ce1", "bui3", "ngo4", "ham5", "suk6", "syun4", "fung1", "san6", "fu2", "hin2",
	"zit3", "ng4", "fau4", "lei4", "long4", "bai6", "ceoi4", "jyun1", "jau5", "gip3", "daan6", "jin4",
	"ting4", "tin4", "teoi3", "wui4", "wo1", "zi1", "sung1", "fei2", "geoi1", "mat6", "kei4", "kei4",
	"juk6", "kwan5", "laap6", "maang5", "goeng1", "si1", "sik1", "leon4", "lai6", "dip6", "tiu4", "tou1",
	"gwan1", "ham4", "ham5", "wik6", "pong5", "fei4", "pei4", "wai1", "deon1", "jik6", "jyun1", "seot1",
	"kyun4", "hin2", "jeoi6", "ngai4", "cing1", "wai2", "loeng5", "gwo2", "jyun1", "dung1", "ok3", "baan2",
	"dai3", "mong5", "caam4", "me1", "jing4", "gwok3", "sim4", "ding6", "laap6", "fo1", "zik1", "hot3",
	"ting4", "mou6", "seoi1", "min4", "jyu4", "gaai1", "sik6", "hyun1", "wong4", "jin2", "bin1", "jau4",
	"wai1", "fu6", "jyun4", "mei6", "wai6", "fuk1", "jyu4", "kit3", "jau4", "cau4", "maau4", "haa1",
	"jing1", "sat1", "cung4", "tong1", "zyu1", "zung1", "tai4", "fuk1", "jyun4", "kwai1", "mang4", "laat6",
	"doi6", "wu4", "cau1", "dip6", "lik6", "wo1", "wan1", "geoi2", "naam4", "lau4", "ceon1", "wing4",
	"jing4", "zoeng1", "teoi3", "long4", "pong4", "si1", "sik1", "zi1", "hai4", "jyun4", "jung1", "lim4",
	"sau1", "baan1", "jung4", "jung4", "zat6", "wu1", "jau3", "hon6", "ceon4", "ji4", "bai1", "waat6",
	"tong4", "ngai5", "dou3", "noi6", "hot6", "huk6", "gwai1", "maa5", "ming4", "jik1", "man1", "jing4",
	"tang4", "zung1", "cong1", "sou3", "kei4", "mun5", "tiu4", "soeng1", "sik1", "cou4", "ci1", "dai3",
	"ngou4", "luk6", "wai3", "dit6", "tong4", "can4", "piu1", "keoi4", "pei4", "jyu4", "zim6", "lo4",
	"lau4", "jan2", "zung1", "jan5", "zoeng1", "seot1", "man1", "giu1", "maan6", "zat6", "ze3", "maa4",
	"maa4", "gwok3", "lau4", "maau4", "sik1", "cung1", "lei4", "mun5", "siu1", "kei4", "zoeng1", "mong5",
	"zoeng6", "mat6", "zai1", "si1", "cau1", "zik1", "paang4", "paang4", "giu2", "keoi4", "bit3", "liu4",
	"pun4", "wai1", "hei2", "gei2", "zyun1", "wong4", "fei4", "lou4", "kyut3", "kyut3", "wai6", "taam4",
	"sim4", "ziu1", "sin6", "jiu4", "siu1", "mou4", "cung4", "cing4", "si1", "cyu4", "cing1", "dong1",
	"lai5", "haai5", "sin6", "ngai5", "ging2", "daat6", "sim4", "kai3", "ci1", "hoeng2", "sip3", "lo2",
	"kam4", "jing4", "caai3", "lai6", "caak3", "hyun1", "lim4", "zuk1", "zaak6", "hit3", "mong5", "haai5",
	"cai4", "wing4", "gaan2", "mung5", "hou4", "jyu4", "wok6", "zok6", "zit6", "pan4", "kok3", "mit6",
	"faan4", "leoi5", "zit6", "laap6", "man5", "lai5", "ceon2", "lai6", "cau1", "jit6", "lou4", "dou3",
	"siu1", "zyu1", "lung4", "lai5", "lung4", "fung1", "jit3", "pei4", "joeng6", "gu2", "gyun1", "ang1",
	"syu4", "kwai4", "caam4", "keoi4", "kyun4", "dou3", "caam4", "maan4", "keoi4", "zit3", "zuk1", "zyut3",
	"hyut3", "fong1", "nuk6", "pui1", "nuk6", "jan6", "zung3", "mak6", "nei6", "haak3", "mit6", "sik1",
	"hang4", "jin2", "hon3", "jyun2", "geoi6", "ling4", "jyun6", "seot6", "haam4", "tung4", "hong6", "gaai1",
	"haam4", "ngaa4", "wu4", "wai6", "dou6", "cung1", "wai6", "dou6", "zeon1", "hang4", "keoi4", "ji1",
	"ji1", "bou2", "gon2", "jyu1", "biu2", "caa3", "saam1", "can3", "fu1", "gwan2", "fan1", "seoi1",
	"gip3", "naap6", "zung1", "dam2", "nik1", "zung6", "zung1", "gaai3", "zi2", "ce4", "jim4", "zi1",
	"jam6", "kam1", "kam1", "gwan1", "jyun4", "mai6", "caai3", "ou2", "niu5", "fai1", "jim4", "gaa1",
	"to4", "ling5", "doi6", "pou5", "pou4", "jau3", "zo3", "bat1", "siu6", "taan2", "zeoi6", "ho6",
	"jyut6", "zau6", "zan2", "ji5", "fat1", "dai1", "mat6", "fu6", "gwan2", "dit6", "dit6", "jim4",
	"faan4", "ji3", "mau6", "tok3", "neot6", "kau1", "jyun6", "dim1", "keoi1", "bei6", "zaap6", "ji5",
	"but6", "mou5", "fuk6", "ji4", "ci2", "fu3", "jam6", "gong3", "gaap3", "zin6", "git3", "ji4",
	"gok3", "jyu4", "zyu1", "gwai1", "jan1", "coi4", "lit6", "lung6", "hang4", "zong1", "dong1", "seot1",
	"gwan1", "kang3", "niu5", "syu6", "gaap3", "kwan2", "cing4", "leoi5", "gyun1", "san1", "pau4", "gat1",
	"jeoi6", "jyu6", "zan3", "lau4", "kau4", "kwan4", "zai3", "jap1", "bou2", "zong1", "seoi3", "saa1",
	"kwan4", "leoi5", "lin4", "lim5", "fu3", "gaan2", "bou1", "cim1", "pei4", "gwan1", "tou4", "jyun3",
	"ling4", "ci2", "coeng1", "cau4", "zyut3", "biu2", "loeng5", "soeng4", "pui4", "pui4", "fei1", "jyun1",
	"lo2", "gwo2", "jim2", "duk1", "sik1", "zai3", "geoi1", "ji2", "gei6", "gwo2", "gwaa3", "kang3",
	"cai1", "tai3", "tai4", "fuk1", "cung4", "kit3", "bin2", "dip6", "gwan1", "dyun1", "zau6", "zau6",
	"hot3", "jyun6", "bou1", "bou2", "fu3", "jyu4", "teon3", "jin2", "fai1", "bui3", "cyu5", "leoi5",
	"baau1", "daan1", "wan2", "taap3", "kau1", "daap3", "waai4", "jung4", "jyun6", "juk6", "naai6", "gwing2",
	"so2", "bun1", "tan3", "ci2", "song2", "niu5", "ang1", "zik6", "hin1", "waai4", "fu3", "lin4",
	"laam4", "lei4", "zip3", "si1", "leoi5", "ngai6", "dip6", "sit3", "sin1", "wai3", "biu2", "cou4",
	"zik1", "koeng5", "sam1", "bou1", "soeng1", "bat1", "fuk6", "gaan2", "zyun6", "gaan3", "ceoi3", "gik1",
	"daan1", "zaap6", "faan4", "but6", "zoeng6", "cam4", "bit6", "jiu4", "loeng5", "laan4", "ou2", "zaak6",
	"kui2", "cou3", "seoi6", "nung4", "cim1", "lim5", "bik1", "kam1", "dong1", "suk6", "zin3", "bei6",
	"laam4", "fuk6", "jyu4", "zi2", "deoi3", "suk6", "mat6", "sik1", "baai2", "kit3", "bok3", "can3",
	"laai6", "lung4", "zaap6", "laan4", "zip3", "daai3", "geoi2", "zaan3", "si1", "gaan2", "paan3", "ngai6",
	"laan4", "aa3", "sai1", "sai1", "jiu3", "taam4", "fuk1", "fiu3", "fuk1", "baa3", "hat6", "gei1",
	"gei1", "gin3", "gun1", "bin6", "jim3", "kwai1", "gok3", "pin2", "mou6", "mik6", "mik6", "pit3",
	"si6", "zi6", "zim1", "can2", "gok3", "mik6", "tiu3", "lim4", "jiu6", "zi3", "gwan1", "hat6",
	"sim2", "wai1", "gwik1", "tin2", "jyu4", "laam5", "ngok6", "dou2", "can1", "pong2", "gei3", "ming4",
	"jing4", "gau3", "ceoi3", "zaam3", "gan3", "gun1", "dang1", "gaan3", "lo4", "ceoi3", "gaan3", "mei4",
	"gok3", "ceoi3", "lo4", "laam5", "sam2", "dik6", "gun1", "gin3", "gun1", "jim3", "kwai1", "mik6",
	"si6", "zim1", "laam5", "gok3", "gei3", "hat6", "dik6", "tin2", "jyu4", "gau3", "gan3", "ceoi3",
	"gok3", "kau4", "gan1", "cou1", "kyut3", "zi3", "caau3", "kap1", "gu1", "daan6", "zi1", "dai2",
	"soeng1", "waa6", "kyun4", "gaak3", "sai6", "gaai2", "gwai2", "gwang1", "zuk1", "gaai3", "wan6", "kau4",
	"sing1", "cuk1", "ngai4", "gei1", "luk6", "zi3", "zaa1", "bit1", "sing1", "huk6", "soeng1", "gwang1",
	"zi3", "hok6", "zuk1", "kwai4", "ji4", "luk6", "kyut3", "kwai4", "jin3", "kwai4", "jin4", "jin4",
	"ding3", "fu6", "kau4", "kau4", "giu3", "gwang1", "gai3", "faan6", "seon3", "diu3", "hung4", "caai3",
	"tou2", "heoi1", "kit3", "ji4", "jan6", "fan3", "ngan4", "saan3", "ngat6", "tok3", "gei3", "seon3",
	"ngan4", "ngo4", "fan1", "ngaa6", "jiu1", "zung6", "can2", "jam4", "jan1", "kyut3", "haau4", "neot6",
	"sam4", "jau4", "zi2", "hung1", "fong2", "seon3", "caau2", "cit3", "ngaan4", "saa2", "zeon3", "heoi2",
	"jik1", "jik6", "sou3", "ci1", "ho1", "san1", "wo4", "seot1", "can2", "zyu3", "zing3", "gau3",
	"zi2", "zi2", "zaam1", "gu2", "fu6", "gyun2", "dit6", "ling4", "dai2", "joeng3", "lei6", "naau4",
	"pun3", "zau3", "gam3", "jai6", "geoi6", "aau3", "zaa3", "to4", "ji4", "heoi2", "ziu3", "ping4",
	"bei3", "gwing2", "wat1", "bat6", "daat3", "zo3", "tou1", "cyu5", "ci4", "zip3", "wing6", "heoi2",
	"seon1", "ngai6", "fong1", "hap6", "si3", "caat3", "haau6", "si1", "han2", "caa3", "gau3", "gwai2",
	"cyun4", "fui3", "kit3", "waa6", "goi1", "coeng4", "wui1", "san1", "zau3", "tung4", "mai4", "zim1",
	"ming6", "ngaak6", "fui1", "ngaan4", "hung1", "gwaa3", "nei6", "bang2", "tiu5", "ci4", "loi6", "zyu1",
	"hong1", "kwaa1", "mou4", "jyu6", "tang4", "gei6", "zi3", "jing6", "cuk1", "long5", "ngo4", "gwong2",
	"oi1", "sai6", "ting5", "daan3", "bui6", "cim4", "jau5", "hang1", "ciu3", "cam1", "saa3", "am1",
	"jyu5", "haau6", "sing4", "gaai3", "jin6", "mou4", "ng6", "gou3", "zung6", "bou1", "fui3", "ging6",
	"syut3", "zan3", "syut3", "duk6", "waa1", "coeng3", "seoi4", "zit6", "fo3", "wat1", "cung4", "haau4",
	"seoi6", "mong5", "jin4", "fei2", "ci1", "daap6", "ji4", "ngai6", "ngan4", "diu6", "pei2", "zyut3",
	"cim2", "cam1", "zeon1", "gei6", "hei1", "taam4", "zeoi3", "wai2", "guk1", "cing2", "dung2", "zang3",
	"zaak3", "zau1", "hin1", "doek3", "loeng6", "zin3", "cuk1", "haak3", "leon6", "sam2", "biu2", "waa6",
	"pin4", "jyu4", "dip6", "seoi1", "pin4", "si6", "hyun1", "si3", "wan6", "faa3", "ngok6", "zung3",
	"dai3", "haai4", "fuk1", "pou2", "ting4", "gaan3", "kai2", "jyu6", "zi1", "zyun1", "saai2", "wai5",
	"jan1", "am1", "haam4", "naam4", "sam4", "fung3", "zyu1", "joeng4", "jin6", "wong4", "hyun1", "gaak3",
	"nok6", "cap1", "mau4", "jit3", "wai6", "sing1", "tang4", "zau1", "sin3", "gin2", "bok6", "kwai5",
	"fong1", "waak6", "go1", "jing4", "mai4", "siu2", "mat6", "hai5", "coeng1", "can1", "joek6", "tai4",
	"suk1", "pong3", "ci4", "him1", "si3", "gong2", "jyun4", "ze6", "hok6", "tou1", "jiu4", "jiu4",
	"wu6", "jyu4", "biu1", "cung3", "hing3", "lei4", "mou4", "mou4", "soeng1", "zaak6", "mau6", "zin2",
	"zaak3", "ze1", "lin4", "lau4", "cam3", "au1", "gwan3", "zaap6", "zoek3", "ngou4", "ngou6", "gan2",
	"zip3", "ji4", "fu1", "koeng5", "maan4", "zaau1", "ham6", "waa1", "cin2", "jyu4", "zang1", "sap1",
	"hei1", "zaa1", "deoi6", "zing3", "naau4", "laan4", "ngo4", "jing1", "kyut3", "gei1", "zyun2", "giu2",
	"bo3", "wai6", "zaan6", "mou4", "zam3", "zaap3", "sik1", "ciu4", "taam4", "zam3", "pou2", "sing4",
	"hyun1", "cou3", "taan1", "dong2", "seoi6", "him2", "gik1", "giu3", "ging2", "zaam1", "nung4", "ji1",
	"oi2", "zim1", "pei3", "wai2", "waa6", "jik6", "ji5", "sin6", "joeng6", "nau6", "hin2", "deoi6",
	"daap6", "wu6", "zau1", "haak3", "ngaai6", "jing1", "gaam1", "jyu6", "zin2", "wai6", "duk6", "zaak6",
	"gyun3", "zaan3", "leoi5", "sam2", "wai6", "cim2", "lik6", "wai4", "bin3", "zip3", "jin3", "ngok6",
	"cau4", "wai6", "cau4", "jiu6", "caam4", "joeng6", "jan2", "laan4", "cam3", "kwai4", "zip3", "fun1",
	"zaan3", "ngai6", "dong2", "zim1", "jin6", "duk6", "jin4", "gai3", "ding3", "fu6", "jing6", "gei1",
	"kit3", "hung6", "tou2", "joeng6", "saan3", "ngat6", "tok3", "fan3", "ji5", "seon3", "gei3", "jan6",
	"gong2", "wai5", "au1", "geoi6", "ngaa6", "neot6", "heoi2", "ngo4", "leon6", "hung1", "zung6", "fung3",
	"cit3", "fong2", "kyut3", "zing3", "gu2", "ho1", "ping4", "zo3", "sik1", "gwing2", "zaa3", "sou3",
	"can2", "dai2", "zau1", "ci4", "wat1", "ziu3", "bei3", "jik6", "ji4", "hong1", "loi6", "si3",
	"gwaa3", "si1", "kit3", "fui1", "sing4", "zyu1", "san1", "waa6", "daan3", "gau3", "cyun4", "gwai2",
	"seon1", "ngai6", "zaang3", "goi1", "coeng4", "caa3", "wan6", "heoi2", "zau1", "gaai3", "mou4", "jyu5",
	"ciu3", "ng6", "gou3", "jau5", "fui3", "gwong2", "syut3", "zung6", "oi1", "cing2", "zyu1", "zau1",
	"nok6", "duk6", "doek3", "fei2", "fo3", "wai2", "jyu4", "seoi4", "sam2", "diu6", "cim2", "loeng6",
	"zeon1", "seoi6", "taam4", "sam2", "ji4", "mau4", "sam4", "dip6", "fong1", "gaan3", "haai4", "joek6",
	"jit3", "wai6", "ngok6", "jyu6", "hyun1", "caam4", "zi1", "am1", "jin6", "dai3", "mai4", "pin4",
	"seoi1", "mou4", "dong2", "suk1", "ze6", "jiu4", "pong3", "si3", "him1", "mat6", "gan2", "maan4",
	"zaak6", "zin2", "mau6", "taam4", "zam3", "ciu4", "laan4", "pou2", "kyut3", "jin6", "hin2", "zim1",
	"cam3", "guk1", "cin1", "wang4", "haa1", "gik1", "hung4", "ham4", "hung1", "kai1", "hai4", "kut3",
	"liu4", "haam2", "duk6", "lung4", "dau6", "gong1", "hei2", "si6", "lai5", "dang1", "wun1", "bai1",
	"syu6", "haam5", "fung1", "dit6", "dit6", "jim6", "jim6", "ci2", "cuk1", "fui1", "tyun4", "ngai6",
	"tyun4", "jik6", "gin1", "baa1", "kau3", "ak1", "co4", "zoeng6", "waan6", "gin1", "han2", "goi1",
	"geoi3", "fu1", "hei1", "ban1", "hou4", "jyu6", "zyu1", "gaa1", "fan4", "hai4", "bok6", "wan1",
	"jyun4", "ban1", "dik1", "zung1", "fan4", "ai3", "zi6", "paau3", "caai4", "ngon6", "pei4", "neot6",
	"pei1", "gau2", "neot6", "jau6", "diu1", "mak6", "si3", "jau1", "wun4", "han2", "hok6", "hok6",
	"mak6", "ngon6", "maau6", "lei4", "maau6", "bei2", "jyu5", "gaa1", "teon1", "maau1", "pei4", "hai4",
	"jik1", "geoi6", "mak6", "ceoi1", "taan4", "fun1", "fok3", "bui3", "zing1", "jyun4", "fu6", "coi4",
	"gung3", "tik1", "ji4", "hong4", "wun6", "pan4", "fo3", "faan3", "taam1", "gun3", "zaak3", "zat1",
	"ji6", "cyu5", "sai3", "bei3", "zi1", "ji6", "gwai3", "pin2", "bin2", "maai5", "taai3", "sang3",
	"fong3", "fai3", "tip3", "ji4", "ci4", "mau6", "ho6", "bei3", "lou6", "jam6", "kui2", "goi1",
	"pin4", "zi1", "gaa2", "seot1", "caak6", "gaau2", "goi1", "zong6", "zin6", "jing1", "seon3", "zan3",
	"se1", "ban1", "ban1", "kau4", "se1", "cyun3", "zong1", "zau1", "loi6", "zaan3", "ci3", "cam1",
	"soeng2", "tin2", "pui4", "gang1", "jin4", "maai6", "zin6", "seoi6", "fu3", "daam6", "cung4", "cung4",
	"zat1", "zai1", "zoeng3", "dou2", "zeon2", "hing1", "seon2", "wan2", "bou2", "zoi1", "laai6", "fung3",
	"cong3", "zai1", "sing6", "jat6", "zaan6", "fu6", "gau3", "coi3", "zaak3", "laau4", "ji3", "baai6",
	"cam2", "taan3", "zi3", "zeoi6", "biu1", "wan1", "zang6", "taam5", "zaan3", "ngaan6", "duk6", "sin6",
	"maan6", "jing4", "zeon2", "gam3", "jin4", "zong1", "bai3", "duk6", "suk6", "ngaan6", "soeng2", "jyun5",
	"lung6", "gam3", "zong1", "bui3", "zing1", "fu6", "jyun4", "gung3", "coi4", "zaak3", "jin4", "baai6",
	"zoeng3", "fo3", "zat1", "faan3", "taam1", "pan4", "bin2", "gau3", "cyu5", "gun3", "ji6", "zin6",
	"bei3", "sai3", "tip3", "gwai3", "fong3", "taai3", "mau6", "fai3", "ho6", "ji4", "caak6", "zi3",
	"gaa2", "fui2", "zi1", "jam6", "lou6", "zong1", "zi1", "goi1", "zeon2", "kau4", "zan3", "loi6",
	"se1", "fu3", "dou2", "zai1", "suk6", "soeng2", "ci3", "bai3", "zau1", "gang1", "pui4", "daam6",
	"laai6", "fung3", "zeoi6", "fu6", "zaan6", "coi3", "zaak3", "ngaan6", "zaan3", "wan1", "zang6", "sin6",
	"jing4", "gam3", "cek3", "hik1", "se3", "naan5", "tung4", "sik1", "cing1", "haak1", "cing1", "ze2",
	"haa4", "tong4", "zau2", "zau2", "lik6", "gau2", "fu6", "ziu6", "gon2", "hei2", "saan3", "king4",
	"jam5", "sin2", "zi1", "kyut3", "jan2", "ci4", "zi1", "can3", "ji5", "dit6", "zeoi1", "ciu1",
	"dai1", "sap1", "zaam6", "gwat6", "jyut6", "ceoi1", "gat1", "ceoi1", "zyu1", "gwaat3", "hyut3", "zi1",
	"tiu4", "do2", "lit6", "gon2", "so1", "cuk1", "hat6", "ziu6", "suk1", "jam5", "guk1", "gim3",
	"coek3", "tong3", "coek3", "ceoi2", "luk6", "ceoi3", "dong6", "cau1", "zi1", "tai4", "ceoi1", "cik1",
	"wong4", "kiu4", "hiu1", "ziu3", "cou3", "tik1", "ji5", "zaan2", "zaan2", "zuk1", "paa1", "paau3",
	"fu3", "gat6", "dan2", "kyut3", "fu1", "cam2", "gaan2", "fong3", "zi2", "taat3", "jyut6", "baa6",
	"kei4", "joek6", "coeng1", "tok3", "toi4", "jai6", "nin2", "ling4", "mui6", "bat6", "dit3", "fu1",
	"to4", "gaa1", "ci2", "paau2", "kaa2", "cyu5", "keoi1", "tip3", "zik3", "fu1", "pun4", "zeoi2",
	"saan1", "bai1", "nei4", "keoi5", "lik1", "gan1", "ji4", "zik1", "do2", "sin2", "gaau1", "do2",
	"zyu1", "cyun4", "kwaa3", "jai6", "gwai6", "kung4", "kwai2", "hong4", "lou6", "pin4", "zi6", "gaap3",
	"tiu3", "caai2", "cin5", "taat3", "hiu1", "bat1", "sin1", "do2", "zai1", "guk6", "gei6", "suk1",
	"tou4", "cuk1", "hing5", "nip6", "siu1", "bok6", "cit3", "cyun4", "mou5", "so1", "loeng6", "jung2",
	"goek3", "cau4", "haau1", "mau1", "daap6", "cin5", "wo1", "wai5", "coek3", "zit6", "zik1", "nip6",
	"guk1", "nip6", "leon4", "luk6", "ling6", "waa5", "geoi3", "ci4", "jyun2", "kyun4", "tek3", "baak6",
	"zeot1", "cip3", "ji2", "cuk1", "zung1", "caai2", "zung1", "pung3", "zi3", "zaang1", "dim3", "zaak6",
	"jyu4", "dok6", "dan6", "ceon2", "jung2", "zung2", "dai6", "zaa2", "cam2", "cyun2", "gin6", "gwaa1",
	"tong4", "geoi2", "fuk1", "zuk1", "dip6", "pin4", "jau4", "noek6", "tai4", "caa5", "tan3", "gin2",
	"dou6", "co1", "hai4", "daap6", "coeng1", "nin5", "din1", "tai4", "zik3", "nip6", "pun4", "lau6",
	"zaam6", "bat1", "zung1", "luk6", "laau4", "cuk1", "tong3", "zai6", "suk1", "saai2", "kwai2", "zik1",
	"zik3", "coeng1", "zaak6", "pun4", "zung1", "lin4", "bang1", "zou1", "nim3", "bit6", "teoi4", "gwat1",
	"dang1", "sang3", "sin1", "faan4", "cyu4", "zung1", "cyun4", "but6", "cuk1", "cuk1", "kyut3", "kyut3",
	"leon6", "daap6", "hiu1", "giu2", "buk6", "liu1", "dan3", "cyun1", "gwaan3", "cou3", "taat3", "bik1",
	"bik1", "zuk6", "geoi3", "cyu4", "kiu3", "dan2", "cau4", "zai1", "mou5", "joek6", "nin2", "leon6",
	"lip6", "zaak6", "lik1", "zi3", "cin4", "cyu4", "teon2", "wai6", "lung4", "leon6", "sin1", "wai6",
	"zyun1", "laan1", "sip3", "joeng4", "sit3", "nip6", "daap6", "keoi4", "zik6", "cyun1", "zyun1", "saai2",
	"kwai4", "fok3", "leon6", "san1", "gung1", "daam1", "fan1", "keoi1", "tai2", "do2", "do2", "gung1",
	"long4", "jan2", "lo2", "ai2", "gei1", "guk1", "tong2", "hung1", "lou6", "jin2", "mei5", "hong1",
	"keoi1", "lau4", "lou6", "do2", "zik1", "ngaan6", "tai2", "dou6", "jing3", "juk6", "ce1", "aat3",
	"gwai2", "gwan1", "wai6", "jyut6", "seon3", "dai6", "hin1", "faan6", "jan6", "sim1", "kwong4", "syu4",
	"tyun4", "can4", "taai5", "aak1", "naap6", "kei4", "mou4", "jyun5", "kwong4", "kim4", "zyun2", "gwang1",
	"fu1", "keoi4", "fong3", "dai2", "ling4", "toi5", "au1", "zan2", "faan6", "waang1", "ong3", "paang1",
	"bui3", "gu1", "gu1", "pou4", "zyu3", "fu2", "aak1", "bat6", "zuk6", "zi2", "jiu4", "o1",
	"jat6", "zi3", "sik1", "ping4", "ji4", "gung2", "guk1", "gaau3", "gwong1", "lou6", "hoi2", "cyun4",
	"zau1", "zoi3", "zi3", "se4", "loeng6", "juk6", "saau1", "jau4", "wun6", "wan5", "zip3", "waan5",
	"fu6", "hing1", "zau1", "ngai4", "ling4", "zip3", "zaan6", "loeng6", "zi1", "fai1", "mong5", "zyut3",
	"gwo2", "ham2", "ji2", "paang4", "sin3", "gwan2", "lin5", "ping4", "gun2", "bui3", "leon4", "paai4",
	"loeng4", "jyun5", "jau4", "cap1", "joeng4", "haam4", "cyun4", "cau3", "ceon1", "got3", "jau4", "gwang1",
	"syu1", "fuk1", "zi1", "fuk1", "wan1", "ban6", "zin2", "jyu4", "wan1", "tou1", "guk1", "zeon1",
	"hat6", "jyun4", "luk1", "gaau1", "caau4", "zyun2", "wai6", "wan4", "syut3", "cit3", "giu2", "zaan6",
	"buk6", "fan4", "faan1", "leon4", "got3", "sik1", "ham2", "waan4", "ngai5", "gik1", "deoi3", "ji4",
	"jyu4", "laam6", "gwang1", "leoi4", "bei3", "lik1", "kyut3", "lou4", "leon6", "ce1", "aat3", "gwai2",
	"hin1", "dai6", "jan6", "zyun2", "aak1", "leon4", "jyun5", "gwang1", "gu1", "o1", "lou4", "zuk6",
	"zi2", "jat6", "fu1", "zan2", "lik1", "jiu4", "hing1", "sik1", "zoi3", "zi3", "giu6", "zau1",
	"cyun4", "lou6", "gaau3", "zip3", "fu6", "loeng6", "lin5", "bui3", "fai1", "gwan2", "mong5", "loeng4",
	"zyut3", "zi1", "cau3", "fuk1", "cap1", "wan1", "syu1", "bei3", "jyun4", "hat6", "zin2", "luk1",
	"cit3", "leon4", "san1", "gu1", "ci4", "ci4", "pik1", "zeoi6", "bin6", "laat6", "laat6", "ci4",
	"sit3", "baan6", "bin6", "bin6", "bin6", "sit3", "bin1", "baan1", "ci4", "bin1", "bin6", "san4",
	"juk6", "nung4", "nung4", "can2", "coek3", "caang1", "jat1", "jing4", "bin1", "dou6", "sap6", "jyu1",
	"liu4", "daat6", "cin4", "gon1", "cin1", "jyu1", "jyu1", "ngat6", "seon3", "ji5", "gwo3", "maai6",
	"jing4", "wong6", "teot1", "zeon1", "jing4", "dai3", "wan6", "gan6", "hong4", "ngaa6", "faan2", "ng6",
	"dai3", "ngo4", "waan4", "ze5", "zung1", "zeon3", "jyun5", "wai4", "lin4", "ci4", "gin3", "nai6",
	"tiu4", "lit6", "ji5", "gwing2", "gaa1", "can4", "doi6", "ji5", "dik6", "baak1", "zyu3", "dit6",
	"zaak3", "tou4", "seot6", "to4", "heoi3", "ging3", "wui4", "dung6", "jau6", "mai4", "bing3", "zik1",
	"naai5", "ji4", "kit3", "zeoi1", "lit6", "seon6", "teoi3", "sung3", "sik1", "tou4", "pong4", "hau6",
	"jik6", "deon6", "gwing2", "syun2", "seon3", "bou1", "jau4", "siu1", "cau4", "tau3", "zuk6", "kau4",
	"dai6", "dai6", "tou4", "ging3", "tik1", "dau6", "ji4", "ze5", "tung1", "kwaang3", "ng6", "sai6",
	"cing2", "cuk1", "zou6", "seon1", "fung4", "lin4", "so3", "wui4", "lei5", "guk1", "loi4", "ban3",
	"cok3", "zyut3", "bing3", "wun6", "dai6", "luk6", "jau4", "zau1", "zeon3", "juk1", "coek3", "kwai4",
	"wai1", "tik1", "jat6", "daat6", "jyun5", "lo4", "bik1", "noek6", "jyu4", "dong6", "ceoi4", "deon6",
	"seoi6", "jin5", "cyun4", "ci4", "tai4", "jyu6", "zik6", "zing1", "jau4", "wan6", "ngok6", "pin3",
	"gwo3", "aat3", "haa4", "wong4", "cau4", "dou6", "daat6", "wai4", "naam4", "wai4", "gau3", "jiu4",
	"cau3", "lau6", "seon3", "daap6", "dai6", "ci4", "jyun5", "sou3", "taap3", "hin2", "maa5", "jiu4",
	"gwaan3", "zoeng1", "ngou4", "sik1", "caap3", "cik1", "cuk1", "zou1", "ze1", "deon6", "dai6", "lau4",
	"ci4", "co1", "leon4", "zeon1", "jiu2", "cin1", "syun2", "wat6", "wai4", "ng6", "liu4", "geoi6",
	"sai6", "bei6", "jiu1", "maai6", "haai5", "seoi6", "waan4", "zin1", "tang4", "ji5", "miu5", "bin1",
	"bin1", "laap6", "lai4", "jyun4", "jau4", "lo4", "lei5", "jap1", "ting4", "dang6", "jung1", "saan1",
	"hon4", "jyu1", "mong4", "jyu4", "kung4", "zik6", "kwong3", "fu1", "kong3", "ban1", "fong1", "jing4",
	"naa5", "jan1", "sam2", "bong1", "jyun4", "cyun1", "fo2", "ce4", "bong1", "wu1", "geoi3", "jau4",
	"hon4", "toi4", "jau1", "bei3", "pei4", "bing2", "siu6", "bui3", "ngaa5", "dai2", "zau1", "jip6",
	"leon4", "hong1", "gwai1", "zyu1", "si1", "fu1", "juk1", "goi1", "hap6", "gwik1", "zat6", "gat1",
	"wan4", "hau6", "jing4", "gaau1", "hai4", "gwai1", "naa5", "long4", "gaap3", "kui2", "zeng6", "long4",
	"wan6", "jin4", "sing4", "dau1", "ci1", "leoi5", "fu2", "ng4", "fu1", "gou3", "kok3", "long4",
	"gaap3", "gang2", "gwan6", "jing5", "but6", "gwik1", "kwik1", "lik6", "wan4", "bou6", "haau4", "cai1",
	"pei4", "cing1", "gwok3", "zau1", "taam4", "zau1", "ping4", "loi4", "ngai4", "sam1", "jau4", "bou6",
	"hoeng1", "daan1", "gwik1", "jung1", "hiu1", "ji1", "dou1", "jin2", "mei4", "joek6", "bui3", "ngok6",
	"syu1", "gyun3", "jyu5", "wan6", "hau6", "kwai4", "hoeng1", "hoeng1", "sau1", "tong4", "ming4", "sik1",
	"juk6", "cuk1", "zi1", "zau1", "jip3", "wu1", "hoeng1", "wan4", "hou6", "jung4", "pei2", "mok6",
	"caau4", "fu1", "liu5", "ngan4", "zyun1", "wu6", "hiu1", "jin1", "zoeng1", "maan6", "hiu1", "heoi2",
	"dang6", "cam4", "bei3", "cang4", "wai4", "zeng6", "mau6", "sin6", "leon4", "po4", "daan1", "maang4",
	"jip6", "cou3", "kui2", "fung1", "mung4", "zau1", "kwong3", "lin5", "zaan3", "cin4", "jau1", "gei1",
	"jin3", "caam4", "zaan3", "ling4", "fun1", "kwai4", "fung1", "zaan3", "lik6", "jau5", "ding2", "jau4",
	"zoek3", "pui3", "zau6", "ji4", "gon1", "jyu1", "zau2", "jim2", "zeoi3", "mou4", "daam1", "jyu3",
	"tau4", "zam1", "fan1", "jyun4", "fu1", "wan5", "taai3", "tim1", "kaa2", "to4", "zok6", "ham4",
	"gu1", "sou1", "put3", "cau4", "doi6", "ming5", "lok3", "cyut3", "cau4", "jau6", "tung4", "zi2",
	"sin1", "zoeng3", "cing4", "jan6", "tou4", "haau1", "mui4", "huk6", "syun1", "lyut3", "pou4", "zeoi1",
	"hoi2", "jim6", "si1", "joeng6", "wai4", "luk6", "lam5", "jim1", "tou4", "pui1", "zaan2", "seon4",
	"taam4", "zeoi3", "zyut3", "cou3", "kwan1", "tai4", "haam4", "dou1", "wu4", "seoi2", "sing2", "taam2",
	"jau4", "seon4", "wan5", "put3", "hap1", "sau1", "mai4", "cyun4", "cau2", "co4", "wan5", "wing6",
	"ong3", "zaa3", "hoi2", "tong4", "zoeng3", "piu2", "cam2", "jyu3", "lei4", "zou1", "lou4", "ji1",
	"zoeng3", "buk6", "ziu3", "hei1", "taam4", "put3", "nung4", "jik6", "lai5", "geoi6", "jim6", "jik1",
	"joeng6", "jyu4", "fan1", "cau4", "jin3", "ling4", "mei4", "mei4", "joeng6", "jan6", "ziu3", "si1",
	"mei4", "jim6", "bin6", "coi2", "sik1", "jau6", "sik1", "sik1", "lei5", "cung5", "je5", "loeng4",
	"hei1", "gam1", "gam1", "gaa1", "jyut6", "liu5", "dou1", "ciu1", "ding1", "pok3", "kau4", "baat3",
	"fu2", "zam1", "zap1", "baat3", "lyun6", "fu2", "naai5", "diu3", "saam1", "ciu2", "kau3", "cyun3",
	"zi2", "faan4", "hon6", "gong1", "cai4", "mong4", "jat6", "dai6", "zi6", "hat1", "jik6", "caai1",
	"si1", "tou2", "zik6", "neoi5", "cin1", "jyun4", "jat6", "pik1", "ngaa4", "gan1", "baa2", "fong1",
	"cam4", "jing4", "dau2", "jyut6", "jyun4", "fu1", "bat1", "naap6", "sam1", "ngo4", "kyut3", "deon6",
	"ngau1", "jan6", "kim4", "baan2", "zaap6", "jam5", "caau1", "nau2", "fan1", "wan5", "ngai5", "kam4",
	"pai1", "gwo1", "wang4", "jam4", "gwan1", "diu3", "jik6", "zung1", "saai2", "koi3", "jat6", "fo2",
	"taai3", "kong3", "jyun4", "lou4", "aak3", "man4", "dok6", "zi1", "nei4", "dat6", "si5", "man4",
	"gu1", "ko1", "ling4", "bing3", "zi6", "gu2", "bat6", "pei4", "juk6", "zi6", "zok6", "bou1",
	"jau4", "tin4", "gaap3", "zan1", "si2", "si6", "tit3", "geoi6", "cim1", "si1", "to4", "jyun5",
	"ziu1", "paau4", "wo4", "bei3", "sang1", "co4", "sek6", "bok6", "zyu3", "cik1", "zaap3", "po2",
	"tung4", "kim4", "fat6", "zaai2", "maau5", "jyun4", "fau4", "laap6", "jyut6", "pei1", "joeng1", "bun6",
	"but3", "gip3", "ngau1", "seot6", "zing1", "mou5", "nip6", "saai2", "dai6", "gaa1", "muk6", "taan2",
	"san4", "ji5", "si1", "kong3", "kaa1", "bak1", "gaam3", "tung4", "jing4", "hung4", "gaau2", "ci2",
	"ji5", "gok3", "beng2", "sik1", "mau4", "hap6", "ngan4", "gwan1", "zau1", "cung3", "hoeng2", "tung4",
	"mak6", "loi6", "gwai1", "jyut6", "seot1", "zyun6", "zat6", "kung4", "saan3", "cai3", "sin2", "jing4",
	"cyun4", "pei1", "tit3", "zyu1", "ming4", "kwaa1", "diu6", "cim1", "haam4", "jau1", "gwan1", "caa1",
	"lou5", "gat1", "pik1", "jyu4", "mai5", "ji1", "jan1", "gwong1", "on1", "diu1", "jau5", "sik1",
	"kaau3", "cin4", "lyun4", "mik6", "ngaai6", "diu3", "hon6", "jeoi6", "sai6", "hang1", "kau4", "siu1",
	"zip3", "sau3", "zong6", "tai1", "co3", "cim1", "hung3", "zung1", "tau1", "leoi5", "mui4", "long4",
	"faan6", "san1", "wan4", "bui3", "juk1", "suk1", "juk6", "sin4", "ting4", "but6", "waan5", "gaap3",
	"wang4", "cyun1", "fung1", "cim1", "waan5", "zi3", "si1", "hyun1", "jyu5", "tiu4", "kong3", "zok6",
	"lyut3", "jing4", "cim1", "san6", "ham4", "lyut3", "je4", "co4", "caang3", "guk1", "jin6", "ngo4",
	"mong4", "pou1", "lei4", "paan3", "jeoi6", "sing4", "gou3", "lei5", "tik1", "bing1", "zyu3", "hak1",
	"tuk1", "lau5", "je4", "geoi3", "cong2", "jyun2", "gin3", "gong3", "tiu3", "tou4", "soeng4", "leon4",
	"gwo2", "ling4", "bei1", "luk6", "lei4", "coeng1", "pui4", "gyun2", "man4", "zeoi3", "paang4", "ngon6",
	"pai1", "haam6", "aa1", "zeoi1", "leoi6", "aa3", "kwang1", "taap3", "kwan1", "duk1", "neoi6", "ceoi4",
	"zi1", "zang1", "ban1", "nip6", "zung3", "deoi6", "taam4", "ding3", "kei4", "cin4", "zyut3", "gei1",
	"juk6", "gam2", "gun2", "naau4", "coeng1", "tin2", "sek3", "lin6", "diu1", "gu3", "co3", "seot6",
	"zan1", "luk6", "maang5", "luk6", "waa4", "biu1", "aat3", "loi4", "hang2", "fong1", "mou5", "noi6",
	"faan6", "zaam6", "fu2", "dak1", "him1", "loeng6", "faat3", "mun4", "kaai2", "joeng1", "dik6", "lin6",
	"wo1", "sin2", "dou6", "dat6", "wai4", "zung1", "fuk1", "jau4", "cip3", "ngok6", "gwan1", "zam1",
	"tai4", "zaat3", "huk1", "joeng4", "dyun3", "haa4", "jyu4", "hang1", "seng3", "wong4", "wui2", "fuk1",
	"ziu1", "caap3", "kit3", "se4", "gwang1", "kwai4", "nok6", "mau4", "ciu1", "ciu1", "hau4", "tau1",
	"cung1", "waan4", "jip6", "man4", "gaam3", "dyun1", "gin6", "si1", "fui1", "wu4", "syun1", "ze2",
	"git3", "kim4", "bin1", "zung1", "zi1", "sau1", "je4", "mei5", "paai3", "oi1", "gaai3", "zin2",
	"mei4", "so2", "taap3", "bong6", "hat6", "lim4", "sok3", "hei3", "lau4", "jiu4", "jip6", "nau6",
	"jung1", "jung4", "tong4", "so2", "coeng1", "gaak3", "sok3", "ceoi4", "bok3", "pun4", "daap3", "bai1",
	"song2", "gong3", "zi1", "wu1", "jing4", "fong2", "tiu4", "lau4", "hoi2", "seon2", "saat3", "sau1",
	"faan6", "hou6", "zan3", "zan3", "long4", "jat6", "jyun4", "tong2", "nip1", "sik1", "gaa1", "go1",
	"maa5", "zyun1", "sung3", "zou2", "so2", "laa3", "fung1", "wan1", "naa4", "lou5", "so2", "au1",
	"zuk6", "tyun4", "sau1", "gun3", "syun4", "lin6", "sau3", "ngou6", "mun5", "mok6", "lo4", "bat1",
	"wai6", "lau4", "dik1", "saam2", "cung1", "ji4", "luk6", "ngou4", "hang1", "coeng1", "ceoi1", "cik1",
	"soeng4", "tong1", "maan6", "jung4", "caan2", "fung1", "geng3", "biu1", "syu3", "lau6", "sau3", "cung1",
	"lung4", "zaam6", "zim6", "cou4", "lei4", "laa3", "sik1", "hong1", "song2", "bang1", "gam2", "cim1",
	"caang4", "lou6", "waa4", "cip3", "pok3", "wai6", "koeng5", "put3", "leon4", "saak3", "sau3", "sin3",
	"coeng1", "gwai6", "si1", "lau4", "naau4", "waang4", "pit3", "seoi6", "faan4", "kiu4", "cyun1", "joeng4",
	"tong1", "zoeng6", "kyut3", "ziu1", "zeon1", "liu4", "kit3", "lou4", "deoi6", "taam4", "zaam1", "gei1",
	"gaan2", "zung1", "dang3", "aa1", "jing2", "deoi6", "kyut3", "nau6", "zaam1", "pou2", "tit3", "faan4",
	"zoeng2", "ding2", "sin3", "hoi1", "gaan2", "fai3", "seoi6", "lou5", "zyun1", "wai3", "ou3", "lim4",
	"zoek3", "ciu1", "gim3", "zuk6", "leoi4", "bik1", "tit3", "waan4", "jip6", "dok6", "gwo2", "dong1",
	"geoi6", "fan4", "daat6", "bik1", "ji3", "oi3", "zung1", "fan3", "diu6", "zyu3", "waang4", "zeoi6",
	"zai1", "nip6", "hap6", "wok6", "hing1", "ban1", "jing1", "gwai6", "ning4", "seoi1", "gaam3", "gaam3",
	"hin2", "caa2", "zat1", "mit6", "lei4", "leoi4", "kai1", "zyun3", "kong3", "soeng2", "pung4", "laap6",
	"duk6", "soek3", "cuk1", "leoi6", "biu1", "paau4", "lou5", "jin4", "jin6", "lung4", "ngok6", "lou4",
	"jam1", "gaam3", "laan4", "bok3", "zim1", "joek6", "caam4", "soeng1", "gin6", "kwai4", "gun3", "cong4",
	"nip6", "leoi5", "cyun1", "keoi4", "paan3", "lo4", "zyun3", "lyun4", "zok6", "jit6", "fok3", "tong2",
	"suk6", "laan4", "gam1", "gaa1", "jyut6", "zam1", "ding1", "ciu1", "pok3", "liu5", "tou2", "cin1",
	"cyun3", "saam1", "zaap6", "faan4", "diu3", "mun4", "neoi5", "joeng4", "caai1", "jing4", "koi3", "bat1",
	"taai3", "geoi6", "deon6", "caau1", "zung1", "naap6", "bui3", "gong3", "baan2", "kim4", "joek6", "jam1",
	"gwan1", "wu1", "ngau1", "kong3", "fong1", "fo2", "dau2", "nau2", "baa2", "juk6", "cin4", "zing1",
	"kim4", "gu2", "but3", "ko1", "po2", "bou1", "bat6", "jyut6", "zyun1", "muk6", "taan2", "gaap3",
	"tin4", "jau4", "tit3", "bok6", "ling4", "soek3", "jyun4", "maau5", "paau4", "si5", "jyun5", "to4",
	"bei3", "nei4", "pei4", "dok6", "jing4", "kaau3", "lou5", "ji5", "mong4", "aa1", "jau5", "sing4",
	"gaap3", "je4", "naau4", "zat6", "dong1", "tung4", "leoi5", "diu3", "jan1", "hoi2", "zaap6", "zyu1",
	"sin2", "ting5", "diu1", "cim1", "waa4", "cyun4", "saat3", "hap6", "diu6", "gok3", "ming4", "zang1",
	"sik1", "gaau2", "ji1", "caan2", "cung3", "tong2", "on1", "ngan4", "jyu4", "zyu3", "lou4", "pou3",
	"jyu5", "loi4", "tik1", "lin6", "hang1", "siu1", "so2", "lei5", "caang3", "co4", "wo1", "gou3",
	"ngo4", "sau3", "co3", "lyut3", "fung1", "san1", "lau5", "hoi1", "gaan2", "jeoi6", "tai1", "long4",
	"cim1", "guk1", "aa1", "coeng1", "ze2", "nok6", "co3", "naau4", "ban1", "kei4", "dak1", "gwo2",
	"kwan1", "coeng1", "sek3", "gu3", "lo4", "ceoi4", "zeoi1", "gam2", "zat1", "him1", "gyun2", "pui4",
	"taam4", "ding3", "gin6", "geoi3", "maang5", "zi1", "kit3", "joeng1", "kaai2", "coeng1", "si1", "ngok6",
	"caap3", "ciu1", "zung1", "dyun3", "sau1", "wong4", "waan4", "oi1", "dou6", "mei5", "lau6", "zi1",
	"fai3", "mei4", "mok6", "zan3", "bok3", "gaak3", "nip6", "tong2", "zyun1", "nip1", "naa4", "lau4",
	"gou2", "bong6", "jat6", "gaa1", "ban1", "jung4", "biu1", "tong1", "maan6", "lo4", "bang1", "jung4",
	"geng3", "dik1", "zuk6", "syun4", "lau4", "taam4", "kyut3", "liu4", "pok3", "lou5", "deon1", "laan4",
	"pou2", "cyun1", "koeng5", "dang3", "wok6", "leoi4", "waan4", "zuk6", "lim4", "ji3", "caa2", "biu1",
	"laap6", "caam4", "soeng1", "coeng4", "coeng4", "gau2", "ou2", "dit6", "gwat6", "liu5", "nei4", "coeng4",
	"mun4", "maat3", "saan1", "sim2", "wik6", "mun4", "jim4", "bai3", "hon6", "bai3", "saan1", "hoi1",
	"kong3", "paang1", "wang4", "jeon6", "saam3", "haan4", "haan4", "gaan1", "man5", "seoi2", "dau3", "zaap6",
	"naau6", "zaam1", "haa1", "ling4", "bin6", "bei3", "jeon6", "hat6", "gwaan1", "gok3", "gap3", "fat6",
	"cuk1", "hung3", "gwai1", "man5", "hai1", "kwan2", "long4", "leoi4", "ting4", "saa3", "guk1", "jyut6",
	"jyut6", "zin2", "gwik1", "leon6", "coeng1", "saat3", "kwan2", "jim1", "man4", "jim4", "aat1", "fan1",
	"wik6", "man4", "hung3", "bou1", "hung3", "gwik1", "jiu2", "man4", "baan2", "am3", "wai4", "jan1",
	"fut3", "kyut3", "laan4", "dou1", "cyun4", "fung1", "tin4", "jit6", "taap3", "hoi2", "hap6", "kyut3",
	"cong2", "gwaan1", "dau3", "kai2", "kwai1", "gwaan1", "piu4", "ham3", "kap1", "kui2", "zin2", "pik1",
	"dong3", "waan4", "taat3", "ngan4", "jyun5", "mun4", "saan1", "sim2", "jim4", "hon6", "bai3", "man6",
	"cong2", "jeon6", "wai4", "haan4", "wang4", "gaan1", "man5", "kong3", "mun6", "zaap6", "naau6", "gwai1",
	"man4", "taat3", "man5", "leoi4", "hoi2", "fat6", "gok3", "hat6", "kwan2", "gau1", "jyut6", "long5",
	"se6", "wik6", "jim1", "coeng1", "jik1", "man4", "fan1", "jim4", "jin1", "zin2", "laan4", "gwik1",
	"fui2", "fut3", "kyut3", "hap6", "tin4", "taap3", "kyut3", "ham3", "waan4", "fau6", "fau6", "lak6",
	"deoi6", "seon3", "cin1", "ngat6", "goi3", "zi6", "jam1", "joeng4", "dau2", "ak1", "sing1", "baan2",
	"pei1", "haang1", "wan5", "jyun2", "zi2", "pei4", "zing6", "fong4", "joeng4", "jam1", "zan6", "gaai1",
	"cing1", "aai3", "keoi1", "dai2", "zo2", "zou6", "dim3", "ling5", "aa3", "to4", "to4", "bei1",
	"bing2", "fu6", "zai3", "luk6", "lung5", "can4", "jing4", "do6", "lau6", "mak6", "gong3", "syu4",
	"do6", "haan6", "ji4", "gwai2", "jyu1", "goi1", "sim2", "zeon3", "ciu3", "jing4", "seon4", "fu3",
	"bai6", "haap6", "sim2", "sing1", "zik1", "pou1", "dau2", "jyun2", "zan6", "ceoi4", "haam6", "dou2",
	"nip6", "wan5", "him2", "pui4", "fei2", "zau1", "kei1", "deoi6", "leon4", "jam1", "guk1", "seoi4",
	"can4", "pei4", "ling4", "tou4", "haam6", "luk6", "sing1", "him2", "jan1", "zyu2", "joeng4", "jing4",
	"haap6", "cung4", "jin2", "jam1", "jyu4", "tai4", "jyu4", "lung4", "wai1", "wui1", "nip6", "deoi6",
	"ceoi4", "am2", "wong4", "gaai1", "ceoi4", "jan2", "kei4", "fai1", "gaak3", "wan5", "wu2", "ngai5",
	"aai3", "gwik1", "tong4", "zai3", "zoeng3", "dou2", "ngou4", "gwik1", "jan2", "saat3", "jiu5", "leon4",
	"teoi4", "dang3", "pei4", "seoi6", "ceoi4", "juk1", "him2", "fan4", "nei5", "ji4", "zai1", "dou2",
	"zaap6", "jan2", "zat1", "fai1", "lung5", "hei1", "dai6", "dai6", "dai6", "zeoi1", "hok6", "zek3",
	"zeon2", "zeon3", "naan4", "jik6", "zoek3", "ngaan6", "kam4", "hin1", "hung4", "ngaa5", "zaap6", "gu3",
	"wun4", "zi6", "gau3", "zeon3", "ci1", "jung1", "zeoi1", "co1", "fu1", "zaap6", "lok3", "jyu4",
	"cau4", "diu1", "seoi1", "hon6", "wok3", "soeng1", "gun3", "co1", "zaap6", "jung1", "gai1", "kwai1",
	"cau4", "lau6", "lei4", "naan4", "hok6", "zaap6", "zaap6", "zaap6", "jyu5", "jyu4", "syut3", "no5",
	"fau2", "saap3", "muk6", "man4", "fan1", "pong4", "wan4", "lik1", "cap1", "joeng1", "ling4", "leoi4",
	"ngam4", "bok6", "mung4", "din6", "dong6", "wu6", "mou6", "diu6", "seoi1", "zai3", "muk6", "cam4",
	"siu1", "zip3", "ting4", "zan3", "pui3", "mui4", "ling4", "cai1", "zau1", "fok3", "saap3", "fei1",
	"wang4", "zim1", "jam1", "ngai4", "zyu3", "tyun4", "lam4", "ling4", "dung6", "jing1", "mou6", "ling4",
	"soeng1", "ling4", "haa4", "hung4", "jam1", "mak6", "mak6", "wan5", "lau6", "mung6", "ban1", "mou6",
	"wai3", "gwok3", "jam4", "zaap6", "jik6", "oi2", "daam6", "tang3", "sin3", "wat6", "lou6", "lung4",
	"doi6", "zap1", "pong4", "joeng4", "baa3", "pik1", "mei4", "fung1", "hei3", "zai3", "maai4", "mung4",
	"leoi4", "lik1", "fok3", "oi2", "fai3", "doi6", "lung4", "ling4", "oi2", "fung1", "lik6", "bou2",
	"fok3", "kam4", "hok6", "bang6", "cing1", "cing1", "leng3", "tin1", "zan1", "zing6", "cang1", "cing3",
	"zing6", "leng3", "din6", "zing6", "tin1", "fei1", "fei1", "kaau3", "mei5", "min6", "min6", "paau3",
	"jip3", "tin2", "fui3", "jip3", "gaak3", "ding1", "caai1", "gin1", "jan6", "dik1", "dou6", "wu1",
	"jan6", "kam4", "gan3", "hoe1", "nau2", "baa2", "jan5", "saap3", "noi6", "mut6", "zou2", "daat3",
	"bun3", "sit3", "aau3", "tou4", "bei6", "gaai1", "wang4", "pok3", "joeng1", "bing2", "jan1", "gaap3",
	"tou4", "kit3", "haai4", "on1", "on1", "han4", "gung2", "lung6", "taat3", "kiu4", "ting1", "mun4",
	"ngaang6", "seoi1", "tiu4", "ciu3", "jyun5", "hung3", "bung2", "daap6", "soeng5", "bing2", "kwok3", "guk1",
	"laai1", "sip3", "jau4", "bong1", "ang1", "cau1", "cau1", "hot3", "ciu3", "mau4", "guk1", "gin1",
	"bin1", "dai1", "zin1", "wan3", "tou1", "gau1", "taap3", "bei6", "haai4", "pun4", "lik6", "bat1",
	"kwok3", "tong1", "lau4", "gwai6", "kiu4", "hoe1", "gei1", "zin1", "goeng1", "cim3", "taat3", "waak6",
	"hin2", "cin1", "duk6", "mat6", "zin1", "laan4", "wai4", "jan6", "fat1", "mui6", "hyun3", "gaap3",
	"wai5", "ciu3", "hon4", "coeng3", "hoeng2", "jau5", "wan6", "sip3", "wai5", "gaak3", "bai6", "tou1",
	"gau1", "wan3", "gou1", "bat1", "wai5", "ceoi3", "duk6", "mat6", "duk6", "wai4", "jan6", "fat1",
	"hon4", "wai5", "wan3", "tou1", "gau2", "gau2", "cim1", "haai6", "cim1", "zai1", "jam1", "zaap6",
	"wan6", "siu4", "lyut3", "pung4", "wong4", "jing1", "wan6", "pung4", "am1", "jam1", "hoeng2", "wu6",
	"jip6", "ding2", "king2", "kwai4", "hong6", "seon6", "hon1", "seoi1", "ji4", "juk1", "gu3", "zung6",
	"kwai2", "kei4", "hong4", "jyu6", "waan4", "baan1", "deon6", "dik6", "daam1", "pun3", "po2", "ling5",
	"caak3", "geng2", "leoi5", "hap6", "haau1", "aat3", "ngaak6", "ngai5", "kit3", "kut3", "can2", "ji4",
	"ji4", "hoi4", "deoi2", "jyu5", "ping1", "loi6", "tiu3", "gaap3", "tau4", "fui3", "kwai4", "gaap3",
	"lyut3", "ting5", "cing1", "wing6", "wan1", "huk6", "ham5", "geng2", "teoi4", "teoi4", "pan4", "laai6",
	"teoi4", "zi1", "zi1", "ceoi4", "ding3", "laai6", "taam4", "ham5", "haan1", "fo2", "seoi6", "gwing2",
	"ham6", "ji4", "soi1", "tai4", "ngaak6", "ngok6", "ngaan4", "wan6", "ham2", "jung4", "zyun1", "ngaan4",
	"hin2", "seon3", "ngai5", "jyun6", "song2", "din1", "din1", "gong2", "fui1", "leoi6", "laau4", "piu5",
	"wui6", "mun4", "cuk1", "jiu4", "hou6", "ciu4", "gu3", "seon3", "jim5", "fui3", "zin3", "jyu4",
	"mang6", "ban1", "hin2", "pan4", "lou4", "lam5", "nip6", "kyun4", "jip6", "ding2", "king2", "hon1",
	"hong6", "seon6", "seoi1", "juk1", "waan4", "gu3", "deon6", "kei4", "baan1", "zung6", "hong4", "jyu6",
	"lou4", "ling5", "po2", "geng2", "kit3", "gaap3", "ting5", "hap6", "wing6", "gwing2", "hoi4", "ji4",
	"pan4", "fui3", "teoi4", "ham5", "wing6", "wing6", "fo2", "tai4", "jung4", "ngok6", "zyun1", "ngaan4",
	"ngaak6", "nip6", "mun4", "din1", "song2", "hou6", "leoi6", "zin3", "jyu4", "pan4", "kyun4", "fung1",
	"biu1", "haa6", "fu4", "haa1", "zim2", "paau4", "saap3", "bat6", "toi4", "lit6", "gwaat3", "syun4",
	"saau1", "geoi6", "biu1", "si1", "wai5", "joeng4", "jiu4", "sau1", "hoi2", "sau1", "faan4", "lau4",
	"zaap6", "lau4", "piu1", "piu1", "lau4", "biu1", "biu1", "biu1", "liu4", "biu1", "sat1", "fung1",
	"haau1", "fung1", "joeng4", "zim2", "paau4", "saap3", "geoi6", "si1", "sau1", "jiu4", "lau4", "piu1",
	"biu1", "biu1", "fei1", "faan1", "fei1", "fei1", "sik6", "sik6", "caan1", "gei1", "ding3", "zi6",
	"tok3", "zin1", "syun1", "hoeng2", "tan1", "jam6", "jyu3", "gyun3", "cik1", "jam2", "faan6", "faan6",
	"syun1", "jam2", "tau2", "ji4", "zok6", "bit6", "ze2", "tou1", "baau2", "ci1", "tit3", "zi6",
	"baau2", "sik1", "deot1", "hoi3", "jam6", "tim5", "gaau2", "gaap3", "beng2", "jiu4", "tung4", "ci4",
	"hoeng2", "joeng5", "gyun3", "nei6", "jim3", "lok3", "si1", "caan1", "but6", "neoi5", "ngo6", "bou1",
	"zeon3", "dau6", "cuk1", "jyu4", "sik1", "ngaau4", "wan4", "gwo2", "sik1", "zin3", "zeoi3", "beng2",
	"haam2", "bau6", "jip3", "daam6", "fei1", "zoeng1", "wai3", "gun2", "ak1", "nyun5", "wan6", "wu4",
	"wong4", "tit3", "fui3", "gin1", "hau4", "aai3", "cing4", "ban1", "wai3", "gwat1", "caa4", "sung3",
	"tong4", "bok3", "gou1", "hei3", "gwai6", "lau6", "sau1", "tou4", "jip3", "wan1", "mo4", "tong4",
	"maan6", "bat1", "jyu3", "sau1", "gan2", "saan2", "gwai6", "zaan6", "sin6", "ci3", "daam6", "ji3",
	"gei1", "jiu4", "caang1", "jung1", "tou1", "wai3", "hoeng2", "zin1", "fan1", "hoi3", "mung4", "jim3",
	"mo4", "caam4", "hoeng2", "lo4", "zaan3", "nong4", "sik6", "ding3", "gei1", "tok3", "cing4", "tan1",
	"hei3", "jam6", "jyu3", "cik1", "faan6", "jam2", "zin3", "sik1", "baau2", "zi6", "deot1", "ji4",
	"nei6", "jiu4", "hoeng2", "gaap3", "lok3", "gaau2", "si1", "beng2", "but6", "dau6", "ngo6", "jyu4",
	"noi5", "zeon3", "gwo2", "wan4", "haam2", "gun2", "caa4", "gwai6", "gwat1", "sau1", "caam4", "jip3",
	"mo4", "bok3", "lau6", "sau1", "gan2", "maan6", "saan2", "zaan6", "nong4", "sau2", "kwai4", "gwik1",
	"hoeng1", "fan4", "bat6", "nei5", "bit6", "but6", "tou4", "ham4", "fei1", "zin1", "am1", "oi3",
	"fuk1", "him1", "wan1", "hing1", "fan4", "pan1", "hing1", "maa5", "jyu6", "fung4", "hon6", "dik1",
	"to4", "tok3", "ci4", "seon4", "zyu3", "zi1", "pui3", "jan6", "jat6", "saap3", "wan5", "man4",
	"zap1", "daam3", "lou4", "jau6", "bok3", "bou2", "kyut3", "to4", "jik6", "keoi1", "man4", "keoi1",
	"gwing1", "po2", "ziu1", "jyun1", "pei4", "zau6", "geoi6", "zyu3", "nou4", "keoi1", "pei1", "zou2",
	"gaa3", "ling4", "can2", "toi4", "fu6", "joeng2", "sai2", "bat6", "to4", "to4", "si3", "lau4",
	"maa6", "pin4", "tou4", "zi3", "jung4", "tang4", "dung6", "seon1", "cyun1", "san1", "gwing1", "ji5",
	"haai5", "bok3", "zyu1", "jan1", "lok3", "zau1", "daan6", "haai5", "lau4", "guk6", "sung2", "cam1",
	"mong4", "long4", "hon6", "tou4", "hyun1", "teoi3", "zeon3", "ngo5", "cing2", "sing1", "ngoi4", "luk6",
	"zeoi1", "zau1", "se3", "pin4", "kwan1", "tou4", "loi4", "zung1", "fo3", "ke4", "kei4", "jim6",
	"fei1", "sou1", "jim6", "got3", "jiu5", "mou6", "pin3", "cung1", "pin3", "cin4", "fei1", "wong4",
	"kin4", "waak6", "jyu4", "tai4", "cyun1", "haa4", "zung1", "kwai4", "jau4", "si1", "waa1", "to4",
	"gwai1", "sau1", "hin1", "sing4", "zat1", "lau4", "paang4", "tang4", "hai4", "cou2", "duk6", "aan3",
	"jyun4", "zau1", "sou1", "sin3", "kei4", "zi3", "soeng1", "luk6", "zaap6", "leoi4", "zoeng1", "mak6",
	"ngou4", "caam1", "biu1", "cung1", "keoi1", "bit1", "ngai6", "wat6", "heoi1", "waa4", "but3", "suk1",
	"hiu1", "leon4", "zaan2", "deon1", "lau4", "to4", "cang4", "tim5", "giu1", "tit3", "jim6", "leoi4",
	"zin1", "ging1", "jik6", "jip6", "tok3", "pan1", "zaau6", "jin3", "lung4", "lou4", "tang4", "soeng1",
	"kei3", "soeng1", "guk6", "kwai4", "fun1", "lei4", "biu1", "maa5", "jyu6", "to4", "seon4", "ci4",
	"keoi1", "jat6", "bok3", "lou4", "zong2", "sai2", "si3", "fu6", "keoi1", "zau1", "zyu3", "to4",
	"nou4", "gaa3", "jik6", "toi4", "hiu1", "maa6", "jan1", "giu1", "waa4", "lok3", "haai5", "pin4",
	"biu1", "lei4", "cing2", "jim6", "sing1", "cam1", "zeon3", "kei4", "ke4", "fo3", "zeoi1", "zung1",
	"suk1", "caam1", "pin3", "zat1", "kwai4", "sou1", "mou6", "ngou4", "lau4", "hin1", "sin3", "biu1",
	"leoi4", "cung1", "zaan2", "zaau6", "kei3", "soeng1", "soeng1", "gwat1", "wai2", "wai2", "wai2", "jyu4",
	"gon3", "jik6", "ong1", "sik1", "gaai3", "baau6", "bei6", "ci1", "tai2", "dai2", "fu1", "haai4",
	"haau1", "hau4", "kwaa3", "gaak3", "teoi2", "gang2", "pin4", "bei2", "fo1", "kaa3", "jyu4", "seoi5",
	"lau4", "bok3", "bong2", "bok1", "ci1", "fun1", "ban3", "mo4", "liu4", "lau4", "haau1", "duk6",
	"zong1", "seoi5", "tai2", "ban3", "fun1", "lou4", "gou1", "gou1", "hiu3", "hou1", "hiu2", "lou4",
	"cou3", "biu1", "kwan1", "kwan1", "tai3", "fong2", "jau1", "jim4", "mou4", "daam6", "kwan1", "ban3",
	"faat3", "tiu4", "pei1", "zi1", "faat3", "jim4", "tai3", "baau6", "bei6", "maau4", "fat1", "ji4",
	"jung4", "kuk1", "gung1", "jau1", "kut3", "gai3", "pung4", "zaa1", "saau1", "so1", "tai3", "lei1",
	"ban3", "zung1", "tai3", "pang4", "sung1", "zang1", "kyun4", "zung1", "seon3", "zin1", "do2", "wu4",
	"laat3", "zau1", "kei4", "lim4", "can2", "ban3", "pung4", "maa6", "saam1", "mun4", "maan4", "zang1",
	"sou1", "lip6", "haan1", "haan1", "nong4", "waan4", "kut3", "ning4", "ban3", "lip6", "joeng4", "dau3",
	"dau3", "naau6", "hung3", "jik1", "dau3", "haam2", "dau3", "dau3", "gau1", "coeng3", "wat1", "wat1",
	"lik6", "jin6", "fu2", "cam4", "kwai1", "zung1", "lau6", "kwai1", "soeng1", "juk6", "gwai2", "mei6",
	"gei6", "kei4", "gaai3", "fui1", "wan4", "bat6", "paak3", "mei6", "fat1", "jim2", "siu1", "loeng5",
	"wik6", "teoi4", "hei1", "mong5", "loeng5", "ngai6", "gaam1", "ci1", "piu1", "bat1", "mo1", "kei4",
	"heoi1", "cau4", "jim2", "zim6", "jyu4", "dou1", "jan4", "git3", "jap6", "hung4", "tok3", "diu3",
	"gei2", "jyu4", "ngo4", "ngap6", "saa1", "hong4", "tyun4", "mut6", "gaai3", "sam2", "baan2", "jyun4",
	"pei4", "lou5", "man4", "wu4", "lou4", "zaap3", "fong4", "fan4", "naap6", "jau4", "pin3", "mou4",
	"ho4", "haap6", "keoi1", "haam4", "pei1", "ling4", "to4", "bat6", "cau4", "ping4", "fat1", "bit1",
	"cai5", "mei6", "keoi1", "diu1", "baak6", "jau4", "gwan2", "pei4", "nim4", "sing1", "toi4", "baau1",
	"fu6", "zaa2", "geoi6", "gu1", "sek6", "dung1", "doi6", "taap3", "git3", "suk1", "hau6", "soeng2",
	"ji4", "on1", "wai4", "siu6", "zyu1", "jan3", "lit6", "lok6", "tung4", "ji4", "ngai6", "bing6",
	"fui2", "gaau1", "fu1", "gwai1", "sin1", "gap3", "wui4", "lou5", "fuk6", "kaau3", "jau1", "dyut6",
	"gwan1", "tai4", "min5", "saau1", "zaa2", "so1", "cam1", "jyu4", "neoi5", "zip3", "gwan2", "gang2",
	"sou1", "ng4", "kau4", "saan1", "pou1", "waan5", "jau4", "lei5", "saa1", "saa1", "hou3", "mang4",
	"sing4", "lei6", "zau2", "hei1", "jung2", "san1", "zi1", "kei4", "cing1", "soeng2", "neoi5", "seon4",
	"gwai3", "diu1", "cip3", "gu3", "zau2", "dung1", "loi4", "fei1", "ngai4", "jik6", "kwan1", "luk6",
	"gau6", "coeng1", "king4", "leon4", "ling4", "zau1", "lei4", "maang1", "zung1", "zai3", "nim4", "fu2",
	"jyu1", "dai2", "sat1", "sam1", "waan5", "tai4", "hau4", "sing1", "zyu1", "laat6", "zung1", "zik1",
	"bin1", "bin1", "waan5", "cyun4", "caak6", "wai1", "wai1", "jyu4", "ceon1", "jau4", "dip6", "wong4",
	"lin6", "jin2", "cau1", "cau1", "gin2", "bik1", "ngok6", "joeng4", "fuk1", "soi1", "gam2", "haa1",
	"to2", "wu4", "sat1", "joek6", "syun1", "wan1", "gim1", "hou6", "wu1", "pong4", "sou1", "lau4",
	"maa5", "si4", "si1", "gwaan1", "zi1", "tang4", "taap3", "jiu4", "ap1", "jung4", "kin4", "kei4",
	"wan1", "joek6", "san4", "lin4", "ngou4", "lak6", "fai1", "man5", "tiu4", "keoi1", "gin1", "sam1",
	"maan6", "zaap6", "cau4", "piu5", "zik1", "kei3", "zuk6", "zoeng1", "sau1", "zyun1", "jung4", "zoeng1",
	"hong1", "syut3", "bit3", "wat6", "keoi1", "zoeng6", "but6", "giu2", "cam4", "suk1", "wong4", "zyun1",
	"to4", "sin5", "faan1", "gwai3", "leon4", "cam4", "jiu4", "hei1", "zang1", "hoeng1", "fan5", "gwaan1",
	"hau6", "kui2", "caak6", "sou1", "zin1", "gam2", "gwai3", "jing6", "lai5", "soeng4", "leoi4", "syu2",
	"oi3", "jyu4", "cai5", "zeoi6", "wu6", "cyu5", "lai6", "lip6", "lik6", "mit6", "zam1", "soeng2",
	"ngok6", "lou4", "gun3", "lei4", "sin1", "jyu4", "dou1", "gei2", "jau4", "tyun4", "lou5", "fong4",
	"baa1", "ho4", "bat6", "ping4", "nim4", "lou4", "jau4", "zaa2", "fu6", "baak6", "baau1", "hau6",
	"pei4", "toi4", "gwai1", "git3", "kaau3", "fui2", "ji4", "tung4", "caak6", "hau6", "kui2", "cai5",
	"gaau1", "sin1", "zaa2", "soeng2", "cam4", "gang2", "lei4", "lin4", "gin1", "lei5", "si4", "tiu4",
	"gwan2", "saa1", "waan5", "gwan1", "zik1", "jung2", "cing1", "ling4", "kei4", "zau1", "fei1", "kwan1",
	"coeng1", "gu3", "ngai4", "nim4", "diu1", "king4", "sam1", "sat1", "zi1", "fan5", "dip6", "bik1",
	"soeng4", "tai4", "wan1", "wai1", "soi1", "ngok6", "cau1", "fuk1", "wong4", "cyun4", "zoeng1", "bin1",
	"sou1", "ngou4", "kei4", "taap3", "gwaan1", "jiu4", "pong4", "gim1", "lak6", "piu5", "syut3", "bit3",
	"maan6", "man5", "jung4", "zaap6", "gwai3", "sin5", "leon4", "zyun1", "wu6", "gam2", "lai5", "zin1",
	"gun2", "niu5", "jyut6", "fu4", "lik6", "gau1", "buk1", "ngaan6", "fu4", "dou1", "gai1", "fung6",
	"jap6", "gon1", "si1", "fung6", "ming4", "bou2", "jyun1", "zi1", "wu6", "fu1", "baan1", "man4",
	"gin1", "si1", "juk6", "fau4", "jiu1", "kyut3", "gwik1", "pat1", "fun1", "zam6", "bou2", "ngaan6",
	"aa1", "zing3", "fong1", "fung6", "man4", "au1", "dak6", "gaa1", "jyu4", "ling4", "fuk6", "to4",
	"man4", "lap6", "bin2", "zi6", "go1", "jyun1", "ci4", "keoi4", "hiu1", "ci1", "daan3", "zeoi1",
	"jiu2", "gu1", "zung1", "wat6", "joeng1", "wat6", "aap3", "tit3", "wat6", "tin4", "ang1", "deoi1",
	"wu1", "ji4", "kut3", "ngaai6", "zi1", "aan3", "hang4", "giu1", "gat1", "lit6", "zyu1", "joeng4",
	"ji4", "hung4", "lou6", "jyu4", "mau4", "gap3", "jam4", "gaau1", "jau1", "zau1", "ci1", "lok6",
	"hang4", "nin4", "diu1", "lyun4", "gaap3", "gei6", "tou4", "fun1", "to2", "bou2", "mou4", "gyun1",
	"juk6", "but6", "zeon3", "zeon3", "gip3", "hei1", "gwan6", "gwik1", "tuk1", "ging1", "tai4", "ngo4",
	"ngo4", "huk6", "mou5", "san1", "laai6", "gok3", "pun3", "luk6", "pei4", "syu1", "fuk6", "am1",
	"zok6", "paang4", "kam4", "zaam1", "bei1", "diu1", "luk6", "zoek3", "gin1", "guk1", "tou3", "aa1",
	"jyun1", "kei4", "lei4", "je6", "zeoi1", "hung1", "zyut3", "kwan1", "sing1", "kei4", "ging1", "jik6",
	"jik6", "zing1", "zi1", "loi4", "dung1", "cai1", "seon4", "gang1", "geoi1", "gwat6", "ji6", "zung1",
	"gai1", "wat6", "ang1", "cik1", "miu4", "jau4", "am1", "cau1", "tai4", "wu4", "tai4", "ngok6",
	"gaai1", "maau4", "fuk1", "ceon1", "dat6", "jin2", "hot3", "pin1", "kwan1", "mei4", "wu4", "jing1",
	"cyun3", "mou6", "gwik1", "gaan2", "cong1", "fong2", "hok6", "ang1", "jyun4", "hin1", "jung1", "si1",
	"hok6", "co1", "tong4", "hat6", "joek6", "lau4", "zik3", "gwat1", "gim1", "zeon2", "hon6", "ci4",
	"ci4", "jik6", "jiu6", "aan3", "gai1", "leot6", "tin4", "kau3", "tai1", "tai1", "jik6", "tou4",
	"maa5", "hiu1", "gou1", "tin4", "san4", "tyun4", "ze3", "ngou4", "jiu5", "ji1", "au1", "cik1",
	"zi3", "lau6", "jung4", "leoi4", "bat1", "soeng1", "zok6", "jyu4", "mou4", "kyut3", "jam4", "si1",
	"ziu1", "ji3", "waa4", "bai3", "ang1", "suk1", "wong4", "faan4", "giu1", "liu4", "jin3", "gou1",
	"zau6", "haan4", "haan4", "tou4", "maai5", "zeon1", "wat6", "jing1", "lou6", "tyun4", "haan4", "hok6",
	"ji3", "pik1", "lo4", "kai1", "ji4", "gik1", "zaak6", "jyu4", "zin1", "jip6", "joeng4", "pik1",
	"ning4", "wok3", "mei4", "ang1", "mung4", "dik6", "ngok6", "jyu6", "leoi5", "buk1", "lou4", "hok6",
	"lung4", "soeng1", "joek6", "jing1", "gun3", "keoi4", "lei4", "lyun4", "niu5", "gau1", "gai1", "jyun1",
	"ming4", "si1", "au1", "aa1", "cong1", "bou2", "zam6", "gu1", "dung1", "lou4", "aap3", "hiu1",
	"joeng1", "ling4", "ci1", "keoi4", "jyun1", "hok6", "to4", "si1", "zi3", "ji4", "kut3", "jau1",
	"hang4", "zau1", "gap3", "lyun4", "hung4", "mou4", "but6", "lei4", "gyun1", "huk6", "ngo4", "juk6",
	"haan4", "tai4", "mou5", "coek3", "miu4", "am1", "kwan1", "bei1", "paang4", "zaam1", "seon4", "gang1",
	"jyun1", "suk1", "wu4", "hot3", "ngok6", "gwat1", "cau1", "ci4", "mei4", "mou6", "jik6", "jiu6",
	"jung1", "lau4", "zik3", "jik6", "gim1", "hok6", "ji1", "jing1", "ze3", "lau6", "liu4", "ziu1",
	"zau6", "wat6", "lou6", "syun4", "zin1", "jing1", "wok3", "mung4", "gun3", "soeng1", "lou5", "ging1",
	"ling4", "gaan2", "haam4", "co4", "gaan2", "gaan2", "jim4", "co4", "luk6", "jau1", "cou1", "gei2",
	"biu1", "cou1", "paau4", "cyu4", "gwan1", "zyu2", "gin1", "mei4", "mei4", "jyu5", "lau4", "san4",
	"gwan1", "leon4", "ngai4", "kei4", "luk1", "kau5", "gwan1", "ging1", "lai6", "hoeng1", "gaa1", "mai4",
	"leot6", "se6", "zoeng1", "leon4", "ging1", "cai4", "ling4", "ngaam4", "cou1", "mak6", "mak6", "hat6",
	"ciu2", "fu1", "min6", "min6", "fu1", "paau3", "heoi3", "kuk1", "mau4", "fu1", "haan6", "loi4",
	"kuk1", "min6", "ci1", "fung1", "fu1", "kuk1", "min6", "maa4", "mo1", "mo1", "fai1", "leoi5",
	"zau1", "nyun5", "fan4", "wong4", "wong4", "gam1", "gwong1", "tim1", "tau2", "hung4", "waa6", "kong3",
	"hung4", "syu2", "lai4", "nim4", "ci1", "hak1", "hak1", "jik6", "kim4", "dam2", "hei3", "tan1",
	"mak6", "mak6", "kim4", "doi6", "zeot1", "jau2", "dim2", "ji1", "kit3", "jim2", "zeot1", "mui5",
	"jim2", "king4", "wat1", "lai4", "dong2", "duk6", "caam2", "jan1", "ngaam4", "dam2", "am2", "can2",
	"doi6", "caam2", "ji1", "mei4", "daam2", "jim2", "duk6", "lou1", "zi2", "fan2", "fat1", "fu2",
	"man5", "man5", "jyun4", "cuk1", "heoi3", "ciu4", "waa1", "zyu1", "zi1", "man4", "ngou4", "bit3",
	"to4", "bik1", "jyun4", "ciu4", "to4", "ding2", "mik6", "naai5", "ding2", "zi1", "gu2", "gu2",
	"dung1", "fan4", "tou4", "jyun1", "pei4", "coeng1", "gou1", "cik1", "jyun1", "tong1", "tang1", "syu2",
	"lip6", "fan4", "fai6", "man4", "bat6", "diu1", "to4", "zung1", "keoi4", "sang1", "sek6", "jau6",
	"si4", "ting4", "ng4", "gwik1", "zing1", "wan4", "gwik1", "jin2", "dat6", "si1", "hai4", "jim6",
	"jin2", "leoi4", "bei6", "jiu6", "kau4", "hon4", "ngat6", "ngat6", "hau1", "haai3", "aat3", "zaa1",
	"cau3", "ung3", "zaa1", "nung6", "nong6", "cai4", "zaai1", "cai4", "zi1", "zai1", "zai1", "cai4",
	"zai1", "ci2", "can3", "can3", "hat6", "ngaa4", "ngan4", "haai6", "baau6", "zaak3", "sit3", "zi1",
	"ci1", "jin6", "zeoi2", "tiu4", "ling4", "ling4", "ceot1", "kyun4", "sit3", "ngan4", "ngit6", "kau5",
	"ngaau5", "cuk1", "wan5", "jyu5", "co2", "ji2", "ngai4", "zaak3", "cuk1", "geoi2", "wan5", "jyu4",
	"ngok6", "ak1", "jik1", "ci1", "zau1", "din1", "co2", "gam6", "ngaa3", "ci2", "can3", "hat6",
	"ngan4", "zeoi2", "ling4", "baau6", "tiu4", "zi1", "ngan4", "jyu5", "cuk1", "geoi2", "aak1", "lung4",
	"pong4", "gung1", "pong4", "jim5", "lung4", "lung5", "gung1", "ham1", "daap6", "ling4", "daap6", "lung4",
	"gung1", "ham1", "gwai1", "cau1", "bit3", "gwai1", "joek6", "ceoi1", "wo4", "gok3", "haai4", "jyu6",
	"soeng4", "syu2", "zeoi1", "gan3", "jan4", "gon3", "mong5", "ji6", "jik6", "mou6", "zi2", "fu3",
	"sau2", "lyun4", "hung6", "sim2", "loeng4", "zang1", "ce1", "wu1", "zi2", "hei1", "loeng4", "pung1",
	"daat6", "faan6", "zau2", "go1", "ou3", "tin4", "nip6", "hon4", "baa1", "lou4", "to4", "dung1",
	"zi3", "loeng4", "jam1", "to4", "mat6", "mak6", "bou3", "gaa1", "long4", "lou5", "lung4", "jik1",
	"cat1", "hoi6", "jau1", "sai3", "tin1", "bui5", "doek3", "bik6", "lin4", "bui5", "cung1", "jai6",
	"zo2", "zi2", "zung3", "paai3", "deoi1", "gwan2", "waang4", "saam1", "joeng4", "wan5", "tam5", "lyun6",
	"kyut3", "sing4", "gang2", "loeng6", "jung4", "faan2", "coi4", "kwong2", "wu3", "jan5", "joeng5", "mou4",
	"maai6", "jau1", "ging3", "waan6", "jyu4", "lap6", "zok3", "jau4", "taat3", "sing4", "jip6", "jyu5",
	"ding6", "ji4", "zung1", "fan1", "bing3", "zi6", "syun1", "jung5", "mei4", "paa4", "wu3", "man3",
	"mak6", "lei6", "caan3", "ce2", "jin2", "git6", "ging2", "git3", "ngai6", "gon3", "jyu4", "fung6",
	"gaa1", "jing4", "lou5", "liu4", "cau4", "ji4", "fu4", "jyun4", "jan5", "gan1", "hang4", "cin4",
	"dun1", "daam3", "fu3", "sip3", "cyun4", "hai4", "lim4", "saan1", "nap1", "mou5", "zeot1", "cung2",
	"mat6", "jan1", "ging6", "zeon3", "mui5", "maang6", "pang4", "wun6", "hei1", "hei1", "lok6", "mo1",
	"fung1", "pang4", "king4", "au2", "faai3", "saam1", "kau1", "tiu1", "jing4", "sin3", "pai1", "haap3",
	"peng2", "gaai3", "dau1", "ziu2", "gwaai2", "cung1", "cim1", "loi6", "min5", "gwan1", "cat1", "me1",
	"ci3", "wui6", "au1", "wai2", "sei3", "sai1", "fui3", "mong4", "hing1", "san4", "cyun4", "lik6",
	"lei4", "lim4", "jik6", "lik6", "co2", "lou4", "teng1", "leon6", "caam1", "zeon3", "mong4", "fuk6",
	"to1", "jik6", "cam1", "zaa1", "jeoi6", "cik1", "naai3", "ng6", "saan1", "jyu4", "daai6", "jai5",
	"gwat6", "saap3", "jin6", "fai1", "cai3", "waan6", "zi1", "luk6", "jaau1", "mut1", "zyu2", "keoi5",
	"eot1", "lou4", "doi6", "ngoi6", "tam3", "dat1", "nip1", "ngai1", "ngaak6", "caap3", "fik1", "ming1",
	"haau2", "diu1", "ji1", "zaang1", "lai2", "gip3", "sok3", "kwan3", "ce2", "bei3", "keoi5", "caau3",
	"dap6", "fau2", "hak1", "mei5", "miu2", "me1", "gwaan1", "gau6", "wu4", "daap6", "daam3", "keu4",
	"mui2", "hong4", "ji4", "zaat3", "gu1", "mun4", "ng5", "go2", "gwit1", "ji1", "ming6", "mang1",
	"faat3", "waak1", "pe5", "se5", "wong2", "zai3", "kung4", "dim6", "hei2", "gap6", "leot6", "zaa3",
	"jing1", "kak1", "tap1", "mei5", "naa1", "ge2", "kam1", "soek3", "bou2", "ling4", "saap3", "ngaak6",
	"ko1", "git6", "ngo4", "kam2", "lan4", "maai4", "zam6", "hei2", "gwe1", "long2", "gaak3", "leu1",
	"he2", "naap6", "le4", "zeot6", "caam1", "long2", "zi6", "tim1", "aa6", "bai3", "dau6", "paai2",
	"zaam2", "lei4", "maan4", "but1", "ngai1", "kang1", "gi1", "zap1", "syut1", "neng2", "kik1", "he3",
	"ce1", "lung4", "we5", "bang6", "zaa1", "ging2", "si1", "ak1", "gaa2", "saau4", "soe4", "wet1",
	"lou6", "nam6", "zip1", "bei6", "lok1", "goi1", "am1", "wo5", "dyut1", "gan2", "zit1", "doeng1",
	"kwaat1", "ziu1", "buk6", "lai2", "zuk6", "ze1", "lin4", "leng1", "bai6", "aak3", "gaa3", "doe6",
	"bo3", "laai6", "heoi1", "ceoi4", "sek3", "gam2", "haa1", "zaai1", "jik1", "ji1", "ji3", "soe4",
	"laa3", "lai2", "gwang2", "wok1", "doe4", "mui4", "ngo4", "waan1", "ting2", "gaa2", "ji5", "sing1",
	"saai2", "jyun4", "juk6", "jyun4", "tin4", "kwai4", "zeon6", "bit6", "fan4", "kok3", "ce1", "fat6",
	"baan6", "mang4", "seoi4", "zeon3", "zi6", "sai3", "jing1", "gung3", "long5", "joeng5", "hiu1", "gei3",
	"hong1", "haam5", "kit3", "je5", "daat6", "gam2", "kwan1", "sam1", "seoi6", "gaan2", "juk1", "lam5",
	"jyu6", "mun5", "joeng5", "wan2", "fan1", "zung1", "hing3", "kwai4", "hing1", "kiu4", "fan5", "hau4",
	"taai3", "ban2", "zong6", "gang1", "bai6", "fan5", "hai1", "maa1", "jyun4", "tong2", "mat6", "ji1",
	"daan1", "taai3", "jyut6", "bing2", "kaa1", "zi2", "jau4", "wing5", "juk6", "zat6", "syu3", "wai3",
	"gei2", "hang6", "saam3", "wui4", "kwan3", "lau4", "bou2", "mou6", "ji4", "dai6", "laai1", "fan1",
	"zi1", "jyun4", "noi6", "ci4", "leoi5", "ping1", "gwai3", "ping4", "wun6", "nyun6", "jyun2", "fui3",
	"sing1", "jing4", "bing2", "goeng1", "cung1", "mit6", "jan1", "go1", "zi3", "haa6", "jan1", "fui3",
	"mo4", "zuk1", "tong4", "tai5", "gin1", "mun5", "syut3", "daai3", "wing4", "zou6", "gyun3", "si1",
	"seon3", "ging2", "cong2", "guk1", "gei2", "ling4", "mei4", "haan5", "man5", "wan4", "jan6", "jing1",
	"co3", "wo1", "kwan4", "jyu4", "gam3", "ban3", "soeng4", "gaa1", "mung4", "caai4", "wai6", "gaan1",
	"haan4", "can1", "coi3", "coeng4", "geoi2", "haa4", "ji3", "lo4", "bou2", "lyun4", "zi2", "haau3",
	"hou2", "laai1", "seon3", "me1", "long5", "gu1", "mun5", "gwai2", "fu6", "zik6", "coi3", "cung4",
	"ning4", "gaa1", "ning4", "git6", "cam4", "cyun3", "gwik1", "gwik1", "gwik1", "wong1", "mong4", "duk1",
	"kek3", "tyun4", "tai3", "ke1", "sang1", "gwat6", "jit3", "ngai4", "ngai4", "zi6", "wang4", "zung1",
	"fung1", "ke4", "caan2", "gong3", "pui3", "dou2", "ci3", "sing4", "jin6", "zik6", "jit6", "kei4",
	"zik6", "coeng1", "lei4", "laam4", "wai4", "ceon4", "seoi3", "gaan3", "zeon3", "fai1", "hei1", "hei3",
	"zam1", "zi1", "hyun2", "no5", "ging1", "seon3", "seon3", "ciu1", "sik1", "coek3", "lei5", "mei4",
	"lau6", "lim4", "lim4", "lung4", "cyu4", "lim4", "zin2", "gin2", "nin1", "si1", "gwaan1", "si1",
	"gwaan1", "nap1", "cyu4", "sou1", "ting4", "gwing2", "cing2", "jik6", "coeng4", "kap6", "wang4", "bat6",
	"king4", "wui6", "ji4", "wing5", "coeng4", "juk1", "ji1", "gung1", "faan1", "liu1", "seon1", "fung6",
	"hang6", "mei4", "zoeng1", "hang4", "sung2", "gei1", "faan4", "sam4", "maau4", "cik1", "si1", "zing1",
	"nung4", "hiu1", "wai3", "hung2", "cyun4", "lung6", "zi3", "ti4", "ji3", "waak6", "mang2", "zang2",
	"ngo6", "leon4", "zi3", "jan1", "gong1", "nok6", "sing1", "fit1", "fung1", "tai3", "jan1", "fit1",
	"ai3", "lik6", "mung1", "geng6", "pit3", "cong2", "mau6", "ci3", "kok3", "jyu4", "mung4", "gung1",
	"oi3", "dik6", "dung2", "goe4", "jing4", "kwai4", "tung4", "sung2", "jyun6", "wan6", "zong3", "laan2",
	"ngo5", "zin3", "tit3", "zit1", "geoi2", "deoi2", "kam2", "nou5", "wing1", "lou4", "paak3", "ngung2",
	"lat1", "saat3", "zong1", "jip3", "wun4", "diu3", "kaai2", "dau6", "cau1", "dou2", "hak1", "luk1",
	"dik1", "ngaau1", "sau2", "wun2", "ceon1", "jau4", "wo5", "zung2", "gaa3", "waa2", "dap6", "sin1",
	"saak3", "kik1", "tou4", "kap1", "long3", "cou5", "ngaau1", "lou1", "ngou4", "keoi1", "saai1", "tung2",
	"zap1", "daat3", "paang1", "ning1", "cou5", "deoi2", "paang1", "gaan3", "jit6", "sip3", "saap3", "zin2",
	"ngung2", "saau4", "dip6", "loe2", "maan1", "co1", "baai3", "ban3", "deoi2", "geoi2", "zan3", "cyut3",
	"kwai4", "zaang6", "cung4", "naan3", "baa6", "maan1", "hok6", "mei4", "duk1", "haau6", "dou6", "hing3",
	"hiu1", "saat3", "nip6", "geoi2", "mei4", "pun4", "fui1", "dau2", "mun5", "kan4", "kan4", "zuk1",
	"zyu3", "hong4", "kei4", "fai1", "doek3", "pui3", "jyun6", "joeng4", "lou4", "fong2", "fong2", "gang2",
	"bou1", "hiu2", "gwan1", "doi6", "jiu6", "mut6", "fong1", "ceon1", "man5", "sik1", "tou1", "jyu6",
	"coeng3", "mei4", "min5", "miu4", "hyun1", "gou2", "mai4", "gei2", "hou6", "luk6", "seon3", "luk6",
	"kwai4", "cai4", "mung4", "hei1", "haa4", "ling4", "no5", "ji5", "wan6", "him2", "fun1", "dan2",
	"caat3", "jip6", "zi6", "jau4", "tyun4", "muk6", "jan4", "zoi1", "hung2", "dak6", "man4", "ging3",
	"kau5", "ji1", "cung1", "diu3", "tyun4", "tou4", "pui3", "gwo2", "hat6", "hon2", "gou1", "jau4",
	"hei3", "lou6", "him1", "kang3", "zi1", "tok3", "gon1", "co2", "mau6", "gaa3", "gang2", "peng1",
	"mei5", "wai6", "hoi2", "mun4", "dong2", "kei4", "cyun4", "fung1", "syu6", "sau1", "nik1", "seot1",
	"ngan4", "kai2", "zap1", "man6", "cuk1", "soeng4", "goi3", "mong5", "leoi4", "jaap3", "zuk1", "guk1",
	"hong6", "zoeng2", "sing6", "jau5", "dip6", "hei1", "zin2", "hyun1", "jip6", "ceoi3", "wing4", "ze3",
	"joeng5", "fun1", "tok3", "san1", "mo4", "ji4", "saan1", "cip3", "fun2", "daai2", "laai5", "min5",
	"cou4", "fan1", "tai3", "ban3", "gwai2", "gwai2", "gik1", "jan1", "din6", "huk6", "guk1", "huk6",
	"guk1", "ngai6", "hou2", "juk6", "paak3", "bou6", "jung2", "saam1", "jung5", "dung1", "kwan3", "wai4",
	"mou5", "zeoi2", "jan4", "sing4", "bing1", "zi2", "nap6", "pang4", "zo2", "sin1", "si3", "deoi1",
	"doe4", "pui3", "taai3", "jyu5", "nit6", "sau3", "gwai1", "zip3", "jyun1", "waa6", "coi2", "daam6",
	"bing2", "jin2", "ji4", "dik6", "fan1", "wan4", "gong1", "zi1", "ci2", "loeng4", "fan4", "sam1",
	"ciu1", "juk1", "jam1", "jau4", "jim1", "jyun2", "ping4", "ji2", "lam1", "gaa1", "sin6", "zin2",
	"dong2", "fung1", "ji4", "wai3", "soeng4", "gin1", "gei1", "hou4", "lei6", "zung1", "jyu4", "zeon3",
	"bok3", "ci3", "saan1", "cing4", "wui6", "kei4", "gaai1", "kei4", "buk6", "kiu4", "pou2", "dung2",
	"dip6", "wui6", "ji4", "kwai4", "sam1", "zeon3", "ning6", "leot6", "zeon3", "gaa1", "sam1", "luk6",
	"ji2", "min4", "zaap3", "zing6", "ziu2", "kit3", "lin4", "nung4", "lik6", "wing6", "gau1", "hung4",
	"siu1", "lik1", "jing4", "lim4", "cau4", "pan4", "jing4", "piu1", "lou6", "hou6", "ling4", "jam1",
	"cek3", "wat1", "leon4", "saap6", "jung2", "wan4", "mou4", "baa1", "lai6", "sim3", "seot6", "baak6",
	"lung4", "on1", "jing4", "gwong1", "jyun4", "zing1", "ce1", "fan1", "jin4", "geoi1", "kei4", "luk6",
	"coi2", "ling4", "cip3", "joeng4", "jyun6", "ping4", "lau4", "hei1", "zing1", "hok3", "wui4", "git6",
	"hei2", "teoi3", "jau4", "jit6", "jim6", "kwan1", "zoeng1", "heoi2", "tong4", "hong1", "long5", "zaan3",
	"siu1", "gun3", "hei1", "fan1", "lou4", "zoek6", "ou1", "zyu3", "zin1", "gaa1", "hou4", "fan1",
	"jing4", "fan1", "siu1", "san1", "jin3", "jip6", "fong2", "zaan3", "lo3", "lyun4", "dit6", "wai4",
	"lyun2", "baan6", "zoeng1", "zoeng1", "zong1", "sip3", "hau2", "daan1", "hak1", "caau1", "syun1", "hat6",
	"maan6", "mong1", "lung4", "ji6", "kap6", "dai2", "wai3", "si1", "him2", "seoi1", "tai4", "lau4",
	"si1", "hau4", "jyu6", "suk1", "dou3", "lip6", "jyun4", "juk6", "bou2", "ji5", "seon3", "cin1",
	"mut6", "hoi1", "tyun4", "fong1", "jung2", "fat1", "jai6", "wing5", "ji5", "gok3", "jin2", "baak3",
	"do1", "ming4", "jik6", "lau4", "kok3", "hak1", "zi3", "gaap3", "jin4", "jik6", "mei4", "fan1",
	"hyun1", "daap6", "bing2", "ji4", "pui3", "leon4", "cung1", "gyun2", "ji4", "zi1", "ling4", "cing1",
	"jin2", "bou2", "zing1", "kei4", "loeng6", "ping4", "cau1", "cung1", "mei5", "ting4", "gin3", "paak3",
	"wun3", "pong4", "haa6", "zin2", "hei2", "ci4", "ting4", "keoi4", "so2", "jan1", "caa4", "lak6",
	"long5", "taan3", "gau3", "zan1", "gei3", "ji1", "piu3", "man5", "sau1", "caan3", "kwan1", "lou4",
	"syun4", "jiu4", "gaan1", "cing4", "si1", "hoi2", "kiu4", "syun4", "seon3", "git3", "daan1", "din6",
	"syun4", "kwai4", "bik1", "ji6", "wun4", "kei4", "syun4", "mou5", "fai1", "wing4", "ji4", "fung6",
	"sau1", "lai6", "wai6", "sam2", "syun4", "lin4", "syun4", "jin3", "ling4", "haa4", "lai6", "lou6",
	"ling4", "gong1", "cung5", "ci4", "lung4", "jing4", "bei6", "jung6", "gyun2", "gyun2", "man4", "mau5",
	"teon2", "seon1", "jyu4", "cing1", "soeng1", "hon3", "jyun2", "cau4", "leoi4", "zing3", "so1", "waan6",
	"ng6", "to4", "gui6", "zaa3", "naa1", "wak6", "mang2", "cek3", "koek3", "man4", "naa1", "lit3",
	"gaan2", "daap3", "zang2", "taan1", "teoi4", "jan5", "mak6", "mui6", "caak3", "jyun2", "dau1", "wong4",
	"jit6", "bik1", "faa1", "saai4", "zaap3", "fu1", "jim2", "mat6", "ngaau4", "jau6", "wan1", "kiu4",
	"jim4", "am1", "gu2", "cik1", "cau2", "gap6", "laap3", "ngaau1", "hau1", "gap6", "daap3", "zong1",
	"seon4", "coek3", "zaam2", "gwat6", "sik1", "noi6", "sau2", "jeoi6", "kip1", "nam6", "hai5", "caau4",
	"fung1", "zong1", "caang3", "saau4", "hei1", "seon4", "jeoi6", "cyu5", "lai6", "kan4", "zyun2", "sek6",
	"paat3", "mong4", "ngai5", "faan4", "taan4", "keoi1", "gong1", "gaa1", "bo3", "naau4", "caak3", "waak6",
	"to4", "gwang1", "sin3", "ci4", "ham2", "gei1", "zaat3", "zoeng1", "cou4", "hap6", "keoi1", "gwan2",
	"zyun1", "sin6", "taan4", "gun3", "tung4", "jin3", "cin4", "lai6", "si6", "taan2", "gwong1", "leoi5",
	"coeng1", "daai3", "bang1", "sin6", "lau4", "ou3", "kit3", "zi6", "sit3", "lei6", "wan5", "do6",
	"loi4", "kau4", "muk6", "gaai1", "zung1", "maa5", "gim1", "jung4", "teoi4", "buk6", "dek6", "leon6",
	"jau5", "cau1", "lung1", "miu5", "gu2", "coeng1", "mei6", "tam5", "ling4", "bing2", "ting4", "zoeng1",
	"jiu4", "zuk1", "zoek3", "deon6", "wan4", "cung1", "nip6", "cau1", "san1", "pou4", "nei4", "dung1",
	"caam2", "sung1", "seon2", "wai5", "si1", "zing1", "dai3", "caak3", "zik6", "zaan2", "ceoi4", "paai4",
	"maan4", "heoi1", "wai3", "geoi6", "taam4", "gwan1", "zyun2", "dek6", "keoi4", "zing6", "zaan2", "lak6",
	"pok3", "zing6", "tang4", "nap6", "zong1", "gwing2", "zi3", "dou6", "dim3", "aa3", "caa4", "leon4",
	"nam1", "no6", "ci1", "zoek3", "cim1", "mut6", "wang4", "ging1", "jyu5", "dyun6", "hung3", "nim6",
	"ting1", "sok3", "ping4", "dam3", "gan2", "daai3", "maan6", "man4", "jau4", "cam4", "cyu5", "mung4",
	"cyu5", "fai1", "ban1", "liu6", "jing4", "wan6", "sau2", "so1", "taan4", "man4", "lin4", "jan1",
	"wui1", "gwat1", "taap3", "daap3", "zuk1", "dyut3", "syun3", "gam1", "jan5", "seoi1", "caa4", "caang1",
	"taam4", "sei3", "mong5", "gu2", "gu2", "coek3", "leoi4", "me1", "jam5", "goeng1", "lik6", "gu2",
	"sai1", "jik6", "jai6", "mou5", "jik6", "taap3", "fan1", "man4", "ci3", "ngai6", "zing1", "fai1",
	"wai6", "si1", "jap1", "tung4", "cin1", "zin1", "zi1", "zip3", "daam1", "miu5", "zim1", "gaap3",
	"sim2", "jyu4", "dap1", "zan3", "nip6", "siu6", "paa4", "wun2", "gu2", "ci3", "ping4", "zaap3",
	"ceon2", "jan6", "lou5", "sai1", "nam6", "lou4", "bing1", "ngaa6", "kei4", "jim1", "leoi4", "deoi2",
	"sou1", "jung4", "jim1", "zin2", "sau1", "jip6", "fat1", "gam3", "pou2", "ji5", "pok1", "duk6",
	"mak6", "lo1", "ji4", "ji4", "zak1", "gou1", "gou1", "hot3", "zi3", "zeon1", "guk1", "caap3",
	"hok6", "jim6", "cung4", "daam6", "loe1", "laai2", "pei4", "doi6", "tung4", "syun4", "loi4", "ngou3",
	"kau1", "zi6", "jau4", "zung1", "mong5", "cek3", "cik1", "ting1", "zing3", "sai3", "cin1", "joeng4",
	"si1", "jau5", "mong4", "kei5", "ban6", "miu6", "diu6", "naa5", "gaan1", "juk6", "jin4", "gu1",
	"bei1", "ping4", "diu6", "ji4", "geoi2", "ji1", "lei6", "jyu5", "jan1", "mui6", "ce4", "mau5",
	"ci2", "ji1", "jing2", "seon1", "haak3", "fei1", "kwan3", "seon3", "nei5", "zong3", "geoi2", "git6",
	"gan1", "hou6", "hong4", "lit6", "jyun2", "gwan2", "wan4", "haa6", "co1", "seoi1", "hoi2", "fau4",
	"kei4", "kau3", "seot6", "ji1", "bou2", "fau4", "siu6", "jyun2", "coi2", "wan6", "pui4", "hing1",
	"syun1", "lai4", "zaau3", "wing6", "mou6", "cing4", "fei2", "jan2", "hyun3", "zeon3", "sing6", "zuk6",
	"waa4", "jyu4", "zing6", "zaan2", "mei5", "jiu4", "cung1", "ji2", "gou1", "ze3", "man5", "joeng6",
	"ziu2", "zing6", "wan5", "kwai4", "leoi5", "kwai4", "fai1", "zung2", "dan2", "kiu4", "fuk1", "wan3",
	"mun4", "bou2", "hing1", "pan4", "hei2", "haa1", "si1", "dou3", "ning4", "gaa1", "gwaai2", "san1",
	"cyun4", "gong3", "doe3", "saa1", "zit3", "mei1", "bang1", "fau6", "haa1", "pan4", "ci1", "zuk6",
	"zeoi1", "hou4", "zung1", "zuk1", "jyut6", "gaan1", "zyun1", "ban1", "sit3", "naan3", "maan4", "jin2",
	"hon3", "jung5", "hang4", "hang4", "cung1", "jing4", "zi2", "taai1", "mei6", "wu2", "jau6", "long6",
	"tung2", "ming4", "pui4", "maa6", "suk6", "daai3", "gin1", "hyun1", "laai6", "gei1", "jyut6", "daat6",
	"joeng4", "lo6", "kai3", "tin2", "tai4", "leoi5", "lai6", "gok3", "caau1", "kwai4", "kwai4", "jiu4",
	"kwan1", "aak1", "ngaa6", "zaa3", "fung1", "zaa6", "jyun4", "tam3", "fat1", "daan3", "si1", "gei3",
	"zeon3", "syun1", "gan2", "zin2", "hap6", "faat3", "gaan1", "wai3", "tang4", "lai5", "dai3", "ning4",
	"leoi6", "lok6", "zaam1", "kei4", "lam4", "tin4", "lou4", "gwok3", "duk1", "zoeng6", "jyu5", "joeng1",
	"me1", "ziu6", "bui3", "fong3", "sit6", "zaang1", "fau2", "loi6", "coeng1", "faan3", "ci3", "zeon2",
	"jung1", "zaan3", "zaan3", "gwai3", "maai5", "zoeng3", "geoi1", "tin2", "taan3", "ziu6", "mut6", "cau5",
	"zuk1", "dam6", "zung1", "tau2", "mau5", "lung4", "cuk1", "cyu5", "leot6", "kei2", "leoi1", "dai6",
	"gaang3", "tiu3", "pang4", "leoi1", "dam6", "naam3", "waai2", "pun4", "pun4", "sin3", "gwat1", "seot1",
	"laam3", "zuk6", "jaang3", "laan1", "waa4", "tek3", "jaang3", "buk6", "cyu4", "sin1", "laam3", "saau2",
	"pei4", "pei4", "ni1", "juk6", "haa1", "wu3", "laak3", "gwang1", "wen1", "lip1", "wang4", "zeon3",
	"juk6", "hon6", "jyun5", "bok3", "jiu4", "gwan2", "gwan2", "syu4", "gwong1", "ci4", "tou4", "fu2",
	"zat1", "ting4", "jin4", "kut3", "jau4", "jau4", "ke2", "ngok6", "seoi6", "wai5", "cim3", "juk1",
	"jiu1", "zou6", "jyun5", "cin1", "lap6", "koek3", "cyun4", "juk1", "sing1", "gwan6", "jing4", "zing1",
	"jau4", "faan5", "baau3", "jau4", "mai4", "zeoi6", "ling4", "lei4", "gei2", "saan3", "jam1", "syu1",
	"maau4", "pik1", "ping4", "ci3", "pui3", "joeng5", "jyu5", "zan3", "jin4", "dou6", "bong1", "jing4",
	"gwan1", "hok3", "hang1", "zoek3", "jeoi6", "ming4", "bing2", "jin4", "fan1", "bo1", "saam1", "kam4",
	"sam1", "zung1", "ci4", "jyu5", "juk1", "hung4", "wai1", "bui3", "wun6", "jau4", "wai6", "jing4",
	"bou2", "caa6", "jiu3", "seoi6", "ting4", "hin1", "jyun4", "jan1", "zin2", "ting4", "gung3", "zeon3",
	"zan1", "ci4", "loeng4", "zoek3", "gin6", "soeng1", "kau4", "coeng1", "hon3", "ngou6", "kwan1", "jyut6",
	"keoi4", "sin6", "hoi2", "fu3", "zok6", "sai1", "hak1", "hei2", "daan1", "co2", "jip6", "jyun4",
	"maan6", "caan3", "ban1", "hou4", "zim6", "deoi3", "zan3", "lai6", "leoi4", "jing4", "hing3", "wai6",
	"jin3", "hei1", "zaam1", "hon6", "jyun4", "hing1", "gaam3", "jing1", "zaap6", "zoek3", "gaan2", "lai6",
	"bou2", "jim4", "bou2", "gaam3", "bou2", "maa5", "hat1", "jik6", "ngo4", "gu1", "dat6", "zan1",
	"mou6", "kau4", "suk1", "loeng6", "ling4", "gun3", "long4", "tau1", "saap3", "waang4", "sau3", "ziu1",
	"zeon1", "mei4", "gau1", "cat6", "diu2", "bing1", "gwaan1", "lan2", "gwaan1", "hoeng3", "paang1", "saam3",
	"haan6", "fau6", "kap1", "keoi1", "zan6", "ping4", "pei4", "dai6", "dau2", "gaai3", "jyu5", "jung5",
	"fong2", "lau4", "ling4", "laa3", "gwik1", "jan2", "lok6", "seoi1", "syu3", "cam3", "gan1", "dung1",
	"jau1", "dou3", "ji1", "jin6", "kei4", "pui3", "jam1", "cung4", "cau1", "gong3", "fei2", "maan6",
	"fung4", "si1", "zyu3", "ling4", "fung1", "leoi4", "zing6", "cing1", "fei1", "gu2", "lok3", "haai4",
	"haai4", "haai4", "mui6", "naap6", "haa4", "wan6", "hung1", "wan6", "hoeng2", "gwong3", "jim4", "but6",
	"wing6", "kwai4", "ngok6", "ji4", "leoi6", "leoi6", "seon3", "taam4", "laam4", "cam4", "hou4", "geoi6",
	"tou4", "lau4", "bung6", "bat6", "tou4", "biu1", "sau1", "waang4", "fuk1", "loeng4", "ci3", "caat3",
	"seon3", "sung3", "sau2", "ding2", "cau3", "juk6", "sai2", "on1", "hang1", "luk6", "geoi1", "jing1",
	"tou1", "zin3", "wan1", "gei3", "ngau6", "zi3", "fung1", "sing6", "jyu4", "lai6", "zau6", "joeng2",
	"but3", "wan4", "gei3", "dung6", "cyun1", "guk6", "bik1", "got3", "ceon2", "kin4", "sau1", "jyu4",
	"cin4", "zin3", "ji6", "faan4", "gei1", "zi6", "kui2", "peng1", "ban1", "jim4", "saam1", "so1",
	"ban3", "zaai1", "ci3", "jung4", "mit6", "ju4", "tou2", "jau5", "ci4", "pou5", "laap3", "gaa1",
	"si4", "zi3", "loeng4", "mong4", "jip3", "leoi6", "jam1", "dyun6", "bo1", "zeoi1", "sung4", "dai6",
	"ou2", "gwo3", "ci4", "ngap6", "waan5", "on1", "kau4", "min5", "fu2", "suk1", "seoi1", "hong1",
	"gwo1", "caa4", "si1", "coeng1", "ceon1", "hung4", "haak3", "jing1", "jip6", "jung4", "fu2", "huk6",
	"mak6", "mok6", "cong2", "si1", "keoi4", "kwai4", "cik1", "juk6", "gwong2", "jing3", "lei4", "wan6",
	"man4", "zi1", "ci4", "waa4", "tuk1", "ngou4", "leon4", "sang1", "leon4", "syun1", "ting2", "leon4",
	"gwan1", "zoeng1", "buk1", "ciu2", "haan6", "ciu2", "tip3", "loi4", "waa1", "mei4", "lai4", "naa1",
	"zyu2", "mei4", "nung1", "co2", "ding2", "hau1", "cai4", "zi1", "kap6", "ji1", "jim6", "nak1",
	"gwi1", "wing4", "dok6", "zik1", "jim2", "ce1", "leon4", "huk1", "dong1", "kiu4", "maai5", "jim2",
	"zin1", "laan4", "laai6", "zyut3", "laan4", "lyun4", "dung1", "waan4", "lau5", "leon4", "soeng1", "ning4",
	"duk6", "jing1", "geoi6", "teoi4", "sung4", "goek3", "leon4", "se4", "ngaam4", "jing2", "jin2", "fan4",
	"coeng4", "bat1", "lung6", "cau4", "cim1", "cung1", "mei4", "loeng5", "haan6", "sok1", "zyut6", "maan1",
	"laai6", "sim2", "fai3", "fan5", "bui3", "zai1", "lai6", "gai3", "fai3", "sip3", "cyun4", "ngap6",
	"hiu1", "hei3", "lai6", "si4", "zaan3", "wing6", "hei3", "wai1", "zuk1", "lung4", "kiu4", "cong1",
	"nung4", "ngan6", "cung1", "duk6", "kwan1", "gwai1", "bat1", "zoeng3", "lou4", "ji3", "jin5", "lou4",
	"pan4", "paau3", "baa6", "zyun2", "lap6", "mou4", "wai5", "soeng1", "man5", "gwok3", "faai3", "cuk1",
	"gau2", "wu6", "gam1", "mou6", "si1", "gang1", "dung6", "fuk6", "nung5", "daat6", "saai2", "jin4",
	"ci1", "faan4", "lit6", "sit3", "fuk6", "ting1", "bong1", "sik1", "mou6", "si2", "leot6", "koeng5",
	"jik1", "fan1", "zeoi1", "fan4", "zim6", "laai2", "jing4", "wai2", "co1", "nung4", "gaan1", "king4",
	"can4", "zyut6", "oi3", "syu4", "wok6", "lou4", "gaan2", "giu2", "cing4", "giu1", "au1", "zaak6",
	"jiu4", "kui2", "zik1", "zip3", "lo4", "mik6", "mei4", "ji4", "jiu1", "fan1", "heoi2", "jyun3",
	"to4", "naau4", "tung4", "giu2", "tiu5", "nung4", "ci1", "zan3", "faa3", "gei6", "mong5", "wat1",
	"haam4", "saai2", "zyun1", "siu2", "zung3", "lau4", "ngou6", "kwai5", "sin3", "ze1", "hei1", "hyun1",
	"ning4", "zin2", "zung1", "geoi6", "lung6", "gau3", "cam1", "can3", "taam5", "gam3", "cing1", "lik6",
	"bat1", "coeng4", "but6", "giu2", "leoi1", "zaam6", "jaang3", "sin1", "jyut6", "sim1", "kyut3", "naap6",
	"bat6", "ling4", "faan6", "ping4", "ji2", "zau1", "ngai4", "gun2", "gwang1", "jau4", "wai6", "gaau1",
	"buk6", "ham2", "leoi4", "lau4", "zyun1", "maang4", "jim6", "baat3", "zi2", "fu1", "gwo1", "cung1",
	"jyun4", "zaap3", "joeng1", "gwai1", "seot1", "kiu4", "gwan1", "mau4", "san6", "hyun1", "faan6", "gei1",
	"lou5", "nip6", "zung3", "juk6", "lin6", "fan4", "dik6", "jau4", "sok3", "bai1", "sok3", "jing1",
	"sau3", "fun2", "sin3", "faan4", "kyut3", "kwai4", "hoi1", "dau3", "bin6", "leon6", "zi3", "jit6",
	"wan5", "fui3", "lung4", "hoe1", "bat1", "bai6", "gau1", "zam2", "ngai5", "tiu3", "gan2", "wan6",
	"wan1", "ngok6", "haan1", "jyun6", "cuk1", "fan4", "bung6", "am3", "sat1", "zin1", "zoeng1", "zok6",
	"bit6", "wan6", "bou1", "cuk1", "lo4", "wai3", "wu4", "nyun5", "wai3", "wong4", "hau4", "deoi1",
	"zin1", "hoeng2", "hon6", "man4", "kyut3", "to4", "po2", "zi3", "gwing1", "hon6", "ngoi4", "kwan1",
	"tou4", "luk6", "tai4", "wong4", "jyun4", "aan3", "hai4", "soeng1", "zaak6", "cang4", "zin1", "kwai4",
	"kut3", "zeoi6", "hung4", "joeng4", "zyun1", "saa1", "fan4", "kiu4", "bit1", "ping4", "lit6", "wui4",
	"si1", "cai5", "gap3", "pou1", "zip3", "dyut6", "kwai1", "lei4", "gyun2", "zau2", "jin2", "bin1",
	"zi1", "haa1", "jung4", "cau4", "wat6", "sou1", "lip6", "gin1", "zi1", "fau4", "fun1", "kyut3",
	"lung4", "fuk6", "ning4", "wat6", "gaa1", "gaap3", "wu1", "pei4", "aan3", "jyu4", "jyun4", "tou4",
	"bit3", "fong2", "kei4", "zok6", "diu1", "fuk6", "gwat6", "cik1", "wu4", "tai4", "kwai4", "leot6",
	"san4", "bai3", "jam4", "zeon1", "fung1", "pei4", "baa6", "ngit6", "ngaau5", "zaak3", "co2", "ngaa3",
	"lung5", "dan1", "bui3", "syu6", "fai1", "cau4", "loi4", "wui6", "jing1", "laan5", "dou2", "man5",
	"zi1", "zyu1", "kyut3", "ling4", "wing4", "caan2", "bui3", "zai6", "lou4", "laam4", "mun4", "jam6",
	"wang4", "loeng4", "cung5", "liu6", "ling4", "kei4", "zi2", "pun3", "cin2", "cung4", "to4", "seoi6",
	"kau4", "zi6", "fan1", "wan5", "saan3", "laap6", "sik1", "hung4", "hoi1", "zau1", "daat6", "so2",
	"cou3", "hap6", "ling4", "gaak3", "kwai2", "cam4", "bik1", "luk6", "haam4", "zoeng1", "ngai4", "luk6",
	"cin4", "lung5", "dung6", "lin5", "lou4", "wai5", "daan6", "caam1", "laam4", "oi3", "mou6", "dyut3",
	"siu3", "zyut6", "cim1", "loeng5", "dyut3", "buk1", "sit3", "duk6", "gwang1", "mun4", "cung4", "gau6",
	"nip3", "ngai1", "zeon3", "hong3", "baan1", "go6", "loi6", "lai6", "zam6", "sam6", "baan2", "zaam2",
	"ning6", "hiu1", "saa2", "e1", "ngaap3", "ok3", "bap6", "ting2", "daam6", "ban1", "zeon6", "pan4",
	"ling1", "doe1", "waa2", "bok3", "coi3", "saat3", "zoeng3", "baa3", "zeon6", "ne1", "so4", "ang1",
	"hoi1", "ke4", "gaam3", "zyun1", "au2", "leon4", "baat6", "haau1", "ngaam4", "sin6", "cam2", "kut3",
	"wan1", "do2", "wai4", "jing4", "dong1", "waa6", "wai3", "maai4", "cim1", "kwai1", "laam6", "zaan2",
	"fung1", "aa1", "dam6", "cat6", "joeng4", "wai4", "lik6", "dit6", "wing4", "hin2", "loi4", "jam3",
	"jam1", "lau4", "jing2", "kau1", "jyu5", "wai5", "sung2", "soeng1", "hip3", "hip3", "waa4", "cai4",
	"gung1", "mun6", "wit1", "lou6", "joeng5", "naan5", "cau1", "goi1", "waa1", "nong5", "lou1", "jaap3",
	"kap1", "lin5", "waak6", "gaau2", "lyut3", "duk1", "zoeng1", "hin1", "dong2", "wai5", "jin5", "hoi2",
	"au1", "ngaa6", "jeon2", "lo1", "daan1", "sing6", "mou4", "gaap3", "saat3", "nung4", "kwai1", "zat1",
	"ji6", "hin2", "jan2", "gwaa1", "pan3", "gik1", "kau3", "mou6", "dip6", "maan6", "tyun4", "bui3",
	"gwok3", "taan1", "fai3", "jing4", "gip3", "fan3", "saap3", "wai5", "laan4", "jeoi5", "hon4", "au1",
	"caau2", "cam4", "daat6", "cau4", "gung3", "mui5", "lo3", "cin2", "sim2", "tong2", "laam6", "wui1",
	"co1", "hiu1", "zaan2", "lik1", "dong6", "cam4", "jing4", "laan6", "cung4", "maa6", "gai3", "fai3",
	"wan4", "gwo1", "gwan3", "cau2", "jip6", "zung3", "gwan3", "gaan3", "cau2", "min4", "jap6", "kok3",
	"wan5", "hang1", "ngang2", "suk1", "gei1", "cau1", "jung4", "teoi4", "wai1", "gung1", "sai1", "gaan2",
	"fu1", "au1", "zyun2", "haan6", "haam5", "saa1", "ceon4", "kau4", "gaan2", "daam1", "keoi1", "zan2",
	"sin3", "goi2", "jan1", "kwong3", "leoi5", "cyun1", "cai4", "zik1", "ting1", "lim5", "jyun4", "sin6",
	"sam1", "mik6", "zeon2", "jyun5", "cau1", "gang1", "cau1", "ci1", "tou1", "hat6", "jin2", "faan4",
	"jin4", "leon4", "daan6", "mak6", "soeng1", "lou4", "bat1", "wai5", "suk1", "tong4", "jyu4", "laam4",
	"faat3", "wai3", "maan6", "loeng5", "waai4", "haan4", "gwok3", "zit6", "pan4", "laan4", "teoi1", "pan4",
	"ham3", "jik6", "gwik1", "dung1", "dong1", "caak3", "niu5", "gaap3", "dip6", "lo6", "zaan3", "zi6",
	"tiu3", "zi3", "dou2", "jing2", "ming4", "dang1", "zau1", "jing1", "cam3", "tap1", "wai6", "heoi1",
	"zi3", "hou3", "kwan1", "cyu5", "tau2", "gam3", "zin3", "zyu3", "gyun2", "tou1", "aau3", "fai3",
	"ngaa6", "wui1", "wai3", "fui3", "dong2", "ming6", "fui3", "zau3", "pou2", "han2", "zaa6", "cuk1",
	"hon5", "cuk1", "ting5", "long5", "lin4", "zaak3", "lou4", "haak3", "tou4", "tam3", "cam3", "gwan3",
	"jan1", "wui6", "si6", "wong4", "hyun1", "go1", "gaak3", "cat1", "fu1", "cim2", "wai6", "liu4",
	"ou3", "zyun2", "deoi6", "zang1", "zaan6", "wai4", "cou3", "ngaai6", "daap6", "haak3", "tyun2", "wai6",
	"zaan3", "fun1", "zip3", "maau6", "cong3", "bei3", "zaang1", "cyun3", "hau6", "naai2", "bui3", "leon4",
	"gwaan3", "laam3", "coeng1", "nong1", "lung5", "lou6", "ping4", "mou4", "kei4", "ong3", "gung2", "hoi2",
	"waan5", "tin4", "got3", "jau4", "song2", "caau4", "cam4", "loi4", "mau6", "jyu3", "zaan2", "nung4",
	"hon6", "jik6", "kau3", "pai1", "wai4", "leon4", "cong2", "jam5", "coeng1", "gan1", "pik1", "cam4",
	"sek6", "seot6", "san4", "co4", "lou4", "jip6", "zok6", "ning4", "ziu1", "zi6", "mou5", "pei1",
	"do2", "zaak6", "zai1", "dou6", "hon6", "wang4", "joeng4", "tin2", "cuk1", "diu1", "paang4", "neoi6",
	"daan1", "deoi6", "bo1", "leoi6", "saam2", "caa6", "ziu1", "gwai6", "sin3", "hau4", "cung1", "nau6",
	"ceoi4", "jung1", "hat6", "zin2", "wai6", "cik1", "pit3", "ji4", "so2", "hei2", "git3", "hak1",
	"leon4", "giu2", "seoi6", "bik1", "kai1", "hing1", "bok3", "wik6", "leon6", "haa1", "hung3", "gap3",
	"cuk1", "waak6", "saa3", "kwai1", "jan1", "jiu2", "baan2", "am3", "maa6", "wu2", "kei4", "zai1",
	"haap6", "teoi4", "loeng5", "dip3", "ceoi3", "kwai4", "dik6", "daam1", "pun3", "leoi5", "ngai5", "kut3",
	"wan6", "hei1", "ji4", "ding3", "au1", "pei1", "jyu6", "wai5", "hyut3", "hoi2", "syun4", "gwok3",
	"fat1", "liu4", "zi6", "ze2", "tai4", "ning4", "ci4", "jip3", "wu4", "ngaau4", "zeoi3", "gin1",
	"tou4", "sik1", "tong4", "fan4", "faan4", "pei4", "pei1", "gwing1", "ak1", "sai2", "san1", "ci4",
	"tou4", "long4", "ngon6", "fei1", "waak6", "paang4", "kei4", "leon4", "tit3", "biu1", "gin2", "fun1",
	"nong4", "mat6", "git3", "jan4", "tou2", "diu3", "gaai3", "gang2", "keoi1", "doi6", "to4", "zit3",
	"wai4", "siu6", "ting4", "hou3", "tai4", "jip3", "lou4", "to4", "wu4", "laat6", "lin6", "sing1",
	"zaa2", "tai4", "jau4", "kei3", "wong4", "keoi1", "hei1", "zoeng6", "gwaan1", "gun3", "bou2", "zeon2",
	"jik6", "hung4", "man4", "co1", "sang1", "ci1", "jam4", "kei4", "ang1", "jin2", "ngok6", "wong4",
	"pin1", "am1", "leoi4", "gou1", "hin1", "zok6", "jin3", "ou2", "faan4", "kwai4", "pik1", "hok6",
	"keoi4", "gaan2", "cai4", "coi4", "wan4", "nung1", "zyu1", "ngaa4", "haai6", "ngoi4", "ji2", "ji1",
	"gaam1", "ci1", "co2", "gam6", "caat3", "lung4", "jing3", "zin2", "put3", "dyut1", "lau4", "bei6",
	"syu4", "zung1", "dou2", "oi2", "wai2", "fu1", "kwok3", "oi3", "pok3", "din1", "jik6", "lei4",
	"jyu4", "tong2", "ngai5", "haan4", "fat6", "zaa1", "gwai6", "dik1", "aa3", "dong1", "hung6", "zuk1",
	"mou4", "lo4", "lou4", "gun3", "laan4", "aa3", "kau4", "lou4", "dit6", "zok6", "gwaa3", "loeng5",
	"gwaa1", "zau1", "jeoi4", "ceoi3", "seoi3", "coi3", "faan4", "jing1", "zit3", "fu6", "loeng5", "loeng5",
	"gin1", "kit3", "jan2", "duk6", "tek3", "dou6", "gu1", "ji4", "fan4", "ceon1", "waan4", "got3",
	"coeng1", "cam2", "gong1", "wang4", "sin4", "zyut3", "leoi6", "mun4", "cyu3", "diu2", "bei3", "coeng3",
	"wai5", "fung1", "lau4", "bat1", "hoi3", "aai3", "ji3", "mong4", "haai5", "zung1", "cou2", "deon1",
	"ning4", "jyu4", "ngai6", "gwai3", "caan1", "luk6", "jung1", "haam4", "zam1", "gaai3", "jiu1", "aan3",
	"soeng1", "mau4", "kaa1", "ngai4", "lik6", "fung6", "cung2", "pang4", "wai4", "ji6", "laan5", "zeon6",
	"man5", "lin4", "lo4", "niu5", "mun5", "zeon3", "teoi4", "wan6", "daan1", "jin5", "fung1", "lok6",
	"dung6", "gwok3", "hei1", "jiu6", "seoi2", "soeng1", "hing3", "zin1", "joeng5", "ji4", "gwai1", "wo4",
	"hin3", "syu1", "jap1", "fung3", "hiu4", "fan1", "cung1", "jip6", "jing4", "leon4", "fung6", "hei2",
	"kiu4", "jip6", "jiu4", "daat6", "lai6", "hoi2", "cung1", "jin5", "tin4", "hei1", "nou5", "ji1",
	"loi4", "caa3", "fung4", "tou1", "laam6", "fei1", "dung2", "lok6", "gei1", "bo3", "cyu5", "gei1",
	"taai5", "gwang1", "tou1", "jyun5", "juk1", "gei2", "jyun4", "lau4", "syu1", "lin6", "pik1", "hing3",
	"gwan1", "gung3", "cim1", "sik1", "cyun1", "fong1", "fuk1", "hin2", "jan1", "hoi2", "jing4", "soeng4",
	"jin6", "hoi2", "zan3", "kit3", "fu3", "kit3", "wan6", "gu3", "biu1", "fei1", "pan1", "fei1",
	"ji6", "zau1", "wan1", "ling4", "ang1", "hok6", "daap6", "jung2", "jung5", "fui1", "jiu1", "ngok6",
	"ping1", "cit3", "tou1", "ci4", "zeon3", "zeon3", "mou6", "gai1", "baan6", "fong1", "sip3", "gun3",
	"haan1", "gaam1", "lyun4", "sung2", "dong1", "fu6", "haan5", "haan5", "juk6", "dai3", "teoi4", "leoi5",
	"ci3", "zaan2", "hok6", "cong1", "duk6", "tyun4", "leoi6", "duk6", "daan1", "laam4", "haai6", "dung2",
	"gaap3", "gaa1", "hei3", "taam2", "saam1", "hei3", "soeng4", "dim2", "can3", "laam6", "aak3", "zaan3",
	"bok3", "zaan3", "gong1", "jin6", "jik6", "gaap3", "kok3", "jip6", "gaan2", "hok6", "dit6", "coeng2",
	"haam5", "jim4", "cim3", "dong6", "zyun1", "jim1", "jing1", "zing1", "cim3", "zaak3", "laan5", "aa1",
	"wai2", "sung2", "lung4", "dung3", "jip6", "jiu4", "zak1", "naau4", "ngaam4", "ngok6", "jin2", "cyun4",
	"zin2", "laan4", "kui2", "daai3", "kong3", "tyun4", "leon4", "zap1", "jim1", "lau4", "gung1", "haan4",
	"caam4", "sing4", "zi3", "dai3", "ai3", "tong2", "mun4", "cit3", "caang4", "wu2", "sim2", "jip3",
	"zit1", "syun1", "lai6", "hang1", "kwai1", "saam3", "dai3", "gwai6", "tan3", "hin1", "duk1", "cam4",
	"keoi1", "giu2", "kui2", "jim5", "lei4", "fong2", "leon4", "sik1", "jim2", "caan2", "wan4", "zeon2",
	"si4", "cin1", "sam2", "suk1", "fan4", "daai3", "guk6", "king2", "jim4", "min4", "laai6", "sou1",
	"sau2", "wu1", "lim5", "siu3", "ning4", "leoi4", "maa5", "cung4", "dung1", "sim2", "bat1", "zap6",
	"zit1", "ji4", "wai3", "sim2", "lyun4", "lou5", "lim6", "haan4", "ling4", "ding2", "laam5", "can3",
	"joeng6", "ho6", "zin6", "jing1", "jing4", "fai1", "gaan2", "siu1", "sin2", "hin2", "jik6", "dung6",
	"zit3", "gin1", "bik1", "fan4", "jim6", "zin1", "gong1", "hang1", "bei1", "lou4", "hiu1", "loi4",
	"wo1", "caam4", "ban6", "kei4", "lou4", "nou5", "sau6", "suk1", "mou5", "aang1", "lau5", "zek3",
	"gaan2", "teoi4", "zik1", "lyun4", "lik6", "taat3", "duk6", "ham3", "cung1", "fan3", "maan5", "saai2",
	"gaan3", "kwai1", "tong2", "kwai1", "baa6", "lik6", "wai2", "lung4", "zaak6", "aa1", "lou4", "ngaam4",
	"to4", "gaan3", "jin4", "zat1", "laam4", "zyu1", "joeng4", "kui3", "nung4", "tai4", "kong3", "zai6",
	"ci4", "lung1", "tiu5", "cang1", "seoi1", "tyun4", "lou4", "giu1", "dong6", "ak1", "zaa1", "zung1",
	"lou6", "jing4", "tyun4", "zoeng1", "tyun4", "mun4", "laan6", "zang2", "fau4", "gai3", "wu6", "o1",
	"fu1", "keoi4", "zyu3", "jin4", "to4", "wang4", "gang1", "haap6", "bat1", "zyu1", "hiu1", "zang1",
	"ci3", "goi1", "bang1", "sing4", "kau4", "fat1", "wan4", "zi6", "man6", "cim1", "wik6", "waak6",
	"cap1", "cai1", "sik1", "bik1", "zung2", "taam1", "sau3", "saam1", "zi3", "miu4", "hin3", "zung1",
	"zung2", "sok3", "cyun4", "jik6", "zoi2", "syun6", "saan3", "seoi6", "zeon1", "wat6", "gaai3", "fuk6",
	"jau1", "gun3", "gyun3", "saap3", "dou6", "lung4", "hoeng1", "fu1", "zo3", "hiu1", "sau1", "nai4",
	"mun4", "gaam1", "soeng1", "daai3", "lau4", "zeoi6", "jau1", "leon4", "deoi6", "si1", "hei2", "saat3",
	"fu6", "lau4", "cit3", "gwo1", "gung3", "gaan1", "wing6", "mang4", "naap6", "fan4", "zuk6", "zung1",
	"fan4", "leoi4", "leoi4", "bei1", "ci4", "zik1", "laai6", "teoi4", "tang4", "leoi6", "hiu1", "wu1",
	"zaan6", "mou4", "ce1", "hin2", "zung1", "leon4", "wai1", "lung4", "zaak6", "hing1", "ok3", "ngai5",
	"daat6", "zim6", "can4", "fei4", "ang1", "wai6", "lung4", "ngai6", "deoi3", "nung4", "daat6", "si1",
	"sam1", "pit3", "siu6", "gaan3", "gwan1", "leoi5", "ceoi3", "lo4", "ceoi3", "luk6", "hok6", "daai2",
	"jing4", "giu3", "joeng4", "zeon3", "jau4", "caau2", "ngo4", "sam4", "seot1", "jai6", "ngai6", "joeng3",
	"dit6", "ling4", "gau3", "tou4", "wo4", "wing6", "naau4", "hang1", "hap6", "ngaak6", "ci4", "haau6",
	"zi3", "zim1", "bou1", "cim4", "ngo4", "saa3", "hang6", "cam1", "hei1", "cuk1", "ngai6", "zeoi3",
	"zyut3", "daap6", "zip3", "jyun4", "waak6", "tou1", "hai5", "hok6", "jyu4", "ji4", "cung3", "zaap6",
	"zaa1", "ham6", "to1", "ci4", "taan1", "ji1", "nau6", "gyun3", "sap1", "jiu6", "lung4", "duk6",
	"lau4", "tik1", "ji4", "wun6", "ci4", "seoi6", "cung4", "fai3", "zeon2", "sing6", "jat6", "biu1",
	"zong1", "jyun5", "hiu1", "kiu4", "dip6", "gwai6", "saai2", "lin4", "zai6", "cai3", "teoi4", "do2",
	"wai6", "faan6", "ngai5", "kwong4", "tyun4", "faan2", "zaan6", "paang1", "fu2", "dai2", "keoi4", "pou4",
	"deoi3", "gung2", "guk1", "wun6", "wan5", "sin3", "ling4", "zip3", "gwo2", "paai4", "paang4", "ham2",
	"jyun1", "cyun4", "fuk1", "zeon1", "laam6", "sik1", "faan1", "cung1", "zaan6", "gik1", "hat6", "leon6",
	"dong6", "jiu2", "dai6", "heoi2", "wai4", "hiu1", "bei3", "jik6", "mai4", "hing1", "gei1", "baat3",
	"dai6", "kong3", "ciu2", "au1", "lik6", "aak3", "zi2", "jat6", "jin6", "jan6", "bing3", "lung4",
	"pei1", "zaai2", "kaa1", "sang1", "wo4", "ngau1", "fau4", "zyu3", "bun6", "fat6", "gat1", "ham6",
	"kwaa1", "gwong1", "tung4", "wai3", "pik1", "ci2", "gwai2", "beng2", "gwo2", "zip3", "but6", "hung3",
	"zok6", "mui4", "ham4", "juk6", "so1", "fu3", "zim6", "biu1", "pai1", "tou4", "gam1", "gun2",
	"taap3", "jip6", "do6", "kim4", "zam1", "jyu4", "wui2", "gaai3", "dyun1", "seng3", "zung1", "fuk1",
	"gwang1", "se4", "haa4", "kwai4", "ngou6", "jip6", "aa1", "gaam3", "taap3", "oi3", "lim4", "tong4",
	"ceoi1", "cung1", "luk6", "si1", "wai6", "zaam1", "ding2", "zyun1", "tin4", "cyun1", "suk6", "jit6",
	"gaam3", "ou1", "seoi1", "mit6", "leoi4", "zyun3", "zim1", "leoi5", "gun2", "wai2", "ni1", "saat3",
	"ngaat6", "kap1", "pik1", "zat1", "fan4", "deoi6", "bat1", "cin1", "duk6", "gwai6", "lau4", "laan4",
	"laan4", "mui6", "bei3", "gaap3", "hyun3", "wan6", "ciu3", "sip3", "duk6", "haai6", "wan6", "jiu4",
	"fui3", "ngaak6", "ping1", "loi6", "aat3", "jim5", "kwai4", "ceoi4", "seoi6", "ham5", "ham2", "soi1",
	"gong2", "fui1", "seon3", "ban1", "piu5", "ciu4", "biu1", "haa1", "toi4", "lit6", "lau4", "haau1",
	"zaap6", "biu1", "jyu3", "bok3", "faan6", "tim5", "ban1", "ak1", "bau6", "daam6", "fan1", "gin1",
	"fui3", "ci3", "mung4", "zaan3", "zyu3", "tok3", "duk6", "bou2", "zap1", "saap3", "geoi6", "but6",
	"lung4", "can2", "bat6", "jung4", "zi3", "ji5", "tou4", "bok3", "sung2", "loi4", "hyun1", "ngo5",
	"teoi3", "se3", "to4", "jiu5", "pin3", "haa4", "jau4", "hon6", "gwai1", "sing4", "tou1", "pan1",
	"wong4", "heoi1", "zaap6", "tim5", "wat6", "jin3", "haau1", "haan1", "haan1", "laam4", "mun4", "soeng1",
	"caau1", "cau4", "tok3", "jyun4", "pei4", "wu4", "naap6", "baan2", "leon4", "hong4", "sam2", "mut6",
	"mei6", "keoi1", "pei1", "sin5", "haap6", "cau4", "sing1", "gwan2", "but6", "gang2", "fu1", "ji4",
	"suk1", "giu2", "lok6", "loi4", "mong4", "saau1", "jau4", "fu1", "so1", "zik1", "luk6", "cok3",
	"jing6", "gwai3", "haam6", "gau6", "guk1", "zung1", "suk1", "saan1", "jyu4", "hau4", "zung1", "gang2",
	"kin4", "lau4", "hou6", "sau1", "joek6", "zuk6", "zyun1", "fai1", "si1", "cam4", "faan1", "jyu4",
	"soeng4", "mit6", "ngok6", "sin1", "jyut6", "dou1", "gon1", "ji4", "juk6", "fu1", "tyun4", "gwik1",
	"baan1", "wu6", "kyut3", "go1", "pei4", "daan3", "zeoi1", "zi2", "tit3", "zi6", "gip3", "mou5",
	"zaak6", "ging1", "bin2", "jiu2", "gat1", "lou5", "aa1", "ji4", "ngaai6", "zyu1", "giu1", "lok6",
	"joeng4", "jyu6", "kwan1", "mau4", "maai5", "joeng4", "loi4", "hon2", "tou4", "hei1", "to2", "zik3",
	"gei6", "zeon3", "zeon3", "luk6", "kei4", "ming4", "lei4", "jik6", "zeoi1", "tou3", "guk1", "jik6",
	"hung1", "gin1", "geoi1", "zyut3", "zi1", "fuk1", "gaai1", "ceon1", "tai4", "dat6", "jau4", "cyun3",
	"zan3", "tin4", "zeon2", "tong4", "hat6", "tou4", "jiu5", "jung4", "ji3", "kyut3", "keoi4", "tou4",
	"ling4", "jyu4", "jyu6", "lo4", "gik1", "ji3", "dik6", "leoi5", "joek6", "saan3", "hat6", "mut6",
	"heoi3", "kuk1", "bing2", "fu1", "fu1", "gwo2", "ciu2", "kwong3", "mung4", "fan4", "lou1", "cuk1",
	"heoi3", "keoi4", "waa1", "zi1", "man4", "bit3", "bik1", "coeng1", "wan4", "nung6", "cai4", "zi1",
	"zi1", "jin6", "zaak3", "zau1", "ceot1", "ci1", "sit3", "kyun4", "wan5", "cuk1", "jyu4", "din1",
	"jik1", "gung1", "daap6", "tung4", "bit3", "ji1", "go2", "ceoi4", "dau3", "lo1", "paan1", "me1",
	"niu1", "mit1", "wo5", "jyun1", "lung5", "naa2", "bang1", "lai6",
}
