// Code generated by internal/cangjiex/_tools/gen_cangjie.go; DO NOT EDIT.
// 数据源: Unicode Unihan kCangjie（Unihan_DictionaryLikeData.txt）。公开可嵌。仓颉三代。
// 共 29189 字，码最长 5 个字母。

package cangjiex

// cangjieCP 是升序的码点表，与 cangjieCode 一一对应，供二分查找。
var cangjieCP = []rune{
	0x3400, 0x3401, 0x3402, 0x3403, 0x3404, 0x3405, 0x3406, 0x3407, 0x3408, 0x3409, 0x340A, 0x340B,
	0x340C, 0x340D, 0x340E, 0x340F, 0x3410, 0x3411, 0x3412, 0x3413, 0x3414, 0x3415, 0x3416, 0x3417,
	0x3418, 0x3419, 0x341A, 0x341B, 0x341C, 0x341D, 0x341E, 0x341F, 0x3420, 0x3421, 0x3422, 0x3423,
	0x3424, 0x3425, 0x3426, 0x3427, 0x3428, 0x3429, 0x342A, 0x342B, 0x342C, 0x342D, 0x342E, 0x342F,
	0x3430, 0x3431, 0x3432, 0x3433, 0x3434, 0x3435, 0x3436, 0x3437, 0x3438, 0x3439, 0x343A, 0x343B,
	0x343C, 0x343D, 0x343E, 0x343F, 0x3440, 0x3441, 0x3442, 0x3443, 0x3444, 0x3445, 0x3446, 0x3447,
	0x3448, 0x3449, 0x344A, 0x344B, 0x344C, 0x344D, 0x344E, 0x344F, 0x3450, 0x3451, 0x3452, 0x3453,
	0x3454, 0x3455, 0x3456, 0x3457, 0x3458, 0x3459, 0x345A, 0x345B, 0x345C, 0x345D, 0x345E, 0x345F,
	0x3460, 0x3461, 0x3462, 0x3463, 0x3464, 0x3465, 0x3466, 0x3467, 0x3468, 0x3469, 0x346A, 0x346B,
	0x346C, 0x346D, 0x346E, 0x346F, 0x3470, 0x3471, 0x3472, 0x3473, 0x3474, 0x3475, 0x3476, 0x3477,
	0x3478, 0x3479, 0x347A, 0x347B, 0x347C, 0x347D, 0x347E, 0x347F, 0x3480, 0x3481, 0x3482, 0x3483,
	0x3484, 0x3485, 0x3486, 0x3487, 0x3488, 0x3489, 0x348A, 0x348B, 0x348C, 0x348D, 0x348E, 0x348F,
	0x3490, 0x3491, 0x3492, 0x3493, 0x3494, 0x3495, 0x3496, 0x3497, 0x3498, 0x3499, 0x349A, 0x349B,
	0x349C, 0x349D, 0x349E, 0x349F, 0x34A0, 0x34A1, 0x34A2, 0x34A3, 0x34A4, 0x34A5, 0x34A6, 0x34A7,
	0x34A8, 0x34A9, 0x34AA, 0x34AB, 0x34AC, 0x34AD, 0x34AE, 0x34AF, 0x34B0, 0x34B1, 0x34B2, 0x34B3,
	0x34B4, 0x34B5, 0x34B6, 0x34B7, 0x34B8, 0x34B9, 0x34BA, 0x34BB, 0x34BC, 0x34BD, 0x34BE, 0x34BF,
	0x34C0, 0x34C1, 0x34C2, 0x34C3, 0x34C4, 0x34C5, 0x34C6, 0x34C7, 0x34C8, 0x34C9, 0x34CA, 0x34CB,
	0x34CC, 0x34CD, 0x34CE, 0x34CF, 0x34D0, 0x34D1, 0x34D2, 0x34D3, 0x34D4, 0x34D5, 0x34D6, 0x34D7,
	0x34D8, 0x34D9, 0x34DA, 0x34DB, 0x34DC, 0x34DD, 0x34DE, 0x34DF, 0x34E0, 0x34E1, 0x34E2, 0x34E3,
	0x34E4, 0x34E5, 0x34E6, 0x34E7, 0x34E8, 0x34E9, 0x34EA, 0x34EB, 0x34EC, 0x34ED, 0x34EE, 0x34EF,
	0x34F0, 0x34F1, 0x34F2, 0x34F3, 0x34F4, 0x34F5, 0x34F6, 0x34F7, 0x34F8, 0x34F9, 0x34FA, 0x34FB,
	0x34FC, 0x34FD, 0x34FE, 0x34FF, 0x3500, 0x3501, 0x3502, 0x3503, 0x3504, 0x3505, 0x3506, 0x3507,
	0x3508, 0x3509, 0x350A, 0x350B, 0x350C, 0x350D, 0x350E, 0x350F, 0x3510, 0x3511, 0x3512, 0x3513,
	0x3514, 0x3515, 0x3516, 0x3517, 0x3518, 0x3519, 0x351A, 0x351B, 0x351C, 0x351D, 0x351E, 0x351F,
	0x3520, 0x3521, 0x3522, 0x3523, 0x3524, 0x3525, 0x3526, 0x3527, 0x3528, 0x3529, 0x352A, 0x352B,
	0x352C, 0x352D, 0x352E, 0x352F, 0x3530, 0x3531, 0x3532, 0x3533, 0x3534, 0x3535, 0x3536, 0x3537,
	0x3538, 0x3539, 0x353A, 0x353B, 0x353C, 0x353D, 0x353E, 0x353F, 0x3540, 0x3541, 0x3542, 0x3543,
	0x3544, 0x3545, 0x3546, 0x3547, 0x3548, 0x3549, 0x354A, 0x354B, 0x354C, 0x354D, 0x354E, 0x354F,
	0x3550, 0x3551, 0x3552, 0x3553, 0x3554, 0x3555, 0x3556, 0x3557, 0x3558, 0x3559, 0x355A, 0x355B,
	0x355C, 0x355D, 0x355E, 0x355F, 0x3560, 0x3561, 0x3562, 0x3563, 0x3564, 0x3565, 0x3566, 0x3567,
	0x3568, 0x3569, 0x356A, 0x356B, 0x356C, 0x356D, 0x356E, 0x356F, 0x3570, 0x3571, 0x3572, 0x3573,
	0x3574, 0x3575, 0x3576, 0x3577, 0x3578, 0x3579, 0x357A, 0x357B, 0x357C, 0x357D, 0x357E, 0x357F,
	0x3580, 0x3581, 0x3582, 0x3583, 0x3584, 0x3585, 0x3586, 0x3587, 0x3588, 0x3589, 0x358A, 0x358B,
	0x358C, 0x358D, 0x358E, 0x358F, 0x3590, 0x3591, 0x3592, 0x3593, 0x3594, 0x3595, 0x3596, 0x3597,
	0x3598, 0x3599, 0x359A, 0x359B, 0x359C, 0x359D, 0x359E, 0x359F, 0x35A0, 0x35A1, 0x35A2, 0x35A3,
	0x35A4, 0x35A5, 0x35A6, 0x35A7, 0x35A8, 0x35A9, 0x35AA, 0x35AB, 0x35AC, 0x35AD, 0x35AE, 0x35AF,
	0x35B0, 0x35B1, 0x35B2, 0x35B3, 0x35B4, 0x35B5, 0x35B6, 0x35B7, 0x35B8, 0x35B9, 0x35BA, 0x35BB,
	0x35BC, 0x35BD, 0x35BE, 0x35BF, 0x35C0, 0x35C1, 0x35C2, 0x35C3, 0x35C4, 0x35C5, 0x35C6, 0x35C7,
	0x35C8, 0x35C9, 0x35CA, 0x35CB, 0x35CC, 0x35CD, 0x35CE, 0x35CF, 0x35D0, 0x35D1, 0x35D2, 0x35D3,
	0x35D4, 0x35D5, 0x35D6, 0x35D7, 0x35D8, 0x35D9, 0x35DA, 0x35DB, 0x35DC, 0x35DD, 0x35DE, 0x35DF,
	0x35E0, 0x35E1, 0x35E2, 0x35E3, 0x35E4, 0x35E5, 0x35E6, 0x35E7, 0x35E8, 0x35E9, 0x35EA, 0x35EB,
	0x35EC, 0x35ED, 0x35EE, 0x35EF, 0x35F0, 0x35F1, 0x35F2, 0x35F3, 0x35F4, 0x35F5, 0x35F6, 0x35F7,
	0x35F8, 0x35F9, 0x35FA, 0x35FB, 0x35FC, 0x35FD, 0x35FE, 0x35FF, 0x3600, 0x3601, 0x3602, 0x3603,
	0x3604, 0x3605, 0x3606, 0x3607, 0x3608, 0x3609, 0x360A, 0x360B, 0x360C, 0x360D, 0x360E, 0x360F,
	0x3610, 0x3611, 0x3612, 0x3613, 0x3614, 0x3615, 0x3616, 0x3617, 0x3618, 0x3619, 0x361A, 0x361B,
	0x361C, 0x361D, 0x361E, 0x361F, 0x3620, 0x3621, 0x3622, 0x3623, 0x3624, 0x3625, 0x3626, 0x3627,
	0x3628, 0x3629, 0x362A, 0x362B, 0x362C, 0x362D, 0x362E, 0x362F, 0x3630, 0x3631, 0x3632, 0x3633,
	0x3634, 0x3635, 0x3636, 0x3637, 0x3638, 0x3639, 0x363A, 0x363B, 0x363C, 0x363D, 0x363E, 0x363F,
	0x3640, 0x3641, 0x3642, 0x3643, 0x3644, 0x3645, 0x3646, 0x3647, 0x3648, 0x3649, 0x364A, 0x364B,
	0x364C, 0x364D, 0x364E, 0x364F, 0x3650, 0x3651, 0x3652, 0x3653, 0x3654, 0x3655, 0x3656, 0x3657,
	0x3658, 0x3659, 0x365A, 0x365B, 0x365C, 0x365D, 0x365E, 0x365F, 0x3660, 0x3661, 0x3662, 0x3663,
	0x3664, 0x3665, 0x3666, 0x3667, 0x3668, 0x3669, 0x366A, 0x366B, 0x366C, 0x366D, 0x366E, 0x366F,
	0x3670, 0x3671, 0x3672, 0x3673, 0x3674, 0x3675, 0x3676, 0x3677, 0x3678, 0x3679, 0x367A, 0x367B,
	0x367C, 0x367D, 0x367E, 0x367F, 0x3680, 0x3681, 0x3682, 0x3683, 0x3684, 0x3685, 0x3686, 0x3687,
	0x3688, 0x3689, 0x368A, 0x368B, 0x368C, 0x368D, 0x368E, 0x368F, 0x3690, 0x3691, 0x3692, 0x3693,
	0x3694, 0x3695, 0x3696, 0x3697, 0x3698, 0x3699, 0x369A, 0x369B, 0x369C, 0x369D, 0x369E, 0x369F,
	0x36A0, 0x36A1, 0x36A2, 0x36A3, 0x36A4, 0x36A5, 0x36A6, 0x36A7, 0x36A8, 0x36A9, 0x36AA, 0x36AB,
	0x36AC, 0x36AD, 0x36AE, 0x36AF, 0x36B0, 0x36B1, 0x36B2, 0x36B3, 0x36B4, 0x36B5, 0x36B6, 0x36B7,
	0x36B8, 0x36B9, 0x36BA, 0x36BB, 0x36BC, 0x36BD, 0x36BE, 0x36BF, 0x36C0, 0x36C1, 0x36C2, 0x36C3,
	0x36C4, 0x36C5, 0x36C6, 0x36C7, 0x36C8, 0x36C9, 0x36CA, 0x36CB, 0x36CC, 0x36CD, 0x36CE, 0x36CF,
	0x36D0, 0x36D1, 0x36D2, 0x36D3, 0x36D4, 0x36D5, 0x36D6, 0x36D7, 0x36D8, 0x36D9, 0x36DA, 0x36DB,
	0x36DC, 0x36DD, 0x36DE, 0x36DF, 0x36E0, 0x36E1, 0x36E2, 0x36E3, 0x36E4, 0x36E5, 0x36E6, 0x36E7,
	0x36E8, 0x36E9, 0x36EA, 0x36EB, 0x36EC, 0x36ED, 0x36EE, 0x36EF, 0x36F0, 0x36F1, 0x36F2, 0x36F3,
	0x36F4, 0x36F5, 0x36F6, 0x36F7, 0x36F8, 0x36F9, 0x36FA, 0x36FB, 0x36FC, 0x36FD, 0x36FE, 0x36FF,
	0x3700, 0x3701, 0x3702, 0x3703, 0x3704, 0x3705, 0x3706, 0x3707, 0x3708, 0x3709, 0x370A, 0x370B,
	0x370C, 0x370D, 0x370E, 0x370F, 0x3710, 0x3711, 0x3712, 0x3713, 0x3714, 0x3715, 0x3716, 0x3717,
	0x3718, 0x3719, 0x371A, 0x371B, 0x371C, 0x371D, 0x371E, 0x371F, 0x3720, 0x3721, 0x3722, 0x3723,
	0x3724, 0x3725, 0x3726, 0x3727, 0x3728, 0x3729, 0x372A, 0x372B, 0x372C, 0x372D, 0x372E, 0x372F,
	0x3730, 0x3731, 0x3732, 0x3733, 0x3734, 0x3735, 0x3736, 0x3737, 0x3738, 0x3739, 0x373A, 0x373B,
	0x373C, 0x373D, 0x373E, 0x373F, 0x3740, 0x3741, 0x3742, 0x3743, 0x3744, 0x3745, 0x3746, 0x3747,
	0x3748, 0x3749, 0x374A, 0x374B, 0x374C, 0x374D, 0x374E, 0x374F, 0x3750, 0x3751, 0x3752, 0x3753,
	0x3754, 0x3755, 0x3756, 0x3757, 0x3758, 0x3759, 0x375A, 0x375B, 0x375C, 0x375D, 0x375E, 0x375F,
	0x3760, 0x3761, 0x3762, 0x3763, 0x3764, 0x3765, 0x3766, 0x3767, 0x3768, 0x3769, 0x376A, 0x376B,
	0x376C, 0x376D, 0x376E, 0x376F, 0x3770, 0x3771, 0x3772, 0x3773, 0x3774, 0x3775, 0x3776, 0x3777,
	0x3778, 0x3779, 0x377A, 0x377B, 0x377C, 0x377D, 0x377E, 0x377F, 0x3780, 0x3781, 0x3782, 0x3783,
	0x3784, 0x3785, 0x3786, 0x3787, 0x3788, 0x3789, 0x378A, 0x378B, 0x378C, 0x378D, 0x378E, 0x378F,
	0x3790, 0x3791, 0x3792, 0x3793, 0x3794, 0x3795, 0x3796, 0x3797, 0x3798, 0x3799, 0x379A, 0x379B,
	0x379C, 0x379D, 0x379E, 0x379F, 0x37A0, 0x37A1, 0x37A2, 0x37A3, 0x37A4, 0x37A5, 0x37A6, 0x37A7,
	0x37A8, 0x37A9, 0x37AA, 0x37AB, 0x37AC, 0x37AD, 0x37AE, 0x37AF, 0x37B0, 0x37B1, 0x37B2, 0x37B3,
	0x37B4, 0x37B5, 0x37B6, 0x37B7, 0x37B8, 0x37B9, 0x37BA, 0x37BB, 0x37BC, 0x37BD, 0x37BE, 0x37BF,
	0x37C0, 0x37C1, 0x37C2, 0x37C3, 0x37C4, 0x37C5, 0x37C6, 0x37C7, 0x37C8, 0x37C9, 0x37CA, 0x37CB,
	0x37CC, 0x37CD, 0x37CE, 0x37CF, 0x37D0, 0x37D1, 0x37D2, 0x37D3, 0x37D4, 0x37D5, 0x37D6, 0x37D7,
	0x37D8, 0x37D9, 0x37DA, 0x37DB, 0x37DC, 0x37DD, 0x37DE, 0x37DF, 0x37E0, 0x37E1, 0x37E2, 0x37E3,
	0x37E4, 0x37E5, 0x37E6, 0x37E7, 0x37E8, 0x37E9, 0x37EA, 0x37EB, 0x37EC, 0x37ED, 0x37EE, 0x37EF,
	0x37F0, 0x37F1, 0x37F2, 0x37F3, 0x37F4, 0x37F5, 0x37F6, 0x37F7, 0x37F8, 0x37F9, 0x37FA, 0x37FB,
	0x37FC, 0x37FD, 0x37FE, 0x37FF, 0x3800, 0x3801, 0x3802, 0x3803, 0x3804, 0x3805, 0x3806, 0x3807,
	0x3808, 0x3809, 0x380A, 0x380B, 0x380C, 0x380D, 0x380E, 0x380F, 0x3810, 0x3811, 0x3812, 0x3813,
	0x3814, 0x3815, 0x3816, 0x3817, 0x3818, 0x3819, 0x381A, 0x381B, 0x381C, 0x381D, 0x381E, 0x381F,
	0x3820, 0x3821, 0x3822, 0x3823, 0x3824, 0x3825, 0x3826, 0x3827, 0x3828, 0x3829, 0x382A, 0x382B,
	0x382C, 0x382D, 0x382E, 0x382F, 0x3830, 0x3831, 0x3832, 0x3833, 0x3834, 0x3835, 0x3836, 0x3837,
	0x3838, 0x3839, 0x383A, 0x383B, 0x383C, 0x383D, 0x383E, 0x383F, 0x3840, 0x3841, 0x3842, 0x3843,
	0x3844, 0x3845, 0x3846, 0x3847, 0x3848, 0x3849, 0x384A, 0x384B, 0x384C, 0x384D, 0x384E, 0x384F,
	0x3850, 0x3851, 0x3852, 0x3853, 0x3854, 0x3855, 0x3856, 0x3857, 0x3858, 0x3859, 0x385A, 0x385B,
	0x385C, 0x385D, 0x385E, 0x385F, 0x3860, 0x3861, 0x3862, 0x3863, 0x3864, 0x3865, 0x3866, 0x3867,
	0x3868, 0x3869, 0x386A, 0x386B, 0x386C, 0x386D, 0x386E, 0x386F, 0x3870, 0x3871, 0x3872, 0x3873,
	0x3874, 0x3875, 0x3876, 0x3877, 0x3878, 0x3879, 0x387A, 0x387B, 0x387C, 0x387D, 0x387E, 0x387F,
	0x3880, 0x3881, 0x3882, 0x3883, 0x3884, 0x3885, 0x3886, 0x3887, 0x3888, 0x3889, 0x388A, 0x388B,
	0x388C, 0x388D, 0x388E, 0x388F, 0x3890, 0x3891, 0x3892, 0x3893, 0x3894, 0x3895, 0x3896, 0x3897,
	0x3898, 0x3899, 0x389A, 0x389B, 0x389C, 0x389D, 0x389E, 0x389F, 0x38A0, 0x38A1, 0x38A2, 0x38A3,
	0x38A4, 0x38A5, 0x38A6, 0x38A7, 0x38A8, 0x38A9, 0x38AA, 0x38AB, 0x38AC, 0x38AD, 0x38AE, 0x38AF,
	0x38B0, 0x38B1, 0x38B2, 0x38B3, 0x38B4, 0x38B5, 0x38B6, 0x38B7, 0x38B8, 0x38B9, 0x38BA, 0x38BB,
	0x38BC, 0x38BD, 0x38BE, 0x38BF, 0x38C0, 0x38C1, 0x38C2, 0x38C3, 0x38C4, 0x38C5, 0x38C6, 0x38C7,
	0x38C8, 0x38C9, 0x38CA, 0x38CB, 0x38CC, 0x38CD, 0x38CE, 0x38CF, 0x38D0, 0x38D1, 0x38D2, 0x38D3,
	0x38D4, 0x38D5, 0x38D6, 0x38D7, 0x38D8, 0x38D9, 0x38DA, 0x38DB, 0x38DC, 0x38DD, 0x38DE, 0x38DF,
	0x38E0, 0x38E1, 0x38E2, 0x38E3, 0x38E4, 0x38E5, 0x38E6, 0x38E7, 0x38E8, 0x38E9, 0x38EA, 0x38EB,
	0x38EC, 0x38ED, 0x38EE, 0x38EF, 0x38F0, 0x38F1, 0x38F2, 0x38F3, 0x38F4, 0x38F5, 0x38F6, 0x38F7,
	0x38F8, 0x38F9, 0x38FA, 0x38FB, 0x38FC, 0x38FD, 0x38FE, 0x38FF, 0x3900, 0x3901, 0x3902, 0x3903,
	0x3904, 0x3905, 0x3906, 0x3907, 0x3908, 0x3909, 0x390A, 0x390B, 0x390C, 0x390D, 0x390E, 0x390F,
	0x3910, 0x3911, 0x3912, 0x3913, 0x3914, 0x3915, 0x3916, 0x3917, 0x3918, 0x3919, 0x391A, 0x391B,
	0x391C, 0x391D, 0x391E, 0x391F, 0x3920, 0x3921, 0x3922, 0x3923, 0x3924, 0x3925, 0x3926, 0x3927,
	0x3928, 0x3929, 0x392A, 0x392B, 0x392C, 0x392D, 0x392E, 0x392F, 0x3930, 0x3931, 0x3932, 0x3933,
	0x3934, 0x3935, 0x3936, 0x3937, 0x3938, 0x3939, 0x393A, 0x393B, 0x393C, 0x393D, 0x393E, 0x393F,
	0x3940, 0x3941, 0x3942, 0x3943, 0x3944, 0x3945, 0x3946, 0x3947, 0x3948, 0x3949, 0x394A, 0x394B,
	0x394C, 0x394D, 0x394E, 0x394F, 0x3950, 0x3951, 0x3952, 0x3953, 0x3954, 0x3955, 0x3956, 0x3957,
	0x3958, 0x3959, 0x395A, 0x395B, 0x395C, 0x395D, 0x395E, 0x395F, 0x3960, 0x3961, 0x3962, 0x3963,
	0x3964, 0x3965, 0x3966, 0x3967, 0x3968, 0x3969, 0x396A, 0x396B, 0x396C, 0x396D, 0x396E, 0x396F,
	0x3970, 0x3971, 0x3972, 0x3973, 0x3974, 0x3975, 0x3976, 0x3977, 0x3978, 0x3979, 0x397A, 0x397B,
	0x397C, 0x397D, 0x397E, 0x397F, 0x3980, 0x3981, 0x3982, 0x3983, 0x3984, 0x3985, 0x3986, 0x3987,
	0x3988, 0x3989, 0x398A, 0x398B, 0x398C, 0x398D, 0x398E, 0x398F, 0x3990, 0x3991, 0x3992, 0x3993,
	0x3994, 0x3995, 0x3996, 0x3997, 0x3998, 0x3999, 0x399A, 0x399B, 0x399C, 0x399D, 0x399E, 0x399F,
	0x39A0, 0x39A1, 0x39A2, 0x39A3, 0x39A4, 0x39A5, 0x39A6, 0x39A7, 0x39A8, 0x39A9, 0x39AA, 0x39AB,
	0x39AC, 0x39AD, 0x39AE, 0x39AF, 0x39B0, 0x39B1, 0x39B2, 0x39B3, 0x39B4, 0x39B5, 0x39B6, 0x39B7,
	0x39B8, 0x39B9, 0x39BA, 0x39BB, 0x39BC, 0x39BD, 0x39BE, 0x39BF, 0x39C0, 0x39C1, 0x39C2, 0x39C3,
	0x39C4, 0x39C5, 0x39C6, 0x39C7, 0x39C8, 0x39C9, 0x39CA, 0x39CB, 0x39CC, 0x39CD, 0x39CE, 0x39CF,
	0x39D0, 0x39D1, 0x39D2, 0x39D3, 0x39D4, 0x39D5, 0x39D6, 0x39D7, 0x39D8, 0x39D9, 0x39DA, 0x39DB,
	0x39DC, 0x39DD, 0x39DE, 0x39DF, 0x39E0, 0x39E1, 0x39E2, 0x39E3, 0x39E4, 0x39E5, 0x39E6, 0x39E7,
	0x39E8, 0x39E9, 0x39EA, 0x39EB, 0x39EC, 0x39ED, 0x39EE, 0x39EF, 0x39F0, 0x39F1, 0x39F2, 0x39F3,
	0x39F4, 0x39F5, 0x39F6, 0x39F7, 0x39F8, 0x39F9, 0x39FA, 0x39FB, 0x39FC, 0x39FD, 0x39FE, 0x39FF,
	0x3A00, 0x3A01, 0x3A02, 0x3A03, 0x3A04, 0x3A05, 0x3A06, 0x3A07, 0x3A08, 0x3A09, 0x3A0A, 0x3A0B,
	0x3A0C, 0x3A0D, 0x3A0E, 0x3A0F, 0x3A10, 0x3A11, 0x3A12, 0x3A13, 0x3A14, 0x3A15, 0x3A16, 0x3A17,
	0x3A18, 0x3A19, 0x3A1A, 0x3A1B, 0x3A1C, 0x3A1D, 0x3A1E, 0x3A1F, 0x3A20, 0x3A21, 0x3A22, 0x3A23,
	0x3A24, 0x3A25, 0x3A26, 0x3A27, 0x3A28, 0x3A29, 0x3A2A, 0x3A2B, 0x3A2C, 0x3A2D, 0x3A2E, 0x3A2F,
	0x3A30, 0x3A31, 0x3A32, 0x3A33, 0x3A34, 0x3A35, 0x3A36, 0x3A37, 0x3A38, 0x3A39, 0x3A3A, 0x3A3B,
	0x3A3C, 0x3A3D, 0x3A3E, 0x3A3F, 0x3A40, 0x3A41, 0x3A42, 0x3A43, 0x3A44, 0x3A45, 0x3A46, 0x3A47,
	0x3A48, 0x3A49, 0x3A4A, 0x3A4B, 0x3A4C, 0x3A4D, 0x3A4E, 0x3A4F, 0x3A50, 0x3A51, 0x3A52, 0x3A53,
	0x3A54, 0x3A55, 0x3A56, 0x3A57, 0x3A58, 0x3A59, 0x3A5A, 0x3A5B, 0x3A5C, 0x3A5D, 0x3A5E, 0x3A5F,
	0x3A60, 0x3A61, 0x3A62, 0x3A63, 0x3A64, 0x3A65, 0x3A66, 0x3A67, 0x3A68, 0x3A69, 0x3A6A, 0x3A6B,
	0x3A6C, 0x3A6D, 0x3A6E, 0x3A6F, 0x3A70, 0x3A71, 0x3A72, 0x3A73, 0x3A74, 0x3A75, 0x3A76, 0x3A77,
	0x3A78, 0x3A79, 0x3A7A, 0x3A7B, 0x3A7C, 0x3A7D, 0x3A7E, 0x3A7F, 0x3A80, 0x3A81, 0x3A82, 0x3A83,
	0x3A84, 0x3A85, 0x3A86, 0x3A87, 0x3A88, 0x3A89, 0x3A8A, 0x3A8B, 0x3A8C, 0x3A8D, 0x3A8E, 0x3A8F,
	0x3A90, 0x3A91, 0x3A92, 0x3A93, 0x3A94, 0x3A95, 0x3A96, 0x3A97, 0x3A98, 0x3A99, 0x3A9A, 0x3A9B,
	0x3A9C, 0x3A9D, 0x3A9E, 0x3A9F, 0x3AA0, 0x3AA1, 0x3AA2, 0x3AA3, 0x3AA4, 0x3AA5, 0x3AA6, 0x3AA7,
	0x3AA8, 0x3AA9, 0x3AAA, 0x3AAB, 0x3AAC, 0x3AAD, 0x3AAE, 0x3AAF, 0x3AB0, 0x3AB1, 0x3AB2, 0x3AB3,
	0x3AB4, 0x3AB5, 0x3AB6, 0x3AB7, 0x3AB8, 0x3AB9, 0x3ABA, 0x3ABB, 0x3ABC, 0x3ABD, 0x3ABE, 0x3ABF,
	0x3AC0, 0x3AC1, 0x3AC2, 0x3AC3, 0x3AC4, 0x3AC5, 0x3AC6, 0x3AC7, 0x3AC8, 0x3AC9, 0x3ACA, 0x3ACB,
	0x3ACC, 0x3ACD, 0x3ACE, 0x3ACF, 0x3AD0, 0x3AD1, 0x3AD2, 0x3AD3, 0x3AD4, 0x3AD5, 0x3AD6, 0x3AD7,
	0x3AD8, 0x3AD9, 0x3ADA, 0x3ADB, 0x3ADC, 0x3ADD, 0x3ADE, 0x3ADF, 0x3AE0, 0x3AE1, 0x3AE2, 0x3AE3,
	0x3AE4, 0x3AE5, 0x3AE6, 0x3AE7, 0x3AE8, 0x3AE9, 0x3AEA, 0x3AEB, 0x3AEC, 0x3AED, 0x3AEE, 0x3AEF,
	0x3AF0, 0x3AF1, 0x3AF2, 0x3AF3, 0x3AF4, 0x3AF5, 0x3AF6, 0x3AF7, 0x3AF8, 0x3AF9, 0x3AFA, 0x3AFB,
	0x3AFC, 0x3AFD, 0x3AFE, 0x3AFF, 0x3B00, 0x3B01, 0x3B02, 0x3B03, 0x3B04, 0x3B05, 0x3B06, 0x3B07,
	0x3B08, 0x3B09, 0x3B0A, 0x3B0B, 0x3B0C, 0x3B0D, 0x3B0E, 0x3B0F, 0x3B10, 0x3B11, 0x3B12, 0x3B13,
	0x3B14, 0x3B15, 0x3B16, 0x3B17, 0x3B18, 0x3B19, 0x3B1A, 0x3B1B, 0x3B1C, 0x3B1D, 0x3B1E, 0x3B1F,
	0x3B20, 0x3B21, 0x3B22, 0x3B23, 0x3B24, 0x3B25, 0x3B26, 0x3B27, 0x3B28, 0x3B29, 0x3B2A, 0x3B2B,
	0x3B2C, 0x3B2D, 0x3B2E, 0x3B2F, 0x3B30, 0x3B31, 0x3B32, 0x3B33, 0x3B34, 0x3B35, 0x3B36, 0x3B37,
	0x3B38, 0x3B39, 0x3B3A, 0x3B3B, 0x3B3C, 0x3B3D, 0x3B3E, 0x3B3F, 0x3B40, 0x3B41, 0x3B42, 0x3B43,
	0x3B44, 0x3B45, 0x3B46, 0x3B47, 0x3B48, 0x3B49, 0x3B4A, 0x3B4B, 0x3B4C, 0x3B4D, 0x3B4E, 0x3B4F,
	0x3B50, 0x3B51, 0x3B52, 0x3B53, 0x3B54, 0x3B55, 0x3B56, 0x3B57, 0x3B58, 0x3B59, 0x3B5A, 0x3B5B,
	0x3B5C, 0x3B5D, 0x3B5E, 0x3B5F, 0x3B60, 0x3B61, 0x3B62, 0x3B63, 0x3B64, 0x3B65, 0x3B66, 0x3B67,
	0x3B68, 0x3B69, 0x3B6A, 0x3B6B, 0x3B6C, 0x3B6D, 0x3B6E, 0x3B6F, 0x3B70, 0x3B71, 0x3B72, 0x3B73,
	0x3B74, 0x3B75, 0x3B76, 0x3B77, 0x3B78, 0x3B79, 0x3B7A, 0x3B7B, 0x3B7C, 0x3B7D, 0x3B7E, 0x3B7F,
	0x3B80, 0x3B81, 0x3B82, 0x3B83, 0x3B84, 0x3B85, 0x3B86, 0x3B87, 0x3B88, 0x3B89, 0x3B8A, 0x3B8B,
	0x3B8C, 0x3B8D, 0x3B8E, 0x3B8F, 0x3B90, 0x3B91, 0x3B92, 0x3B93, 0x3B94, 0x3B95, 0x3B96, 0x3B97,
	0x3B98, 0x3B99, 0x3B9A, 0x3B9B, 0x3B9C, 0x3B9D, 0x3B9E, 0x3B9F, 0x3BA0, 0x3BA1, 0x3BA2, 0x3BA3,
	0x3BA4, 0x3BA5, 0x3BA6, 0x3BA7, 0x3BA8, 0x3BA9, 0x3BAA, 0x3BAB, 0x3BAC, 0x3BAD, 0x3BAE, 0x3BAF,
	0x3BB0, 0x3BB1, 0x3BB2, 0x3BB3, 0x3BB4, 0x3BB5, 0x3BB6, 0x3BB7, 0x3BB8, 0x3BB9, 0x3BBA, 0x3BBB,
	0x3BBC, 0x3BBD, 0x3BBE, 0x3BBF, 0x3BC0, 0x3BC1, 0x3BC2, 0x3BC3, 0x3BC4, 0x3BC5, 0x3BC6, 0x3BC7,
	0x3BC8, 0x3BC9, 0x3BCA, 0x3BCB, 0x3BCC, 0x3BCD, 0x3BCE, 0x3BCF, 0x3BD0, 0x3BD1, 0x3BD2, 0x3BD3,
	0x3BD4, 0x3BD5, 0x3BD6, 0x3BD7, 0x3BD8, 0x3BD9, 0x3BDA, 0x3BDB, 0x3BDC, 0x3BDD, 0x3BDE, 0x3BDF,
	0x3BE0, 0x3BE1, 0x3BE2, 0x3BE3, 0x3BE4, 0x3BE5, 0x3BE6, 0x3BE7, 0x3BE8, 0x3BE9, 0x3BEA, 0x3BEB,
	0x3BEC, 0x3BED, 0x3BEE, 0x3BEF, 0x3BF0, 0x3BF1, 0x3BF2, 0x3BF3, 0x3BF4, 0x3BF5, 0x3BF6, 0x3BF7,
	0x3BF8, 0x3BF9, 0x3BFA, 0x3BFB, 0x3BFC, 0x3BFD, 0x3BFE, 0x3BFF, 0x3C00, 0x3C01, 0x3C02, 0x3C03,
	0x3C04, 0x3C05, 0x3C06, 0x3C07, 0x3C08, 0x3C09, 0x3C0A, 0x3C0B, 0x3C0C, 0x3C0D, 0x3C0E, 0x3C0F,
	0x3C10, 0x3C11, 0x3C12, 0x3C13, 0x3C14, 0x3C15, 0x3C16, 0x3C17, 0x3C18, 0x3C19, 0x3C1A, 0x3C1B,
	0x3C1C, 0x3C1D, 0x3C1E, 0x3C1F, 0x3C20, 0x3C21, 0x3C22, 0x3C23, 0x3C24, 0x3C25, 0x3C26, 0x3C27,
	0x3C28, 0x3C29, 0x3C2A, 0x3C2B, 0x3C2C, 0x3C2D, 0x3C2E, 0x3C2F, 0x3C30, 0x3C31, 0x3C32, 0x3C33,
	0x3C34, 0x3C35, 0x3C36, 0x3C37, 0x3C38, 0x3C39, 0x3C3A, 0x3C3B, 0x3C3C, 0x3C3D, 0x3C3E, 0x3C3F,
	0x3C40, 0x3C41, 0x3C42, 0x3C43, 0x3C44, 0x3C45, 0x3C46, 0x3C47, 0x3C48, 0x3C49, 0x3C4A, 0x3C4B,
	0x3C4C, 0x3C4D, 0x3C4E, 0x3C4F, 0x3C50, 0x3C51, 0x3C52, 0x3C53, 0x3C54, 0x3C55, 0x3C56, 0x3C57,
	0x3C58, 0x3C59, 0x3C5A, 0x3C5B, 0x3C5C, 0x3C5D, 0x3C5E, 0x3C5F, 0x3C60, 0x3C61, 0x3C62, 0x3C63,
	0x3C64, 0x3C65, 0x3C66, 0x3C67, 0x3C68, 0x3C69, 0x3C6A, 0x3C6B, 0x3C6C, 0x3C6D, 0x3C6E, 0x3C6F,
	0x3C70, 0x3C71, 0x3C72, 0x3C73, 0x3C74, 0x3C75, 0x3C76, 0x3C77, 0x3C78, 0x3C79, 0x3C7A, 0x3C7B,
	0x3C7C, 0x3C7D, 0x3C7E, 0x3C7F, 0x3C80, 0x3C81, 0x3C82, 0x3C83, 0x3C84, 0x3C85, 0x3C86, 0x3C87,
	0x3C88, 0x3C89, 0x3C8A, 0x3C8B, 0x3C8C, 0x3C8D, 0x3C8E, 0x3C8F, 0x3C90, 0x3C91, 0x3C92, 0x3C93,
	0x3C94, 0x3C95, 0x3C96, 0x3C97, 0x3C98, 0x3C99, 0x3C9A, 0x3C9B, 0x3C9C, 0x3C9D, 0x3C9E, 0x3C9F,
	0x3CA0, 0x3CA1, 0x3CA2, 0x3CA3, 0x3CA4, 0x3CA5, 0x3CA6, 0x3CA7, 0x3CA8, 0x3CA9, 0x3CAA, 0x3CAB,
	0x3CAC, 0x3CAD, 0x3CAE, 0x3CAF, 0x3CB0, 0x3CB1, 0x3CB2, 0x3CB3, 0x3CB4, 0x3CB5, 0x3CB6, 0x3CB7,
	0x3CB8, 0x3CB9, 0x3CBA, 0x3CBB, 0x3CBC, 0x3CBD, 0x3CBE, 0x3CBF, 0x3CC0, 0x3CC1, 0x3CC2, 0x3CC3,
	0x3CC4, 0x3CC5, 0x3CC6, 0x3CC7, 0x3CC8, 0x3CC9, 0x3CCA, 0x3CCB, 0x3CCC, 0x3CCD, 0x3CCE, 0x3CCF,
	0x3CD0, 0x3CD1, 0x3CD2, 0x3CD3, 0x3CD4, 0x3CD5, 0x3CD6, 0x3CD7, 0x3CD8, 0x3CD9, 0x3CDA, 0x3CDB,
	0x3CDC, 0x3CDD, 0x3CDE, 0x3CDF, 0x3CE0, 0x3CE1, 0x3CE2, 0x3CE3, 0x3CE4, 0x3CE5, 0x3CE6, 0x3CE7,
	0x3CE8, 0x3CE9, 0x3CEA, 0x3CEB, 0x3CEC, 0x3CED, 0x3CEE, 0x3CEF, 0x3CF0, 0x3CF1, 0x3CF2, 0x3CF3,
	0x3CF4, 0x3CF5, 0x3CF6, 0x3CF7, 0x3CF8, 0x3CF9, 0x3CFA, 0x3CFB, 0x3CFC, 0x3CFD, 0x3CFE, 0x3CFF,
	0x3D00, 0x3D01, 0x3D02, 0x3D03, 0x3D04, 0x3D05, 0x3D06, 0x3D07, 0x3D08, 0x3D09, 0x3D0A, 0x3D0B,
	0x3D0C, 0x3D0D, 0x3D0E, 0x3D0F, 0x3D10, 0x3D11, 0x3D12, 0x3D13, 0x3D14, 0x3D15, 0x3D16, 0x3D17,
	0x3D18, 0x3D19, 0x3D1A, 0x3D1B, 0x3D1C, 0x3D1D, 0x3D1E, 0x3D1F, 0x3D20, 0x3D21, 0x3D22, 0x3D23,
	0x3D24, 0x3D25, 0x3D26, 0x3D27, 0x3D28, 0x3D29, 0x3D2A, 0x3D2B, 0x3D2C, 0x3D2D, 0x3D2E, 0x3D2F,
	0x3D30, 0x3D31, 0x3D32, 0x3D33, 0x3D34, 0x3D35, 0x3D36, 0x3D37, 0x3D38, 0x3D39, 0x3D3A, 0x3D3B,
	0x3D3C, 0x3D3D, 0x3D3E, 0x3D3F, 0x3D40, 0x3D41, 0x3D42, 0x3D43, 0x3D44, 0x3D45, 0x3D46, 0x3D47,
	0x3D48, 0x3D49, 0x3D4A, 0x3D4B, 0x3D4C, 0x3D4D, 0x3D4E, 0x3D4F, 0x3D50, 0x3D51, 0x3D52, 0x3D53,
	0x3D54, 0x3D55, 0x3D56, 0x3D57, 0x3D58, 0x3D59, 0x3D5A, 0x3D5B, 0x3D5C, 0x3D5D, 0x3D5E, 0x3D5F,
	0x3D60, 0x3D61, 0x3D62, 0x3D63, 0x3D64, 0x3D65, 0x3D66, 0x3D67, 0x3D68, 0x3D69, 0x3D6A, 0x3D6B,
	0x3D6C, 0x3D6D, 0x3D6E, 0x3D6F, 0x3D70, 0x3D71, 0x3D72, 0x3D73, 0x3D74, 0x3D75, 0x3D76, 0x3D77,
	0x3D78, 0x3D79, 0x3D7A, 0x3D7B, 0x3D7C, 0x3D7D, 0x3D7E, 0x3D7F, 0x3D80, 0x3D81, 0x3D82, 0x3D83,
	0x3D84, 0x3D85, 0x3D86, 0x3D87, 0x3D88, 0x3D89, 0x3D8A, 0x3D8B, 0x3D8C, 0x3D8D, 0x3D8E, 0x3D8F,
	0x3D90, 0x3D91, 0x3D92, 0x3D93, 0x3D94, 0x3D95, 0x3D96, 0x3D97, 0x3D98, 0x3D99, 0x3D9A, 0x3D9B,
	0x3D9C, 0x3D9D, 0x3D9E, 0x3D9F, 0x3DA0, 0x3DA1, 0x3DA2, 0x3DA3, 0x3DA4, 0x3DA5, 0x3DA6, 0x3DA7,
	0x3DA8, 0x3DA9, 0x3DAA, 0x3DAB, 0x3DAC, 0x3DAD, 0x3DAE, 0x3DAF, 0x3DB0, 0x3DB1, 0x3DB2, 0x3DB3,
	0x3DB4, 0x3DB5, 0x3DB6, 0x3DB7, 0x3DB8, 0x3DB9, 0x3DBA, 0x3DBB, 0x3DBC, 0x3DBD, 0x3DBE, 0x3DBF,
	0x3DC0, 0x3DC1, 0x3DC2, 0x3DC3, 0x3DC4, 0x3DC5, 0x3DC6, 0x3DC7, 0x3DC8, 0x3DC9, 0x3DCA, 0x3DCB,
	0x3DCC, 0x3DCD, 0x3DCE, 0x3DCF, 0x3DD0, 0x3DD1, 0x3DD2, 0x3DD3, 0x3DD4, 0x3DD5, 0x3DD6, 0x3DD7,
	0x3DD8, 0x3DD9, 0x3DDA, 0x3DDB, 0x3DDC, 0x3DDD, 0x3DDE, 0x3DDF, 0x3DE0, 0x3DE1, 0x3DE2, 0x3DE3,
	0x3DE4, 0x3DE5, 0x3DE6, 0x3DE7, 0x3DE8, 0x3DE9, 0x3DEA, 0x3DEB, 0x3DEC, 0x3DED, 0x3DEE, 0x3DEF,
	0x3DF0, 0x3DF1, 0x3DF2, 0x3DF3, 0x3DF4, 0x3DF5, 0x3DF6, 0x3DF7, 0x3DF8, 0x3DF9, 0x3DFA, 0x3DFB,
	0x3DFC, 0x3DFD, 0x3DFE, 0x3DFF, 0x3E00, 0x3E01, 0x3E02, 0x3E03, 0x3E04, 0x3E05, 0x3E06, 0x3E07,
	0x3E08, 0x3E09, 0x3E0A, 0x3E0B, 0x3E0C, 0x3E0D, 0x3E0E, 0x3E0F, 0x3E10, 0x3E11, 0x3E12, 0x3E13,
	0x3E14, 0x3E15, 0x3E16, 0x3E17, 0x3E18, 0x3E19, 0x3E1A, 0x3E1B, 0x3E1C, 0x3E1D, 0x3E1E, 0x3E1F,
	0x3E20, 0x3E21, 0x3E22, 0x3E23, 0x3E24, 0x3E25, 0x3E26, 0x3E27, 0x3E28, 0x3E29, 0x3E2A, 0x3E2B,
	0x3E2C, 0x3E2D, 0x3E2E, 0x3E2F, 0x3E30, 0x3E31, 0x3E32, 0x3E33, 0x3E34, 0x3E35, 0x3E36, 0x3E37,
	0x3E38, 0x3E39, 0x3E3A, 0x3E3B, 0x3E3C, 0x3E3D, 0x3E3E, 0x3E3F, 0x3E40, 0x3E41, 0x3E42, 0x3E43,
	0x3E44, 0x3E45, 0x3E46, 0x3E47, 0x3E48, 0x3E49, 0x3E4A, 0x3E4B, 0x3E4C, 0x3E4D, 0x3E4E, 0x3E4F,
	0x3E50, 0x3E51, 0x3E52, 0x3E53, 0x3E54, 0x3E55, 0x3E56, 0x3E57, 0x3E58, 0x3E59, 0x3E5A, 0x3E5B,
	0x3E5C, 0x3E5D, 0x3E5E, 0x3E5F, 0x3E60, 0x3E61, 0x3E62, 0x3E63, 0x3E64, 0x3E65, 0x3E66, 0x3E67,
	0x3E68, 0x3E69, 0x3E6A, 0x3E6B, 0x3E6C, 0x3E6D, 0x3E6E, 0x3E6F, 0x3E70, 0x3E71, 0x3E72, 0x3E73,
	0x3E74, 0x3E75, 0x3E76, 0x3E77, 0x3E78, 0x3E79, 0x3E7A, 0x3E7B, 0x3E7C, 0x3E7D, 0x3E7E, 0x3E7F,
	0x3E80, 0x3E81, 0x3E82, 0x3E83, 0x3E84, 0x3E85, 0x3E86, 0x3E87, 0x3E88, 0x3E89, 0x3E8A, 0x3E8B,
	0x3E8C, 0x3E8D, 0x3E8E, 0x3E8F, 0x3E90, 0x3E91, 0x3E92, 0x3E93, 0x3E94, 0x3E95, 0x3E96, 0x3E97,
	0x3E98, 0x3E99, 0x3E9A, 0x3E9B, 0x3E9C, 0x3E9D, 0x3E9E, 0x3E9F, 0x3EA0, 0x3EA1, 0x3EA2, 0x3EA3,
	0x3EA4, 0x3EA5, 0x3EA6, 0x3EA7, 0x3EA8, 0x3EA9, 0x3EAA, 0x3EAB, 0x3EAC, 0x3EAD, 0x3EAE, 0x3EAF,
	0x3EB0, 0x3EB1, 0x3EB2, 0x3EB3, 0x3EB4, 0x3EB5, 0x3EB6, 0x3EB7, 0x3EB8, 0x3EB9, 0x3EBA, 0x3EBB,
	0x3EBC, 0x3EBD, 0x3EBE, 0x3EBF, 0x3EC0, 0x3EC1, 0x3EC2, 0x3EC3, 0x3EC4, 0x3EC5, 0x3EC6, 0x3EC7,
	0x3EC8, 0x3EC9, 0x3ECA, 0x3ECB, 0x3ECC, 0x3ECD, 0x3ECE, 0x3ECF, 0x3ED0, 0x3ED1, 0x3ED2, 0x3ED3,
	0x3ED4, 0x3ED5, 0x3ED6, 0x3ED7, 0x3ED8, 0x3ED9, 0x3EDA, 0x3EDB, 0x3EDC, 0x3EDD, 0x3EDE, 0x3EDF,
	0x3EE0, 0x3EE1, 0x3EE2, 0x3EE3, 0x3EE4, 0x3EE5, 0x3EE6, 0x3EE7, 0x3EE8, 0x3EE9, 0x3EEA, 0x3EEB,
	0x3EEC, 0x3EED, 0x3EEE, 0x3EEF, 0x3EF0, 0x3EF1, 0x3EF2, 0x3EF3, 0x3EF4, 0x3EF5, 0x3EF6, 0x3EF7,
	0x3EF8, 0x3EF9, 0x3EFA, 0x3EFB, 0x3EFC, 0x3EFD, 0x3EFE, 0x3EFF, 0x3F00, 0x3F01, 0x3F02, 0x3F03,
	0x3F04, 0x3F05, 0x3F06, 0x3F07, 0x3F08, 0x3F09, 0x3F0A, 0x3F0B, 0x3F0C, 0x3F0D, 0x3F0E, 0x3F0F,
	0x3F10, 0x3F11, 0x3F12, 0x3F13, 0x3F14, 0x3F15, 0x3F16, 0x3F17, 0x3F18, 0x3F19, 0x3F1A, 0x3F1B,
	0x3F1C, 0x3F1D, 0x3F1E, 0x3F1F, 0x3F20, 0x3F21, 0x3F22, 0x3F23, 0x3F24, 0x3F25, 0x3F26, 0x3F27,
	0x3F28, 0x3F29, 0x3F2A, 0x3F2B, 0x3F2C, 0x3F2D, 0x3F2E, 0x3F2F, 0x3F30, 0x3F31, 0x3F32, 0x3F33,
	0x3F34, 0x3F35, 0x3F36, 0x3F37, 0x3F38, 0x3F39, 0x3F3A, 0x3F3B, 0x3F3C, 0x3F3D, 0x3F3E, 0x3F3F,
	0x3F40, 0x3F41, 0x3F42, 0x3F43, 0x3F44, 0x3F45, 0x3F46, 0x3F47, 0x3F48, 0x3F49, 0x3F4A, 0x3F4B,
	0x3F4C, 0x3F4D, 0x3F4E, 0x3F4F, 0x3F50, 0x3F51, 0x3F52, 0x3F53, 0x3F54, 0x3F55, 0x3F56, 0x3F57,
	0x3F58, 0x3F59, 0x3F5A, 0x3F5B, 0x3F5C, 0x3F5D, 0x3F5E, 0x3F5F, 0x3F60, 0x3F61, 0x3F62, 0x3F63,
	0x3F64, 0x3F65, 0x3F66, 0x3F67, 0x3F68, 0x3F69, 0x3F6A, 0x3F6B, 0x3F6C, 0x3F6D, 0x3F6E, 0x3F6F,
	0x3F70, 0x3F71, 0x3F72, 0x3F73, 0x3F74, 0x3F75, 0x3F76, 0x3F77, 0x3F78, 0x3F79, 0x3F7A, 0x3F7B,
	0x3F7C, 0x3F7D, 0x3F7E, 0x3F7F, 0x3F80, 0x3F81, 0x3F82, 0x3F83, 0x3F84, 0x3F85, 0x3F86, 0x3F87,
	0x3F88, 0x3F89, 0x3F8A, 0x3F8B, 0x3F8C, 0x3F8D, 0x3F8E, 0x3F8F, 0x3F90, 0x3F91, 0x3F92, 0x3F93,
	0x3F94, 0x3F95, 0x3F96, 0x3F97, 0x3F98, 0x3F99, 0x3F9A, 0x3F9B, 0x3F9C, 0x3F9D, 0x3F9E, 0x3F9F,
	0x3FA0, 0x3FA1, 0x3FA2, 0x3FA3, 0x3FA4, 0x3FA5, 0x3FA6, 0x3FA7, 0x3FA8, 0x3FA9, 0x3FAA, 0x3FAB,
	0x3FAC, 0x3FAD, 0x3FAE, 0x3FAF, 0x3FB0, 0x3FB1, 0x3FB2, 0x3FB3, 0x3FB4, 0x3FB5, 0x3FB6, 0x3FB7,
	0x3FB8, 0x3FB9, 0x3FBA, 0x3FBB, 0x3FBC, 0x3FBD, 0x3FBE, 0x3FBF, 0x3FC0, 0x3FC1, 0x3FC2, 0x3FC3,
	0x3FC4, 0x3FC5, 0x3FC6, 0x3FC7, 0x3FC8, 0x3FC9, 0x3FCA, 0x3FCB, 0x3FCC, 0x3FCD, 0x3FCE, 0x3FCF,
	0x3FD0, 0x3FD1, 0x3FD2, 0x3FD3, 0x3FD4, 0x3FD5, 0x3FD6, 0x3FD7, 0x3FD8, 0x3FD9, 0x3FDA, 0x3FDB,
	0x3FDC, 0x3FDD, 0x3FDE, 0x3FDF, 0x3FE0, 0x3FE1, 0x3FE2, 0x3FE3, 0x3FE4, 0x3FE5, 0x3FE6, 0x3FE7,
	0x3FE8, 0x3FE9, 0x3FEA, 0x3FEB, 0x3FEC, 0x3FED, 0x3FEE, 0x3FEF, 0x3FF0, 0x3FF1, 0x3FF2, 0x3FF3,
	0x3FF4, 0x3FF5, 0x3FF6, 0x3FF7, 0x3FF8, 0x3FF9, 0x3FFA, 0x3FFB, 0x3FFC, 0x3FFD, 0x3FFE, 0x3FFF,
	0x4000, 0x4001, 0x4002, 0x4003, 0x4004, 0x4005, 0x4006, 0x4007, 0x4008, 0x4009, 0x400A, 0x400B,
	0x400C, 0x400D, 0x400E, 0x400F, 0x4010, 0x4011, 0x4012, 0x4013, 0x4014, 0x4015, 0x4016, 0x4017,
	0x4018, 0x4019, 0x401A, 0x401B, 0x401C, 0x401D, 0x401E, 0x401F, 0x4020, 0x4021, 0x4022, 0x4023,
	0x4024, 0x4025, 0x4026, 0x4027, 0x4028, 0x4029, 0x402A, 0x402B, 0x402C, 0x402D, 0x402E, 0x402F,
	0x4030, 0x4031, 0x4032, 0x4033, 0x4034, 0x4035, 0x4036, 0x4037, 0x4038, 0x4039, 0x403A, 0x403B,
	0x403C, 0x403D, 0x403E, 0x403F, 0x4040, 0x4041, 0x4042, 0x4043, 0x4044, 0x4045, 0x4046, 0x4047,
	0x4048, 0x4049, 0x404A, 0x404B, 0x404C, 0x404D, 0x404E, 0x404F, 0x4050, 0x4051, 0x4052, 0x4053,
	0x4054, 0x4055, 0x4056, 0x4057, 0x4058, 0x4059, 0x405A, 0x405B, 0x405C, 0x405D, 0x405E, 0x405F,
	0x4060, 0x4061, 0x4062, 0x4063, 0x4064, 0x4065, 0x4066, 0x4067, 0x4068, 0x4069, 0x406A, 0x406B,
	0x406C, 0x406D, 0x406E, 0x406F, 0x4070, 0x4071, 0x4072, 0x4073, 0x4074, 0x4075, 0x4076, 0x4077,
	0x4078, 0x4079, 0x407A, 0x407B, 0x407C, 0x407D, 0x407E, 0x407F, 0x4080, 0x4081, 0x4082, 0x4083,
	0x4084, 0x4085, 0x4086, 0x4087, 0x4088, 0x4089, 0x408A, 0x408B, 0x408C, 0x408D, 0x408E, 0x408F,
	0x4090, 0x4091, 0x4092, 0x4093, 0x4094, 0x4095, 0x4096, 0x4097, 0x4098, 0x4099, 0x409A, 0x409B,
	0x409C, 0x409D, 0x409E, 0x409F, 0x40A0, 0x40A1, 0x40A2, 0x40A3, 0x40A4, 0x40A5, 0x40A6, 0x40A7,
	0x40A8, 0x40A9, 0x40AA, 0x40AB, 0x40AC, 0x40AD, 0x40AE, 0x40AF, 0x40B0, 0x40B1, 0x40B2, 0x40B3,
	0x40B4, 0x40B5, 0x40B6, 0x40B7, 0x40B8, 0x40B9, 0x40BA, 0x40BB, 0x40BC, 0x40BD, 0x40BE, 0x40BF,
	0x40C0, 0x40C1, 0x40C2, 0x40C3, 0x40C4, 0x40C5, 0x40C6, 0x40C7, 0x40C8, 0x40C9, 0x40CA, 0x40CB,
	0x40CC, 0x40CD, 0x40CE, 0x40CF, 0x40D0, 0x40D1, 0x40D2, 0x40D3, 0x40D4, 0x40D5, 0x40D6, 0x40D7,
	0x40D8, 0x40D9, 0x40DA, 0x40DB, 0x40DC, 0x40DD, 0x40DE, 0x40DF, 0x40E0, 0x40E1, 0x40E2, 0x40E3,
	0x40E4, 0x40E5, 0x40E6, 0x40E7, 0x40E8, 0x40E9, 0x40EA, 0x40EB, 0x40EC, 0x40ED, 0x40EE, 0x40EF,
	0x40F0, 0x40F1, 0x40F2, 0x40F3, 0x40F4, 0x40F5, 0x40F6, 0x40F7, 0x40F8, 0x40F9, 0x40FA, 0x40FB,
	0x40FC, 0x40FD, 0x40FE, 0x40FF, 0x4100, 0x4101, 0x4102, 0x4103, 0x4104, 0x4105, 0x4106, 0x4107,
	0x4108, 0x4109, 0x410A, 0x410B, 0x410C, 0x410D, 0x410E, 0x410F, 0x4110, 0x4111, 0x4112, 0x4113,
	0x4114, 0x4115, 0x4116, 0x4117, 0x4118, 0x4119, 0x411A, 0x411B, 0x411C, 0x411D, 0x411E, 0x411F,
	0x4120, 0x4121, 0x4122, 0x4123, 0x4124, 0x4125, 0x4126, 0x4127, 0x4128, 0x4129, 0x412A, 0x412B,
	0x412C, 0x412D, 0x412E, 0x412F, 0x4130, 0x4131, 0x4132, 0x4133, 0x4134, 0x4135, 0x4136, 0x4137,
	0x4138, 0x4139, 0x413A, 0x413B, 0x413C, 0x413D, 0x413E, 0x413F, 0x4140, 0x4141, 0x4142, 0x4143,
	0x4144, 0x4145, 0x4146, 0x4147, 0x4148, 0x4149, 0x414A, 0x414B, 0x414C, 0x414D, 0x414E, 0x414F,
	0x4150, 0x4151, 0x4152, 0x4153, 0x4154, 0x4155, 0x4156, 0x4157, 0x4158, 0x4159, 0x415A, 0x415B,
	0x415C, 0x415D, 0x415E, 0x415F, 0x4160, 0x4161, 0x4162, 0x4163, 0x4164, 0x4165, 0x4166, 0x4167,
	0x4168, 0x4169, 0x416A, 0x416B, 0x416C, 0x416D, 0x416E, 0x416F, 0x4170, 0x4171, 0x4172, 0x4173,
	0x4174, 0x4175, 0x4176, 0x4177, 0x4178, 0x4179, 0x417A, 0x417B, 0x417C, 0x417D, 0x417E, 0x417F,
	0x4180, 0x4181, 0x4182, 0x4183, 0x4184, 0x4185, 0x4186, 0x4187, 0x4188, 0x4189, 0x418A, 0x418B,
	0x418C, 0x418D, 0x418E, 0x418F, 0x4190, 0x4191, 0x4192, 0x4193, 0x4194, 0x4195, 0x4196, 0x4197,
	0x4198, 0x4199, 0x419A, 0x419B, 0x419C, 0x419D, 0x419E, 0x419F, 0x41A0, 0x41A1, 0x41A2, 0x41A3,
	0x41A4, 0x41A5, 0x41A6, 0x41A7, 0x41A8, 0x41A9, 0x41AA, 0x41AB, 0x41AC, 0x41AD, 0x41AE, 0x41AF,
	0x41B0, 0x41B1, 0x41B2, 0x41B3, 0x41B4, 0x41B5, 0x41B6, 0x41B7, 0x41B8, 0x41B9, 0x41BA, 0x41BB,
	0x41BC, 0x41BD, 0x41BE, 0x41BF, 0x41C0, 0x41C1, 0x41C2, 0x41C3, 0x41C4, 0x41C5, 0x41C6, 0x41C7,
	0x41C8, 0x41C9, 0x41CA, 0x41CB, 0x41CC, 0x41CD, 0x41CE, 0x41CF, 0x41D0, 0x41D1, 0x41D2, 0x41D3,
	0x41D4, 0x41D5, 0x41D6, 0x41D7, 0x41D8, 0x41D9, 0x41DA, 0x41DB, 0x41DC, 0x41DD, 0x41DE, 0x41DF,
	0x41E0, 0x41E1, 0x41E2, 0x41E3, 0x41E4, 0x41E5, 0x41E6, 0x41E7, 0x41E8, 0x41E9, 0x41EA, 0x41EB,
	0x41EC, 0x41ED, 0x41EE, 0x41EF, 0x41F0, 0x41F1, 0x41F2, 0x41F3, 0x41F4, 0x41F5, 0x41F6, 0x41F7,
	0x41F8, 0x41F9, 0x41FA, 0x41FB, 0x41FC, 0x41FD, 0x41FE, 0x41FF, 0x4200, 0x4201, 0x4202, 0x4203,
	0x4204, 0x4205, 0x4206, 0x4207, 0x4208, 0x4209, 0x420A, 0x420B, 0x420C, 0x420D, 0x420E, 0x420F,
	0x4210, 0x4211, 0x4212, 0x4213, 0x4214, 0x4215, 0x4216, 0x4217, 0x4218, 0x4219, 0x421A, 0x421B,
	0x421C, 0x421D, 0x421E, 0x421F, 0x4220, 0x4221, 0x4222, 0x4223, 0x4224, 0x4225, 0x4226, 0x4227,
	0x4228, 0x4229, 0x422A, 0x422B, 0x422C, 0x422D, 0x422E, 0x422F, 0x4230, 0x4231, 0x4232, 0x4233,
	0x4234, 0x4235, 0x4236, 0x4237, 0x4238, 0x4239, 0x423A, 0x423B, 0x423C, 0x423D, 0x423E, 0x423F,
	0x4240, 0x4241, 0x4242, 0x4243, 0x4244, 0x4245, 0x4246, 0x4247, 0x4248, 0x4249, 0x424A, 0x424B,
	0x424C, 0x424D, 0x424E, 0x424F, 0x4250, 0x4251, 0x4252, 0x4253, 0x4254, 0x4255, 0x4256, 0x4257,
	0x4258, 0x4259, 0x425A, 0x425B, 0x425C, 0x425D, 0x425E, 0x425F, 0x4260, 0x4261, 0x4262, 0x4263,
	0x4264, 0x4265, 0x4266, 0x4267, 0x4268, 0x4269, 0x426A, 0x426B, 0x426C, 0x426D, 0x426E, 0x426F,
	0x4270, 0x4271, 0x4272, 0x4273, 0x4274, 0x4275, 0x4276, 0x4277, 0x4278, 0x4279, 0x427A, 0x427B,
	0x427C, 0x427D, 0x427E, 0x427F, 0x4280, 0x4281, 0x4282, 0x4283, 0x4284, 0x4285, 0x4286, 0x4287,
	0x4288, 0x4289, 0x428A, 0x428B, 0x428C, 0x428D, 0x428E, 0x428F, 0x4290, 0x4291, 0x4292, 0x4293,
	0x4294, 0x4295, 0x4296, 0x4297, 0x4298, 0x4299, 0x429A, 0x429B, 0x429C, 0x429D, 0x429E, 0x429F,
	0x42A0, 0x42A1, 0x42A2, 0x42A3, 0x42A4, 0x42A5, 0x42A6, 0x42A7, 0x42A8, 0x42A9, 0x42AA, 0x42AB,
	0x42AC, 0x42AD, 0x42AE, 0x42AF, 0x42B0, 0x42B1, 0x42B2, 0x42B3, 0x42B4, 0x42B5, 0x42B6, 0x42B7,
	0x42B8, 0x42B9, 0x42BA, 0x42BB, 0x42BC, 0x42BD, 0x42BE, 0x42BF, 0x42C0, 0x42C1, 0x42C2, 0x42C3,
	0x42C4, 0x42C5, 0x42C6, 0x42C7, 0x42C8, 0x42C9, 0x42CA, 0x42CB, 0x42CC, 0x42CD, 0x42CE, 0x42CF,
	0x42D0, 0x42D1, 0x42D2, 0x42D3, 0x42D4, 0x42D5, 0x42D6, 0x42D7, 0x42D8, 0x42D9, 0x42DA, 0x42DB,
	0x42DC, 0x42DD, 0x42DE, 0x42DF, 0x42E0, 0x42E1, 0x42E2, 0x42E3, 0x42E4, 0x42E5, 0x42E6, 0x42E7,
	0x42E8, 0x42E9, 0x42EA, 0x42EB, 0x42EC, 0x42ED, 0x42EE, 0x42EF, 0x42F0, 0x42F1, 0x42F2, 0x42F3,
	0x42F4, 0x42F5, 0x42F6, 0x42F7, 0x42F8, 0x42F9, 0x42FA, 0x42FB, 0x42FC, 0x42FD, 0x42FE, 0x42FF,
	0x4300, 0x4301, 0x4302, 0x4303, 0x4304, 0x4305, 0x4306, 0x4307, 0x4308, 0x4309, 0x430A, 0x430B,
	0x430C, 0x430D, 0x430E, 0x430F, 0x4310, 0x4311, 0x4312, 0x4313, 0x4314, 0x4315, 0x4316, 0x4317,
	0x4318, 0x4319, 0x431A, 0x431B, 0x431C, 0x431D, 0x431E, 0x431F, 0x4320, 0x4321, 0x4322, 0x4323,
	0x4324, 0x4325, 0x4326, 0x4327, 0x4328, 0x4329, 0x432A, 0x432B, 0x432C, 0x432D, 0x432E, 0x432F,
	0x4330, 0x4331, 0x4332, 0x4333, 0x4334, 0x4335, 0x4336, 0x4337, 0x4338, 0x4339, 0x433A, 0x433B,
	0x433C, 0x433D, 0x433E, 0x433F, 0x4340, 0x4341, 0x4342, 0x4343, 0x4344, 0x4345, 0x4346, 0x4347,
	0x4348, 0x4349, 0x434A, 0x434B, 0x434C, 0x434D, 0x434E, 0x434F, 0x4350, 0x4351, 0x4352, 0x4353,
	0x4354, 0x4355, 0x4356, 0x4357, 0x4358, 0x4359, 0x435A, 0x435B, 0x435C, 0x435D, 0x435E, 0x435F,
	0x4360, 0x4361, 0x4362, 0x4363, 0x4364, 0x4365, 0x4366, 0x4367, 0x4368, 0x4369, 0x436A, 0x436B,
	0x436C, 0x436D, 0x436E, 0x436F, 0x4370, 0x4371, 0x4372, 0x4373, 0x4374, 0x4375, 0x4376, 0x4377,
	0x4378, 0x4379, 0x437A, 0x437B, 0x437C, 0x437D, 0x437E, 0x437F, 0x4380, 0x4381, 0x4382, 0x4383,
	0x4384, 0x4385, 0x4386, 0x4387, 0x4388, 0x4389, 0x438A, 0x438B, 0x438C, 0x438D, 0x438E, 0x438F,
	0x4390, 0x4391, 0x4392, 0x4393, 0x4394, 0x4395, 0x4396, 0x4397, 0x4398, 0x4399, 0x439A, 0x439B,
	0x439C, 0x439D, 0x439E, 0x439F, 0x43A0, 0x43A1, 0x43A2, 0x43A3, 0x43A4, 0x43A5, 0x43A6, 0x43A7,
	0x43A8, 0x43A9, 0x43AA, 0x43AB, 0x43AC, 0x43AD, 0x43AE, 0x43AF, 0x43B0, 0x43B1, 0x43B2, 0x43B3,
	0x43B4, 0x43B5, 0x43B6, 0x43B7, 0x43B8, 0x43B9, 0x43BA, 0x43BB, 0x43BC, 0x43BD, 0x43BE, 0x43BF,
	0x43C0, 0x43C1, 0x43C2, 0x43C3, 0x43C4, 0x43C5, 0x43C6, 0x43C7, 0x43C8, 0x43C9, 0x43CA, 0x43CB,
	0x43CC, 0x43CD, 0x43CE, 0x43CF, 0x43D0, 0x43D1, 0x43D2, 0x43D3, 0x43D4, 0x43D5, 0x43D6, 0x43D7,
	0x43D8, 0x43D9, 0x43DA, 0x43DB, 0x43DC, 0x43DD, 0x43DE, 0x43DF, 0x43E0, 0x43E1, 0x43E2, 0x43E3,
	0x43E4, 0x43E5, 0x43E6, 0x43E7, 0x43E8, 0x43E9, 0x43EA, 0x43EB, 0x43EC, 0x43ED, 0x43EE, 0x43EF,
	0x43F0, 0x43F1, 0x43F2, 0x43F3, 0x43F4, 0x43F5, 0x43F6, 0x43F7, 0x43F8, 0x43F9, 0x43FA, 0x43FB,
	0x43FC, 0x43FD, 0x43FE, 0x43FF, 0x4400, 0x4401, 0x4402, 0x4403, 0x4404, 0x4405, 0x4406, 0x4407,
	0x4408, 0x4409, 0x440A, 0x440B, 0x440C, 0x440D, 0x440E, 0x440F, 0x4410, 0x4411, 0x4412, 0x4413,
	0x4414, 0x4415, 0x4416, 0x4417, 0x4418, 0x4419, 0x441A, 0x441B, 0x441C, 0x441D, 0x441E, 0x441F,
	0x4420, 0x4421, 0x4422, 0x4423, 0x4424, 0x4425, 0x4426, 0x4427, 0x4428, 0x4429, 0x442A, 0x442B,
	0x442C, 0x442D, 0x442E, 0x442F, 0x4430, 0x4431, 0x4432, 0x4433, 0x4434, 0x4435, 0x4436, 0x4437,
	0x4438, 0x4439, 0x443A, 0x443B, 0x443C, 0x443D, 0x443E, 0x443F, 0x4440, 0x4441, 0x4442, 0x4443,
	0x4444, 0x4445, 0x4446, 0x4447, 0x4448, 0x4449, 0x444A, 0x444B, 0x444C, 0x444D, 0x444E, 0x444F,
	0x4450, 0x4451, 0x4452, 0x4453, 0x4454, 0x4455, 0x4456, 0x4457, 0x4458, 0x4459, 0x445A, 0x445B,
	0x445C, 0x445D, 0x445E, 0x445F, 0x4460, 0x4461, 0x4462, 0x4463, 0x4464, 0x4465, 0x4466, 0x4467,
	0x4468, 0x4469, 0x446A, 0x446B, 0x446C, 0x446D, 0x446E, 0x446F, 0x4470, 0x4471, 0x4472, 0x4473,
	0x4474, 0x4475, 0x4476, 0x4477, 0x4478, 0x4479, 0x447A, 0x447B, 0x447C, 0x447D, 0x447E, 0x447F,
	0x4480, 0x4481, 0x4482, 0x4483, 0x4484, 0x4485, 0x4486, 0x4487, 0x4488, 0x4489, 0x448A, 0x448B,
	0x448C, 0x448D, 0x448E, 0x448F, 0x4490, 0x4491, 0x4492, 0x4493, 0x4494, 0x4495, 0x4496, 0x4497,
	0x4498, 0x4499, 0x449A, 0x449B, 0x449C, 0x449D, 0x449E, 0x449F, 0x44A0, 0x44A1, 0x44A2, 0x44A3,
	0x44A4, 0x44A5, 0x44A6, 0x44A7, 0x44A8, 0x44A9, 0x44AA, 0x44AB, 0x44AC, 0x44AD, 0x44AE, 0x44AF,
	0x44B0, 0x44B1, 0x44B2, 0x44B3, 0x44B4, 0x44B5, 0x44B6, 0x44B7, 0x44B8, 0x44B9, 0x44BA, 0x44BB,
	0x44BC, 0x44BD, 0x44BE, 0x44BF, 0x44C0, 0x44C1, 0x44C2, 0x44C3, 0x44C4, 0x44C5, 0x44C6, 0x44C7,
	0x44C8, 0x44C9, 0x44CA, 0x44CB, 0x44CC, 0x44CD, 0x44CE, 0x44CF, 0x44D0, 0x44D1, 0x44D2, 0x44D3,
	0x44D4, 0x44D5, 0x44D6, 0x44D7, 0x44D8, 0x44D9, 0x44DA, 0x44DB, 0x44DC, 0x44DD, 0x44DE, 0x44DF,
	0x44E0, 0x44E1, 0x44E2, 0x44E3, 0x44E4, 0x44E5, 0x44E6, 0x44E7, 0x44E8, 0x44E9, 0x44EA, 0x44EB,
	0x44EC, 0x44ED, 0x44EE, 0x44EF, 0x44F0, 0x44F1, 0x44F2, 0x44F3, 0x44F4, 0x44F5, 0x44F6, 0x44F7,
	0x44F8, 0x44F9, 0x44FA, 0x44FB, 0x44FC, 0x44FD, 0x44FE, 0x44FF, 0x4500, 0x4501, 0x4502, 0x4503,
	0x4504, 0x4505, 0x4506, 0x4507, 0x4508, 0x4509, 0x450A, 0x450B, 0x450C, 0x450D, 0x450E, 0x450F,
	0x4510, 0x4511, 0x4512, 0x4513, 0x4514, 0x4515, 0x4516, 0x4517, 0x4518, 0x4519, 0x451A, 0x451B,
	0x451C, 0x451D, 0x451E, 0x451F, 0x4520, 0x4521, 0x4522, 0x4523, 0x4524, 0x4525, 0x4526, 0x4527,
	0x4528, 0x4529, 0x452A, 0x452B, 0x452C, 0x452D, 0x452E, 0x452F, 0x4530, 0x4531, 0x4532, 0x4533,
	0x4534, 0x4535, 0x4536, 0x4537, 0x4538, 0x4539, 0x453A, 0x453B, 0x453C, 0x453D, 0x453E, 0x453F,
	0x4540, 0x4541, 0x4542, 0x4543, 0x4544, 0x4545, 0x4546, 0x4547, 0x4548, 0x4549, 0x454A, 0x454B,
	0x454C, 0x454D, 0x454E, 0x454F, 0x4550, 0x4551, 0x4552, 0x4553, 0x4554, 0x4555, 0x4556, 0x4557,
	0x4558, 0x4559, 0x455A, 0x455B, 0x455C, 0x455D, 0x455E, 0x455F, 0x4560, 0x4561, 0x4562, 0x4563,
	0x4564, 0x4565, 0x4566, 0x4567, 0x4568, 0x4569, 0x456A, 0x456B, 0x456C, 0x456D, 0x456E, 0x456F,
	0x4570, 0x4571, 0x4572, 0x4573, 0x4574, 0x4575, 0x4576, 0x4577, 0x4578, 0x4579, 0x457A, 0x457B,
	0x457C, 0x457D, 0x457E, 0x457F, 0x4580, 0x4581, 0x4582, 0x4583, 0x4584, 0x4585, 0x4586, 0x4587,
	0x4588, 0x4589, 0x458A, 0x458B, 0x458C, 0x458D, 0x458E, 0x458F, 0x4590, 0x4591, 0x4592, 0x4593,
	0x4594, 0x4595, 0x4596, 0x4597, 0x4598, 0x4599, 0x459A, 0x459B, 0x459C, 0x459D, 0x459E, 0x459F,
	0x45A0, 0x45A1, 0x45A2, 0x45A3, 0x45A4, 0x45A5, 0x45A6, 0x45A7, 0x45A8, 0x45A9, 0x45AA, 0x45AB,
	0x45AC, 0x45AD, 0x45AE, 0x45AF, 0x45B0, 0x45B1, 0x45B2, 0x45B3, 0x45B4, 0x45B5, 0x45B6, 0x45B7,
	0x45B8, 0x45B9, 0x45BA, 0x45BB, 0x45BC, 0x45BD, 0x45BE, 0x45BF, 0x45C0, 0x45C1, 0x45C2, 0x45C3,
	0x45C4, 0x45C5, 0x45C6, 0x45C7, 0x45C8, 0x45C9, 0x45CA, 0x45CB, 0x45CC, 0x45CD, 0x45CE, 0x45CF,
	0x45D0, 0x45D1, 0x45D2, 0x45D3, 0x45D4, 0x45D5, 0x45D6, 0x45D7, 0x45D8, 0x45D9, 0x45DA, 0x45DB,
	0x45DC, 0x45DD, 0x45DE, 0x45DF, 0x45E0, 0x45E1, 0x45E2, 0x45E3, 0x45E4, 0x45E5, 0x45E6, 0x45E7,
	0x45E8, 0x45E9, 0x45EA, 0x45EB, 0x45EC, 0x45ED, 0x45EE, 0x45EF, 0x45F0, 0x45F1, 0x45F2, 0x45F3,
	0x45F4, 0x45F5, 0x45F6, 0x45F7, 0x45F8, 0x45F9, 0x45FA, 0x45FB, 0x45FC, 0x45FD, 0x45FE, 0x45FF,
	0x4600, 0x4601, 0x4602, 0x4603, 0x4604, 0x4605, 0x4606, 0x4607, 0x4608, 0x4609, 0x460A, 0x460B,
	0x460C, 0x460D, 0x460E, 0x460F, 0x4610, 0x4611, 0x4612, 0x4613, 0x4614, 0x4615, 0x4616, 0x4617,
	0x4618, 0x4619, 0x461A, 0x461B, 0x461C, 0x461D, 0x461E, 0x461F, 0x4620, 0x4621, 0x4622, 0x4623,
	0x4624, 0x4625, 0x4626, 0x4627, 0x4628, 0x4629, 0x462A, 0x462B, 0x462C, 0x462D, 0x462E, 0x462F,
	0x4630, 0x4631, 0x4632, 0x4633, 0x4634, 0x4635, 0x4636, 0x4637, 0x4638, 0x4639, 0x463A, 0x463B,
	0x463C, 0x463D, 0x463E, 0x463F, 0x4640, 0x4641, 0x4642, 0x4643, 0x4644, 0x4645, 0x4646, 0x4647,
	0x4648, 0x4649, 0x464A, 0x464B, 0x464C, 0x464D, 0x464E, 0x464F, 0x4650, 0x4651, 0x4652, 0x4653,
	0x4654, 0x4655, 0x4656, 0x4657, 0x4658, 0x4659, 0x465A, 0x465B, 0x465C, 0x465D, 0x465E, 0x465F,
	0x4660, 0x4661, 0x4662, 0x4663, 0x4664, 0x4665, 0x4666, 0x4667, 0x4668, 0x4669, 0x466A, 0x466B,
	0x466C, 0x466D, 0x466E, 0x466F, 0x4670, 0x4671, 0x4672, 0x4673, 0x4674, 0x4675, 0x4676, 0x4677,
	0x4678, 0x4679, 0x467A, 0x467B, 0x467C, 0x467D, 0x467E, 0x467F, 0x4680, 0x4681, 0x4682, 0x4683,
	0x4684, 0x4685, 0x4686, 0x4687, 0x4688, 0x4689, 0x468A, 0x468B, 0x468C, 0x468D, 0x468E, 0x468F,
	0x4690, 0x4691, 0x4692, 0x4693, 0x4694, 0x4695, 0x4696, 0x4697, 0x4698, 0x4699, 0x469A, 0x469B,
	0x469C, 0x469D, 0x469E, 0x469F, 0x46A0, 0x46A1, 0x46A2, 0x46A3, 0x46A4, 0x46A5, 0x46A6, 0x46A7,
	0x46A8, 0x46A9, 0x46AA, 0x46AB, 0x46AC, 0x46AD, 0x46AE, 0x46AF, 0x46B0, 0x46B1, 0x46B2, 0x46B3,
	0x46B4, 0x46B5, 0x46B6, 0x46B7, 0x46B8, 0x46B9, 0x46BA, 0x46BB, 0x46BC, 0x46BD, 0x46BE, 0x46BF,
	0x46C0, 0x46C1, 0x46C2, 0x46C3, 0x46C4, 0x46C5, 0x46C6, 0x46C7, 0x46C8, 0x46C9, 0x46CA, 0x46CB,
	0x46CC, 0x46CD, 0x46CE, 0x46CF, 0x46D0, 0x46D1, 0x46D2, 0x46D3, 0x46D4, 0x46D5, 0x46D6, 0x46D7,
	0x46D8, 0x46D9, 0x46DA, 0x46DB, 0x46DC, 0x46DD, 0x46DE, 0x46DF, 0x46E0, 0x46E1, 0x46E2, 0x46E3,
	0x46E4, 0x46E5, 0x46E6, 0x46E7, 0x46E8, 0x46E9, 0x46EA, 0x46EB, 0x46EC, 0x46ED, 0x46EE, 0x46EF,
	0x46F0, 0x46F1, 0x46F2, 0x46F3, 0x46F4, 0x46F5, 0x46F6, 0x46F7, 0x46F8, 0x46F9, 0x46FA, 0x46FB,
	0x46FC, 0x46FD, 0x46FE, 0x46FF, 0x4700, 0x4701, 0x4702, 0x4703, 0x4704, 0x4705, 0x4706, 0x4707,
	0x4708, 0x4709, 0x470A, 0x470B, 0x470C, 0x470D, 0x470E, 0x470F, 0x4710, 0x4711, 0x4712, 0x4713,
	0x4714, 0x4715, 0x4716, 0x4717, 0x4718, 0x4719, 0x471A, 0x471B, 0x471C, 0x471D, 0x471E, 0x471F,
	0x4720, 0x4721, 0x4722, 0x4723, 0x4724, 0x4725, 0x4726, 0x4727, 0x4728, 0x4729, 0x472A, 0x472B,
	0x472C, 0x472D, 0x472E, 0x472F, 0x4730, 0x4731, 0x4732, 0x4733, 0x4734, 0x4735, 0x4736, 0x4737,
	0x4738, 0x4739, 0x473A, 0x473B, 0x473C, 0x473D, 0x473E, 0x473F, 0x4740, 0x4741, 0x4742, 0x4743,
	0x4744, 0x4745, 0x4746, 0x4747, 0x4748, 0x4749, 0x474A, 0x474B, 0x474C, 0x474D, 0x474E, 0x474F,
	0x4750, 0x4751, 0x4752, 0x4753, 0x4754, 0x4755, 0x4756, 0x4757, 0x4758, 0x4759, 0x475A, 0x475B,
	0x475C, 0x475D, 0x475E, 0x475F, 0x4760, 0x4761, 0x4762, 0x4763, 0x4764, 0x4765, 0x4766, 0x4767,
	0x4768, 0x4769, 0x476A, 0x476B, 0x476C, 0x476D, 0x476E, 0x476F, 0x4770, 0x4771, 0x4772, 0x4773,
	0x4774, 0x4775, 0x4776, 0x4777, 0x4778, 0x4779, 0x477A, 0x477B, 0x477C, 0x477D, 0x477E, 0x477F,
	0x4780, 0x4781, 0x4782, 0x4783, 0x4784, 0x4785, 0x4786, 0x4787, 0x4788, 0x4789, 0x478A, 0x478B,
	0x478C, 0x478D, 0x478E, 0x478F, 0x4790, 0x4791, 0x4792, 0x4793, 0x4794, 0x4795, 0x4796, 0x4797,
	0x4798, 0x4799, 0x479A, 0x479B, 0x479C, 0x479D, 0x479E, 0x479F, 0x47A0, 0x47A1, 0x47A2, 0x47A3,
	0x47A4, 0x47A5, 0x47A6, 0x47A7, 0x47A8, 0x47A9, 0x47AA, 0x47AB, 0x47AC, 0x47AD, 0x47AE, 0x47AF,
	0x47B0, 0x47B1, 0x47B2, 0x47B3, 0x47B4, 0x47B5, 0x47B6, 0x47B7, 0x47B8, 0x47B9, 0x47BA, 0x47BB,
	0x47BC, 0x47BD, 0x47BE, 0x47BF, 0x47C0, 0x47C1, 0x47C2, 0x47C3, 0x47C4, 0x47C5, 0x47C6, 0x47C7,
	0x47C8, 0x47C9, 0x47CA, 0x47CB, 0x47CC, 0x47CD, 0x47CE, 0x47CF, 0x47D0, 0x47D1, 0x47D2, 0x47D3,
	0x47D4, 0x47D5, 0x47D6, 0x47D7, 0x47D8, 0x47D9, 0x47DA, 0x47DB, 0x47DC, 0x47DD, 0x47DE, 0x47DF,
	0x47E0, 0x47E1, 0x47E2, 0x47E3, 0x47E4, 0x47E5, 0x47E6, 0x47E7, 0x47E8, 0x47E9, 0x47EA, 0x47EB,
	0x47EC, 0x47ED, 0x47EE, 0x47EF, 0x47F0, 0x47F1, 0x47F2, 0x47F3, 0x47F4, 0x47F5, 0x47F6, 0x47F7,
	0x47F8, 0x47F9, 0x47FA, 0x47FB, 0x47FC, 0x47FD, 0x47FE, 0x47FF, 0x4800, 0x4801, 0x4802, 0x4803,
	0x4804, 0x4805, 0x4806, 0x4807, 0x4808, 0x4809, 0x480A, 0x480B, 0x480C, 0x480D, 0x480E, 0x480F,
	0x4810, 0x4811, 0x4812, 0x4813, 0x4814, 0x4815, 0x4816, 0x4817, 0x4818, 0x4819, 0x481A, 0x481B,
	0x481C, 0x481D, 0x481E, 0x481F, 0x4820, 0x4821, 0x4822, 0x4823, 0x4824, 0x4825, 0x4826, 0x4827,
	0x4828, 0x4829, 0x482A, 0x482B, 0x482C, 0x482D, 0x482E, 0x482F, 0x4830, 0x4831, 0x4832, 0x4833,
	0x4834, 0x4835, 0x4836, 0x4837, 0x4838, 0x4839, 0x483A, 0x483B, 0x483C, 0x483D, 0x483E, 0x483F,
	0x4840, 0x4841, 0x4842, 0x4843, 0x4844, 0x4845, 0x4846, 0x4847, 0x4848, 0x4849, 0x484A, 0x484B,
	0x484C, 0x484D, 0x484E, 0x484F, 0x4850, 0x4851, 0x4852, 0x4853, 0x4854, 0x4855, 0x4856, 0x4857,
	0x4858, 0x4859, 0x485A, 0x485B, 0x485C, 0x485D, 0x485E, 0x485F, 0x4860, 0x4861, 0x4862, 0x4863,
	0x4864, 0x4865, 0x4866, 0x4867, 0x4868, 0x4869, 0x486A, 0x486B, 0x486C, 0x486D, 0x486E, 0x486F,
	0x4870, 0x4871, 0x4872, 0x4873, 0x4874, 0x4875, 0x4876, 0x4877, 0x4878, 0x4879, 0x487A, 0x487B,
	0x487C, 0x487D, 0x487E, 0x487F, 0x4880, 0x4881, 0x4882, 0x4883, 0x4884, 0x4885, 0x4886, 0x4887,
	0x4888, 0x4889, 0x488A, 0x488B, 0x488C, 0x488D, 0x488E, 0x488F, 0x4890, 0x4891, 0x4892, 0x4893,
	0x4894, 0x4895, 0x4896, 0x4897, 0x4898, 0x4899, 0x489A, 0x489B, 0x489C, 0x489D, 0x489E, 0x489F,
	0x48A0, 0x48A1, 0x48A2, 0x48A3, 0x48A4, 0x48A5, 0x48A6, 0x48A7, 0x48A8, 0x48A9, 0x48AA, 0x48AB,
	0x48AC, 0x48AD, 0x48AE, 0x48AF, 0x48B0, 0x48B1, 0x48B2, 0x48B3, 0x48B4, 0x48B5, 0x48B6, 0x48B7,
	0x48B8, 0x48B9, 0x48BA, 0x48BB, 0x48BC, 0x48BD, 0x48BE, 0x48BF, 0x48C0, 0x48C1, 0x48C2, 0x48C3,
	0x48C4, 0x48C5, 0x48C6, 0x48C7, 0x48C8, 0x48C9, 0x48CA, 0x48CB, 0x48CC, 0x48CD, 0x48CE, 0x48CF,
	0x48D0, 0x48D1, 0x48D2, 0x48D3, 0x48D4, 0x48D5, 0x48D6, 0x48D7, 0x48D8, 0x48D9, 0x48DA, 0x48DB,
	0x48DC, 0x48DD, 0x48DE, 0x48DF, 0x48E0, 0x48E1, 0x48E2, 0x48E3, 0x48E4, 0x48E5, 0x48E6, 0x48E7,
	0x48E8, 0x48E9, 0x48EA, 0x48EB, 0x48EC, 0x48ED, 0x48EE, 0x48EF, 0x48F0, 0x48F1, 0x48F2, 0x48F3,
	0x48F4, 0x48F5, 0x48F6, 0x48F7, 0x48F8, 0x48F9, 0x48FA, 0x48FB, 0x48FC, 0x48FD, 0x48FE, 0x48FF,
	0x4900, 0x4901, 0x4902, 0x4903, 0x4904, 0x4905, 0x4906, 0x4907, 0x4908, 0x4909, 0x490A, 0x490B,
	0x490C, 0x490D, 0x490E, 0x490F, 0x4910, 0x4911, 0x4912, 0x4913, 0x4914, 0x4915, 0x4916, 0x4917,
	0x4918, 0x4919, 0x491A, 0x491B, 0x491C, 0x491D, 0x491E, 0x491F, 0x4920, 0x4921, 0x4922, 0x4923,
	0x4924, 0x4925, 0x4926, 0x4927, 0x4928, 0x4929, 0x492A, 0x492B, 0x492C, 0x492D, 0x492E, 0x492F,
	0x4930, 0x4931, 0x4932, 0x4933, 0x4934, 0x4935, 0x4936, 0x4937, 0x4938, 0x4939, 0x493A, 0x493B,
	0x493C, 0x493D, 0x493E, 0x493F, 0x4940, 0x4941, 0x4942, 0x4943, 0x4944, 0x4945, 0x4946, 0x4947,
	0x4948, 0x4949, 0x494A, 0x494B, 0x494C, 0x494D, 0x494E, 0x494F, 0x4950, 0x4951, 0x4952, 0x4953,
	0x4954, 0x4955, 0x4956, 0x4957, 0x4958, 0x4959, 0x495A, 0x495B, 0x495C, 0x495D, 0x495E, 0x495F,
	0x4960, 0x4961, 0x4962, 0x4963, 0x4964, 0x4965, 0x4966, 0x4967, 0x4968, 0x4969, 0x496A, 0x496B,
	0x496C, 0x496D, 0x496E, 0x496F, 0x4970, 0x4971, 0x4972, 0x4973, 0x4974, 0x4975, 0x4976, 0x4977,
	0x4978, 0x4979, 0x497A, 0x497B, 0x497C, 0x497D, 0x497E, 0x497F, 0x4980, 0x4981, 0x4982, 0x4983,
	0x4984, 0x4985, 0x4986, 0x4987, 0x4988, 0x4989, 0x498A, 0x498B, 0x498C, 0x498D, 0x498E, 0x498F,
	0x4990, 0x4991, 0x4992, 0x4993, 0x4994, 0x4995, 0x4996, 0x4997, 0x4998, 0x4999, 0x499A, 0x499B,
	0x499C, 0x499D, 0x499E, 0x499F, 0x49A0, 0x49A1, 0x49A2, 0x49A3, 0x49A4, 0x49A5, 0x49A6, 0x49A7,
	0x49A8, 0x49A9, 0x49AA, 0x49AB, 0x49AC, 0x49AD, 0x49AE, 0x49AF, 0x49B0, 0x49B1, 0x49B2, 0x49B3,
	0x49B4, 0x49B5, 0x49B6, 0x49B7, 0x49B8, 0x49B9, 0x49BA, 0x49BB, 0x49BC, 0x49BD, 0x49BE, 0x49BF,
	0x49C0, 0x49C1, 0x49C2, 0x49C3, 0x49C4, 0x49C5, 0x49C6, 0x49C7, 0x49C8, 0x49C9, 0x49CA, 0x49CB,
	0x49CC, 0x49CD, 0x49CE, 0x49CF, 0x49D0, 0x49D1, 0x49D2, 0x49D3, 0x49D4, 0x49D5, 0x49D6, 0x49D7,
	0x49D8, 0x49D9, 0x49DA, 0x49DB, 0x49DC, 0x49DD, 0x49DE, 0x49DF, 0x49E0, 0x49E1, 0x49E2, 0x49E3,
	0x49E4, 0x49E5, 0x49E6, 0x49E7, 0x49E8, 0x49E9, 0x49EA, 0x49EB, 0x49EC, 0x49ED, 0x49EE, 0x49EF,
	0x49F0, 0x49F1, 0x49F2, 0x49F3, 0x49F4, 0x49F5, 0x49F6, 0x49F7, 0x49F8, 0x49F9, 0x49FA, 0x49FB,
	0x49FC, 0x49FD, 0x49FE, 0x49FF, 0x4A00, 0x4A01, 0x4A02, 0x4A03, 0x4A04, 0x4A05, 0x4A06, 0x4A07,
	0x4A08, 0x4A09, 0x4A0A, 0x4A0B, 0x4A0C, 0x4A0D, 0x4A0E, 0x4A0F, 0x4A10, 0x4A11, 0x4A12, 0x4A13,
	0x4A14, 0x4A15, 0x4A16, 0x4A17, 0x4A18, 0x4A19, 0x4A1A, 0x4A1B, 0x4A1C, 0x4A1D, 0x4A1E, 0x4A1F,
	0x4A20, 0x4A21, 0x4A22, 0x4A23, 0x4A24, 0x4A25, 0x4A26, 0x4A27, 0x4A28, 0x4A29, 0x4A2A, 0x4A2B,
	0x4A2C, 0x4A2D, 0x4A2E, 0x4A2F, 0x4A30, 0x4A31, 0x4A32, 0x4A33, 0x4A34, 0x4A35, 0x4A36, 0x4A37,
	0x4A38, 0x4A39, 0x4A3A, 0x4A3B, 0x4A3C, 0x4A3D, 0x4A3E, 0x4A3F, 0x4A40, 0x4A41, 0x4A42, 0x4A43,
	0x4A44, 0x4A45, 0x4A46, 0x4A47, 0x4A48, 0x4A49, 0x4A4A, 0x4A4B, 0x4A4C, 0x4A4D, 0x4A4E, 0x4A4F,
	0x4A50, 0x4A51, 0x4A52, 0x4A53, 0x4A54, 0x4A55, 0x4A56, 0x4A57, 0x4A58, 0x4A59, 0x4A5A, 0x4A5B,
	0x4A5C, 0x4A5D, 0x4A5E, 0x4A5F, 0x4A60, 0x4A61, 0x4A62, 0x4A63, 0x4A64, 0x4A65, 0x4A66, 0x4A67,
	0x4A68, 0x4A69, 0x4A6A, 0x4A6B, 0x4A6C, 0x4A6D, 0x4A6E, 0x4A6F, 0x4A70, 0x4A71, 0x4A72, 0x4A73,
	0x4A74, 0x4A75, 0x4A76, 0x4A77, 0x4A78, 0x4A79, 0x4A7A, 0x4A7B, 0x4A7C, 0x4A7D, 0x4A7E, 0x4A7F,
	0x4A80, 0x4A81, 0x4A82, 0x4A83, 0x4A84, 0x4A85, 0x4A86, 0x4A87, 0x4A88, 0x4A89, 0x4A8A, 0x4A8B,
	0x4A8C, 0x4A8D, 0x4A8E, 0x4A8F, 0x4A90, 0x4A91, 0x4A92, 0x4A93, 0x4A94, 0x4A95, 0x4A96, 0x4A97,
	0x4A98, 0x4A99, 0x4A9A, 0x4A9B, 0x4A9C, 0x4A9D, 0x4A9E, 0x4A9F, 0x4AA0, 0x4AA1, 0x4AA2, 0x4AA3,
	0x4AA4, 0x4AA5, 0x4AA6, 0x4AA7, 0x4AA8, 0x4AA9, 0x4AAA, 0x4AAB, 0x4AAC, 0x4AAD, 0x4AAE, 0x4AAF,
	0x4AB0, 0x4AB1, 0x4AB2, 0x4AB3, 0x4AB4, 0x4AB5, 0x4AB6, 0x4AB7, 0x4AB8, 0x4AB9, 0x4ABA, 0x4ABB,
	0x4ABC, 0x4ABD, 0x4ABE, 0x4ABF, 0x4AC0, 0x4AC1, 0x4AC2, 0x4AC3, 0x4AC4, 0x4AC5, 0x4AC6, 0x4AC7,
	0x4AC8, 0x4AC9, 0x4ACA, 0x4ACB, 0x4ACC, 0x4ACD, 0x4ACE, 0x4ACF, 0x4AD0, 0x4AD1, 0x4AD2, 0x4AD3,
	0x4AD4, 0x4AD5, 0x4AD6, 0x4AD7, 0x4AD8, 0x4AD9, 0x4ADA, 0x4ADB, 0x4ADC, 0x4ADD, 0x4ADE, 0x4ADF,
	0x4AE0, 0x4AE1, 0x4AE2, 0x4AE3, 0x4AE4, 0x4AE5, 0x4AE6, 0x4AE7, 0x4AE8, 0x4AE9, 0x4AEA, 0x4AEB,
	0x4AEC, 0x4AED, 0x4AEE, 0x4AEF, 0x4AF0, 0x4AF1, 0x4AF2, 0x4AF3, 0x4AF4, 0x4AF5, 0x4AF6, 0x4AF7,
	0x4AF8, 0x4AF9, 0x4AFA, 0x4AFB, 0x4AFC, 0x4AFD, 0x4AFE, 0x4AFF, 0x4B00, 0x4B01, 0x4B02, 0x4B03,
	0x4B04, 0x4B05, 0x4B06, 0x4B07, 0x4B08, 0x4B09, 0x4B0A, 0x4B0B, 0x4B0C, 0x4B0D, 0x4B0E, 0x4B0F,
	0x4B10, 0x4B11, 0x4B12, 0x4B13, 0x4B14, 0x4B15, 0x4B16, 0x4B17, 0x4B18, 0x4B19, 0x4B1A, 0x4B1B,
	0x4B1C, 0x4B1D, 0x4B1E, 0x4B1F, 0x4B20, 0x4B21, 0x4B22, 0x4B23, 0x4B24, 0x4B25, 0x4B26, 0x4B27,
	0x4B28, 0x4B29, 0x4B2A, 0x4B2B, 0x4B2C, 0x4B2D, 0x4B2E, 0x4B2F, 0x4B30, 0x4B31, 0x4B32, 0x4B33,
	0x4B34, 0x4B35, 0x4B36, 0x4B37, 0x4B38, 0x4B39, 0x4B3A, 0x4B3B, 0x4B3C, 0x4B3D, 0x4B3E, 0x4B3F,
	0x4B40, 0x4B41, 0x4B42, 0x4B43, 0x4B44, 0x4B45, 0x4B46, 0x4B47, 0x4B48, 0x4B49, 0x4B4A, 0x4B4B,
	0x4B4C, 0x4B4D, 0x4B4E, 0x4B4F, 0x4B50, 0x4B51, 0x4B52, 0x4B53, 0x4B54, 0x4B55, 0x4B56, 0x4B57,
	0x4B58, 0x4B59, 0x4B5A, 0x4B5B, 0x4B5C, 0x4B5D, 0x4B5E, 0x4B5F, 0x4B60, 0x4B61, 0x4B62, 0x4B63,
	0x4B64, 0x4B65, 0x4B66, 0x4B67, 0x4B68, 0x4B69, 0x4B6A, 0x4B6B, 0x4B6C, 0x4B6D, 0x4B6E, 0x4B6F,
	0x4B70, 0x4B71, 0x4B72, 0x4B73, 0x4B74, 0x4B75, 0x4B76, 0x4B77, 0x4B78, 0x4B79, 0x4B7A, 0x4B7B,
	0x4B7C, 0x4B7D, 0x4B7E, 0x4B7F, 0x4B80, 0x4B81, 0x4B82, 0x4B83, 0x4B84, 0x4B85, 0x4B86, 0x4B87,
	0x4B88, 0x4B89, 0x4B8A, 0x4B8B, 0x4B8C, 0x4B8D, 0x4B8E, 0x4B8F, 0x4B90, 0x4B91, 0x4B92, 0x4B93,
	0x4B94, 0x4B95, 0x4B96, 0x4B97, 0x4B98, 0x4B99, 0x4B9A, 0x4B9B, 0x4B9C, 0x4B9D, 0x4B9E, 0x4B9F,
	0x4BA0, 0x4BA1, 0x4BA2, 0x4BA3, 0x4BA4, 0x4BA5, 0x4BA6, 0x4BA7, 0x4BA8, 0x4BA9, 0x4BAA, 0x4BAB,
	0x4BAC, 0x4BAD, 0x4BAE, 0x4BAF, 0x4BB0, 0x4BB1, 0x4BB2, 0x4BB3, 0x4BB4, 0x4BB5, 0x4BB6, 0x4BB7,
	0x4BB8, 0x4BB9, 0x4BBA, 0x4BBB, 0x4BBC, 0x4BBD, 0x4BBE, 0x4BBF, 0x4BC0, 0x4BC1, 0x4BC2, 0x4BC3,
	0x4BC4, 0x4BC5, 0x4BC6, 0x4BC7, 0x4BC8, 0x4BC9, 0x4BCA, 0x4BCB, 0x4BCC, 0x4BCD, 0x4BCE, 0x4BCF,
	0x4BD0, 0x4BD1, 0x4BD2, 0x4BD3, 0x4BD4, 0x4BD5, 0x4BD6, 0x4BD7, 0x4BD8, 0x4BD9, 0x4BDA, 0x4BDB,
	0x4BDC, 0x4BDD, 0x4BDE, 0x4BDF, 0x4BE0, 0x4BE1, 0x4BE2, 0x4BE3, 0x4BE4, 0x4BE5, 0x4BE6, 0x4BE7,
	0x4BE8, 0x4BE9, 0x4BEA, 0x4BEB, 0x4BEC, 0x4BED, 0x4BEE, 0x4BEF, 0x4BF0, 0x4BF1, 0x4BF2, 0x4BF3,
	0x4BF4, 0x4BF5, 0x4BF6, 0x4BF7, 0x4BF8, 0x4BF9, 0x4BFA, 0x4BFB, 0x4BFC, 0x4BFD, 0x4BFE, 0x4BFF,
	0x4C00, 0x4C01, 0x4C02, 0x4C03, 0x4C04, 0x4C05, 0x4C06, 0x4C07, 0x4C08, 0x4C09, 0x4C0A, 0x4C0B,
	0x4C0C, 0x4C0D, 0x4C0E, 0x4C0F, 0x4C10, 0x4C11, 0x4C12, 0x4C13, 0x4C14, 0x4C15, 0x4C16, 0x4C17,
	0x4C18, 0x4C19, 0x4C1A, 0x4C1B, 0x4C1C, 0x4C1D, 0x4C1E, 0x4C1F, 0x4C20, 0x4C21, 0x4C22, 0x4C23,
	0x4C24, 0x4C25, 0x4C26, 0x4C27, 0x4C28, 0x4C29, 0x4C2A, 0x4C2B, 0x4C2C, 0x4C2D, 0x4C2E, 0x4C2F,
	0x4C30, 0x4C31, 0x4C32, 0x4C33, 0x4C34, 0x4C35, 0x4C36, 0x4C37, 0x4C38, 0x4C39, 0x4C3A, 0x4C3B,
	0x4C3C, 0x4C3D, 0x4C3E, 0x4C3F, 0x4C40, 0x4C41, 0x4C42, 0x4C43, 0x4C44, 0x4C45, 0x4C46, 0x4C47,
	0x4C48, 0x4C49, 0x4C4A, 0x4C4B, 0x4C4C, 0x4C4D, 0x4C4E, 0x4C4F, 0x4C50, 0x4C51, 0x4C52, 0x4C53,
	0x4C54, 0x4C55, 0x4C56, 0x4C57, 0x4C58, 0x4C59, 0x4C5A, 0x4C5B, 0x4C5C, 0x4C5D, 0x4C5E, 0x4C5F,
	0x4C60, 0x4C61, 0x4C62, 0x4C63, 0x4C64, 0x4C65, 0x4C66, 0x4C67, 0x4C68, 0x4C69, 0x4C6A, 0x4C6B,
	0x4C6C, 0x4C6D, 0x4C6E, 0x4C6F, 0x4C70, 0x4C71, 0x4C72, 0x4C73, 0x4C74, 0x4C75, 0x4C76, 0x4C77,
	0x4C78, 0x4C79, 0x4C7A, 0x4C7B, 0x4C7C, 0x4C7D, 0x4C7E, 0x4C7F, 0x4C80, 0x4C81, 0x4C82, 0x4C83,
	0x4C84, 0x4C85, 0x4C86, 0x4C87, 0x4C88, 0x4C89, 0x4C8A, 0x4C8B, 0x4C8C, 0x4C8D, 0x4C8E, 0x4C8F,
	0x4C90, 0x4C91, 0x4C92, 0x4C93, 0x4C94, 0x4C95, 0x4C96, 0x4C97, 0x4C98, 0x4C99, 0x4C9A, 0x4C9B,
	0x4C9C, 0x4C9D, 0x4C9E, 0x4C9F, 0x4CA0, 0x4CA1, 0x4CA2, 0x4CA3, 0x4CA4, 0x4CA5, 0x4CA6, 0x4CA7,
	0x4CA8, 0x4CA9, 0x4CAA, 0x4CAB, 0x4CAC, 0x4CAD, 0x4CAE, 0x4CAF, 0x4CB0, 0x4CB1, 0x4CB2, 0x4CB3,
	0x4CB4, 0x4CB5, 0x4CB6, 0x4CB7, 0x4CB8, 0x4CB9, 0x4CBA, 0x4CBB, 0x4CBC, 0x4CBD, 0x4CBE, 0x4CBF,
	0x4CC0, 0x4CC1, 0x4CC2, 0x4CC3, 0x4CC4, 0x4CC5, 0x4CC6, 0x4CC7, 0x4CC8, 0x4CC9, 0x4CCA, 0x4CCB,
	0x4CCC, 0x4CCD, 0x4CCE, 0x4CCF, 0x4CD0, 0x4CD1, 0x4CD2, 0x4CD3, 0x4CD4, 0x4CD5, 0x4CD6, 0x4CD7,
	0x4CD8, 0x4CD9, 0x4CDA, 0x4CDB, 0x4CDC, 0x4CDD, 0x4CDE, 0x4CDF, 0x4CE0, 0x4CE1, 0x4CE2, 0x4CE3,
	0x4CE4, 0x4CE5, 0x4CE6, 0x4CE7, 0x4CE8, 0x4CE9, 0x4CEA, 0x4CEB, 0x4CEC, 0x4CED, 0x4CEE, 0x4CEF,
	0x4CF0, 0x4CF1, 0x4CF2, 0x4CF3, 0x4CF4, 0x4CF5, 0x4CF6, 0x4CF7, 0x4CF8, 0x4CF9, 0x4CFA, 0x4CFB,
	0x4CFC, 0x4CFD, 0x4CFE, 0x4CFF, 0x4D00, 0x4D01, 0x4D02, 0x4D03, 0x4D04, 0x4D05, 0x4D06, 0x4D07,
	0x4D08, 0x4D09, 0x4D0A, 0x4D0B, 0x4D0C, 0x4D0D, 0x4D0E, 0x4D0F, 0x4D10, 0x4D11, 0x4D12, 0x4D13,
	0x4D14, 0x4D15, 0x4D16, 0x4D17, 0x4D18, 0x4D19, 0x4D1A, 0x4D1B, 0x4D1C, 0x4D1D, 0x4D1E, 0x4D1F,
	0x4D20, 0x4D21, 0x4D22, 0x4D23, 0x4D24, 0x4D25, 0x4D26, 0x4D27, 0x4D28, 0x4D29, 0x4D2A, 0x4D2B,
	0x4D2C, 0x4D2D, 0x4D2E, 0x4D2F, 0x4D30, 0x4D31, 0x4D32, 0x4D33, 0x4D34, 0x4D35, 0x4D36, 0x4D37,
	0x4D38, 0x4D39, 0x4D3A, 0x4D3B, 0x4D3C, 0x4D3D, 0x4D3E, 0x4D3F, 0x4D40, 0x4D41, 0x4D42, 0x4D43,
	0x4D44, 0x4D45, 0x4D46, 0x4D47, 0x4D48, 0x4D49, 0x4D4A, 0x4D4B, 0x4D4C, 0x4D4D, 0x4D4E, 0x4D4F,
	0x4D50, 0x4D51, 0x4D52, 0x4D53, 0x4D54, 0x4D55, 0x4D56, 0x4D57, 0x4D58, 0x4D59, 0x4D5A, 0x4D5B,
	0x4D5C, 0x4D5D, 0x4D5E, 0x4D5F, 0x4D60, 0x4D61, 0x4D62, 0x4D63, 0x4D64, 0x4D65, 0x4D66, 0x4D67,
	0x4D68, 0x4D69, 0x4D6A, 0x4D6B, 0x4D6C, 0x4D6D, 0x4D6E, 0x4D6F, 0x4D70, 0x4D71, 0x4D72, 0x4D73,
	0x4D74, 0x4D75, 0x4D76, 0x4D77, 0x4D78, 0x4D79, 0x4D7A, 0x4D7B, 0x4D7C, 0x4D7D, 0x4D7E, 0x4D7F,
	0x4D80, 0x4D81, 0x4D82, 0x4D83, 0x4D84, 0x4D85, 0x4D86, 0x4D87, 0x4D88, 0x4D89, 0x4D8A, 0x4D8B,
	0x4D8C, 0x4D8D, 0x4D8E, 0x4D8F, 0x4D90, 0x4D91, 0x4D92, 0x4D93, 0x4D94, 0x4D95, 0x4D96, 0x4D97,
	0x4D98, 0x4D99, 0x4D9A, 0x4D9B, 0x4D9C, 0x4D9D, 0x4D9E, 0x4D9F, 0x4DA0, 0x4DA1, 0x4DA2, 0x4DA3,
	0x4DA4, 0x4DA5, 0x4DA6, 0x4DA7, 0x4DA8, 0x4DA9, 0x4DAA, 0x4DAB, 0x4DAC, 0x4DAD, 0x4DAE, 0x4DAF,
	0x4DB0, 0x4DB1, 0x4DB2, 0x4DB3, 0x4DB4, 0x4DB5, 0x4E00, 0x4E01, 0x4E02, 0x4E03, 0x4E04, 0x4E05,
	0x4E06, 0x4E07, 0x4E08, 0x4E09, 0x4E0A, 0x4E0B, 0x4E0C, 0x4E0D, 0x4E0E, 0x4E0F, 0x4E10, 0x4E11,
	0x4E12, 0x4E13, 0x4E14, 0x4E15, 0x4E16, 0x4E17, 0x4E18, 0x4E19, 0x4E1A, 0x4E1B, 0x4E1C, 0x4E1D,
	0x4E1E, 0x4E1F, 0x4E20, 0x4E21, 0x4E22, 0x4E23, 0x4E24, 0x4E25, 0x4E26, 0x4E27, 0x4E28, 0x4E29,
	0x4E2A, 0x4E2B, 0x4E2C, 0x4E2D, 0x4E2E, 0x4E2F, 0x4E30, 0x4E31, 0x4E32, 0x4E33, 0x4E34, 0x4E35,
	0x4E36, 0x4E37, 0x4E38, 0x4E39, 0x4E3A, 0x4E3B, 0x4E3C, 0x4E3D, 0x4E3E, 0x4E3F, 0x4E40, 0x4E41,
	0x4E42, 0x4E43, 0x4E44, 0x4E45, 0x4E46, 0x4E47, 0x4E48, 0x4E49, 0x4E4A, 0x4E4B, 0x4E4C, 0x4E4D,
	0x4E4E, 0x4E4F, 0x4E50, 0x4E51, 0x4E52, 0x4E53, 0x4E54, 0x4E55, 0x4E56, 0x4E57, 0x4E58, 0x4E59,
	0x4E5A, 0x4E5B, 0x4E5C, 0x4E5D, 0x4E5E, 0x4E5F, 0x4E60, 0x4E61, 0x4E62, 0x4E63, 0x4E64, 0x4E65,
	0x4E66, 0x4E67, 0x4E68, 0x4E69, 0x4E6A, 0x4E6B, 0x4E6C, 0x4E6D, 0x4E6E, 0x4E6F, 0x4E70, 0x4E71,
	0x4E72, 0x4E73, 0x4E74, 0x4E75, 0x4E76, 0x4E77, 0x4E78, 0x4E79, 0x4E7A, 0x4E7B, 0x4E7C, 0x4E7D,
	0x4E7E, 0x4E7F, 0x4E80, 0x4E81, 0x4E82, 0x4E83, 0x4E84, 0x4E85, 0x4E86, 0x4E87, 0x4E88, 0x4E89,
	0x4E8A, 0x4E8B, 0x4E8C, 0x4E8D, 0x4E8E, 0x4E8F, 0x4E90, 0x4E91, 0x4E92, 0x4E93, 0x4E94, 0x4E95,
	0x4E96, 0x4E97, 0x4E98, 0x4E99, 0x4E9A, 0x4E9B, 0x4E9C, 0x4E9D, 0x4E9E, 0x4E9F, 0x4EA0, 0x4EA1,
	0x4EA2, 0x4EA3, 0x4EA4, 0x4EA5, 0x4EA6, 0x4EA7, 0x4EA8, 0x4EA9, 0x4EAA, 0x4EAB, 0x4EAC, 0x4EAD,
	0x4EAE, 0x4EAF, 0x4EB0, 0x4EB1, 0x4EB2, 0x4EB3, 0x4EB4, 0x4EB5, 0x4EB6, 0x4EB7, 0x4EB8, 0x4EB9,
	0x4EBA, 0x4EBB, 0x4EBC, 0x4EBD, 0x4EBE, 0x4EBF, 0x4EC0, 0x4EC1, 0x4EC2, 0x4EC3, 0x4EC4, 0x4EC5,
	0x4EC6, 0x4EC7, 0x4EC8, 0x4EC9, 0x4ECA, 0x4ECB, 0x4ECC, 0x4ECD, 0x4ECE, 0x4ECF, 0x4ED0, 0x4ED1,
	0x4ED2, 0x4ED3, 0x4ED4, 0x4ED5, 0x4ED6, 0x4ED7, 0x4ED8, 0x4ED9, 0x4EDA, 0x4EDB, 0x4EDC, 0x4EDD,
	0x4EDE, 0x4EDF, 0x4EE0, 0x4EE1, 0x4EE2, 0x4EE3, 0x4EE4, 0x4EE5, 0x4EE6, 0x4EE7, 0x4EE8, 0x4EE9,
	0x4EEA, 0x4EEB, 0x4EEC, 0x4EED, 0x4EEE, 0x4EEF, 0x4EF0, 0x4EF1, 0x4EF2, 0x4EF3, 0x4EF4, 0x4EF5,
	0x4EF6, 0x4EF7, 0x4EF8, 0x4EF9, 0x4EFA, 0x4EFB, 0x4EFC, 0x4EFD, 0x4EFE, 0x4EFF, 0x4F00, 0x4F01,
	0x4F02, 0x4F03, 0x4F04, 0x4F05, 0x4F06, 0x4F07, 0x4F08, 0x4F09, 0x4F0A, 0x4F0B, 0x4F0C, 0x4F0D,
	0x4F0E, 0x4F0F, 0x4F10, 0x4F11, 0x4F12, 0x4F13, 0x4F14, 0x4F15, 0x4F16, 0x4F17, 0x4F18, 0x4F19,
	0x4F1A, 0x4F1B, 0x4F1C, 0x4F1D, 0x4F1E, 0x4F1F, 0x4F20, 0x4F21, 0x4F22, 0x4F23, 0x4F24, 0x4F25,
	0x4F26, 0x4F27, 0x4F28, 0x4F29, 0x4F2A, 0x4F2B, 0x4F2C, 0x4F2D, 0x4F2E, 0x4F2F, 0x4F30, 0x4F31,
	0x4F32, 0x4F33, 0x4F34, 0x4F35, 0x4F36, 0x4F37, 0x4F38, 0x4F39, 0x4F3A, 0x4F3B, 0x4F3C, 0x4F3D,
	0x4F3E, 0x4F3F, 0x4F40, 0x4F41, 0x4F42, 0x4F43, 0x4F44, 0x4F45, 0x4F46, 0x4F47, 0x4F48, 0x4F49,
	0x4F4A, 0x4F4B, 0x4F4C, 0x4F4D, 0x4F4E, 0x4F4F, 0x4F50, 0x4F51, 0x4F52, 0x4F53, 0x4F54, 0x4F55,
	0x4F56, 0x4F57, 0x4F58, 0x4F59, 0x4F5A, 0x4F5B, 0x4F5C, 0x4F5D, 0x4F5E, 0x4F5F, 0x4F60, 0x4F61,
	0x4F62, 0x4F63, 0x4F64, 0x4F65, 0x4F66, 0x4F67, 0x4F68, 0x4F69, 0x4F6A, 0x4F6B, 0x4F6C, 0x4F6D,
	0x4F6E, 0x4F6F, 0x4F70, 0x4F71, 0x4F72, 0x4F73, 0x4F74, 0x4F75, 0x4F76, 0x4F77, 0x4F78, 0x4F79,
	0x4F7A, 0x4F7B, 0x4F7C, 0x4F7D, 0x4F7E, 0x4F7F, 0x4F80, 0x4F81, 0x4F82, 0x4F83, 0x4F84, 0x4F85,
	0x4F86, 0x4F87, 0x4F88, 0x4F89, 0x4F8A, 0x4F8B, 0x4F8C, 0x4F8D, 0x4F8E, 0x4F8F, 0x4F90, 0x4F91,
	0x4F92, 0x4F93, 0x4F94, 0x4F95, 0x4F96, 0x4F97, 0x4F98, 0x4F99, 0x4F9A, 0x4F9B, 0x4F9C, 0x4F9D,
	0x4F9E, 0x4F9F, 0x4FA0, 0x4FA1, 0x4FA2, 0x4FA3, 0x4FA4, 0x4FA5, 0x4FA6, 0x4FA7, 0x4FA8, 0x4FA9,
	0x4FAA, 0x4FAB, 0x4FAC, 0x4FAD, 0x4FAE, 0x4FAF, 0x4FB0, 0x4FB1, 0x4FB2, 0x4FB3, 0x4FB4, 0x4FB5,
	0x4FB6, 0x4FB7, 0x4FB8, 0x4FB9, 0x4FBA, 0x4FBB, 0x4FBC, 0x4FBD, 0x4FBE, 0x4FBF, 0x4FC0, 0x4FC1,
	0x4FC2, 0x4FC3, 0x4FC4, 0x4FC5, 0x4FC6, 0x4FC7, 0x4FC8, 0x4FC9, 0x4FCA, 0x4FCB, 0x4FCC, 0x4FCD,
	0x4FCE, 0x4FCF, 0x4FD0, 0x4FD1, 0x4FD2, 0x4FD3, 0x4FD4, 0x4FD5, 0x4FD6, 0x4FD7, 0x4FD8, 0x4FD9,
	0x4FDA, 0x4FDB, 0x4FDC, 0x4FDD, 0x4FDE, 0x4FDF, 0x4FE0, 0x4FE1, 0x4FE2, 0x4FE3, 0x4FE4, 0x4FE5,
	0x4FE6, 0x4FE7, 0x4FE8, 0x4FE9, 0x4FEA, 0x4FEB, 0x4FEC, 0x4FED, 0x4FEE, 0x4FEF, 0x4FF0, 0x4FF1,
	0x4FF2, 0x4FF3, 0x4FF4, 0x4FF5, 0x4FF6, 0x4FF7, 0x4FF8, 0x4FF9, 0x4FFA, 0x4FFB, 0x4FFC, 0x4FFD,
	0x4FFE, 0x4FFF, 0x5000, 0x5001, 0x5002, 0x5003, 0x5004, 0x5005, 0x5006, 0x5007, 0x5008, 0x5009,
	0x500A, 0x500B, 0x500C, 0x500D, 0x500E, 0x500F, 0x5010, 0x5011, 0x5012, 0x5013, 0x5014, 0x5015,
	0x5016, 0x5017, 0x5018, 0x5019, 0x501A, 0x501B, 0x501C, 0x501D, 0x501E, 0x501F, 0x5020, 0x5021,
	0x5022, 0x5023, 0x5024, 0x5025, 0x5026, 0x5027, 0x5028, 0x5029, 0x502A, 0x502B, 0x502C, 0x502D,
	0x502E, 0x502F, 0x5030, 0x5031, 0x5032, 0x5033, 0x5034, 0x5035, 0x5036, 0x5037, 0x5038, 0x5039,
	0x503A, 0x503B, 0x503C, 0x503D, 0x503E, 0x503F, 0x5040, 0x5041, 0x5042, 0x5043, 0x5044, 0x5045,
	0x5046, 0x5047, 0x5048, 0x5049, 0x504A, 0x504B, 0x504C, 0x504D, 0x504E, 0x504F, 0x5050, 0x5051,
	0x5052, 0x5053, 0x5054, 0x5055, 0x5056, 0x5057, 0x5058, 0x5059, 0x505A, 0x505B, 0x505C, 0x505D,
	0x505E, 0x505F, 0x5060, 0x5061, 0x5062, 0x5063, 0x5064, 0x5065, 0x5066, 0x5067, 0x5068, 0x5069,
	0x506A, 0x506B, 0x506C, 0x506D, 0x506E, 0x506F, 0x5070, 0x5071, 0x5072, 0x5073, 0x5074, 0x5075,
	0x5076, 0x5077, 0x5078, 0x5079, 0x507A, 0x507B, 0x507C, 0x507D, 0x507E, 0x507F, 0x5080, 0x5081,
	0x5082, 0x5083, 0x5084, 0x5085, 0x5086, 0x5087, 0x5088, 0x5089, 0x508A, 0x508B, 0x508C, 0x508D,
	0x508E, 0x508F, 0x5090, 0x5091, 0x5092, 0x5093, 0x5094, 0x5095, 0x5096, 0x5097, 0x5098, 0x5099,
	0x509A, 0x509B, 0x509C, 0x509D, 0x509E, 0x509F, 0x50A0, 0x50A1, 0x50A2, 0x50A3, 0x50A4, 0x50A5,
	0x50A6, 0x50A7, 0x50A8, 0x50A9, 0x50AA, 0x50AB, 0x50AC, 0x50AD, 0x50AE, 0x50AF, 0x50B0, 0x50B1,
	0x50B2, 0x50B3, 0x50B4, 0x50B5, 0x50B6, 0x50B7, 0x50B8, 0x50B9, 0x50BA, 0x50BB, 0x50BC, 0x50BD,
	0x50BE, 0x50BF, 0x50C0, 0x50C1, 0x50C2, 0x50C3, 0x50C4, 0x50C5, 0x50C6, 0x50C7, 0x50C8, 0x50C9,
	0x50CA, 0x50CB, 0x50CC, 0x50CD, 0x50CE, 0x50CF, 0x50D0, 0x50D1, 0x50D2, 0x50D3, 0x50D4, 0x50D5,
	0x50D6, 0x50D7, 0x50D8, 0x50D9, 0x50DA, 0x50DB, 0x50DC, 0x50DD, 0x50DE, 0x50DF, 0x50E0, 0x50E1,
	0x50E2, 0x50E3, 0x50E4, 0x50E5, 0x50E6, 0x50E7, 0x50E8, 0x50E9, 0x50EA, 0x50EB, 0x50EC, 0x50ED,
	0x50EE, 0x50EF, 0x50F0, 0x50F1, 0x50F2, 0x50F3, 0x50F4, 0x50F5, 0x50F6, 0x50F7, 0x50F8, 0x50F9,
	0x50FA, 0x50FB, 0x50FC, 0x50FD, 0x50FE, 0x50FF, 0x5100, 0x5101, 0x5102, 0x5103, 0x5104, 0x5105,
	0x5106, 0x5107, 0x5108, 0x5109, 0x510A, 0x510B, 0x510C, 0x510D, 0x510E, 0x510F, 0x5110, 0x5111,
	0x5112, 0x5113, 0x5114, 0x5115, 0x5116, 0x5117, 0x5118, 0x5119, 0x511A, 0x511B, 0x511C, 0x511D,
	0x511E, 0x511F, 0x5120, 0x5121, 0x5122, 0x5123, 0x5124, 0x5125, 0x5126, 0x5127, 0x5128, 0x5129,
	0x512A, 0x512B, 0x512C, 0x512D, 0x512E, 0x512F, 0x5130, 0x5131, 0x5132, 0x5133, 0x5134, 0x5135,
	0x5136, 0x5137, 0x5138, 0x5139, 0x513A, 0x513B, 0x513C, 0x513D, 0x513E, 0x513F, 0x5140, 0x5141,
	0x5142, 0x5143, 0x5144, 0x5145, 0x5146, 0x5147, 0x5148, 0x5149, 0x514A, 0x514B, 0x514C, 0x514D,
	0x514E, 0x514F, 0x5150, 0x5151, 0x5152, 0x5153, 0x5154, 0x5155, 0x5156, 0x5157, 0x5158, 0x5159,
	0x515A, 0x515B, 0x515C, 0x515D, 0x515E, 0x515F, 0x5160, 0x5161, 0x5162, 0x5163, 0x5164, 0x5165,
	0x5166, 0x5167, 0x5168, 0x5169, 0x516A, 0x516B, 0x516C, 0x516D, 0x516E, 0x516F, 0x5170, 0x5171,
	0x5172, 0x5173, 0x5174, 0x5175, 0x5176, 0x5177, 0x5178, 0x5179, 0x517A, 0x517B, 0x517C, 0x517D,
	0x517E, 0x517F, 0x5180, 0x5181, 0x5182, 0x5183, 0x5184, 0x5185, 0x5186, 0x5187, 0x5188, 0x5189,
	0x518A, 0x518B, 0x518C, 0x518D, 0x518E, 0x518F, 0x5190, 0x5191, 0x5192, 0x5193, 0x5194, 0x5195,
	0x5196, 0x5197, 0x5198, 0x5199, 0x519A, 0x519B, 0x519C, 0x519D, 0x519E, 0x519F, 0x51A0, 0x51A1,
	0x51A2, 0x51A3, 0x51A4, 0x51A5, 0x51A6, 0x51A7, 0x51A8, 0x51A9, 0x51AA, 0x51AB, 0x51AC, 0x51AD,
	0x51AE, 0x51AF, 0x51B0, 0x51B1, 0x51B2, 0x51B3, 0x51B4, 0x51B5, 0x51B6, 0x51B7, 0x51B8, 0x51B9,
	0x51BA, 0x51BB, 0x51BC, 0x51BD, 0x51BE, 0x51BF, 0x51C0, 0x51C1, 0x51C2, 0x51C3, 0x51C4, 0x51C5,
	0x51C6, 0x51C7, 0x51C8, 0x51C9, 0x51CA, 0x51CB, 0x51CC, 0x51CD, 0x51CE, 0x51CF, 0x51D0, 0x51D1,
	0x51D2, 0x51D3, 0x51D4, 0x51D5, 0x51D6, 0x51D7, 0x51D8, 0x51D9, 0x51DA, 0x51DB, 0x51DC, 0x51DD,
	0x51DE, 0x51DF, 0x51E0, 0x51E1, 0x51E2, 0x51E3, 0x51E4, 0x51E5, 0x51E6, 0x51E7, 0x51E8, 0x51E9,
	0x51EA, 0x51EB, 0x51EC, 0x51ED, 0x51EE, 0x51EF, 0x51F0, 0x51F1, 0x51F2, 0x51F3, 0x51F4, 0x51F5,
	0x51F6, 0x51F7, 0x51F8, 0x51F9, 0x51FA, 0x51FB, 0x51FC, 0x51FD, 0x51FE, 0x51FF, 0x5200, 0x5201,
	0x5202, 0x5203, 0x5204, 0x5205, 0x5206, 0x5207, 0x5208, 0x5209, 0x520A, 0x520B, 0x520C, 0x520D,
	0x520E, 0x520F, 0x5210, 0x5211, 0x5212, 0x5213, 0x5214, 0x5215, 0x5216, 0x5217, 0x5218, 0x5219,
	0x521A, 0x521B, 0x521C, 0x521D, 0x521E, 0x521F, 0x5220, 0x5221, 0x5222, 0x5223, 0x5224, 0x5225,
	0x5226, 0x5227, 0x5228, 0x5229, 0x522A, 0x522B, 0x522C, 0x522D, 0x522E, 0x522F, 0x5230, 0x5231,
	0x5232, 0x5233, 0x5234, 0x5235, 0x5236, 0x5237, 0x5238, 0x5239, 0x523A, 0x523B, 0x523C, 0x523D,
	0x523E, 0x523F, 0x5240, 0x5241, 0x5242, 0x5243, 0x5244, 0x5245, 0x5246, 0x5247, 0x5248, 0x5249,
	0x524A, 0x524B, 0x524C, 0x524D, 0x524E, 0x524F, 0x5250, 0x5251, 0x5252, 0x5253, 0x5254, 0x5255,
	0x5256, 0x5257, 0x5258, 0x5259, 0x525A, 0x525B, 0x525C, 0x525D, 0x525E, 0x525F, 0x5260, 0x5261,
	0x5262, 0x5263, 0x5264, 0x5265, 0x5266, 0x5267, 0x5268, 0x5269, 0x526A, 0x526B, 0x526C, 0x526D,
	0x526E, 0x526F, 0x5270, 0x5271, 0x5272, 0x5273, 0x5274, 0x5275, 0x5276, 0x5277, 0x5278, 0x5279,
	0x527A, 0x527B, 0x527C, 0x527D, 0x527E, 0x527F, 0x5280, 0x5281, 0x5282, 0x5283, 0x5284, 0x5285,
	0x5286, 0x5287, 0x5288, 0x5289, 0x528A, 0x528B, 0x528C, 0x528D, 0x528E, 0x528F, 0x5290, 0x5291,
	0x5292, 0x5293, 0x5294, 0x5295, 0x5296, 0x5297, 0x5298, 0x5299, 0x529A, 0x529B, 0x529C, 0x529D,
	0x529E, 0x529F, 0x52A0, 0x52A1, 0x52A2, 0x52A3, 0x52A4, 0x52A5, 0x52A6, 0x52A7, 0x52A8, 0x52A9,
	0x52AA, 0x52AB, 0x52AC, 0x52AD, 0x52AE, 0x52AF, 0x52B0, 0x52B1, 0x52B2, 0x52B3, 0x52B4, 0x52B5,
	0x52B6, 0x52B7, 0x52B8, 0x52B9, 0x52BA, 0x52BB, 0x52BC, 0x52BD, 0x52BE, 0x52BF, 0x52C0, 0x52C1,
	0x52C2, 0x52C3, 0x52C4, 0x52C5, 0x52C6, 0x52C7, 0x52C8, 0x52C9, 0x52CA, 0x52CB, 0x52CC, 0x52CD,
	0x52CE, 0x52CF, 0x52D0, 0x52D1, 0x52D2, 0x52D3, 0x52D4, 0x52D5, 0x52D6, 0x52D7, 0x52D8, 0x52D9,
	0x52DA, 0x52DB, 0x52DC, 0x52DD, 0x52DE, 0x52DF, 0x52E0, 0x52E1, 0x52E2, 0x52E3, 0x52E4, 0x52E5,
	0x52E6, 0x52E7, 0x52E8, 0x52E9, 0x52EA, 0x52EB, 0x52EC, 0x52ED, 0x52EE, 0x52EF, 0x52F0, 0x52F1,
	0x52F2, 0x52F3, 0x52F4, 0x52F5, 0x52F6, 0x52F7, 0x52F8, 0x52F9, 0x52FA, 0x52FB, 0x52FC, 0x52FD,
	0x52FE, 0x52FF, 0x5300, 0x5301, 0x5302, 0x5303, 0x5304, 0x5305, 0x5306, 0x5307, 0x5308, 0x5309,
	0x530A, 0x530B, 0x530C, 0x530D, 0x530E, 0x530F, 0x5310, 0x5311, 0x5312, 0x5313, 0x5314, 0x5315,
	0x5316, 0x5317, 0x5318, 0x5319, 0x531A, 0x531B, 0x531C, 0x531D, 0x531E, 0x531F, 0x5320, 0x5321,
	0x5322, 0x5323, 0x5324, 0x5325, 0x5326, 0x5327, 0x5328, 0x5329, 0x532A, 0x532B, 0x532C, 0x532D,
	0x532E, 0x532F, 0x5330, 0x5331, 0x5332, 0x5333, 0x5334, 0x5335, 0x5336, 0x5337, 0x5338, 0x5339,
	0x533A, 0x533B, 0x533C, 0x533D, 0x533E, 0x533F, 0x5340, 0x5341, 0x5342, 0x5343, 0x5344, 0x5345,
	0x5346, 0x5347, 0x5348, 0x5349, 0x534A, 0x534B, 0x534C, 0x534D, 0x534E, 0x534F, 0x5350, 0x5351,
	0x5352, 0x5353, 0x5354, 0x5355, 0x5356, 0x5357, 0x5358, 0x5359, 0x535A, 0x535B, 0x535C, 0x535D,
	0x535E, 0x535F, 0x5360, 0x5361, 0x5362, 0x5363, 0x5364, 0x5365, 0x5366, 0x5367, 0x5368, 0x5369,
	0x536A, 0x536B, 0x536C, 0x536D, 0x536E, 0x536F, 0x5370, 0x5371, 0x5372, 0x5373, 0x5374, 0x5375,
	0x5376, 0x5377, 0x5378, 0x5379, 0x537A, 0x537B, 0x537C, 0x537D, 0x537E, 0x537F, 0x5380, 0x5381,
	0x5382, 0x5383, 0x5384, 0x5385, 0x5386, 0x5387, 0x5388, 0x5389, 0x538A, 0x538B, 0x538C, 0x538D,
	0x538E, 0x538F, 0x5390, 0x5391, 0x5392, 0x5393, 0x5394, 0x5395, 0x5396, 0x5397, 0x5398, 0x5399,
	0x539A, 0x539B, 0x539C, 0x539D, 0x539E, 0x539F, 0x53A0, 0x53A1, 0x53A2, 0x53A3, 0x53A4, 0x53A5,
	0x53A6, 0x53A7, 0x53A8, 0x53A9, 0x53AA, 0x53AB, 0x53AC, 0x53AD, 0x53AE, 0x53AF, 0x53B0, 0x53B1,
	0x53B2, 0x53B3, 0x53B4, 0x53B5, 0x53B6, 0x53B7, 0x53B8, 0x53B9, 0x53BA, 0x53BB, 0x53BC, 0x53BD,
	0x53BE, 0x53BF, 0x53C0, 0x53C1, 0x53C2, 0x53C3, 0x53C4, 0x53C5, 0x53C6, 0x53C7, 0x53C8, 0x53C9,
	0x53CA, 0x53CB, 0x53CC, 0x53CD, 0x53CE, 0x53CF, 0x53D0, 0x53D1, 0x53D2, 0x53D3, 0x53D4, 0x53D5,
	0x53D6, 0x53D7, 0x53D8, 0x53D9, 0x53DA, 0x53DB, 0x53DC, 0x53DD, 0x53DE, 0x53DF, 0x53E0, 0x53E1,
	0x53E2, 0x53E3, 0x53E4, 0x53E5, 0x53E6, 0x53E7, 0x53E8, 0x53E9, 0x53EA, 0x53EB, 0x53EC, 0x53ED,
	0x53EE, 0x53EF, 0x53F0, 0x53F1, 0x53F2, 0x53F3, 0x53F4, 0x53F5, 0x53F6, 0x53F7, 0x53F8, 0x53F9,
	0x53FA, 0x53FB, 0x53FC, 0x53FD, 0x53FE, 0x53FF, 0x5400, 0x5401, 0x5402, 0x5403, 0x5404, 0x5405,
	0x5406, 0x5407, 0x5408, 0x5409, 0x540A, 0x540B, 0x540C, 0x540D, 0x540E, 0x540F, 0x5410, 0x5411,
	0x5412, 0x5413, 0x5414, 0x5415, 0x5416, 0x5417, 0x5418, 0x5419, 0x541A, 0x541B, 0x541C, 0x541D,
	0x541E, 0x541F, 0x5420, 0x5421, 0x5422, 0x5423, 0x5424, 0x5425, 0x5426, 0x5427, 0x5428, 0x5429,
	0x542A, 0x542B, 0x542C, 0x542D, 0x542E, 0x542F, 0x5430, 0x5431, 0x5432, 0x5433, 0x5434, 0x5435,
	0x5436, 0x5437, 0x5438, 0x5439, 0x543A, 0x543B, 0x543C, 0x543D, 0x543E, 0x543F, 0x5440, 0x5441,
	0x5442, 0x5443, 0x5444, 0x5445, 0x5446, 0x5447, 0x5448, 0x5449, 0x544A, 0x544B, 0x544C, 0x544D,
	0x544E, 0x544F, 0x5450, 0x5451, 0x5452, 0x5453, 0x5454, 0x5455, 0x5456, 0x5457, 0x5458, 0x5459,
	0x545A, 0x545B, 0x545C, 0x545D, 0x545E, 0x545F, 0x5460, 0x5461, 0x5462, 0x5463, 0x5464, 0x5465,
	0x5466, 0x5467, 0x5468, 0x5469, 0x546A, 0x546B, 0x546C, 0x546D, 0x546E, 0x546F, 0x5470, 0x5471,
	0x5472, 0x5473, 0x5474, 0x5475, 0x5476, 0x5477, 0x5478, 0x5479, 0x547A, 0x547B, 0x547C, 0x547D,
	0x547E, 0x547F, 0x5480, 0x5481, 0x5482, 0x5483, 0x5484, 0x5485, 0x5486, 0x5487, 0x5488, 0x5489,
	0x548A, 0x548B, 0x548C, 0x548D, 0x548E, 0x548F, 0x5490, 0x5491, 0x5492, 0x5493, 0x5494, 0x5495,
	0x5496, 0x5497, 0x5498, 0x5499, 0x549A, 0x549B, 0x549C, 0x549D, 0x549E, 0x549F, 0x54A0, 0x54A1,
	0x54A2, 0x54A3, 0x54A4, 0x54A5, 0x54A6, 0x54A7, 0x54A8, 0x54A9, 0x54AA, 0x54AB, 0x54AC, 0x54AD,
	0x54AE, 0x54AF, 0x54B0, 0x54B1, 0x54B2, 0x54B3, 0x54B4, 0x54B5, 0x54B6, 0x54B7, 0x54B8, 0x54B9,
	0x54BA, 0x54BB, 0x54BC, 0x54BD, 0x54BE, 0x54BF, 0x54C0, 0x54C1, 0x54C2, 0x54C3, 0x54C4, 0x54C5,
	0x54C6, 0x54C7, 0x54C8, 0x54C9, 0x54CA, 0x54CB, 0x54CC, 0x54CD, 0x54CE, 0x54CF, 0x54D0, 0x54D1,
	0x54D2, 0x54D3, 0x54D4, 0x54D5, 0x54D6, 0x54D7, 0x54D8, 0x54D9, 0x54DA, 0x54DB, 0x54DC, 0x54DD,
	0x54DE, 0x54DF, 0x54E0, 0x54E1, 0x54E2, 0x54E3, 0x54E4, 0x54E5, 0x54E6, 0x54E7, 0x54E8, 0x54E9,
	0x54EA, 0x54EB, 0x54EC, 0x54ED, 0x54EE, 0x54EF, 0x54F0, 0x54F1, 0x54F2, 0x54F3, 0x54F4, 0x54F5,
	0x54F6, 0x54F7, 0x54F8, 0x54F9, 0x54FA, 0x54FB, 0x54FC, 0x54FD, 0x54FE, 0x54FF, 0x5500, 0x5501,
	0x5502, 0x5503, 0x5504, 0x5505, 0x5506, 0x5507, 0x5508, 0x5509, 0x550A, 0x550B, 0x550C, 0x550D,
	0x550E, 0x550F, 0x5510, 0x5511, 0x5512, 0x5513, 0x5514, 0x5515, 0x5516, 0x5517, 0x5518, 0x5519,
	0x551A, 0x551B, 0x551C, 0x551D, 0x551E, 0x551F, 0x5520, 0x5521, 0x5522, 0x5523, 0x5524, 0x5525,
	0x5526, 0x5527, 0x5528, 0x5529, 0x552A, 0x552B, 0x552C, 0x552D, 0x552E, 0x552F, 0x5530, 0x5531,
	0x5532, 0x5533, 0x5534, 0x5535, 0x5536, 0x5537, 0x5538, 0x5539, 0x553A, 0x553B, 0x553C, 0x553D,
	0x553E, 0x553F, 0x5540, 0x5541, 0x5542, 0x5543, 0x5544, 0x5545, 0x5546, 0x5547, 0x5548, 0x5549,
	0x554A, 0x554B, 0x554C, 0x554D, 0x554E, 0x554F, 0x5550, 0x5551, 0x5552, 0x5553, 0x5554, 0x5555,
	0x5556, 0x5557, 0x5558, 0x5559, 0x555A, 0x555B, 0x555C, 0x555D, 0x555E, 0x555F, 0x5560, 0x5561,
	0x5562, 0x5563, 0x5564, 0x5565, 0x5566, 0x5567, 0x5568, 0x5569, 0x556A, 0x556B, 0x556C, 0x556D,
	0x556E, 0x556F, 0x5570, 0x5571, 0x5572, 0x5573, 0x5574, 0x5575, 0x5576, 0x5577, 0x5578, 0x5579,
	0x557A, 0x557B, 0x557C, 0x557D, 0x557E, 0x557F, 0x5580, 0x5581, 0x5582, 0x5583, 0x5584, 0x5585,
	0x5586, 0x5587, 0x5588, 0x5589, 0x558A, 0x558B, 0x558C, 0x558D, 0x558E, 0x558F, 0x5590, 0x5591,
	0x5592, 0x5593, 0x5594, 0x5595, 0x5596, 0x5597, 0x5598, 0x5599, 0x559A, 0x559B, 0x559C, 0x559D,
	0x559E, 0x559F, 0x55A0, 0x55A1, 0x55A2, 0x55A3, 0x55A4, 0x55A5, 0x55A6, 0x55A7, 0x55A8, 0x55A9,
	0x55AA, 0x55AB, 0x55AC, 0x55AD, 0x55AE, 0x55AF, 0x55B0, 0x55B1, 0x55B2, 0x55B3, 0x55B4, 0x55B5,
	0x55B6, 0x55B7, 0x55B8, 0x55B9, 0x55BA, 0x55BB, 0x55BC, 0x55BD, 0x55BE, 0x55BF, 0x55C0, 0x55C1,
	0x55C2, 0x55C3, 0x55C4, 0x55C5, 0x55C6, 0x55C7, 0x55C8, 0x55C9, 0x55CA, 0x55CB, 0x55CC, 0x55CD,
	0x55CE, 0x55CF, 0x55D0, 0x55D1, 0x55D2, 0x55D3, 0x55D4, 0x55D5, 0x55D6, 0x55D7, 0x55D8, 0x55D9,
	0x55DA, 0x55DB, 0x55DC, 0x55DD, 0x55DE, 0x55DF, 0x55E0, 0x55E1, 0x55E2, 0x55E3, 0x55E4, 0x55E5,
	0x55E6, 0x55E7, 0x55E8, 0x55E9, 0x55EA, 0x55EB, 0x55EC, 0x55ED, 0x55EE, 0x55EF, 0x55F0, 0x55F1,
	0x55F2, 0x55F3, 0x55F4, 0x55F5, 0x55F6, 0x55F7, 0x55F8, 0x55F9, 0x55FA, 0x55FB, 0x55FC, 0x55FD,
	0x55FE, 0x55FF, 0x5600, 0x5601, 0x5602, 0x5603, 0x5604, 0x5605, 0x5606, 0x5607, 0x5608, 0x5609,
	0x560A, 0x560B, 0x560C, 0x560D, 0x560E, 0x560F, 0x5610, 0x5611, 0x5612, 0x5613, 0x5614, 0x5615,
	0x5616, 0x5617, 0x5618, 0x5619, 0x561A, 0x561B, 0x561C, 0x561D, 0x561E, 0x561F, 0x5620, 0x5621,
	0x5622, 0x5623, 0x5624, 0x5625, 0x5626, 0x5627, 0x5628, 0x5629, 0x562A, 0x562B, 0x562C, 0x562D,
	0x562E, 0x562F, 0x5630, 0x5631, 0x5632, 0x5633, 0x5634, 0x5635, 0x5636, 0x5637, 0x5638, 0x5639,
	0x563A, 0x563B, 0x563C, 0x563D, 0x563E, 0x563F, 0x5640, 0x5641, 0x5642, 0x5643, 0x5644, 0x5645,
	0x5646, 0x5647, 0x5648, 0x5649, 0x564A, 0x564B, 0x564C, 0x564D, 0x564E, 0x564F, 0x5650, 0x5651,
	0x5652, 0x5653, 0x5654, 0x5655, 0x5656, 0x5657, 0x5658, 0x5659, 0x565A, 0x565B, 0x565C, 0x565D,
	0x565E, 0x565F, 0x5660, 0x5661, 0x5662, 0x5663, 0x5664, 0x5665, 0x5666, 0x5667, 0x5668, 0x5669,
	0x566A, 0x566B, 0x566C, 0x566D, 0x566E, 0x566F, 0x5670, 0x5671, 0x5672, 0x5673, 0x5674, 0x5675,
	0x5676, 0x5677, 0x5678, 0x5679, 0x567A, 0x567B, 0x567C, 0x567D, 0x567E, 0x567F, 0x5680, 0x5681,
	0x5682, 0x5683, 0x5684, 0x5685, 0x5686, 0x5687, 0x5688, 0x5689, 0x568A, 0x568B, 0x568C, 0x568D,
	0x568E, 0x568F, 0x5690, 0x5691, 0x5692, 0x5693, 0x5694, 0x5695, 0x5696, 0x5697, 0x5698, 0x5699,
	0x569A, 0x569B, 0x569C, 0x569D, 0x569E, 0x569F, 0x56A0, 0x56A1, 0x56A2, 0x56A3, 0x56A4, 0x56A5,
	0x56A6, 0x56A7, 0x56A8, 0x56A9, 0x56AA, 0x56AB, 0x56AC, 0x56AD, 0x56AE, 0x56AF, 0x56B0, 0x56B1,
	0x56B2, 0x56B3, 0x56B4, 0x56B5, 0x56B6, 0x56B7, 0x56B8, 0x56B9, 0x56BA, 0x56BB, 0x56BC, 0x56BD,
	0x56BE, 0x56BF, 0x56C0, 0x56C1, 0x56C2, 0x56C3, 0x56C4, 0x56C5, 0x56C6, 0x56C7, 0x56C8, 0x56C9,
	0x56CA, 0x56CB, 0x56CC, 0x56CD, 0x56CE, 0x56CF, 0x56D0, 0x56D1, 0x56D2, 0x56D3, 0x56D4, 0x56D5,
	0x56D6, 0x56D7, 0x56D8, 0x56D9, 0x56DA, 0x56DB, 0x56DC, 0x56DD, 0x56DE, 0x56DF, 0x56E0, 0x56E1,
	0x56E2, 0x56E3, 0x56E4, 0x56E5, 0x56E6, 0x56E7, 0x56E8, 0x56E9, 0x56EA, 0x56EB, 0x56EC, 0x56ED,
	0x56EE, 0x56EF, 0x56F0, 0x56F1, 0x56F2, 0x56F3, 0x56F4, 0x56F5, 0x56F6, 0x56F7, 0x56F8, 0x56F9,
	0x56FA, 0x56FB, 0x56FC, 0x56FD, 0x56FE, 0x56FF, 0x5700, 0x5701, 0x5702, 0x5703, 0x5704, 0x5705,
	0x5706, 0x5707, 0x5708, 0x5709, 0x570A, 0x570B, 0x570C, 0x570D, 0x570E, 0x570F, 0x5710, 0x5711,
	0x5712, 0x5713, 0x5714, 0x5715, 0x5716, 0x5717, 0x5718, 0x5719, 0x571A, 0x571B, 0x571C, 0x571D,
	0x571E, 0x571F, 0x5720, 0x5721, 0x5722, 0x5723, 0x5724, 0x5725, 0x5726, 0x5727, 0x5728, 0x5729,
	0x572A, 0x572B, 0x572C, 0x572D, 0x572E, 0x572F, 0x5730, 0x5731, 0x5732, 0x5733, 0x5734, 0x5735,
	0x5736, 0x5737, 0x5738, 0x5739, 0x573A, 0x573B, 0x573C, 0x573D, 0x573E, 0x573F, 0x5740, 0x5741,
	0x5742, 0x5743, 0x5744, 0x5745, 0x5746, 0x5747, 0x5748, 0x5749, 0x574A, 0x574B, 0x574C, 0x574D,
	0x574E, 0x574F, 0x5750, 0x5751, 0x5752, 0x5753, 0x5754, 0x5755, 0x5756, 0x5757, 0x5758, 0x5759,
	0x575A, 0x575B, 0x575C, 0x575D, 0x575E, 0x575F, 0x5760, 0x5761, 0x5762, 0x5763, 0x5764, 0x5765,
	0x5766, 0x5767, 0x5768, 0x5769, 0x576A, 0x576B, 0x576C, 0x576D, 0x576E, 0x576F, 0x5770, 0x5771,
	0x5772, 0x5773, 0x5774, 0x5775, 0x5776, 0x5777, 0x5778, 0x5779, 0x577A, 0x577B, 0x577C, 0x577D,
	0x577E, 0x577F, 0x5780, 0x5781, 0x5782, 0x5783, 0x5784, 0x5785, 0x5786, 0x5787, 0x5788, 0x5789,
	0x578A, 0x578B, 0x578C, 0x578D, 0x578E, 0x578F, 0x5790, 0x5791, 0x5792, 0x5793, 0x5794, 0x5795,
	0x5796, 0x5797, 0x5798, 0x5799, 0x579A, 0x579B, 0x579C, 0x579D, 0x579E, 0x579F, 0x57A0, 0x57A1,
	0x57A2, 0x57A3, 0x57A4, 0x57A5, 0x57A6, 0x57A7, 0x57A8, 0x57A9, 0x57AA, 0x57AB, 0x57AC, 0x57AD,
	0x57AE, 0x57AF, 0x57B0, 0x57B1, 0x57B2, 0x57B3, 0x57B4, 0x57B5, 0x57B6, 0x57B7, 0x57B8, 0x57B9,
	0x57BA, 0x57BB, 0x57BC, 0x57BD, 0x57BE, 0x57BF, 0x57C0, 0x57C1, 0x57C2, 0x57C3, 0x57C4, 0x57C5,
	0x57C6, 0x57C7, 0x57C8, 0x57C9, 0x57CA, 0x57CB, 0x57CC, 0x57CD, 0x57CE, 0x57CF, 0x57D0, 0x57D1,
	0x57D2, 0x57D3, 0x57D4, 0x57D5, 0x57D6, 0x57D7, 0x57D8, 0x57D9, 0x57DA, 0x57DB, 0x57DC, 0x57DD,
	0x57DE, 0x57DF, 0x57E0, 0x57E1, 0x57E2, 0x57E3, 0x57E4, 0x57E5, 0x57E6, 0x57E7, 0x57E8, 0x57E9,
	0x57EA, 0x57EB, 0x57EC, 0x57ED, 0x57EE, 0x57EF, 0x57F0, 0x57F1, 0x57F2, 0x57F3, 0x57F4, 0x57F5,
	0x57F6, 0x57F7, 0x57F8, 0x57F9, 0x57FA, 0x57FB, 0x57FC, 0x57FD, 0x57FE, 0x57FF, 0x5800, 0x5801,
	0x5802, 0x5803, 0x5804, 0x5805, 0x5806, 0x5807, 0x5808, 0x5809, 0x580A, 0x580B, 0x580C, 0x580D,
	0x580E, 0x580F, 0x5810, 0x5811, 0x5812, 0x5813, 0x5814, 0x5815, 0x5816, 0x5817, 0x5818, 0x5819,
	0x581A, 0x581B, 0x581C, 0x581D, 0x581E, 0x581F, 0x5820, 0x5821, 0x5822, 0x5823, 0x5824, 0x5825,
	0x5826, 0x5827, 0x5828, 0x5829, 0x582A, 0x582B, 0x582C, 0x582D, 0x582E, 0x582F, 0x5830, 0x5831,
	0x5832, 0x5833, 0x5834, 0x5835, 0x5836, 0x5837, 0x5838, 0x5839, 0x583A, 0x583B, 0x583C, 0x583D,
	0x583E, 0x583F, 0x5840, 0x5841, 0x5842, 0x5843, 0x5844, 0x5845, 0x5846, 0x5847, 0x5848, 0x5849,
	0x584A, 0x584B, 0x584C, 0x584D, 0x584E, 0x584F, 0x5850, 0x5851, 0x5852, 0x5853, 0x5854, 0x5855,
	0x5856, 0x5857, 0x5858, 0x5859, 0x585A, 0x585B, 0x585C, 0x585D, 0x585E, 0x585F, 0x5860, 0x5861,
	0x5862, 0x5863, 0x5864, 0x5865, 0x5866, 0x5867, 0x5868, 0x5869, 0x586A, 0x586B, 0x586C, 0x586D,
	0x586E, 0x586F, 0x5870, 0x5871, 0x5872, 0x5873, 0x5874, 0x5875, 0x5876, 0x5877, 0x5878, 0x5879,
	0x587A, 0x587B, 0x587C, 0x587D, 0x587E, 0x587F, 0x5880, 0x5881, 0x5882, 0x5883, 0x5884, 0x5885,
	0x5886, 0x5887, 0x5888, 0x5889, 0x588A, 0x588B, 0x588C, 0x588D, 0x588E, 0x588F, 0x5890, 0x5891,
	0x5892, 0x5893, 0x5894, 0x5895, 0x5896, 0x5897, 0x5898, 0x5899, 0x589A, 0x589B, 0x589C, 0x589D,
	0x589E, 0x589F, 0x58A0, 0x58A1, 0x58A2, 0x58A3, 0x58A4, 0x58A5, 0x58A6, 0x58A7, 0x58A8, 0x58A9,
	0x58AA, 0x58AB, 0x58AC, 0x58AD, 0x58AE, 0x58AF, 0x58B0, 0x58B1, 0x58B2, 0x58B3, 0x58B4, 0x58B5,
	0x58B6, 0x58B7, 0x58B8, 0x58B9, 0x58BA, 0x58BB, 0x58BC, 0x58BD, 0x58BE, 0x58BF, 0x58C0, 0x58C1,
	0x58C2, 0x58C3, 0x58C4, 0x58C5, 0x58C6, 0x58C7, 0x58C8, 0x58C9, 0x58CA, 0x58CB, 0x58CC, 0x58CD,
	0x58CE, 0x58CF, 0x58D0, 0x58D1, 0x58D2, 0x58D3, 0x58D4, 0x58D5, 0x58D6, 0x58D7, 0x58D8, 0x58D9,
	0x58DA, 0x58DB, 0x58DC, 0x58DD, 0x58DE, 0x58DF, 0x58E0, 0x58E1, 0x58E2, 0x58E3, 0x58E4, 0x58E5,
	0x58E6, 0x58E7, 0x58E8, 0x58E9, 0x58EA, 0x58EB, 0x58EC, 0x58ED, 0x58EE, 0x58EF, 0x58F0, 0x58F1,
	0x58F2, 0x58F3, 0x58F4, 0x58F5, 0x58F6, 0x58F7, 0x58F8, 0x58F9, 0x58FA, 0x58FB, 0x58FC, 0x58FD,
	0x58FE, 0x58FF, 0x5900, 0x5901, 0x5902, 0x5903, 0x5904, 0x5905, 0x5906, 0x5907, 0x5908, 0x5909,
	0x590A, 0x590B, 0x590C, 0x590D, 0x590E, 0x590F, 0x5910, 0x5911, 0x5912, 0x5913, 0x5914, 0x5915,
	0x5916, 0x5917, 0x5918, 0x5919, 0x591A, 0x591B, 0x591C, 0x591D, 0x591E, 0x591F, 0x5920, 0x5921,
	0x5922, 0x5923, 0x5924, 0x5925, 0x5926, 0x5927, 0x5928, 0x5929, 0x592A, 0x592B, 0x592C, 0x592D,
	0x592E, 0x592F, 0x5930, 0x5931, 0x5932, 0x5933, 0x5934, 0x5935, 0x5936, 0x5937, 0x5938, 0x5939,
	0x593A, 0x593B, 0x593C, 0x593D, 0x593E, 0x593F, 0x5940, 0x5941, 0x5942, 0x5943, 0x5944, 0x5945,
	0x5946, 0x5947, 0x5948, 0x5949, 0x594A, 0x594B, 0x594C, 0x594D, 0x594E, 0x594F, 0x5950, 0x5951,
	0x5952, 0x5953, 0x5954, 0x5955, 0x5956, 0x5957, 0x5958, 0x5959, 0x595A, 0x595B, 0x595C, 0x595D,
	0x595E, 0x595F, 0x5960, 0x5961, 0x5962, 0x5963, 0x5964, 0x5965, 0x5966, 0x5967, 0x5968, 0x5969,
	0x596A, 0x596B, 0x596C, 0x596D, 0x596E, 0x596F, 0x5970, 0x5971, 0x5972, 0x5973, 0x5974, 0x5975,
	0x5976, 0x5977, 0x5978, 0x5979, 0x597A, 0x597B, 0x597C, 0x597D, 0x597E, 0x597F, 0x5980, 0x5981,
	0x5982, 0x5983, 0x5984, 0x5985, 0x5986, 0x5987, 0x5988, 0x5989, 0x598A, 0x598B, 0x598C, 0x598D,
	0x598E, 0x598F, 0x5990, 0x5991, 0x5992, 0x5993, 0x5994, 0x5995, 0x5996, 0x5997, 0x5998, 0x5999,
	0x599A, 0x599B, 0x599C, 0x599D, 0x599E, 0x599F, 0x59A0, 0x59A1, 0x59A2, 0x59A3, 0x59A4, 0x59A5,
	0x59A6, 0x59A7, 0x59A8, 0x59A9, 0x59AA, 0x59AB, 0x59AC, 0x59AD, 0x59AE, 0x59AF, 0x59B0, 0x59B1,
	0x59B2, 0x59B3, 0x59B4, 0x59B5, 0x59B6, 0x59B7, 0x59B8, 0x59B9, 0x59BA, 0x59BB, 0x59BC, 0x59BD,
	0x59BE, 0x59BF, 0x59C0, 0x59C1, 0x59C2, 0x59C3, 0x59C4, 0x59C5, 0x59C6, 0x59C7, 0x59C8, 0x59C9,
	0x59CA, 0x59CB, 0x59CC, 0x59CD, 0x59CE, 0x59CF, 0x59D0, 0x59D1, 0x59D2, 0x59D3, 0x59D4, 0x59D5,
	0x59D6, 0x59D7, 0x59D8, 0x59D9, 0x59DA, 0x59DB, 0x59DC, 0x59DD, 0x59DE, 0x59DF, 0x59E0, 0x59E1,
	0x59E2, 0x59E3, 0x59E4, 0x59E5, 0x59E6, 0x59E7, 0x59E8, 0x59E9, 0x59EA, 0x59EB, 0x59EC, 0x59ED,
	0x59EE, 0x59EF, 0x59F0, 0x59F1, 0x59F2, 0x59F3, 0x59F4, 0x59F5, 0x59F6, 0x59F7, 0x59F8, 0x59F9,
	0x59FA, 0x59FB, 0x59FC, 0x59FD, 0x59FE, 0x59FF, 0x5A00, 0x5A01, 0x5A02, 0x5A03, 0x5A04, 0x5A05,
	0x5A06, 0x5A07, 0x5A08, 0x5A09, 0x5A0A, 0x5A0B, 0x5A0C, 0x5A0D, 0x5A0E, 0x5A0F, 0x5A10, 0x5A11,
	0x5A12, 0x5A13, 0x5A14, 0x5A15, 0x5A16, 0x5A17, 0x5A18, 0x5A19, 0x5A1A, 0x5A1B, 0x5A1C, 0x5A1D,
	0x5A1E, 0x5A1F, 0x5A20, 0x5A21, 0x5A22, 0x5A23, 0x5A24, 0x5A25, 0x5A26, 0x5A27, 0x5A28, 0x5A29,
	0x5A2A, 0x5A2B, 0x5A2C, 0x5A2D, 0x5A2E, 0x5A2F, 0x5A30, 0x5A31, 0x5A32, 0x5A33, 0x5A34, 0x5A35,
	0x5A36, 0x5A37, 0x5A38, 0x5A39, 0x5A3A, 0x5A3B, 0x5A3C, 0x5A3D, 0x5A3E, 0x5A3F, 0x5A40, 0x5A41,
	0x5A42, 0x5A43, 0x5A44, 0x5A45, 0x5A46, 0x5A47, 0x5A48, 0x5A49, 0x5A4A, 0x5A4B, 0x5A4C, 0x5A4D,
	0x5A4E, 0x5A4F, 0x5A50, 0x5A51, 0x5A52, 0x5A53, 0x5A54, 0x5A55, 0x5A56, 0x5A57, 0x5A58, 0x5A59,
	0x5A5A, 0x5A5B, 0x5A5C, 0x5A5D, 0x5A5E, 0x5A5F, 0x5A60, 0x5A61, 0x5A62, 0x5A63, 0x5A64, 0x5A65,
	0x5A66, 0x5A67, 0x5A68, 0x5A69, 0x5A6A, 0x5A6B, 0x5A6C, 0x5A6D, 0x5A6E, 0x5A6F, 0x5A70, 0x5A71,
	0x5A72, 0x5A73, 0x5A74, 0x5A75, 0x5A76, 0x5A77, 0x5A78, 0x5A79, 0x5A7A, 0x5A7B, 0x5A7C, 0x5A7D,
	0x5A7E, 0x5A7F, 0x5A80, 0x5A81, 0x5A82, 0x5A83, 0x5A84, 0x5A85, 0x5A86, 0x5A87, 0x5A88, 0x5A89,
	0x5A8A, 0x5A8B, 0x5A8C, 0x5A8D, 0x5A8E, 0x5A8F, 0x5A90, 0x5A91, 0x5A92, 0x5A93, 0x5A94, 0x5A95,
	0x5A96, 0x5A97, 0x5A98, 0x5A99, 0x5A9A, 0x5A9B, 0x5A9C, 0x5A9D, 0x5A9E, 0x5A9F, 0x5AA0, 0x5AA1,
	0x5AA2, 0x5AA3, 0x5AA4, 0x5AA5, 0x5AA6, 0x5AA7, 0x5AA8, 0x5AA9, 0x5AAA, 0x5AAB, 0x5AAC, 0x5AAD,
	0x5AAE, 0x5AAF, 0x5AB0, 0x5AB1, 0x5AB2, 0x5AB3, 0x5AB4, 0x5AB5, 0x5AB6, 0x5AB7, 0x5AB8, 0x5AB9,
	0x5ABA, 0x5ABB, 0x5ABC, 0x5ABD, 0x5ABE, 0x5ABF, 0x5AC0, 0x5AC1, 0x5AC2, 0x5AC3, 0x5AC4, 0x5AC5,
	0x5AC6, 0x5AC7, 0x5AC8, 0x5AC9, 0x5ACA, 0x5ACB, 0x5ACC, 0x5ACD, 0x5ACE, 0x5ACF, 0x5AD0, 0x5AD1,
	0x5AD2, 0x5AD3, 0x5AD4, 0x5AD5, 0x5AD6, 0x5AD7, 0x5AD8, 0x5AD9, 0x5ADA, 0x5ADB, 0x5ADC, 0x5ADD,
	0x5ADE, 0x5ADF, 0x5AE0, 0x5AE1, 0x5AE2, 0x5AE3, 0x5AE4, 0x5AE5, 0x5AE6, 0x5AE7, 0x5AE8, 0x5AE9,
	0x5AEA, 0x5AEB, 0x5AEC, 0x5AED, 0x5AEE, 0x5AEF, 0x5AF0, 0x5AF1, 0x5AF2, 0x5AF3, 0x5AF4, 0x5AF5,
	0x5AF6, 0x5AF7, 0x5AF8, 0x5AF9, 0x5AFA, 0x5AFB, 0x5AFC, 0x5AFD, 0x5AFE, 0x5AFF, 0x5B00, 0x5B01,
	0x5B02, 0x5B03, 0x5B04, 0x5B05, 0x5B06, 0x5B07, 0x5B08, 0x5B09, 0x5B0A, 0x5B0B, 0x5B0C, 0x5B0D,
	0x5B0E, 0x5B0F, 0x5B10, 0x5B11, 0x5B12, 0x5B13, 0x5B14, 0x5B15, 0x5B16, 0x5B17, 0x5B18, 0x5B19,
	0x5B1A, 0x5B1B, 0x5B1C, 0x5B1D, 0x5B1E, 0x5B1F, 0x5B20, 0x5B21, 0x5B22, 0x5B23, 0x5B24, 0x5B25,
	0x5B26, 0x5B27, 0x5B28, 0x5B29, 0x5B2A, 0x5B2B, 0x5B2C, 0x5B2D, 0x5B2E, 0x5B2F, 0x5B30, 0x5B31,
	0x5B32, 0x5B33, 0x5B34, 0x5B35, 0x5B36, 0x5B37, 0x5B38, 0x5B39, 0x5B3A, 0x5B3B, 0x5B3C, 0x5B3D,
	0x5B3E, 0x5B3F, 0x5B40, 0x5B41, 0x5B42, 0x5B43, 0x5B44, 0x5B45, 0x5B46, 0x5B47, 0x5B48, 0x5B49,
	0x5B4A, 0x5B4B, 0x5B4C, 0x5B4D, 0x5B4E, 0x5B4F, 0x5B50, 0x5B51, 0x5B52, 0x5B53, 0x5B54, 0x5B55,
	0x5B56, 0x5B57, 0x5B58, 0x5B59, 0x5B5A, 0x5B5B, 0x5B5C, 0x5B5D, 0x5B5E, 0x5B5F, 0x5B60, 0x5B61,
	0x5B62, 0x5B63, 0x5B64, 0x5B65, 0x5B66, 0x5B67, 0x5B68, 0x5B69, 0x5B6A, 0x5B6B, 0x5B6C, 0x5B6D,
	0x5B6E, 0x5B6F, 0x5B70, 0x5B71, 0x5B72, 0x5B73, 0x5B74, 0x5B75, 0x5B76, 0x5B77, 0x5B78, 0x5B79,
	0x5B7A, 0x5B7B, 0x5B7C, 0x5B7D, 0x5B7E, 0x5B7F, 0x5B80, 0x5B81, 0x5B82, 0x5B83, 0x5B84, 0x5B85,
	0x5B86, 0x5B87, 0x5B88, 0x5B89, 0x5B8A, 0x5B8B, 0x5B8C, 0x5B8D, 0x5B8E, 0x5B8F, 0x5B90, 0x5B91,
	0x5B92, 0x5B93, 0x5B94, 0x5B95, 0x5B96, 0x5B97, 0x5B98, 0x5B99, 0x5B9A, 0x5B9B, 0x5B9C, 0x5B9D,
	0x5B9E, 0x5B9F, 0x5BA0, 0x5BA1, 0x5BA2, 0x5BA3, 0x5BA4, 0x5BA5, 0x5BA6, 0x5BA7, 0x5BA8, 0x5BA9,
	0x5BAA, 0x5BAB, 0x5BAC, 0x5BAD, 0x5BAE, 0x5BAF, 0x5BB0, 0x5BB1, 0x5BB2, 0x5BB3, 0x5BB4, 0x5BB5,
	0x5BB6, 0x5BB7, 0x5BB8, 0x5BB9, 0x5BBA, 0x5BBB, 0x5BBC, 0x5BBD, 0x5BBE, 0x5BBF, 0x5BC0, 0x5BC1,
	0x5BC2, 0x5BC3, 0x5BC4, 0x5BC5, 0x5BC6, 0x5BC7, 0x5BC8, 0x5BC9, 0x5BCA, 0x5BCB, 0x5BCC, 0x5BCD,
	0x5BCE, 0x5BCF, 0x5BD0, 0x5BD1, 0x5BD2, 0x5BD3, 0x5BD4, 0x5BD5, 0x5BD6, 0x5BD7, 0x5BD8, 0x5BD9,
	0x5BDA, 0x5BDB, 0x5BDC, 0x5BDD, 0x5BDE, 0x5BDF, 0x5BE0, 0x5BE1, 0x5BE2, 0x5BE3, 0x5BE4, 0x5BE5,
	0x5BE6, 0x5BE7, 0x5BE8, 0x5BE9, 0x5BEA, 0x5BEB, 0x5BEC, 0x5BED, 0x5BEE, 0x5BEF, 0x5BF0, 0x5BF1,
	0x5BF2, 0x5BF3, 0x5BF4, 0x5BF5, 0x5BF6, 0x5BF7, 0x5BF8, 0x5BF9, 0x5BFA, 0x5BFB, 0x5BFC, 0x5BFD,
	0x5BFE, 0x5BFF, 0x5C00, 0x5C01, 0x5C02, 0x5C03, 0x5C04, 0x5C05, 0x5C06, 0x5C07, 0x5C08, 0x5C09,
	0x5C0A, 0x5C0B, 0x5C0C, 0x5C0D, 0x5C0E, 0x5C0F, 0x5C10, 0x5C11, 0x5C12, 0x5C13, 0x5C14, 0x5C15,
	0x5C16, 0x5C17, 0x5C18, 0x5C19, 0x5C1A, 0x5C1B, 0x5C1C, 0x5C1D, 0x5C1E, 0x5C1F, 0x5C20, 0x5C21,
	0x5C22, 0x5C23, 0x5C24, 0x5C25, 0x5C26, 0x5C27, 0x5C28, 0x5C29, 0x5C2A, 0x5C2B, 0x5C2C, 0x5C2D,
	0x5C2E, 0x5C2F, 0x5C30, 0x5C31, 0x5C32, 0x5C33, 0x5C34, 0x5C35, 0x5C36, 0x5C37, 0x5C38, 0x5C39,
	0x5C3A, 0x5C3B, 0x5C3C, 0x5C3D, 0x5C3E, 0x5C3F, 0x5C40, 0x5C41, 0x5C42, 0x5C43, 0x5C44, 0x5C45,
	0x5C46, 0x5C47, 0x5C48, 0x5C49, 0x5C4A, 0x5C4B, 0x5C4C, 0x5C4D, 0x5C4E, 0x5C4F, 0x5C50, 0x5C51,
	0x5C52, 0x5C53, 0x5C54, 0x5C55, 0x5C56, 0x5C57, 0x5C58, 0x5C59, 0x5C5A, 0x5C5B, 0x5C5C, 0x5C5D,
	0x5C5E, 0x5C5F, 0x5C60, 0x5C61, 0x5C62, 0x5C63, 0x5C64, 0x5C65, 0x5C66, 0x5C67, 0x5C68, 0x5C69,
	0x5C6A, 0x5C6B, 0x5C6C, 0x5C6D, 0x5C6E, 0x5C6F, 0x5C70, 0x5C71, 0x5C72, 0x5C73, 0x5C74, 0x5C75,
	0x5C76, 0x5C77, 0x5C78, 0x5C79, 0x5C7A, 0x5C7B, 0x5C7C, 0x5C7D, 0x5C7E, 0x5C7F, 0x5C80, 0x5C81,
	0x5C82, 0x5C83, 0x5C84, 0x5C85, 0x5C86, 0x5C87, 0x5C88, 0x5C89, 0x5C8A, 0x5C8B, 0x5C8C, 0x5C8D,
	0x5C8E, 0x5C8F, 0x5C90, 0x5C91, 0x5C92, 0x5C93, 0x5C94, 0x5C95, 0x5C96, 0x5C97, 0x5C98, 0x5C99,
	0x5C9A, 0x5C9B, 0x5C9C, 0x5C9D, 0x5C9E, 0x5C9F, 0x5CA0, 0x5CA1, 0x5CA2, 0x5CA3, 0x5CA4, 0x5CA5,
	0x5CA6, 0x5CA7, 0x5CA8, 0x5CA9, 0x5CAA, 0x5CAB, 0x5CAC, 0x5CAD, 0x5CAE, 0x5CAF, 0x5CB0, 0x5CB1,
	0x5CB2, 0x5CB3, 0x5CB4, 0x5CB5, 0x5CB6, 0x5CB7, 0x5CB8, 0x5CB9, 0x5CBA, 0x5CBB, 0x5CBC, 0x5CBD,
	0x5CBE, 0x5CBF, 0x5CC0, 0x5CC1, 0x5CC2, 0x5CC3, 0x5CC4, 0x5CC5, 0x5CC6, 0x5CC7, 0x5CC8, 0x5CC9,
	0x5CCA, 0x5CCB, 0x5CCC, 0x5CCD, 0x5CCE, 0x5CCF, 0x5CD0, 0x5CD1, 0x5CD2, 0x5CD3, 0x5CD4, 0x5CD5,
	0x5CD6, 0x5CD7, 0x5CD8, 0x5CD9, 0x5CDA, 0x5CDB, 0x5CDC, 0x5CDD, 0x5CDE, 0x5CDF, 0x5CE0, 0x5CE1,
	0x5CE2, 0x5CE3, 0x5CE4, 0x5CE5, 0x5CE6, 0x5CE7, 0x5CE8, 0x5CE9, 0x5CEA, 0x5CEB, 0x5CEC, 0x5CED,
	0x5CEE, 0x5CEF, 0x5CF0, 0x5CF1, 0x5CF2, 0x5CF3, 0x5CF4, 0x5CF5, 0x5CF6, 0x5CF7, 0x5CF8, 0x5CF9,
	0x5CFA, 0x5CFB, 0x5CFC, 0x5CFD, 0x5CFE, 0x5CFF, 0x5D00, 0x5D01, 0x5D02, 0x5D03, 0x5D04, 0x5D05,
	0x5D06, 0x5D07, 0x5D08, 0x5D09, 0x5D0A, 0x5D0B, 0x5D0C, 0x5D0D, 0x5D0E, 0x5D0F, 0x5D10, 0x5D11,
	0x5D12, 0x5D13, 0x5D14, 0x5D15, 0x5D16, 0x5D17, 0x5D18, 0x5D19, 0x5D1A, 0x5D1B, 0x5D1C, 0x5D1D,
	0x5D1E, 0x5D1F, 0x5D20, 0x5D21, 0x5D22, 0x5D23, 0x5D24, 0x5D25, 0x5D26, 0x5D27, 0x5D28, 0x5D29,
	0x5D2A, 0x5D2B, 0x5D2C, 0x5D2D, 0x5D2E, 0x5D2F, 0x5D30, 0x5D31, 0x5D32, 0x5D33, 0x5D34, 0x5D35,
	0x5D36, 0x5D37, 0x5D38, 0x5D39, 0x5D3A, 0x5D3B, 0x5D3C, 0x5D3D, 0x5D3E, 0x5D3F, 0x5D40, 0x5D41,
	0x5D42, 0x5D43, 0x5D44, 0x5D45, 0x5D46, 0x5D47, 0x5D48, 0x5D49, 0x5D4A, 0x5D4B, 0x5D4C, 0x5D4D,
	0x5D4E, 0x5D4F, 0x5D50, 0x5D51, 0x5D52, 0x5D53, 0x5D54, 0x5D55, 0x5D56, 0x5D57, 0x5D58, 0x5D59,
	0x5D5A, 0x5D5B, 0x5D5C, 0x5D5D, 0x5D5E, 0x5D5F, 0x5D60, 0x5D61, 0x5D62, 0x5D63, 0x5D64, 0x5D65,
	0x5D66, 0x5D67, 0x5D68, 0x5D69, 0x5D6A, 0x5D6B, 0x5D6C, 0x5D6D, 0x5D6E, 0x5D6F, 0x5D70, 0x5D71,
	0x5D72, 0x5D73, 0x5D74, 0x5D75, 0x5D76, 0x5D77, 0x5D78, 0x5D79, 0x5D7A, 0x5D7B, 0x5D7C, 0x5D7D,
	0x5D7E, 0x5D7F, 0x5D80, 0x5D81, 0x5D82, 0x5D83, 0x5D84, 0x5D85, 0x5D86, 0x5D87, 0x5D88, 0x5D89,
	0x5D8A, 0x5D8B, 0x5D8C, 0x5D8D, 0x5D8E, 0x5D8F, 0x5D90, 0x5D91, 0x5D92, 0x5D93, 0x5D94, 0x5D95,
	0x5D96, 0x5D97, 0x5D98, 0x5D99, 0x5D9A, 0x5D9B, 0x5D9C, 0x5D9D, 0x5D9E, 0x5D9F, 0x5DA0, 0x5DA1,
	0x5DA2, 0x5DA3, 0x5DA4, 0x5DA5, 0x5DA6, 0x5DA7, 0x5DA8, 0x5DA9, 0x5DAA, 0x5DAB, 0x5DAC, 0x5DAD,
	0x5DAE, 0x5DAF, 0x5DB0, 0x5DB1, 0x5DB2, 0x5DB3, 0x5DB4, 0x5DB5, 0x5DB6, 0x5DB7, 0x5DB8, 0x5DB9,
	0x5DBA, 0x5DBB, 0x5DBC, 0x5DBD, 0x5DBE, 0x5DBF, 0x5DC0, 0x5DC1, 0x5DC2, 0x5DC3, 0x5DC4, 0x5DC5,
	0x5DC6, 0x5DC7, 0x5DC8, 0x5DC9, 0x5DCA, 0x5DCB, 0x5DCC, 0x5DCD, 0x5DCE, 0x5DCF, 0x5DD0, 0x5DD1,
	0x5DD2, 0x5DD3, 0x5DD4, 0x5DD5, 0x5DD6, 0x5DD7, 0x5DD8, 0x5DD9, 0x5DDA, 0x5DDB, 0x5DDC, 0x5DDD,
	0x5DDE, 0x5DDF, 0x5DE0, 0x5DE1, 0x5DE2, 0x5DE3, 0x5DE4, 0x5DE5, 0x5DE6, 0x5DE7, 0x5DE8, 0x5DE9,
	0x5DEA, 0x5DEB, 0x5DEC, 0x5DED, 0x5DEE, 0x5DEF, 0x5DF0, 0x5DF1, 0x5DF2, 0x5DF3, 0x5DF4, 0x5DF5,
	0x5DF6, 0x5DF7, 0x5DF8, 0x5DF9, 0x5DFA, 0x5DFB, 0x5DFC, 0x5DFD, 0x5DFE, 0x5DFF, 0x5E00, 0x5E01,
	0x5E02, 0x5E03, 0x5E04, 0x5E05, 0x5E06, 0x5E07, 0x5E08, 0x5E09, 0x5E0A, 0x5E0B, 0x5E0C, 0x5E0D,
	0x5E0E, 0x5E0F, 0x5E10, 0x5E11, 0x5E12, 0x5E13, 0x5E14, 0x5E15, 0x5E16, 0x5E17, 0x5E18, 0x5E19,
	0x5E1A, 0x5E1B, 0x5E1C, 0x5E1D, 0x5E1E, 0x5E1F, 0x5E20, 0x5E21, 0x5E22, 0x5E23, 0x5E24, 0x5E25,
	0x5E26, 0x5E27, 0x5E28, 0x5E29, 0x5E2A, 0x5E2B, 0x5E2C, 0x5E2D, 0x5E2E, 0x5E2F, 0x5E30, 0x5E31,
	0x5E32, 0x5E33, 0x5E34, 0x5E35, 0x5E36, 0x5E37, 0x5E38, 0x5E39, 0x5E3A, 0x5E3B, 0x5E3C, 0x5E3D,
	0x5E3E, 0x5E3F, 0x5E40, 0x5E41, 0x5E42, 0x5E43, 0x5E44, 0x5E45, 0x5E46, 0x5E47, 0x5E48, 0x5E49,
	0x5E4A, 0x5E4B, 0x5E4C, 0x5E4D, 0x5E4E, 0x5E4F, 0x5E50, 0x5E51, 0x5E52, 0x5E53, 0x5E54, 0x5E55,
	0x5E56, 0x5E57, 0x5E58, 0x5E59, 0x5E5A, 0x5E5B, 0x5E5C, 0x5E5D, 0x5E5E, 0x5E5F, 0x5E60, 0x5E61,
	0x5E62, 0x5E63, 0x5E64, 0x5E65, 0x5E66, 0x5E67, 0x5E68, 0x5E69, 0x5E6A, 0x5E6B, 0x5E6C, 0x5E6D,
	0x5E6E, 0x5E6F, 0x5E70, 0x5E71, 0x5E72, 0x5E73, 0x5E74, 0x5E75, 0x5E76, 0x5E77, 0x5E78, 0x5E79,
	0x5E7A, 0x5E7B, 0x5E7C, 0x5E7D, 0x5E7E, 0x5E7F, 0x5E80, 0x5E81, 0x5E82, 0x5E83, 0x5E84, 0x5E85,
	0x5E86, 0x5E87, 0x5E88, 0x5E89, 0x5E8A, 0x5E8B, 0x5E8C, 0x5E8D, 0x5E8E, 0x5E8F, 0x5E90, 0x5E91,
	0x5E92, 0x5E93, 0x5E94, 0x5E95, 0x5E96, 0x5E97, 0x5E98, 0x5E99, 0x5E9A, 0x5E9B, 0x5E9C, 0x5E9D,
	0x5E9E, 0x5E9F, 0x5EA0, 0x5EA1, 0x5EA2, 0x5EA3, 0x5EA4, 0x5EA5, 0x5EA6, 0x5EA7, 0x5EA8, 0x5EA9,
	0x5EAA, 0x5EAB, 0x5EAC, 0x5EAD, 0x5EAE, 0x5EAF, 0x5EB0, 0x5EB1, 0x5EB2, 0x5EB3, 0x5EB4, 0x5EB5,
	0x5EB6, 0x5EB7, 0x5EB8, 0x5EB9, 0x5EBA, 0x5EBB, 0x5EBC, 0x5EBD, 0x5EBE, 0x5EBF, 0x5EC0, 0x5EC1,
	0x5EC2, 0x5EC3, 0x5EC4, 0x5EC5, 0x5EC6, 0x5EC7, 0x5EC8, 0x5EC9, 0x5ECA, 0x5ECB, 0x5ECC, 0x5ECD,
	0x5ECE, 0x5ECF, 0x5ED0, 0x5ED1, 0x5ED2, 0x5ED3, 0x5ED4, 0x5ED5, 0x5ED6, 0x5ED7, 0x5ED8, 0x5ED9,
	0x5EDA, 0x5EDB, 0x5EDC, 0x5EDD, 0x5EDE, 0x5EDF, 0x5EE0, 0x5EE1, 0x5EE2, 0x5EE3, 0x5EE4, 0x5EE5,
	0x5EE6, 0x5EE7, 0x5EE8, 0x5EE9, 0x5EEA, 0x5EEB, 0x5EEC, 0x5EED, 0x5EEE, 0x5EEF, 0x5EF0, 0x5EF1,
	0x5EF2, 0x5EF3, 0x5EF4, 0x5EF5, 0x5EF6, 0x5EF7, 0x5EF8, 0x5EF9, 0x5EFA, 0x5EFB, 0x5EFC, 0x5EFD,
	0x5EFE, 0x5EFF, 0x5F00, 0x5F01, 0x5F02, 0x5F03, 0x5F04, 0x5F05, 0x5F06, 0x5F07, 0x5F08, 0x5F09,
	0x5F0A, 0x5F0B, 0x5F0C, 0x5F0D, 0x5F0E, 0x5F0F, 0x5F10, 0x5F11, 0x5F12, 0x5F13, 0x5F14, 0x5F15,
	0x5F16, 0x5F17, 0x5F18, 0x5F19, 0x5F1A, 0x5F1B, 0x5F1C, 0x5F1D, 0x5F1E, 0x5F1F, 0x5F20, 0x5F21,
	0x5F22, 0x5F23, 0x5F24, 0x5F25, 0x5F26, 0x5F27, 0x5F28, 0x5F29, 0x5F2A, 0x5F2B, 0x5F2C, 0x5F2D,
	0x5F2E, 0x5F2F, 0x5F30, 0x5F31, 0x5F32, 0x5F33, 0x5F34, 0x5F35, 0x5F36, 0x5F37, 0x5F38, 0x5F39,
	0x5F3A, 0x5F3B, 0x5F3C, 0x5F3D, 0x5F3E, 0x5F3F, 0x5F40, 0x5F41, 0x5F42, 0x5F43, 0x5F44, 0x5F45,
	0x5F46, 0x5F47, 0x5F48, 0x5F49, 0x5F4A, 0x5F4B, 0x5F4C, 0x5F4D, 0x5F4E, 0x5F4F, 0x5F50, 0x5F51,
	0x5F52, 0x5F53, 0x5F54, 0x5F55, 0x5F56, 0x5F57, 0x5F58, 0x5F59, 0x5F5A, 0x5F5B, 0x5F5C, 0x5F5D,
	0x5F5E, 0x5F5F, 0x5F60, 0x5F61, 0x5F62, 0x5F63, 0x5F64, 0x5F65, 0x5F66, 0x5F67, 0x5F68, 0x5F69,
	0x5F6A, 0x5F6B, 0x5F6C, 0x5F6D, 0x5F6E, 0x5F6F, 0x5F70, 0x5F71, 0x5F72, 0x5F73, 0x5F74, 0x5F75,
	0x5F76, 0x5F77, 0x5F78, 0x5F79, 0x5F7A, 0x5F7B, 0x5F7C, 0x5F7D, 0x5F7E, 0x5F7F, 0x5F80, 0x5F81,
	0x5F82, 0x5F83, 0x5F84, 0x5F85, 0x5F86, 0x5F87, 0x5F88, 0x5F89, 0x5F8A, 0x5F8B, 0x5F8C, 0x5F8D,
	0x5F8E, 0x5F8F, 0x5F90, 0x5F91, 0x5F92, 0x5F93, 0x5F94, 0x5F95, 0x5F96, 0x5F97, 0x5F98, 0x5F99,
	0x5F9A, 0x5F9B, 0x5F9C, 0x5F9D, 0x5F9E, 0x5F9F, 0x5FA0, 0x5FA1, 0x5FA2, 0x5FA3, 0x5FA4, 0x5FA5,
	0x5FA6, 0x5FA7, 0x5FA8, 0x5FA9, 0x5FAA, 0x5FAB, 0x5FAC, 0x5FAD, 0x5FAE, 0x5FAF, 0x5FB0, 0x5FB1,
	0x5FB2, 0x5FB3, 0x5FB4, 0x5FB5, 0x5FB6, 0x5FB7, 0x5FB8, 0x5FB9, 0x5FBA, 0x5FBB, 0x5FBC, 0x5FBD,
	0x5FBE, 0x5FBF, 0x5FC0, 0x5FC1, 0x5FC2, 0x5FC3, 0x5FC4, 0x5FC5, 0x5FC6, 0x5FC7, 0x5FC8, 0x5FC9,
	0x5FCA, 0x5FCB, 0x5FCC, 0x5FCD, 0x5FCE, 0x5FCF, 0x5FD0, 0x5FD1, 0x5FD2, 0x5FD3, 0x5FD4, 0x5FD5,
	0x5FD6, 0x5FD7, 0x5FD8, 0x5FD9, 0x5FDA, 0x5FDB, 0x5FDC, 0x5FDD, 0x5FDE, 0x5FDF, 0x5FE0, 0x5FE1,
	0x5FE2, 0x5FE3, 0x5FE4, 0x5FE5, 0x5FE6, 0x5FE7, 0x5FE8, 0x5FE9, 0x5FEA, 0x5FEB, 0x5FEC, 0x5FED,
	0x5FEE, 0x5FEF, 0x5FF0, 0x5FF1, 0x5FF2, 0x5FF3, 0x5FF4, 0x5FF5, 0x5FF6, 0x5FF7, 0x5FF8, 0x5FF9,
	0x5FFA, 0x5FFB, 0x5FFC, 0x5FFD, 0x5FFE, 0x5FFF, 0x6000, 0x6001, 0x6002, 0x6003, 0x6004, 0x6005,
	0x6006, 0x6007, 0x6008, 0x6009, 0x600A, 0x600B, 0x600C, 0x600D, 0x600E, 0x600F, 0x6010, 0x6011,
	0x6012, 0x6013, 0x6014, 0x6015, 0x6016, 0x6017, 0x6018, 0x6019, 0x601A, 0x601B, 0x601C, 0x601D,
	0x601E, 0x601F, 0x6020, 0x6021, 0x6022, 0x6023, 0x6024, 0x6025, 0x6026, 0x6027, 0x6028, 0x6029,
	0x602A, 0x602B, 0x602C, 0x602D, 0x602E, 0x602F, 0x6030, 0x6031, 0x6032, 0x6033, 0x6034, 0x6035,
	0x6036, 0x6037, 0x6038, 0x6039, 0x603A, 0x603B, 0x603C, 0x603D, 0x603E, 0x603F, 0x6040, 0x6041,
	0x6042, 0x6043, 0x6044, 0x6045, 0x6046, 0x6047, 0x6048, 0x6049, 0x604A, 0x604B, 0x604C, 0x604D,
	0x604E, 0x604F, 0x6050, 0x6051, 0x6052, 0x6053, 0x6054, 0x6055, 0x6056, 0x6057, 0x6058, 0x6059,
	0x605A, 0x605B, 0x605C, 0x605D, 0x605E, 0x605F, 0x6060, 0x6061, 0x6062, 0x6063, 0x6064, 0x6065,
	0x6066, 0x6067, 0x6068, 0x6069, 0x606A, 0x606B, 0x606C, 0x606D, 0x606E, 0x606F, 0x6070, 0x6071,
	0x6072, 0x6073, 0x6074, 0x6075, 0x6076, 0x6077, 0x6078, 0x6079, 0x607A, 0x607B, 0x607C, 0x607D,
	0x607E, 0x607F, 0x6080, 0x6081, 0x6082, 0x6083, 0x6084, 0x6085, 0x6086, 0x6087, 0x6088, 0x6089,
	0x608A, 0x608B, 0x608C, 0x608D, 0x608E, 0x608F, 0x6090, 0x6091, 0x6092, 0x6093, 0x6094, 0x6095,
	0x6096, 0x6097, 0x6098, 0x6099, 0x609A, 0x609B, 0x609C, 0x609D, 0x609E, 0x609F, 0x60A0, 0x60A1,
	0x60A2, 0x60A3, 0x60A4, 0x60A5, 0x60A6, 0x60A7, 0x60A8, 0x60A9, 0x60AA, 0x60AB, 0x60AC, 0x60AD,
	0x60AE, 0x60AF, 0x60B0, 0x60B1, 0x60B2, 0x60B3, 0x60B4, 0x60B5, 0x60B6, 0x60B7, 0x60B8, 0x60B9,
	0x60BA, 0x60BB, 0x60BC, 0x60BD, 0x60BE, 0x60BF, 0x60C0, 0x60C1, 0x60C2, 0x60C3, 0x60C4, 0x60C5,
	0x60C6, 0x60C7, 0x60C8, 0x60C9, 0x60CA, 0x60CB, 0x60CC, 0x60CD, 0x60CE, 0x60CF, 0x60D0, 0x60D1,
	0x60D2, 0x60D3, 0x60D4, 0x60D5, 0x60D6, 0x60D7, 0x60D8, 0x60D9, 0x60DA, 0x60DB, 0x60DC, 0x60DD,
	0x60DE, 0x60DF, 0x60E0, 0x60E1, 0x60E2, 0x60E3, 0x60E4, 0x60E5, 0x60E6, 0x60E7, 0x60E8, 0x60E9,
	0x60EA, 0x60EB, 0x60EC, 0x60ED, 0x60EE, 0x60EF, 0x60F0, 0x60F1, 0x60F2, 0x60F3, 0x60F4, 0x60F5,
	0x60F6, 0x60F7, 0x60F8, 0x60F9, 0x60FA, 0x60FB, 0x60FC, 0x60FD, 0x60FE, 0x60FF, 0x6100, 0x6101,
	0x6102, 0x6103, 0x6104, 0x6105, 0x6106, 0x6107, 0x6108, 0x6109, 0x610A, 0x610B, 0x610C, 0x610D,
	0x610E, 0x610F, 0x6110, 0x6111, 0x6112, 0x6113, 0x6114, 0x6115, 0x6116, 0x6117, 0x6118, 0x6119,
	0x611A, 0x611B, 0x611C, 0x611D, 0x611E, 0x611F, 0x6120, 0x6121, 0x6122, 0x6123, 0x6124, 0x6125,
	0x6126, 0x6127, 0x6128, 0x6129, 0x612A, 0x612B, 0x612C, 0x612D, 0x612E, 0x612F, 0x6130, 0x6131,
	0x6132, 0x6133, 0x6134, 0x6135, 0x6136, 0x6137, 0x6138, 0x6139, 0x613A, 0x613B, 0x613C, 0x613D,
	0x613E, 0x613F, 0x6140, 0x6141, 0x6142, 0x6143, 0x6144, 0x6145, 0x6146, 0x6147, 0x6148, 0x6149,
	0x614A, 0x614B, 0x614C, 0x614D, 0x614E, 0x614F, 0x6150, 0x6151, 0x6152, 0x6153, 0x6154, 0x6155,
	0x6156, 0x6157, 0x6158, 0x6159, 0x615A, 0x615B, 0x615C, 0x615D, 0x615E, 0x615F, 0x6160, 0x6161,
	0x6162, 0x6163, 0x6164, 0x6165, 0x6166, 0x6167, 0x6168, 0x6169, 0x616A, 0x616B, 0x616C, 0x616D,
	0x616E, 0x616F, 0x6170, 0x6171, 0x6172, 0x6173, 0x6174, 0x6175, 0x6176, 0x6177, 0x6178, 0x6179,
	0x617A, 0x617B, 0x617C, 0x617D, 0x617E, 0x617F, 0x6180, 0x6181, 0x6182, 0x6183, 0x6184, 0x6185,
	0x6186, 0x6187, 0x6188, 0x6189, 0x618A, 0x618B, 0x618C, 0x618D, 0x618E, 0x618F, 0x6190, 0x6191,
	0x6192, 0x6193, 0x6194, 0x6195, 0x6196, 0x6197, 0x6198, 0x6199, 0x619A, 0x619B, 0x619C, 0x619D,
	0x619E, 0x619F, 0x61A0, 0x61A1, 0x61A2, 0x61A3, 0x61A4, 0x61A5, 0x61A6, 0x61A7, 0x61A8, 0x61A9,
	0x61AA, 0x61AB, 0x61AC, 0x61AD, 0x61AE, 0x61AF, 0x61B0, 0x61B1, 0x61B2, 0x61B3, 0x61B4, 0x61B5,
	0x61B6, 0x61B7, 0x61B8, 0x61B9, 0x61BA, 0x61BB, 0x61BC, 0x61BD, 0x61BE, 0x61BF, 0x61C0, 0x61C1,
	0x61C2, 0x61C3, 0x61C4, 0x61C5, 0x61C6, 0x61C7, 0x61C8, 0x61C9, 0x61CA, 0x61CB, 0x61CC, 0x61CD,
	0x61CE, 0x61CF, 0x61D0, 0x61D1, 0x61D2, 0x61D3, 0x61D4, 0x61D5, 0x61D6, 0x61D7, 0x61D8, 0x61D9,
	0x61DA, 0x61DB, 0x61DC, 0x61DD, 0x61DE, 0x61DF, 0x61E0, 0x61E1, 0x61E2, 0x61E3, 0x61E4, 0x61E5,
	0x61E6, 0x61E7, 0x61E8, 0x61E9, 0x61EA, 0x61EB, 0x61EC, 0x61ED, 0x61EE, 0x61EF, 0x61F0, 0x61F1,
	0x61F2, 0x61F3, 0x61F4, 0x61F5, 0x61F6, 0x61F7, 0x61F8, 0x61F9, 0x61FA, 0x61FB, 0x61FC, 0x61FD,
	0x61FE, 0x61FF, 0x6200, 0x6201, 0x6202, 0x6203, 0x6204, 0x6205, 0x6206, 0x6207, 0x6208, 0x6209,
	0x620A, 0x620B, 0x620C, 0x620D, 0x620E, 0x620F, 0x6210, 0x6211, 0x6212, 0x6213, 0x6214, 0x6215,
	0x6216, 0x6217, 0x6218, 0x6219, 0x621A, 0x621B, 0x621C, 0x621D, 0x621E, 0x621F, 0x6220, 0x6221,
	0x6222, 0x6223, 0x6224, 0x6225, 0x6226, 0x6227, 0x6228, 0x6229, 0x622A, 0x622B, 0x622C, 0x622D,
	0x622E, 0x622F, 0x6230, 0x6231, 0x6232, 0x6233, 0x6234, 0x6235, 0x6236, 0x6237, 0x6238, 0x6239,
	0x623A, 0x623B, 0x623C, 0x623D, 0x623E, 0x623F, 0x6240, 0x6241, 0x6242, 0x6243, 0x6244, 0x6245,
	0x6246, 0x6247, 0x6248, 0x6249, 0x624A, 0x624B, 0x624C, 0x624D, 0x624E, 0x624F, 0x6250, 0x6251,
	0x6252, 0x6253, 0x6254, 0x6255, 0x6256, 0x6257, 0x6258, 0x6259, 0x625A, 0x625B, 0x625C, 0x625D,
	0x625E, 0x625F, 0x6260, 0x6261, 0x6262, 0x6263, 0x6264, 0x6265, 0x6266, 0x6267, 0x6268, 0x6269,
	0x626A, 0x626B, 0x626C, 0x626D, 0x626E, 0x626F, 0x6270, 0x6271, 0x6272, 0x6273, 0x6274, 0x6275,
	0x6276, 0x6277, 0x6278, 0x6279, 0x627A, 0x627B, 0x627C, 0x627D, 0x627E, 0x627F, 0x6280, 0x6281,
	0x6282, 0x6283, 0x6284, 0x6285, 0x6286, 0x6287, 0x6288, 0x6289, 0x628A, 0x628B, 0x628C, 0x628D,
	0x628E, 0x628F, 0x6290, 0x6291, 0x6292, 0x6293, 0x6294, 0x6295, 0x6296, 0x6297, 0x6298, 0x6299,
	0x629A, 0x629B, 0x629C, 0x629D, 0x629E, 0x629F, 0x62A0, 0x62A1, 0x62A2, 0x62A3, 0x62A4, 0x62A5,
	0x62A6, 0x62A7, 0x62A8, 0x62A9, 0x62AA, 0x62AB, 0x62AC, 0x62AD, 0x62AE, 0x62AF, 0x62B0, 0x62B1,
	0x62B2, 0x62B3, 0x62B4, 0x62B5, 0x62B6, 0x62B7, 0x62B8, 0x62B9, 0x62BA, 0x62BB, 0x62BC, 0x62BD,
	0x62BE, 0x62BF, 0x62C0, 0x62C1, 0x62C2, 0x62C3, 0x62C4, 0x62C5, 0x62C6, 0x62C7, 0x62C8, 0x62C9,
	0x62CA, 0x62CB, 0x62CC, 0x62CD, 0x62CE, 0x62CF, 0x62D0, 0x62D1, 0x62D2, 0x62D3, 0x62D4, 0x62D5,
	0x62D6, 0x62D7, 0x62D8, 0x62D9, 0x62DA, 0x62DB, 0x62DC, 0x62DD, 0x62DE, 0x62DF, 0x62E0, 0x62E1,
	0x62E2, 0x62E3, 0x62E4, 0x62E5, 0x62E6, 0x62E7, 0x62E8, 0x62E9, 0x62EA, 0x62EB, 0x62EC, 0x62ED,
	0x62EE, 0x62EF, 0x62F0, 0x62F1, 0x62F2, 0x62F3, 0x62F4, 0x62F5, 0x62F6, 0x62F7, 0x62F8, 0x62F9,
	0x62FA, 0x62FB, 0x62FC, 0x62FD, 0x62FE, 0x62FF, 0x6300, 0x6301, 0x6302, 0x6303, 0x6304, 0x6305,
	0x6306, 0x6307, 0x6308, 0x6309, 0x630A, 0x630B, 0x630C, 0x630D, 0x630E, 0x630F, 0x6310, 0x6311,
	0x6312, 0x6313, 0x6314, 0x6315, 0x6316, 0x6317, 0x6318, 0x6319, 0x631A, 0x631B, 0x631C, 0x631D,
	0x631E, 0x631F, 0x6320, 0x6321, 0x6322, 0x6323, 0x6324, 0x6325, 0x6326, 0x6327, 0x6328, 0x6329,
	0x632A, 0x632B, 0x632C, 0x632D, 0x632E, 0x632F, 0x6330, 0x6331, 0x6332, 0x6333, 0x6334, 0x6335,
	0x6336, 0x6337, 0x6338, 0x6339, 0x633A, 0x633B, 0x633C, 0x633D, 0x633E, 0x633F, 0x6340, 0x6341,
	0x6342, 0x6343, 0x6344, 0x6345, 0x6346, 0x6347, 0x6348, 0x6349, 0x634A, 0x634B, 0x634C, 0x634D,
	0x634E, 0x634F, 0x6350, 0x6351, 0x6352, 0x6353, 0x6354, 0x6355, 0x6356, 0x6357, 0x6358, 0x6359,
	0x635A, 0x635B, 0x635C, 0x635D, 0x635E, 0x635F, 0x6360, 0x6361, 0x6362, 0x6363, 0x6364, 0x6365,
	0x6366, 0x6367, 0x6368, 0x6369, 0x636A, 0x636B, 0x636C, 0x636D, 0x636E, 0x636F, 0x6370, 0x6371,
	0x6372, 0x6373, 0x6374, 0x6375, 0x6376, 0x6377, 0x6378, 0x6379, 0x637A, 0x637B, 0x637C, 0x637D,
	0x637E, 0x637F, 0x6380, 0x6381, 0x6382, 0x6383, 0x6384, 0x6385, 0x6386, 0x6387, 0x6388, 0x6389,
	0x638A, 0x638B, 0x638C, 0x638D, 0x638E, 0x638F, 0x6390, 0x6391, 0x6392, 0x6393, 0x6394, 0x6395,
	0x6396, 0x6397, 0x6398, 0x6399, 0x639A, 0x639B, 0x639C, 0x639D, 0x639E, 0x639F, 0x63A0, 0x63A1,
	0x63A2, 0x63A3, 0x63A4, 0x63A5, 0x63A6, 0x63A7, 0x63A8, 0x63A9, 0x63AA, 0x63AB, 0x63AC, 0x63AD,
	0x63AE, 0x63AF, 0x63B0, 0x63B1, 0x63B2, 0x63B3, 0x63B4, 0x63B5, 0x63B6, 0x63B7, 0x63B8, 0x63B9,
	0x63BA, 0x63BB, 0x63BC, 0x63BD, 0x63BE, 0x63BF, 0x63C0, 0x63C1, 0x63C2, 0x63C3, 0x63C4, 0x63C5,
	0x63C6, 0x63C7, 0x63C8, 0x63C9, 0x63CA, 0x63CB, 0x63CC, 0x63CD, 0x63CE, 0x63CF, 0x63D0, 0x63D1,
	0x63D2, 0x63D3, 0x63D4, 0x63D5, 0x63D6, 0x63D7, 0x63D8, 0x63D9, 0x63DA, 0x63DB, 0x63DC, 0x63DD,
	0x63DE, 0x63DF, 0x63E0, 0x63E1, 0x63E2, 0x63E3, 0x63E4, 0x63E5, 0x63E6, 0x63E7, 0x63E8, 0x63E9,
	0x63EA, 0x63EB, 0x63EC, 0x63ED, 0x63EE, 0x63EF, 0x63F0, 0x63F1, 0x63F2, 0x63F3, 0x63F4, 0x63F5,
	0x63F6, 0x63F7, 0x63F8, 0x63F9, 0x63FA, 0x63FB, 0x63FC, 0x63FD, 0x63FE, 0x63FF, 0x6400, 0x6401,
	0x6402, 0x6403, 0x6404, 0x6405, 0x6406, 0x6407, 0x6408, 0x6409, 0x640A, 0x640B, 0x640C, 0x640D,
	0x640E, 0x640F, 0x6410, 0x6411, 0x6412, 0x6413, 0x6414, 0x6415, 0x6416, 0x6417, 0x6418, 0x6419,
	0x641A, 0x641B, 0x641C, 0x641D, 0x641E, 0x641F, 0x6420, 0x6421, 0x6422, 0x6423, 0x6424, 0x6425,
	0x6426, 0x6427, 0x6428, 0x6429, 0x642A, 0x642B, 0x642C, 0x642D, 0x642E, 0x642F, 0x6430, 0x6431,
	0x6432, 0x6433, 0x6434, 0x6435, 0x6436, 0x6437, 0x6438, 0x6439, 0x643A, 0x643B, 0x643C, 0x643D,
	0x643E, 0x643F, 0x6440, 0x6441, 0x6442, 0x6443, 0x6444, 0x6445, 0x6446, 0x6447, 0x6448, 0x6449,
	0x644A, 0x644B, 0x644C, 0x644D, 0x644E, 0x644F, 0x6450, 0x6451, 0x6452, 0x6453, 0x6454, 0x6455,
	0x6456, 0x6457, 0x6458, 0x6459, 0x645A, 0x645B, 0x645C, 0x645D, 0x645E, 0x645F, 0x6460, 0x6461,
	0x6462, 0x6463, 0x6464, 0x6465, 0x6466, 0x6467, 0x6468, 0x6469, 0x646A, 0x646B, 0x646C, 0x646D,
	0x646E, 0x646F, 0x6470, 0x6471, 0x6472, 0x6473, 0x6474, 0x6475, 0x6476, 0x6477, 0x6478, 0x6479,
	0x647A, 0x647B, 0x647C, 0x647D, 0x647E, 0x647F, 0x6480, 0x6481, 0x6482, 0x6483, 0x6484, 0x6485,
	0x6486, 0x6487, 0x6488, 0x6489, 0x648A, 0x648B, 0x648C, 0x648D, 0x648E, 0x648F, 0x6490, 0x6491,
	0x6492, 0x6493, 0x6494, 0x6495, 0x6496, 0x6497, 0x6498, 0x6499, 0x649A, 0x649B, 0x649C, 0x649D,
	0x649E, 0x649F, 0x64A0, 0x64A1, 0x64A2, 0x64A3, 0x64A4, 0x64A5, 0x64A6, 0x64A7, 0x64A8, 0x64A9,
	0x64AA, 0x64AB, 0x64AC, 0x64AD, 0x64AE, 0x64AF, 0x64B0, 0x64B1, 0x64B2, 0x64B3, 0x64B4, 0x64B5,
	0x64B6, 0x64B7, 0x64B8, 0x64B9, 0x64BA, 0x64BB, 0x64BC, 0x64BD, 0x64BE, 0x64BF, 0x64C0, 0x64C1,
	0x64C2, 0x64C3, 0x64C4, 0x64C5, 0x64C6, 0x64C7, 0x64C8, 0x64C9, 0x64CA, 0x64CB, 0x64CC, 0x64CD,
	0x64CE, 0x64CF, 0x64D0, 0x64D1, 0x64D2, 0x64D3, 0x64D4, 0x64D5, 0x64D6, 0x64D7, 0x64D8, 0x64D9,
	0x64DA, 0x64DB, 0x64DC, 0x64DD, 0x64DE, 0x64DF, 0x64E0, 0x64E1, 0x64E2, 0x64E3, 0x64E4, 0x64E5,
	0x64E6, 0x64E7, 0x64E8, 0x64E9, 0x64EA, 0x64EB, 0x64EC, 0x64ED, 0x64EE, 0x64EF, 0x64F0, 0x64F1,
	0x64F2, 0x64F3, 0x64F4, 0x64F5, 0x64F6, 0x64F7, 0x64F8, 0x64F9, 0x64FA, 0x64FB, 0x64FC, 0x64FD,
	0x64FE, 0x64FF, 0x6500, 0x6501, 0x6502, 0x6503, 0x6504, 0x6505, 0x6506, 0x6507, 0x6508, 0x6509,
	0x650A, 0x650B, 0x650C, 0x650D, 0x650E, 0x650F, 0x6510, 0x6511, 0x6512, 0x6513, 0x6514, 0x6515,
	0x6516, 0x6517, 0x6518, 0x6519, 0x651A, 0x651B, 0x651C, 0x651D, 0x651E, 0x651F, 0x6520, 0x6521,
	0x6522, 0x6523, 0x6524, 0x6525, 0x6526, 0x6527, 0x6528, 0x6529, 0x652A, 0x652B, 0x652C, 0x652D,
	0x652E, 0x652F, 0x6530, 0x6531, 0x6532, 0x6533, 0x6534, 0x6535, 0x6536, 0x6537, 0x6538, 0x6539,
	0x653A, 0x653B, 0x653C, 0x653D, 0x653E, 0x653F, 0x6540, 0x6541, 0x6542, 0x6543, 0x6544, 0x6545,
	0x6546, 0x6547, 0x6548, 0x6549, 0x654A, 0x654B, 0x654C, 0x654D, 0x654E, 0x654F, 0x6550, 0x6551,
	0x6552, 0x6553, 0x6554, 0x6555, 0x6556, 0x6557, 0x6558, 0x6559, 0x655A, 0x655B, 0x655C, 0x655D,
	0x655E, 0x655F, 0x6560, 0x6561, 0x6562, 0x6563, 0x6564, 0x6565, 0x6566, 0x6567, 0x6568, 0x6569,
	0x656A, 0x656B, 0x656C, 0x656D, 0x656E, 0x656F, 0x6570, 0x6571, 0x6572, 0x6573, 0x6574, 0x6575,
	0x6576, 0x6577, 0x6578, 0x6579, 0x657A, 0x657B, 0x657C, 0x657D, 0x657E, 0x657F, 0x6580, 0x6581,
	0x6582, 0x6583, 0x6584, 0x6585, 0x6586, 0x6587, 0x6588, 0x6589, 0x658A, 0x658B, 0x658C, 0x658D,
	0x658E, 0x658F, 0x6590, 0x6591, 0x6592, 0x6593, 0x6594, 0x6595, 0x6596, 0x6597, 0x6598, 0x6599,
	0x659A, 0x659B, 0x659C, 0x659D, 0x659E, 0x659F, 0x65A0, 0x65A1, 0x65A2, 0x65A3, 0x65A4, 0x65A5,
	0x65A6, 0x65A7, 0x65A8, 0x65A9, 0x65AA, 0x65AB, 0x65AC, 0x65AD, 0x65AE, 0x65AF, 0x65B0, 0x65B1,
	0x65B2, 0x65B3, 0x65B4, 0x65B5, 0x65B6, 0x65B7, 0x65B8, 0x65B9, 0x65BA, 0x65BB, 0x65BC, 0x65BD,
	0x65BE, 0x65BF, 0x65C0, 0x65C1, 0x65C2, 0x65C3, 0x65C4, 0x65C5, 0x65C6, 0x65C7, 0x65C8, 0x65C9,
	0x65CA, 0x65CB, 0x65CC, 0x65CD, 0x65CE, 0x65CF, 0x65D0, 0x65D1, 0x65D2, 0x65D3, 0x65D4, 0x65D5,
	0x65D6, 0x65D7, 0x65D8, 0x65D9, 0x65DA, 0x65DB, 0x65DC, 0x65DD, 0x65DE, 0x65DF, 0x65E0, 0x65E1,
	0x65E2, 0x65E3, 0x65E4, 0x65E5, 0x65E6, 0x65E7, 0x65E8, 0x65E9, 0x65EA, 0x65EB, 0x65EC, 0x65ED,
	0x65EE, 0x65EF, 0x65F0, 0x65F1, 0x65F2, 0x65F3, 0x65F4, 0x65F5, 0x65F6, 0x65F7, 0x65F8, 0x65F9,
	0x65FA, 0x65FB, 0x65FC, 0x65FD, 0x65FE, 0x65FF, 0x6600, 0x6601, 0x6602, 0x6603, 0x6604, 0x6605,
	0x6606, 0x6607, 0x6608, 0x6609, 0x660A, 0x660B, 0x660C, 0x660D, 0x660E, 0x660F, 0x6610, 0x6611,
	0x6612, 0x6613, 0x6614, 0x6615, 0x6616, 0x6617, 0x6618, 0x6619, 0x661A, 0x661B, 0x661C, 0x661D,
	0x661E, 0x661F, 0x6620, 0x6621, 0x6622, 0x6623, 0x6624, 0x6625, 0x6626, 0x6627, 0x6628, 0x6629,
	0x662A, 0x662B, 0x662C, 0x662D, 0x662E, 0x662F, 0x6630, 0x6631, 0x6632, 0x6633, 0x6634, 0x6635,
	0x6636, 0x6637, 0x6638, 0x6639, 0x663A, 0x663B, 0x663C, 0x663D, 0x663E, 0x663F, 0x6640, 0x6641,
	0x6642, 0x6643, 0x6644, 0x6645, 0x6646, 0x6647, 0x6648, 0x6649, 0x664A, 0x664B, 0x664C, 0x664D,
	0x664E, 0x664F, 0x6650, 0x6651, 0x6652, 0x6653, 0x6654, 0x6655, 0x6656, 0x6657, 0x6658, 0x6659,
	0x665A, 0x665B, 0x665C, 0x665D, 0x665E, 0x665F, 0x6660, 0x6661, 0x6662, 0x6663, 0x6664, 0x6665,
	0x6666, 0x6667, 0x6668, 0x6669, 0x666A, 0x666B, 0x666C, 0x666D, 0x666E, 0x666F, 0x6670, 0x6671,
	0x6672, 0x6673, 0x6674, 0x6675, 0x6676, 0x6677, 0x6678, 0x6679, 0x667A, 0x667B, 0x667C, 0x667D,
	0x667E, 0x667F, 0x6680, 0x6681, 0x6682, 0x6683, 0x6684, 0x6685, 0x6686, 0x6687, 0x6688, 0x6689,
	0x668A, 0x668B, 0x668C, 0x668D, 0x668E, 0x668F, 0x6690, 0x6691, 0x6692, 0x6693, 0x6694, 0x6695,
	0x6696, 0x6697, 0x6698, 0x6699, 0x669A, 0x669B, 0x669C, 0x669D, 0x669E, 0x669F, 0x66A0, 0x66A1,
	0x66A2, 0x66A3, 0x66A4, 0x66A5, 0x66A6, 0x66A7, 0x66A8, 0x66A9, 0x66AA, 0x66AB, 0x66AC, 0x66AD,
	0x66AE, 0x66AF, 0x66B0, 0x66B1, 0x66B2, 0x66B3, 0x66B4, 0x66B5, 0x66B6, 0x66B7, 0x66B8, 0x66B9,
	0x66BA, 0x66BB, 0x66BC, 0x66BD, 0x66BE, 0x66BF, 0x66C0, 0x66C1, 0x66C2, 0x66C3, 0x66C4, 0x66C5,
	0x66C6, 0x66C7, 0x66C8, 0x66C9, 0x66CA, 0x66CB, 0x66CC, 0x66CD, 0x66CE, 0x66CF, 0x66D0, 0x66D1,
	0x66D2, 0x66D3, 0x66D4, 0x66D5, 0x66D6, 0x66D7, 0x66D8, 0x66D9, 0x66DA, 0x66DB, 0x66DC, 0x66DD,
	0x66DE, 0x66DF, 0x66E0, 0x66E1, 0x66E2, 0x66E3, 0x66E4, 0x66E5, 0x66E6, 0x66E7, 0x66E8, 0x66E9,
	0x66EA, 0x66EB, 0x66EC, 0x66ED, 0x66EE, 0x66EF, 0x66F0, 0x66F1, 0x66F2, 0x66F3, 0x66F4, 0x66F5,
	0x66F6, 0x66F7, 0x66F8, 0x66F9, 0x66FA, 0x66FB, 0x66FC, 0x66FD, 0x66FE, 0x66FF, 0x6700, 0x6701,
	0x6702, 0x6703, 0x6704, 0x6705, 0x6706, 0x6707, 0x6708, 0x6709, 0x670A, 0x670B, 0x670C, 0x670D,
	0x670E, 0x670F, 0x6710, 0x6711, 0x6712, 0x6713, 0x6714, 0x6715, 0x6716, 0x6717, 0x6718, 0x6719,
	0x671A, 0x671B, 0x671C, 0x671D, 0x671E, 0x671F, 0x6720, 0x6721, 0x6722, 0x6723, 0x6724, 0x6725,
	0x6726, 0x6727, 0x6728, 0x6729, 0x672A, 0x672B, 0x672C, 0x672D, 0x672E, 0x672F, 0x6730, 0x6731,
	0x6732, 0x6733, 0x6734, 0x6735, 0x6736, 0x6737, 0x6738, 0x6739, 0x673A, 0x673B, 0x673C, 0x673D,
	0x673E, 0x673F, 0x6740, 0x6741, 0x6742, 0x6743, 0x6744, 0x6745, 0x6746, 0x6747, 0x6748, 0x6749,
	0x674A, 0x674B, 0x674C, 0x674D, 0x674E, 0x674F, 0x6750, 0x6751, 0x6752, 0x6753, 0x6754, 0x6755,
	0x6756, 0x6757, 0x6758, 0x6759, 0x675A, 0x675B, 0x675C, 0x675D, 0x675E, 0x675F, 0x6760, 0x6761,
	0x6762, 0x6763, 0x6764, 0x6765, 0x6766, 0x6767, 0x6768, 0x6769, 0x676A, 0x676B, 0x676C, 0x676D,
	0x676E, 0x676F, 0x6770, 0x6771, 0x6772, 0x6773, 0x6774, 0x6775, 0x6776, 0x6777, 0x6778, 0x6779,
	0x677A, 0x677B, 0x677C, 0x677D, 0x677E, 0x677F, 0x6780, 0x6781, 0x6782, 0x6783, 0x6784, 0x6785,
	0x6786, 0x6787, 0x6788, 0x6789, 0x678A, 0x678B, 0x678C, 0x678D, 0x678E, 0x678F, 0x6790, 0x6791,
	0x6792, 0x6793, 0x6794, 0x6795, 0x6796, 0x6797, 0x6798, 0x6799, 0x679A, 0x679B, 0x679C, 0x679D,
	0x679E, 0x679F, 0x67A0, 0x67A1, 0x67A2, 0x67A3, 0x67A4, 0x67A5, 0x67A6, 0x67A7, 0x67A8, 0x67A9,
	0x67AA, 0x67AB, 0x67AC, 0x67AD, 0x67AE, 0x67AF, 0x67B0, 0x67B1, 0x67B2, 0x67B3, 0x67B4, 0x67B5,
	0x67B6, 0x67B7, 0x67B8, 0x67B9, 0x67BA, 0x67BB, 0x67BC, 0x67BD, 0x67BE, 0x67BF, 0x67C0, 0x67C1,
	0x67C2, 0x67C3, 0x67C4, 0x67C5, 0x67C6, 0x67C7, 0x67C8, 0x67C9, 0x67CA, 0x67CB, 0x67CC, 0x67CD,
	0x67CE, 0x67CF, 0x67D0, 0x67D1, 0x67D2, 0x67D3, 0x67D4, 0x67D5, 0x67D6, 0x67D7, 0x67D8, 0x67D9,
	0x67DA, 0x67DB, 0x67DC, 0x67DD, 0x67DE, 0x67DF, 0x67E0, 0x67E1, 0x67E2, 0x67E3, 0x67E4, 0x67E5,
	0x67E6, 0x67E7, 0x67E8, 0x67E9, 0x67EA, 0x67EB, 0x67EC, 0x67ED, 0x67EE, 0x67EF, 0x67F0, 0x67F1,
	0x67F2, 0x67F3, 0x67F4, 0x67F5, 0x67F6, 0x67F7, 0x67F8, 0x67F9, 0x67FA, 0x67FB, 0x67FC, 0x67FD,
	0x67FE, 0x67FF, 0x6800, 0x6801, 0x6802, 0x6803, 0x6804, 0x6805, 0x6806, 0x6807, 0x6808, 0x6809,
	0x680A, 0x680B, 0x680C, 0x680D, 0x680E, 0x680F, 0x6810, 0x6811, 0x6812, 0x6813, 0x6814, 0x6815,
	0x6816, 0x6817, 0x6818, 0x6819, 0x681A, 0x681B, 0x681C, 0x681D, 0x681E, 0x681F, 0x6820, 0x6821,
	0x6822, 0x6823, 0x6824, 0x6825, 0x6826, 0x6827, 0x6828, 0x6829, 0x682A, 0x682B, 0x682C, 0x682D,
	0x682E, 0x682F, 0x6830, 0x6831, 0x6832, 0x6833, 0x6834, 0x6835, 0x6836, 0x6837, 0x6838, 0x6839,
	0x683A, 0x683B, 0x683C, 0x683D, 0x683E, 0x683F, 0x6840, 0x6841, 0x6842, 0x6843, 0x6844, 0x6845,
	0x6846, 0x6847, 0x6848, 0x6849, 0x684A, 0x684B, 0x684C, 0x684D, 0x684E, 0x684F, 0x6850, 0x6851,
	0x6852, 0x6853, 0x6854, 0x6855, 0x6856, 0x6857, 0x6858, 0x6859, 0x685A, 0x685B, 0x685C, 0x685D,
	0x685E, 0x685F, 0x6860, 0x6861, 0x6862, 0x6863, 0x6864, 0x6865, 0x6866, 0x6867, 0x6868, 0x6869,
	0x686A, 0x686B, 0x686C, 0x686D, 0x686E, 0x686F, 0x6870, 0x6871, 0x6872, 0x6873, 0x6874, 0x6875,
	0x6876, 0x6877, 0x6878, 0x6879, 0x687A, 0x687B, 0x687C, 0x687D, 0x687E, 0x687F, 0x6880, 0x6881,
	0x6882, 0x6883, 0x6884, 0x6885, 0x6886, 0x6887, 0x6888, 0x6889, 0x688A, 0x688B, 0x688C, 0x688D,
	0x688E, 0x688F, 0x6890, 0x6891, 0x6892, 0x6893, 0x6894, 0x6895, 0x6896, 0x6897, 0x6898, 0x6899,
	0x689A, 0x689B, 0x689C, 0x689D, 0x689E, 0x689F, 0x68A0, 0x68A1, 0x68A2, 0x68A3, 0x68A4, 0x68A5,
	0x68A6, 0x68A7, 0x68A8, 0x68A9, 0x68AA, 0x68AB, 0x68AC, 0x68AD, 0x68AE, 0x68AF, 0x68B0, 0x68B1,
	0x68B2, 0x68B3, 0x68B4, 0x68B5, 0x68B6, 0x68B7, 0x68B8, 0x68B9, 0x68BA, 0x68BB, 0x68BC, 0x68BD,
	0x68BE, 0x68BF, 0x68C0, 0x68C1, 0x68C2, 0x68C3, 0x68C4, 0x68C5, 0x68C6, 0x68C7, 0x68C8, 0x68C9,
	0x68CA, 0x68CB, 0x68CC, 0x68CD, 0x68CE, 0x68CF, 0x68D0, 0x68D1, 0x68D2, 0x68D3, 0x68D4, 0x68D5,
	0x68D6, 0x68D7, 0x68D8, 0x68D9, 0x68DA, 0x68DB, 0x68DC, 0x68DD, 0x68DE, 0x68DF, 0x68E0, 0x68E1,
	0x68E2, 0x68E3, 0x68E4, 0x68E5, 0x68E6, 0x68E7, 0x68E8, 0x68E9, 0x68EA, 0x68EB, 0x68EC, 0x68ED,
	0x68EE, 0x68EF, 0x68F0, 0x68F1, 0x68F2, 0x68F3, 0x68F4, 0x68F5, 0x68F6, 0x68F7, 0x68F8, 0x68F9,
	0x68FA, 0x68FB, 0x68FC, 0x68FD, 0x68FE, 0x68FF, 0x6900, 0x6901, 0x6902, 0x6903, 0x6904, 0x6905,
	0x6906, 0x6907, 0x6908, 0x6909, 0x690A, 0x690B, 0x690C, 0x690D, 0x690E, 0x690F, 0x6910, 0x6911,
	0x6912, 0x6913, 0x6914, 0x6915, 0x6916, 0x6917, 0x6918, 0x6919, 0x691A, 0x691B, 0x691C, 0x691D,
	0x691E, 0x691F, 0x6920, 0x6921, 0x6922, 0x6923, 0x6924, 0x6925, 0x6926, 0x6927, 0x6928, 0x6929,
	0x692A, 0x692B, 0x692C, 0x692D, 0x692E, 0x692F, 0x6930, 0x6931, 0x6932, 0x6933, 0x6934, 0x6935,
	0x6936, 0x6937, 0x6938, 0x6939, 0x693A, 0x693B, 0x693C, 0x693D, 0x693E, 0x693F, 0x6940, 0x6941,
	0x6942, 0x6943, 0x6944, 0x6945, 0x6946, 0x6947, 0x6948, 0x6949, 0x694A, 0x694B, 0x694C, 0x694D,
	0x694E, 0x694F, 0x6950, 0x6951, 0x6952, 0x6953, 0x6954, 0x6955, 0x6956, 0x6957, 0x6958, 0x6959,
	0x695A, 0x695B, 0x695C, 0x695D, 0x695E, 0x695F, 0x6960, 0x6961, 0x6962, 0x6963, 0x6964, 0x6965,
	0x6966, 0x6967, 0x6968, 0x6969, 0x696A, 0x696B, 0x696C, 0x696D, 0x696E, 0x696F, 0x6970, 0x6971,
	0x6972, 0x6973, 0x6974, 0x6975, 0x6976, 0x6977, 0x6978, 0x6979, 0x697A, 0x697B, 0x697C, 0x697D,
	0x697E, 0x697F, 0x6980, 0x6981, 0x6982, 0x6983, 0x6984, 0x6985, 0x6986, 0x6987, 0x6988, 0x6989,
	0x698A, 0x698B, 0x698C, 0x698D, 0x698E, 0x698F, 0x6990, 0x6991, 0x6992, 0x6993, 0x6994, 0x6995,
	0x6996, 0x6997, 0x6998, 0x6999, 0x699A, 0x699B, 0x699C, 0x699D, 0x699E, 0x699F, 0x69A0, 0x69A1,
	0x69A2, 0x69A3, 0x69A4, 0x69A5, 0x69A6, 0x69A7, 0x69A8, 0x69A9, 0x69AA, 0x69AB, 0x69AC, 0x69AD,
	0x69AE, 0x69AF, 0x69B0, 0x69B1, 0x69B2, 0x69B3, 0x69B4, 0x69B5, 0x69B6, 0x69B7, 0x69B8, 0x69B9,
	0x69BA, 0x69BB, 0x69BC, 0x69BD, 0x69BE, 0x69BF, 0x69C0, 0x69C1, 0x69C2, 0x69C3, 0x69C4, 0x69C5,
	0x69C6, 0x69C7, 0x69C8, 0x69C9, 0x69CA, 0x69CB, 0x69CC, 0x69CD, 0x69CE, 0x69CF, 0x69D0, 0x69D1,
	0x69D2, 0x69D3, 0x69D4, 0x69D5, 0x69D6, 0x69D7, 0x69D8, 0x69D9, 0x69DA, 0x69DB, 0x69DC, 0x69DD,
	0x69DE, 0x69DF, 0x69E0, 0x69E1, 0x69E2, 0x69E3, 0x69E4, 0x69E5, 0x69E6, 0x69E7, 0x69E8, 0x69E9,
	0x69EA, 0x69EB, 0x69EC, 0x69ED, 0x69EE, 0x69EF, 0x69F0, 0x69F1, 0x69F2, 0x69F3, 0x69F4, 0x69F5,
	0x69F6, 0x69F7, 0x69F8, 0x69F9, 0x69FA, 0x69FB, 0x69FC, 0x69FD, 0x69FE, 0x69FF, 0x6A00, 0x6A01,
	0x6A02, 0x6A03, 0x6A04, 0x6A05, 0x6A06, 0x6A07, 0x6A08, 0x6A09, 0x6A0A, 0x6A0B, 0x6A0C, 0x6A0D,
	0x6A0E, 0x6A0F, 0x6A10, 0x6A11, 0x6A12, 0x6A13, 0x6A14, 0x6A15, 0x6A16, 0x6A17, 0x6A18, 0x6A19,
	0x6A1A, 0x6A1B, 0x6A1C, 0x6A1D, 0x6A1E, 0x6A1F, 0x6A20, 0x6A21, 0x6A22, 0x6A23, 0x6A24, 0x6A25,
	0x6A26, 0x6A27, 0x6A28, 0x6A29, 0x6A2A, 0x6A2B, 0x6A2C, 0x6A2D, 0x6A2E, 0x6A2F, 0x6A30, 0x6A31,
	0x6A32, 0x6A33, 0x6A34, 0x6A35, 0x6A36, 0x6A37, 0x6A38, 0x6A39, 0x6A3A, 0x6A3B, 0x6A3C, 0x6A3D,
	0x6A3E, 0x6A3F, 0x6A40, 0x6A41, 0x6A42, 0x6A43, 0x6A44, 0x6A45, 0x6A46, 0x6A47, 0x6A48, 0x6A49,
	0x6A4A, 0x6A4B, 0x6A4C, 0x6A4D, 0x6A4E, 0x6A4F, 0x6A50, 0x6A51, 0x6A52, 0x6A53, 0x6A54, 0x6A55,
	0x6A56, 0x6A57, 0x6A58, 0x6A59, 0x6A5A, 0x6A5B, 0x6A5C, 0x6A5D, 0x6A5E, 0x6A5F, 0x6A60, 0x6A61,
	0x6A62, 0x6A63, 0x6A64, 0x6A65, 0x6A66, 0x6A67, 0x6A68, 0x6A69, 0x6A6A, 0x6A6B, 0x6A6C, 0x6A6D,
	0x6A6E, 0x6A6F, 0x6A70, 0x6A71, 0x6A72, 0x6A73, 0x6A74, 0x6A75, 0x6A76, 0x6A77, 0x6A78, 0x6A79,
	0x6A7A, 0x6A7B, 0x6A7C, 0x6A7D, 0x6A7E, 0x6A7F, 0x6A80, 0x6A81, 0x6A82, 0x6A83, 0x6A84, 0x6A85,
	0x6A86, 0x6A87, 0x6A88, 0x6A89, 0x6A8A, 0x6A8B, 0x6A8C, 0x6A8D, 0x6A8E, 0x6A8F, 0x6A90, 0x6A91,
	0x6A92, 0x6A93, 0x6A94, 0x6A95, 0x6A96, 0x6A97, 0x6A98, 0x6A99, 0x6A9A, 0x6A9B, 0x6A9C, 0x6A9D,
	0x6A9E, 0x6A9F, 0x6AA0, 0x6AA1, 0x6AA2, 0x6AA3, 0x6AA4, 0x6AA5, 0x6AA6, 0x6AA7, 0x6AA8, 0x6AA9,
	0x6AAA, 0x6AAB, 0x6AAC, 0x6AAD, 0x6AAE, 0x6AAF, 0x6AB0, 0x6AB1, 0x6AB2, 0x6AB3, 0x6AB4, 0x6AB5,
	0x6AB6, 0x6AB7, 0x6AB8, 0x6AB9, 0x6ABA, 0x6ABB, 0x6ABC, 0x6ABD, 0x6ABE, 0x6ABF, 0x6AC0, 0x6AC1,
	0x6AC2, 0x6AC3, 0x6AC4, 0x6AC5, 0x6AC6, 0x6AC7, 0x6AC8, 0x6AC9, 0x6ACA, 0x6ACB, 0x6ACC, 0x6ACD,
	0x6ACE, 0x6ACF, 0x6AD0, 0x6AD1, 0x6AD2, 0x6AD3, 0x6AD4, 0x6AD5, 0x6AD6, 0x6AD7, 0x6AD8, 0x6AD9,
	0x6ADA, 0x6ADB, 0x6ADC, 0x6ADD, 0x6ADE, 0x6ADF, 0x6AE0, 0x6AE1, 0x6AE2, 0x6AE3, 0x6AE4, 0x6AE5,
	0x6AE6, 0x6AE7, 0x6AE8, 0x6AE9, 0x6AEA, 0x6AEB, 0x6AEC, 0x6AED, 0x6AEE, 0x6AEF, 0x6AF0, 0x6AF1,
	0x6AF2, 0x6AF3, 0x6AF4, 0x6AF5, 0x6AF6, 0x6AF7, 0x6AF8, 0x6AF9, 0x6AFA, 0x6AFB, 0x6AFC, 0x6AFD,
	0x6AFE, 0x6AFF, 0x6B00, 0x6B01, 0x6B02, 0x6B03, 0x6B04, 0x6B05, 0x6B06, 0x6B07, 0x6B08, 0x6B09,
	0x6B0A, 0x6B0B, 0x6B0C, 0x6B0D, 0x6B0E, 0x6B0F, 0x6B10, 0x6B11, 0x6B12, 0x6B13, 0x6B14, 0x6B15,
	0x6B16, 0x6B17, 0x6B18, 0x6B19, 0x6B1A, 0x6B1B, 0x6B1C, 0x6B1D, 0x6B1E, 0x6B1F, 0x6B20, 0x6B21,
	0x6B22, 0x6B23, 0x6B24, 0x6B25, 0x6B26, 0x6B27, 0x6B28, 0x6B29, 0x6B2A, 0x6B2B, 0x6B2C, 0x6B2D,
	0x6B2E, 0x6B2F, 0x6B30, 0x6B31, 0x6B32, 0x6B33, 0x6B34, 0x6B35, 0x6B36, 0x6B37, 0x6B38, 0x6B39,
	0x6B3A, 0x6B3B, 0x6B3C, 0x6B3D, 0x6B3E, 0x6B3F, 0x6B40, 0x6B41, 0x6B42, 0x6B43, 0x6B44, 0x6B45,
	0x6B46, 0x6B47, 0x6B48, 0x6B49, 0x6B4A, 0x6B4B, 0x6B4C, 0x6B4D, 0x6B4E, 0x6B4F, 0x6B50, 0x6B51,
	0x6B52, 0x6B53, 0x6B54, 0x6B55, 0x6B56, 0x6B57, 0x6B58, 0x6B59, 0x6B5A, 0x6B5B, 0x6B5C, 0x6B5D,
	0x6B5E, 0x6B5F, 0x6B60, 0x6B61, 0x6B62, 0x6B63, 0x6B64, 0x6B65, 0x6B66, 0x6B67, 0x6B68, 0x6B69,
	0x6B6A, 0x6B6B, 0x6B6C, 0x6B6D, 0x6B6E, 0x6B6F, 0x6B70, 0x6B71, 0x6B72, 0x6B73, 0x6B74, 0x6B75,
	0x6B76, 0x6B77, 0x6B78, 0x6B79, 0x6B7A, 0x6B7B, 0x6B7C, 0x6B7D, 0x6B7E, 0x6B7F, 0x6B80, 0x6B81,
	0x6B82, 0x6B83, 0x6B84, 0x6B85, 0x6B86, 0x6B87, 0x6B88, 0x6B89, 0x6B8A, 0x6B8B, 0x6B8C, 0x6B8D,
	0x6B8E, 0x6B8F, 0x6B90, 0x6B91, 0x6B92, 0x6B93, 0x6B94, 0x6B95, 0x6B96, 0x6B97, 0x6B98, 0x6B99,
	0x6B9A, 0x6B9B, 0x6B9C, 0x6B9D, 0x6B9E, 0x6B9F, 0x6BA0, 0x6BA1, 0x6BA2, 0x6BA3, 0x6BA4, 0x6BA5,
	0x6BA6, 0x6BA7, 0x6BA8, 0x6BA9, 0x6BAA, 0x6BAB, 0x6BAC, 0x6BAD, 0x6BAE, 0x6BAF, 0x6BB0, 0x6BB1,
	0x6BB2, 0x6BB3, 0x6BB4, 0x6BB5, 0x6BB6, 0x6BB7, 0x6BB8, 0x6BB9, 0x6BBA, 0x6BBB, 0x6BBC, 0x6BBD,
	0x6BBE, 0x6BBF, 0x6BC0, 0x6BC1, 0x6BC2, 0x6BC3, 0x6BC4, 0x6BC5, 0x6BC6, 0x6BC7, 0x6BC8, 0x6BC9,
	0x6BCA, 0x6BCB, 0x6BCC, 0x6BCD, 0x6BCE, 0x6BCF, 0x6BD0, 0x6BD1, 0x6BD2, 0x6BD3, 0x6BD4, 0x6BD5,
	0x6BD6, 0x6BD7, 0x6BD8, 0x6BD9, 0x6BDA, 0x6BDB, 0x6BDC, 0x6BDD, 0x6BDE, 0x6BDF, 0x6BE0, 0x6BE1,
	0x6BE2, 0x6BE3, 0x6BE4, 0x6BE5, 0x6BE6, 0x6BE7, 0x6BE8, 0x6BE9, 0x6BEA, 0x6BEB, 0x6BEC, 0x6BED,
	0x6BEE, 0x6BEF, 0x6BF0, 0x6BF1, 0x6BF2, 0x6BF3, 0x6BF4, 0x6BF5, 0x6BF6, 0x6BF7, 0x6BF8, 0x6BF9,
	0x6BFA, 0x6BFB, 0x6BFC, 0x6BFD, 0x6BFE, 0x6BFF, 0x6C00, 0x6C01, 0x6C02, 0x6C03, 0x6C04, 0x6C05,
	0x6C06, 0x6C07, 0x6C08, 0x6C09, 0x6C0A, 0x6C0B, 0x6C0C, 0x6C0D, 0x6C0E, 0x6C0F, 0x6C10, 0x6C11,
	0x6C12, 0x6C13, 0x6C14, 0x6C15, 0x6C16, 0x6C17, 0x6C18, 0x6C19, 0x6C1A, 0x6C1B, 0x6C1C, 0x6C1D,
	0x6C1E, 0x6C1F, 0x6C20, 0x6C21, 0x6C22, 0x6C23, 0x6C24, 0x6C25, 0x6C26, 0x6C27, 0x6C28, 0x6C29,
	0x6C2A, 0x6C2B, 0x6C2C, 0x6C2D, 0x6C2E, 0x6C2F, 0x6C30, 0x6C31, 0x6C32, 0x6C33, 0x6C34, 0x6C35,
	0x6C36, 0x6C37, 0x6C38, 0x6C39, 0x6C3A, 0x6C3B, 0x6C3C, 0x6C3D, 0x6C3E, 0x6C3F, 0x6C40, 0x6C41,
	0x6C42, 0x6C43, 0x6C44, 0x6C45, 0x6C46, 0x6C47, 0x6C48, 0x6C49, 0x6C4A, 0x6C4B, 0x6C4C, 0x6C4D,
	0x6C4E, 0x6C4F, 0x6C50, 0x6C51, 0x6C52, 0x6C53, 0x6C54, 0x6C55, 0x6C56, 0x6C57, 0x6C58, 0x6C59,
	0x6C5A, 0x6C5B, 0x6C5C, 0x6C5D, 0x6C5E, 0x6C5F, 0x6C60, 0x6C61, 0x6C62, 0x6C63, 0x6C64, 0x6C65,
	0x6C66, 0x6C67, 0x6C68, 0x6C69, 0x6C6A, 0x6C6B, 0x6C6C, 0x6C6D, 0x6C6E, 0x6C6F, 0x6C70, 0x6C71,
	0x6C72, 0x6C73, 0x6C74, 0x6C75, 0x6C76, 0x6C77, 0x6C78, 0x6C79, 0x6C7A, 0x6C7B, 0x6C7C, 0x6C7D,
	0x6C7E, 0x6C7F, 0x6C80, 0x6C81, 0x6C82, 0x6C83, 0x6C84, 0x6C85, 0x6C86, 0x6C87, 0x6C88, 0x6C89,
	0x6C8A, 0x6C8B, 0x6C8C, 0x6C8D, 0x6C8E, 0x6C8F, 0x6C90, 0x6C91, 0x6C92, 0x6C93, 0x6C94, 0x6C95,
	0x6C96, 0x6C97, 0x6C98, 0x6C99, 0x6C9A, 0x6C9B, 0x6C9C, 0x6C9D, 0x6C9E, 0x6C9F, 0x6CA0, 0x6CA1,
	0x6CA2, 0x6CA3, 0x6CA4, 0x6CA5, 0x6CA6, 0x6CA7, 0x6CA8, 0x6CA9, 0x6CAA, 0x6CAB, 0x6CAC, 0x6CAD,
	0x6CAE, 0x6CAF, 0x6CB0, 0x6CB1, 0x6CB2, 0x6CB3, 0x6CB4, 0x6CB5, 0x6CB6, 0x6CB7, 0x6CB8, 0x6CB9,
	0x6CBA, 0x6CBB, 0x6CBC, 0x6CBD, 0x6CBE, 0x6CBF, 0x6CC0, 0x6CC1, 0x6CC2, 0x6CC3, 0x6CC4, 0x6CC5,
	0x6CC6, 0x6CC7, 0x6CC8, 0x6CC9, 0x6CCA, 0x6CCB, 0x6CCC, 0x6CCD, 0x6CCE, 0x6CCF, 0x6CD0, 0x6CD1,
	0x6CD2, 0x6CD3, 0x6CD4, 0x6CD5, 0x6CD6, 0x6CD7, 0x6CD8, 0x6CD9, 0x6CDA, 0x6CDB, 0x6CDC, 0x6CDD,
	0x6CDE, 0x6CDF, 0x6CE0, 0x6CE1, 0x6CE2, 0x6CE3, 0x6CE4, 0x6CE5, 0x6CE6, 0x6CE7, 0x6CE8, 0x6CE9,
	0x6CEA, 0x6CEB, 0x6CEC, 0x6CED, 0x6CEE, 0x6CEF, 0x6CF0, 0x6CF1, 0x6CF2, 0x6CF3, 0x6CF4, 0x6CF5,
	0x6CF6, 0x6CF7, 0x6CF8, 0x6CF9, 0x6CFA, 0x6CFB, 0x6CFC, 0x6CFD, 0x6CFE, 0x6CFF, 0x6D00, 0x6D01,
	0x6D02, 0x6D03, 0x6D04, 0x6D05, 0x6D06, 0x6D07, 0x6D08, 0x6D09, 0x6D0A, 0x6D0B, 0x6D0C, 0x6D0D,
	0x6D0E, 0x6D0F, 0x6D10, 0x6D11, 0x6D12, 0x6D13, 0x6D14, 0x6D15, 0x6D16, 0x6D17, 0x6D18, 0x6D19,
	0x6D1A, 0x6D1B, 0x6D1C, 0x6D1D, 0x6D1E, 0x6D1F, 0x6D20, 0x6D21, 0x6D22, 0x6D23, 0x6D24, 0x6D25,
	0x6D26, 0x6D27, 0x6D28, 0x6D29, 0x6D2A, 0x6D2B, 0x6D2C, 0x6D2D, 0x6D2E, 0x6D2F, 0x6D30, 0x6D31,
	0x6D32, 0x6D33, 0x6D34, 0x6D35, 0x6D36, 0x6D37, 0x6D38, 0x6D39, 0x6D3A, 0x6D3B, 0x6D3C, 0x6D3D,
	0x6D3E, 0x6D3F, 0x6D40, 0x6D41, 0x6D42, 0x6D43, 0x6D44, 0x6D45, 0x6D46, 0x6D47, 0x6D48, 0x6D49,
	0x6D4A, 0x6D4B, 0x6D4C, 0x6D4D, 0x6D4E, 0x6D4F, 0x6D50, 0x6D51, 0x6D52, 0x6D53, 0x6D54, 0x6D55,
	0x6D56, 0x6D57, 0x6D58, 0x6D59, 0x6D5A, 0x6D5B, 0x6D5C, 0x6D5D, 0x6D5E, 0x6D5F, 0x6D60, 0x6D61,
	0x6D62, 0x6D63, 0x6D64, 0x6D65, 0x6D66, 0x6D67, 0x6D68, 0x6D69, 0x6D6A, 0x6D6B, 0x6D6C, 0x6D6D,
	0x6D6E, 0x6D6F, 0x6D70, 0x6D71, 0x6D72, 0x6D73, 0x6D74, 0x6D75, 0x6D76, 0x6D77, 0x6D78, 0x6D79,
	0x6D7A, 0x6D7B, 0x6D7C, 0x6D7D, 0x6D7E, 0x6D7F, 0x6D80, 0x6D81, 0x6D82, 0x6D83, 0x6D84, 0x6D85,
	0x6D86, 0x6D87, 0x6D88, 0x6D89, 0x6D8A, 0x6D8B, 0x6D8C, 0x6D8D, 0x6D8E, 0x6D8F, 0x6D90, 0x6D91,
	0x6D92, 0x6D93, 0x6D94, 0x6D95, 0x6D96, 0x6D97, 0x6D98, 0x6D99, 0x6D9A, 0x6D9B, 0x6D9C, 0x6D9D,
	0x6D9E, 0x6D9F, 0x6DA0, 0x6DA1, 0x6DA2, 0x6DA3, 0x6DA4, 0x6DA5, 0x6DA6, 0x6DA7, 0x6DA8, 0x6DA9,
	0x6DAA, 0x6DAB, 0x6DAC, 0x6DAD, 0x6DAE, 0x6DAF, 0x6DB0, 0x6DB1, 0x6DB2, 0x6DB3, 0x6DB4, 0x6DB5,
	0x6DB6, 0x6DB7, 0x6DB8, 0x6DB9, 0x6DBA, 0x6DBB, 0x6DBC, 0x6DBD, 0x6DBE, 0x6DBF, 0x6DC0, 0x6DC1,
	0x6DC2, 0x6DC3, 0x6DC4, 0x6DC5, 0x6DC6, 0x6DC7, 0x6DC8, 0x6DC9, 0x6DCA, 0x6DCB, 0x6DCC, 0x6DCD,
	0x6DCE, 0x6DCF, 0x6DD0, 0x6DD1, 0x6DD2, 0x6DD3, 0x6DD4, 0x6DD5, 0x6DD6, 0x6DD7, 0x6DD8, 0x6DD9,
	0x6DDA, 0x6DDB, 0x6DDC, 0x6DDD, 0x6DDE, 0x6DDF, 0x6DE0, 0x6DE1, 0x6DE2, 0x6DE3, 0x6DE4, 0x6DE5,
	0x6DE6, 0x6DE7, 0x6DE8, 0x6DE9, 0x6DEA, 0x6DEB, 0x6DEC, 0x6DED, 0x6DEE, 0x6DEF, 0x6DF0, 0x6DF1,
	0x6DF2, 0x6DF3, 0x6DF4, 0x6DF5, 0x6DF6, 0x6DF7, 0x6DF8, 0x6DF9, 0x6DFA, 0x6DFB, 0x6DFC, 0x6DFD,
	0x6DFE, 0x6DFF, 0x6E00, 0x6E01, 0x6E02, 0x6E03, 0x6E04, 0x6E05, 0x6E06, 0x6E07, 0x6E08, 0x6E09,
	0x6E0A, 0x6E0B, 0x6E0C, 0x6E0D, 0x6E0E, 0x6E0F, 0x6E10, 0x6E11, 0x6E12, 0x6E13, 0x6E14, 0x6E15,
	0x6E16, 0x6E17, 0x6E18, 0x6E19, 0x6E1A, 0x6E1B, 0x6E1C, 0x6E1D, 0x6E1E, 0x6E1F, 0x6E20, 0x6E21,
	0x6E22, 0x6E23, 0x6E24, 0x6E25, 0x6E26, 0x6E27, 0x6E28, 0x6E29, 0x6E2A, 0x6E2B, 0x6E2C, 0x6E2D,
	0x6E2E, 0x6E2F, 0x6E30, 0x6E31, 0x6E32, 0x6E33, 0x6E34, 0x6E35, 0x6E36, 0x6E37, 0x6E38, 0x6E39,
	0x6E3A, 0x6E3B, 0x6E3C, 0x6E3D, 0x6E3E, 0x6E3F, 0x6E40, 0x6E41, 0x6E42, 0x6E43, 0x6E44, 0x6E45,
	0x6E46, 0x6E47, 0x6E48, 0x6E49, 0x6E4A, 0x6E4B, 0x6E4C, 0x6E4D, 0x6E4E, 0x6E4F, 0x6E50, 0x6E51,
	0x6E52, 0x6E53, 0x6E54, 0x6E55, 0x6E56, 0x6E57, 0x6E58, 0x6E59, 0x6E5A, 0x6E5B, 0x6E5C, 0x6E5D,
	0x6E5E, 0x6E5F, 0x6E60, 0x6E61, 0x6E62, 0x6E63, 0x6E64, 0x6E65, 0x6E66, 0x6E67, 0x6E68, 0x6E69,
	0x6E6A, 0x6E6B, 0x6E6C, 0x6E6D, 0x6E6E, 0x6E6F, 0x6E70, 0x6E71, 0x6E72, 0x6E73, 0x6E74, 0x6E75,
	0x6E76, 0x6E77, 0x6E78, 0x6E79, 0x6E7A, 0x6E7B, 0x6E7C, 0x6E7D, 0x6E7E, 0x6E7F, 0x6E80, 0x6E81,
	0x6E82, 0x6E83, 0x6E84, 0x6E85, 0x6E86, 0x6E87, 0x6E88, 0x6E89, 0x6E8A, 0x6E8B, 0x6E8C, 0x6E8D,
	0x6E8E, 0x6E8F, 0x6E90, 0x6E91, 0x6E92, 0x6E93, 0x6E94, 0x6E95, 0x6E96, 0x6E97, 0x6E98, 0x6E99,
	0x6E9A, 0x6E9B, 0x6E9C, 0x6E9D, 0x6E9E, 0x6E9F, 0x6EA0, 0x6EA1, 0x6EA2, 0x6EA3, 0x6EA4, 0x6EA5,
	0x6EA6, 0x6EA7, 0x6EA8, 0x6EA9, 0x6EAA, 0x6EAB, 0x6EAC, 0x6EAD, 0x6EAE, 0x6EAF, 0x6EB0, 0x6EB1,
	0x6EB2, 0x6EB3, 0x6EB4, 0x6EB5, 0x6EB6, 0x6EB7, 0x6EB8, 0x6EB9, 0x6EBA, 0x6EBB, 0x6EBC, 0x6EBD,
	0x6EBE, 0x6EBF, 0x6EC0, 0x6EC1, 0x6EC2, 0x6EC3, 0x6EC4, 0x6EC5, 0x6EC6, 0x6EC7, 0x6EC8, 0x6EC9,
	0x6ECA, 0x6ECB, 0x6ECC, 0x6ECD, 0x6ECE, 0x6ECF, 0x6ED0, 0x6ED1, 0x6ED2, 0x6ED3, 0x6ED4, 0x6ED5,
	0x6ED6, 0x6ED7, 0x6ED8, 0x6ED9, 0x6EDA, 0x6EDB, 0x6EDC, 0x6EDD, 0x6EDE, 0x6EDF, 0x6EE0, 0x6EE1,
	0x6EE2, 0x6EE3, 0x6EE4, 0x6EE5, 0x6EE6, 0x6EE7, 0x6EE8, 0x6EE9, 0x6EEA, 0x6EEB, 0x6EEC, 0x6EED,
	0x6EEE, 0x6EEF, 0x6EF0, 0x6EF1, 0x6EF2, 0x6EF3, 0x6EF4, 0x6EF5, 0x6EF6, 0x6EF7, 0x6EF8, 0x6EF9,
	0x6EFA, 0x6EFB, 0x6EFC, 0x6EFD, 0x6EFE, 0x6EFF, 0x6F00, 0x6F01, 0x6F02, 0x6F03, 0x6F04, 0x6F05,
	0x6F06, 0x6F07, 0x6F08, 0x6F09, 0x6F0A, 0x6F0B, 0x6F0C, 0x6F0D, 0x6F0E, 0x6F0F, 0x6F10, 0x6F11,
	0x6F12, 0x6F13, 0x6F14, 0x6F15, 0x6F16, 0x6F17, 0x6F18, 0x6F19, 0x6F1A, 0x6F1B, 0x6F1C, 0x6F1D,
	0x6F1E, 0x6F1F, 0x6F20, 0x6F21, 0x6F22, 0x6F23, 0x6F24, 0x6F25, 0x6F26, 0x6F27, 0x6F28, 0x6F29,
	0x6F2A, 0x6F2B, 0x6F2C, 0x6F2D, 0x6F2E, 0x6F2F, 0x6F30, 0x6F31, 0x6F32, 0x6F33, 0x6F34, 0x6F35,
	0x6F36, 0x6F37, 0x6F38, 0x6F39, 0x6F3A, 0x6F3B, 0x6F3C, 0x6F3D, 0x6F3E, 0x6F3F, 0x6F40, 0x6F41,
	0x6F42, 0x6F43, 0x6F44, 0x6F45, 0x6F46, 0x6F47, 0x6F48, 0x6F49, 0x6F4A, 0x6F4B, 0x6F4C, 0x6F4D,
	0x6F4E, 0x6F4F, 0x6F50, 0x6F51, 0x6F52, 0x6F53, 0x6F54, 0x6F55, 0x6F56, 0x6F57, 0x6F58, 0x6F59,
	0x6F5A, 0x6F5B, 0x6F5C, 0x6F5D, 0x6F5E, 0x6F5F, 0x6F60, 0x6F61, 0x6F62, 0x6F63, 0x6F64, 0x6F65,
	0x6F66, 0x6F67, 0x6F68, 0x6F69, 0x6F6A, 0x6F6B, 0x6F6C, 0x6F6D, 0x6F6E, 0x6F6F, 0x6F70, 0x6F71,
	0x6F72, 0x6F73, 0x6F74, 0x6F75, 0x6F76, 0x6F77, 0x6F78, 0x6F79, 0x6F7A, 0x6F7B, 0x6F7C, 0x6F7D,
	0x6F7E, 0x6F7F, 0x6F80, 0x6F81, 0x6F82, 0x6F83, 0x6F84, 0x6F85, 0x6F86, 0x6F87, 0x6F88, 0x6F89,
	0x6F8A, 0x6F8B, 0x6F8C, 0x6F8D, 0x6F8E, 0x6F8F, 0x6F90, 0x6F91, 0x6F92, 0x6F93, 0x6F94, 0x6F95,
	0x6F96, 0x6F97, 0x6F98, 0x6F99, 0x6F9A, 0x6F9B, 0x6F9C, 0x6F9D, 0x6F9E, 0x6F9F, 0x6FA0, 0x6FA1,
	0x6FA2, 0x6FA3, 0x6FA4, 0x6FA5, 0x6FA6, 0x6FA7, 0x6FA8, 0x6FA9, 0x6FAA, 0x6FAB, 0x6FAC, 0x6FAD,
	0x6FAE, 0x6FAF, 0x6FB0, 0x6FB1, 0x6FB2, 0x6FB3, 0x6FB4, 0x6FB5, 0x6FB6, 0x6FB7, 0x6FB8, 0x6FB9,
	0x6FBA, 0x6FBB, 0x6FBC, 0x6FBD, 0x6FBE, 0x6FBF, 0x6FC0, 0x6FC1, 0x6FC2, 0x6FC3, 0x6FC4, 0x6FC5,
	0x6FC6, 0x6FC7, 0x6FC8, 0x6FC9, 0x6FCA, 0x6FCB, 0x6FCC, 0x6FCD, 0x6FCE, 0x6FCF, 0x6FD0, 0x6FD1,
	0x6FD2, 0x6FD3, 0x6FD4, 0x6FD5, 0x6FD6, 0x6FD7, 0x6FD8, 0x6FD9, 0x6FDA, 0x6FDB, 0x6FDC, 0x6FDD,
	0x6FDE, 0x6FDF, 0x6FE0, 0x6FE1, 0x6FE2, 0x6FE3, 0x6FE4, 0x6FE5, 0x6FE6, 0x6FE7, 0x6FE8, 0x6FE9,
	0x6FEA, 0x6FEB, 0x6FEC, 0x6FED, 0x6FEE, 0x6FEF, 0x6FF0, 0x6FF1, 0x6FF2, 0x6FF3, 0x6FF4, 0x6FF5,
	0x6FF6, 0x6FF7, 0x6FF8, 0x6FF9, 0x6FFA, 0x6FFB, 0x6FFC, 0x6FFD, 0x6FFE, 0x6FFF, 0x7000, 0x7001,
	0x7002, 0x7003, 0x7004, 0x7005, 0x7006, 0x7007, 0x7008, 0x7009, 0x700A, 0x700B, 0x700C, 0x700D,
	0x700E, 0x700F, 0x7010, 0x7011, 0x7012, 0x7013, 0x7014, 0x7015, 0x7016, 0x7017, 0x7018, 0x7019,
	0x701A, 0x701B, 0x701C, 0x701D, 0x701E, 0x701F, 0x7020, 0x7021, 0x7022, 0x7023, 0x7024, 0x7025,
	0x7026, 0x7027, 0x7028, 0x7029, 0x702A, 0x702B, 0x702C, 0x702D, 0x702E, 0x702F, 0x7030, 0x7031,
	0x7032, 0x7033, 0x7034, 0x7035, 0x7036, 0x7037, 0x7038, 0x7039, 0x703A, 0x703B, 0x703C, 0x703D,
	0x703E, 0x703F, 0x7040, 0x7041, 0x7042, 0x7043, 0x7044, 0x7045, 0x7046, 0x7047, 0x7048, 0x7049,
	0x704A, 0x704B, 0x704C, 0x704D, 0x704E, 0x704F, 0x7050, 0x7051, 0x7052, 0x7053, 0x7054, 0x7055,
	0x7056, 0x7057, 0x7058, 0x7059, 0x705A, 0x705B, 0x705C, 0x705D, 0x705E, 0x705F, 0x7060, 0x7061,
	0x7062, 0x7063, 0x7064, 0x7065, 0x7066, 0x7067, 0x7068, 0x7069, 0x706A, 0x706B, 0x706C, 0x706D,
	0x706E, 0x706F, 0x7070, 0x7071, 0x7072, 0x7073, 0x7074, 0x7075, 0x7076, 0x7077, 0x7078, 0x7079,
	0x707A, 0x707B, 0x707C, 0x707D, 0x707E, 0x707F, 0x7080, 0x7081, 0x7082, 0x7083, 0x7084, 0x7085,
	0x7086, 0x7087, 0x7088, 0x7089, 0x708A, 0x708B, 0x708C, 0x708D, 0x708E, 0x708F, 0x7090, 0x7091,
	0x7092, 0x7093, 0x7094, 0x7095, 0x7096, 0x7097, 0x7098, 0x7099, 0x709A, 0x709B, 0x709C, 0x709D,
	0x709E, 0x709F, 0x70A0, 0x70A1, 0x70A2, 0x70A3, 0x70A4, 0x70A5, 0x70A6, 0x70A7, 0x70A8, 0x70A9,
	0x70AA, 0x70AB, 0x70AC, 0x70AD, 0x70AE, 0x70AF, 0x70B0, 0x70B1, 0x70B2, 0x70B3, 0x70B4, 0x70B5,
	0x70B6, 0x70B7, 0x70B8, 0x70B9, 0x70BA, 0x70BB, 0x70BC, 0x70BD, 0x70BE, 0x70BF, 0x70C0, 0x70C1,
	0x70C2, 0x70C3, 0x70C4, 0x70C5, 0x70C6, 0x70C7, 0x70C8, 0x70C9, 0x70CA, 0x70CB, 0x70CC, 0x70CD,
	0x70CE, 0x70CF, 0x70D0, 0x70D1, 0x70D2, 0x70D3, 0x70D4, 0x70D5, 0x70D6, 0x70D7, 0x70D8, 0x70D9,
	0x70DA, 0x70DB, 0x70DC, 0x70DD, 0x70DE, 0x70DF, 0x70E0, 0x70E1, 0x70E2, 0x70E3, 0x70E4, 0x70E5,
	0x70E6, 0x70E7, 0x70E8, 0x70E9, 0x70EA, 0x70EB, 0x70EC, 0x70ED, 0x70EE, 0x70EF, 0x70F0, 0x70F1,
	0x70F2, 0x70F3, 0x70F4, 0x70F5, 0x70F6, 0x70F7, 0x70F8, 0x70F9, 0x70FA, 0x70FB, 0x70FC, 0x70FD,
	0x70FE, 0x70FF, 0x7100, 0x7101, 0x7102, 0x7103, 0x7104, 0x7105, 0x7106, 0x7107, 0x7108, 0x7109,
	0x710A, 0x710B, 0x710C, 0x710D, 0x710E, 0x710F, 0x7110, 0x7111, 0x7112, 0x7113, 0x7114, 0x7115,
	0x7116, 0x7117, 0x7118, 0x7119, 0x711A, 0x711B, 0x711C, 0x711D, 0x711E, 0x711F, 0x7120, 0x7121,
	0x7122, 0x7123, 0x7124, 0x7125, 0x7126, 0x7127, 0x7128, 0x7129, 0x712A, 0x712B, 0x712C, 0x712D,
	0x712E, 0x712F, 0x7130, 0x7131, 0x7132, 0x7133, 0x7134, 0x7135, 0x7136, 0x7137, 0x7138, 0x7139,
	0x713A, 0x713B, 0x713C, 0x713D, 0x713E, 0x713F, 0x7140, 0x7141, 0x7142, 0x7143, 0x7144, 0x7145,
	0x7146, 0x7147, 0x7148, 0x7149, 0x714A, 0x714B, 0x714C, 0x714D, 0x714E, 0x714F, 0x7150, 0x7151,
	0x7152, 0x7153, 0x7154, 0x7155, 0x7156, 0x7157, 0x7158, 0x7159, 0x715A, 0x715B, 0x715C, 0x715D,
	0x715E, 0x715F, 0x7160, 0x7161, 0x7162, 0x7163, 0x7164, 0x7165, 0x7166, 0x7167, 0x7168, 0x7169,
	0x716A, 0x716B, 0x716C, 0x716D, 0x716E, 0x716F, 0x7170, 0x7171, 0x7172, 0x7173, 0x7174, 0x7175,
	0x7176, 0x7177, 0x7178, 0x7179, 0x717A, 0x717B, 0x717C, 0x717D, 0x717E, 0x717F, 0x7180, 0x7181,
	0x7182, 0x7183, 0x7184, 0x7185, 0x7186, 0x7187, 0x7188, 0x7189, 0x718A, 0x718B, 0x718C, 0x718D,
	0x718E, 0x718F, 0x7190, 0x7191, 0x7192, 0x7193, 0x7194, 0x7195, 0x7196, 0x7197, 0x7198, 0x7199,
	0x719A, 0x719B, 0x719C, 0x719D, 0x719E, 0x719F, 0x71A0, 0x71A1, 0x71A2, 0x71A3, 0x71A4, 0x71A5,
	0x71A6, 0x71A7, 0x71A8, 0x71A9, 0x71AA, 0x71AB, 0x71AC, 0x71AD, 0x71AE, 0x71AF, 0x71B0, 0x71B1,
	0x71B2, 0x71B3, 0x71B4, 0x71B5, 0x71B6, 0x71B7, 0x71B8, 0x71B9, 0x71BA, 0x71BB, 0x71BC, 0x71BD,
	0x71BE, 0x71BF, 0x71C0, 0x71C1, 0x71C2, 0x71C3, 0x71C4, 0x71C5, 0x71C6, 0x71C7, 0x71C8, 0x71C9,
	0x71CA, 0x71CB, 0x71CC, 0x71CD, 0x71CE, 0x71CF, 0x71D0, 0x71D1, 0x71D2, 0x71D3, 0x71D4, 0x71D5,
	0x71D6, 0x71D7, 0x71D8, 0x71D9, 0x71DA, 0x71DB, 0x71DC, 0x71DD, 0x71DE, 0x71DF, 0x71E0, 0x71E1,
	0x71E2, 0x71E3, 0x71E4, 0x71E5, 0x71E6, 0x71E7, 0x71E8, 0x71E9, 0x71EA, 0x71EB, 0x71EC, 0x71ED,
	0x71EE, 0x71EF, 0x71F0, 0x71F1, 0x71F2, 0x71F3, 0x71F4, 0x71F5, 0x71F6, 0x71F7, 0x71F8, 0x71F9,
	0x71FA, 0x71FB, 0x71FC, 0x71FD, 0x71FE, 0x71FF, 0x7200, 0x7201, 0x7202, 0x7203, 0x7204, 0x7205,
	0x7206, 0x7207, 0x7208, 0x7209, 0x720A, 0x720B, 0x720C, 0x720D, 0x720E, 0x720F, 0x7210, 0x7211,
	0x7212, 0x7213, 0x7214, 0x7215, 0x7216, 0x7217, 0x7218, 0x7219, 0x721A, 0x721B, 0x721C, 0x721D,
	0x721E, 0x721F, 0x7220, 0x7221, 0x7222, 0x7223, 0x7224, 0x7225, 0x7226, 0x7227, 0x7228, 0x7229,
	0x722A, 0x722B, 0x722C, 0x722D, 0x722E, 0x722F, 0x7230, 0x7231, 0x7232, 0x7233, 0x7234, 0x7235,
	0x7236, 0x7237, 0x7238, 0x7239, 0x723A, 0x723B, 0x723C, 0x723D, 0x723E, 0x723F, 0x7240, 0x7241,
	0x7242, 0x7243, 0x7244, 0x7245, 0x7246, 0x7247, 0x7248, 0x7249, 0x724A, 0x724B, 0x724C, 0x724D,
	0x724E, 0x724F, 0x7250, 0x7251, 0x7252, 0x7253, 0x7254, 0x7255, 0x7256, 0x7257, 0x7258, 0x7259,
	0x725A, 0x725B, 0x725C, 0x725D, 0x725E, 0x725F, 0x7260, 0x7261, 0x7262, 0x7263, 0x7264, 0x7265,
	0x7266, 0x7267, 0x7268, 0x7269, 0x726A, 0x726B, 0x726C, 0x726D, 0x726E, 0x726F, 0x7270, 0x7271,
	0x7272, 0x7273, 0x7274, 0x7275, 0x7276, 0x7277, 0x7278, 0x7279, 0x727A, 0x727B, 0x727C, 0x727D,
	0x727E, 0x727F, 0x7280, 0x7281, 0x7282, 0x7283, 0x7284, 0x7285, 0x7286, 0x7287, 0x7288, 0x7289,
	0x728A, 0x728B, 0x728C, 0x728D, 0x728E, 0x728F, 0x7290, 0x7291, 0x7292, 0x7293, 0x7294, 0x7295,
	0x7296, 0x7297, 0x7298, 0x7299, 0x729A, 0x729B, 0x729C, 0x729D, 0x729E, 0x729F, 0x72A0, 0x72A1,
	0x72A2, 0x72A3, 0x72A4, 0x72A5, 0x72A6, 0x72A7, 0x72A8, 0x72A9, 0x72AA, 0x72AB, 0x72AC, 0x72AD,
	0x72AE, 0x72AF, 0x72B0, 0x72B1, 0x72B2, 0x72B3, 0x72B4, 0x72B5, 0x72B6, 0x72B7, 0x72B8, 0x72B9,
	0x72BA, 0x72BB, 0x72BC, 0x72BD, 0x72BE, 0x72BF, 0x72C0, 0x72C1, 0x72C2, 0x72C3, 0x72C4, 0x72C5,
	0x72C6, 0x72C7, 0x72C8, 0x72C9, 0x72CA, 0x72CB, 0x72CC, 0x72CD, 0x72CE, 0x72CF, 0x72D0, 0x72D1,
	0x72D2, 0x72D3, 0x72D4, 0x72D5, 0x72D6, 0x72D7, 0x72D8, 0x72D9, 0x72DA, 0x72DB, 0x72DC, 0x72DD,
	0x72DE, 0x72DF, 0x72E0, 0x72E1, 0x72E2, 0x72E3, 0x72E4, 0x72E5, 0x72E6, 0x72E7, 0x72E8, 0x72E9,
	0x72EA, 0x72EB, 0x72EC, 0x72ED, 0x72EE, 0x72EF, 0x72F0, 0x72F1, 0x72F2, 0x72F3, 0x72F4, 0x72F5,
	0x72F6, 0x72F7, 0x72F8, 0x72F9, 0x72FA, 0x72FB, 0x72FC, 0x72FD, 0x72FE, 0x72FF, 0x7300, 0x7301,
	0x7302, 0x7303, 0x7304, 0x7305, 0x7306, 0x7307, 0x7308, 0x7309, 0x730A, 0x730B, 0x730C, 0x730D,
	0x730E, 0x730F, 0x7310, 0x7311, 0x7312, 0x7313, 0x7314, 0x7315, 0x7316, 0x7317, 0x7318, 0x7319,
	0x731A, 0x731B, 0x731C, 0x731D, 0x731E, 0x731F, 0x7320, 0x7321, 0x7322, 0x7323, 0x7324, 0x7325,
	0x7326, 0x7327, 0x7328, 0x7329, 0x732A, 0x732B, 0x732C, 0x732D, 0x732E, 0x732F, 0x7330, 0x7331,
	0x7332, 0x7333, 0x7334, 0x7335, 0x7336, 0x7337, 0x7338, 0x7339, 0x733A, 0x733B, 0x733C, 0x733D,
	0x733E, 0x733F, 0x7340, 0x7341, 0x7342, 0x7343, 0x7344, 0x7345, 0x7346, 0x7347, 0x7348, 0x7349,
	0x734A, 0x734B, 0x734C, 0x734D, 0x734E, 0x734F, 0x7350, 0x7351, 0x7352, 0x7353, 0x7354, 0x7355,
	0x7356, 0x7357, 0x7358, 0x7359, 0x735A, 0x735B, 0x735C, 0x735D, 0x735E, 0x735F, 0x7360, 0x7361,
	0x7362, 0x7363, 0x7364, 0x7365, 0x7366, 0x7367, 0x7368, 0x7369, 0x736A, 0x736B, 0x736C, 0x736D,
	0x736E, 0x736F, 0x7370, 0x7371, 0x7372, 0x7373, 0x7374, 0x7375, 0x7376, 0x7377, 0x7378, 0x7379,
	0x737A, 0x737B, 0x737C, 0x737D, 0x737E, 0x737F, 0x7380, 0x7381, 0x7382, 0x7383, 0x7384, 0x7385,
	0x7386, 0x7387, 0x7388, 0x7389, 0x738A, 0x738B, 0x738C, 0x738D, 0x738E, 0x738F, 0x7390, 0x7391,
	0x7392, 0x7393, 0x7394, 0x7395, 0x7396, 0x7397, 0x7398, 0x7399, 0x739A, 0x739B, 0x739C, 0x739D,
	0x739E, 0x739F, 0x73A0, 0x73A1, 0x73A2, 0x73A3, 0x73A4, 0x73A5, 0x73A6, 0x73A7, 0x73A8, 0x73A9,
	0x73AA, 0x73AB, 0x73AC, 0x73AD, 0x73AE, 0x73AF, 0x73B0, 0x73B1, 0x73B2, 0x73B3, 0x73B4, 0x73B5,
	0x73B6, 0x73B7, 0x73B8, 0x73B9, 0x73BA, 0x73BB, 0x73BC, 0x73BD, 0x73BE, 0x73BF, 0x73C0, 0x73C1,
	0x73C2, 0x73C3, 0x73C4, 0x73C5, 0x73C6, 0x73C7, 0x73C8, 0x73C9, 0x73CA, 0x73CB, 0x73CC, 0x73CD,
	0x73CE, 0x73CF, 0x73D0, 0x73D1, 0x73D2, 0x73D3, 0x73D4, 0x73D5, 0x73D6, 0x73D7, 0x73D8, 0x73D9,
	0x73DA, 0x73DB, 0x73DC, 0x73DD, 0x73DE, 0x73DF, 0x73E0, 0x73E1, 0x73E2, 0x73E3, 0x73E4, 0x73E5,
	0x73E6, 0x73E7, 0x73E8, 0x73E9, 0x73EA, 0x73EB, 0x73EC, 0x73ED, 0x73EE, 0x73EF, 0x73F0, 0x73F1,
	0x73F2, 0x73F3, 0x73F4, 0x73F5, 0x73F6, 0x73F7, 0x73F8, 0x73F9, 0x73FA, 0x73FB, 0x73FC, 0x73FD,
	0x73FE, 0x73FF, 0x7400, 0x7401, 0x7402, 0x7403, 0x7404, 0x7405, 0x7406, 0x7407, 0x7408, 0x7409,
	0x740A, 0x740B, 0x740C, 0x740D, 0x740E, 0x740F, 0x7410, 0x7411, 0x7412, 0x7413, 0x7414, 0x7415,
	0x7416, 0x7417, 0x7418, 0x7419, 0x741A, 0x741B, 0x741C, 0x741D, 0x741E, 0x741F, 0x7420, 0x7421,
	0x7422, 0x7423, 0x7424, 0x7425, 0x7426, 0x7427, 0x7428, 0x7429, 0x742A, 0x742B, 0x742C, 0x742D,
	0x742E, 0x742F, 0x7430, 0x7431, 0x7432, 0x7433, 0x7434, 0x7435, 0x7436, 0x7437, 0x7438, 0x7439,
	0x743A, 0x743B, 0x743C, 0x743D, 0x743E, 0x743F, 0x7440, 0x7441, 0x7442, 0x7443, 0x7444, 0x7445,
	0x7446, 0x7447, 0x7448, 0x7449, 0x744A, 0x744B, 0x744C, 0x744D, 0x744E, 0x744F, 0x7450, 0x7451,
	0x7452, 0x7453, 0x7454, 0x7455, 0x7456, 0x7457, 0x7458, 0x7459, 0x745A, 0x745B, 0x745C, 0x745D,
	0x745E, 0x745F, 0x7460, 0x7461, 0x7462, 0x7463, 0x7464, 0x7465, 0x7466, 0x7467, 0x7468, 0x7469,
	0x746A, 0x746B, 0x746C, 0x746D, 0x746E, 0x746F, 0x7470, 0x7471, 0x7472, 0x7473, 0x7474, 0x7475,
	0x7476, 0x7477, 0x7478, 0x7479, 0x747A, 0x747B, 0x747C, 0x747D, 0x747E, 0x747F, 0x7480, 0x7481,
	0x7482, 0x7483, 0x7484, 0x7485, 0x7486, 0x7487, 0x7488, 0x7489, 0x748A, 0x748B, 0x748C, 0x748D,
	0x748E, 0x748F, 0x7490, 0x7491, 0x7492, 0x7493, 0x7494, 0x7495, 0x7496, 0x7497, 0x7498, 0x7499,
	0x749A, 0x749B, 0x749C, 0x749D, 0x749E, 0x749F, 0x74A0, 0x74A1, 0x74A2, 0x74A3, 0x74A4, 0x74A5,
	0x74A6, 0x74A7, 0x74A8, 0x74A9, 0x74AA, 0x74AB, 0x74AC, 0x74AD, 0x74AE, 0x74AF, 0x74B0, 0x74B1,
	0x74B2, 0x74B3, 0x74B4, 0x74B5, 0x74B6, 0x74B7, 0x74B8, 0x74B9, 0x74BA, 0x74BB, 0x74BC, 0x74BD,
	0x74BE, 0x74BF, 0x74C0, 0x74C1, 0x74C2, 0x74C3, 0x74C4, 0x74C5, 0x74C6, 0x74C7, 0x74C8, 0x74C9,
	0x74CA, 0x74CB, 0x74CC, 0x74CD, 0x74CE, 0x74CF, 0x74D0, 0x74D1, 0x74D2, 0x74D3, 0x74D4, 0x74D5,
	0x74D6, 0x74D7, 0x74D8, 0x74D9, 0x74DA, 0x74DB, 0x74DC, 0x74DD, 0x74DE, 0x74DF, 0x74E0, 0x74E1,
	0x74E2, 0x74E3, 0x74E4, 0x74E5, 0x74E6, 0x74E7, 0x74E8, 0x74E9, 0x74EA, 0x74EB, 0x74EC, 0x74ED,
	0x74EE, 0x74EF, 0x74F0, 0x74F1, 0x74F2, 0x74F3, 0x74F4, 0x74F5, 0x74F6, 0x74F7, 0x74F8, 0x74F9,
	0x74FA, 0x74FB, 0x74FC, 0x74FD, 0x74FE, 0x74FF, 0x7500, 0x7501, 0x7502, 0x7503, 0x7504, 0x7505,
	0x7506, 0x7507, 0x7508, 0x7509, 0x750A, 0x750B, 0x750C, 0x750D, 0x750E, 0x750F, 0x7510, 0x7511,
	0x7512, 0x7513, 0x7514, 0x7515, 0x7516, 0x7517, 0x7518, 0x7519, 0x751A, 0x751B, 0x751C, 0x751D,
	0x751E, 0x751F, 0x7520, 0x7521, 0x7522, 0x7523, 0x7524, 0x7525, 0x7526, 0x7527, 0x7528, 0x7529,
	0x752A, 0x752B, 0x752C, 0x752D, 0x752E, 0x752F, 0x7530, 0x7531, 0x7532, 0x7533, 0x7534, 0x7535,
	0x7536, 0x7537, 0x7538, 0x7539, 0x753A, 0x753B, 0x753C, 0x753D, 0x753E, 0x753F, 0x7540, 0x7541,
	0x7542, 0x7543, 0x7544, 0x7545, 0x7546, 0x7547, 0x7548, 0x7549, 0x754A, 0x754B, 0x754C, 0x754D,
	0x754E, 0x754F, 0x7550, 0x7551, 0x7552, 0x7553, 0x7554, 0x7555, 0x7556, 0x7557, 0x7558, 0x7559,
	0x755A, 0x755B, 0x755C, 0x755D, 0x755E, 0x755F, 0x7560, 0x7561, 0x7562, 0x7563, 0x7564, 0x7565,
	0x7566, 0x7567, 0x7568, 0x7569, 0x756A, 0x756B, 0x756C, 0x756D, 0x756E, 0x756F, 0x7570, 0x7571,
	0x7572, 0x7573, 0x7574, 0x7575, 0x7576, 0x7577, 0x7578, 0x7579, 0x757A, 0x757B, 0x757C, 0x757D,
	0x757E, 0x757F, 0x7580, 0x7581, 0x7582, 0x7583, 0x7584, 0x7585, 0x7586, 0x7587, 0x7588, 0x7589,
	0x758A, 0x758B, 0x758C, 0x758D, 0x758E, 0x758F, 0x7590, 0x7591, 0x7592, 0x7593, 0x7594, 0x7595,
	0x7596, 0x7597, 0x7598, 0x7599, 0x759A, 0x759B, 0x759C, 0x759D, 0x759E, 0x759F, 0x75A0, 0x75A1,
	0x75A2, 0x75A3, 0x75A4, 0x75A5, 0x75A6, 0x75A7, 0x75A8, 0x75A9, 0x75AA, 0x75AB, 0x75AC, 0x75AD,
	0x75AE, 0x75AF, 0x75B0, 0x75B1, 0x75B2, 0x75B3, 0x75B4, 0x75B5, 0x75B6, 0x75B7, 0x75B8, 0x75B9,
	0x75BA, 0x75BB, 0x75BC, 0x75BD, 0x75BE, 0x75BF, 0x75C0, 0x75C1, 0x75C2, 0x75C3, 0x75C4, 0x75C5,
	0x75C6, 0x75C7, 0x75C8, 0x75C9, 0x75CA, 0x75CB, 0x75CC, 0x75CD, 0x75CE, 0x75CF, 0x75D0, 0x75D1,
	0x75D2, 0x75D3, 0x75D4, 0x75D5, 0x75D6, 0x75D7, 0x75D8, 0x75D9, 0x75DA, 0x75DB, 0x75DC, 0x75DD,
	0x75DE, 0x75DF, 0x75E0, 0x75E1, 0x75E2, 0x75E3, 0x75E4, 0x75E5, 0x75E6, 0x75E7, 0x75E8, 0x75E9,
	0x75EA, 0x75EB, 0x75EC, 0x75ED, 0x75EE, 0x75EF, 0x75F0, 0x75F1, 0x75F2, 0x75F3, 0x75F4, 0x75F5,
	0x75F6, 0x75F7, 0x75F8, 0x75F9, 0x75FA, 0x75FB, 0x75FC, 0x75FD, 0x75FE, 0x75FF, 0x7600, 0x7601,
	0x7602, 0x7603, 0x7604, 0x7605, 0x7606, 0x7607, 0x7608, 0x7609, 0x760A, 0x760B, 0x760C, 0x760D,
	0x760E, 0x760F, 0x7610, 0x7611, 0x7612, 0x7613, 0x7614, 0x7615, 0x7616, 0x7617, 0x7618, 0x7619,
	0x761A, 0x761B, 0x761C, 0x761D, 0x761E, 0x761F, 0x7620, 0x7621, 0x7622, 0x7623, 0x7624, 0x7625,
	0x7626, 0x7627, 0x7628, 0x7629, 0x762A, 0x762B, 0x762C, 0x762D, 0x762E, 0x762F, 0x7630, 0x7631,
	0x7632, 0x7633, 0x7634, 0x7635, 0x7636, 0x7637, 0x7638, 0x7639, 0x763A, 0x763B, 0x763C, 0x763D,
	0x763E, 0x763F, 0x7640, 0x7641, 0x7642, 0x7643, 0x7644, 0x7645, 0x7646, 0x7647, 0x7648, 0x7649,
	0x764A, 0x764B, 0x764C, 0x764D, 0x764E, 0x764F, 0x7650, 0x7651, 0x7652, 0x7653, 0x7654, 0x7655,
	0x7656, 0x7657, 0x7658, 0x7659, 0x765A, 0x765B, 0x765C, 0x765D, 0x765E, 0x765F, 0x7660, 0x7661,
	0x7662, 0x7663, 0x7664, 0x7665, 0x7666, 0x7667, 0x7668, 0x7669, 0x766A, 0x766B, 0x766C, 0x766D,
	0x766E, 0x766F, 0x7670, 0x7671, 0x7672, 0x7673, 0x7674, 0x7675, 0x7676, 0x7677, 0x7678, 0x7679,
	0x767A, 0x767B, 0x767C, 0x767D, 0x767E, 0x767F, 0x7680, 0x7681, 0x7682, 0x7683, 0x7684, 0x7685,
	0x7686, 0x7687, 0x7688, 0x7689, 0x768A, 0x768B, 0x768C, 0x768D, 0x768E, 0x768F, 0x7690, 0x7691,
	0x7692, 0x7693, 0x7694, 0x7695, 0x7696, 0x7697, 0x7698, 0x7699, 0x769A, 0x769B, 0x769C, 0x769D,
	0x769E, 0x769F, 0x76A0, 0x76A1, 0x76A2, 0x76A3, 0x76A4, 0x76A5, 0x76A6, 0x76A7, 0x76A8, 0x76A9,
	0x76AA, 0x76AB, 0x76AC, 0x76AD, 0x76AE, 0x76AF, 0x76B0, 0x76B1, 0x76B2, 0x76B3, 0x76B4, 0x76B5,
	0x76B6, 0x76B7, 0x76B8, 0x76B9, 0x76BA, 0x76BB, 0x76BC, 0x76BD, 0x76BE, 0x76BF, 0x76C0, 0x76C1,
	0x76C2, 0x76C3, 0x76C4, 0x76C5, 0x76C6, 0x76C7, 0x76C8, 0x76C9, 0x76CA, 0x76CB, 0x76CC, 0x76CD,
	0x76CE, 0x76CF, 0x76D0, 0x76D1, 0x76D2, 0x76D3, 0x76D4, 0x76D5, 0x76D6, 0x76D7, 0x76D8, 0x76D9,
	0x76DA, 0x76DB, 0x76DC, 0x76DD, 0x76DE, 0x76DF, 0x76E0, 0x76E1, 0x76E2, 0x76E3, 0x76E4, 0x76E5,
	0x76E6, 0x76E7, 0x76E8, 0x76E9, 0x76EA, 0x76EB, 0x76EC, 0x76ED, 0x76EE, 0x76EF, 0x76F0, 0x76F1,
	0x76F2, 0x76F3, 0x76F4, 0x76F5, 0x76F6, 0x76F7, 0x76F8, 0x76F9, 0x76FA, 0x76FB, 0x76FC, 0x76FD,
	0x76FE, 0x76FF, 0x7700, 0x7701, 0x7702, 0x7703, 0x7704, 0x7705, 0x7706, 0x7707, 0x7708, 0x7709,
	0x770A, 0x770B, 0x770C, 0x770D, 0x770E, 0x770F, 0x7710, 0x7711, 0x7712, 0x7713, 0x7714, 0x7715,
	0x7716, 0x7717, 0x7718, 0x7719, 0x771A, 0x771B, 0x771C, 0x771D, 0x771E, 0x771F, 0x7720, 0x7721,
	0x7722, 0x7723, 0x7724, 0x7725, 0x7726, 0x7727, 0x7728, 0x7729, 0x772A, 0x772B, 0x772C, 0x772D,
	0x772E, 0x772F, 0x7730, 0x7731, 0x7732, 0x7733, 0x7734, 0x7735, 0x7736, 0x7737, 0x7738, 0x7739,
	0x773A, 0x773B, 0x773C, 0x773D, 0x773E, 0x773F, 0x7740, 0x7741, 0x7742, 0x7743, 0x7744, 0x7745,
	0x7746, 0x7747, 0x7748, 0x7749, 0x774A, 0x774B, 0x774C, 0x774D, 0x774E, 0x774F, 0x7750, 0x7751,
	0x7752, 0x7753, 0x7754, 0x7755, 0x7756, 0x7757, 0x7758, 0x7759, 0x775A, 0x775B, 0x775C, 0x775D,
	0x775E, 0x775F, 0x7760, 0x7761, 0x7762, 0x7763, 0x7764, 0x7765, 0x7766, 0x7767, 0x7768, 0x7769,
	0x776A, 0x776B, 0x776C, 0x776D, 0x776E, 0x776F, 0x7770, 0x7771, 0x7772, 0x7773, 0x7774, 0x7775,
	0x7776, 0x7777, 0x7778, 0x7779, 0x777A, 0x777B, 0x777C, 0x777D, 0x777E, 0x777F, 0x7780, 0x7781,
	0x7782, 0x7783, 0x7784, 0x7785, 0x7786, 0x7787, 0x7788, 0x7789, 0x778A, 0x778B, 0x778C, 0x778D,
	0x778E, 0x778F, 0x7790, 0x7791, 0x7792, 0x7793, 0x7794, 0x7795, 0x7796, 0x7797, 0x7798, 0x7799,
	0x779A, 0x779B, 0x779C, 0x779D, 0x779E, 0x779F, 0x77A0, 0x77A1, 0x77A2, 0x77A3, 0x77A4, 0x77A5,
	0x77A6, 0x77A7, 0x77A8, 0x77A9, 0x77AA, 0x77AB, 0x77AC, 0x77AD, 0x77AE, 0x77AF, 0x77B0, 0x77B1,
	0x77B2, 0x77B3, 0x77B4, 0x77B5, 0x77B6, 0x77B7, 0x77B8, 0x77B9, 0x77BA, 0x77BB, 0x77BC, 0x77BD,
	0x77BE, 0x77BF, 0x77C0, 0x77C1, 0x77C2, 0x77C3, 0x77C4, 0x77C5, 0x77C6, 0x77C7, 0x77C8, 0x77C9,
	0x77CA, 0x77CB, 0x77CC, 0x77CD, 0x77CE, 0x77CF, 0x77D0, 0x77D1, 0x77D2, 0x77D3, 0x77D4, 0x77D5,
	0x77D6, 0x77D7, 0x77D8, 0x77D9, 0x77DA, 0x77DB, 0x77DC, 0x77DD, 0x77DE, 0x77DF, 0x77E0, 0x77E1,
	0x77E2, 0x77E3, 0x77E4, 0x77E5, 0x77E6, 0x77E7, 0x77E8, 0x77E9, 0x77EA, 0x77EB, 0x77EC, 0x77ED,
	0x77EE, 0x77EF, 0x77F0, 0x77F1, 0x77F2, 0x77F3, 0x77F4, 0x77F5, 0x77F6, 0x77F7, 0x77F8, 0x77F9,
	0x77FA, 0x77FB, 0x77FC, 0x77FD, 0x77FE, 0x77FF, 0x7800, 0x7801, 0x7802, 0x7803, 0x7804, 0x7805,
	0x7806, 0x7807, 0x7808, 0x7809, 0x780A, 0x780B, 0x780C, 0x780D, 0x780E, 0x780F, 0x7810, 0x7811,
	0x7812, 0x7813, 0x7814, 0x7815, 0x7816, 0x7817, 0x7818, 0x7819, 0x781A, 0x781B, 0x781C, 0x781D,
	0x781E, 0x781F, 0x7820, 0x7821, 0x7822, 0x7823, 0x7824, 0x7825, 0x7826, 0x7827, 0x7828, 0x7829,
	0x782A, 0x782B, 0x782C, 0x782D, 0x782E, 0x782F, 0x7830, 0x7831, 0x7832, 0x7833, 0x7834, 0x7835,
	0x7836, 0x7837, 0x7838, 0x7839, 0x783A, 0x783B, 0x783C, 0x783D, 0x783E, 0x783F, 0x7840, 0x7841,
	0x7842, 0x7843, 0x7844, 0x7845, 0x7846, 0x7847, 0x7848, 0x7849, 0x784A, 0x784B, 0x784C, 0x784D,
	0x784E, 0x784F, 0x7850, 0x7851, 0x7852, 0x7853, 0x7854, 0x7855, 0x7856, 0x7857, 0x7858, 0x7859,
	0x785A, 0x785B, 0x785C, 0x785D, 0x785E, 0x785F, 0x7860, 0x7861, 0x7862, 0x7863, 0x7864, 0x7865,
	0x7866, 0x7867, 0x7868, 0x7869, 0x786A, 0x786B, 0x786C, 0x786D, 0x786E, 0x786F, 0x7870, 0x7871,
	0x7872, 0x7873, 0x7874, 0x7875, 0x7876, 0x7877, 0x7878, 0x7879, 0x787A, 0x787B, 0x787C, 0x787D,
	0x787E, 0x787F, 0x7880, 0x7881, 0x7882, 0x7883, 0x7884, 0x7885, 0x7886, 0x7887, 0x7888, 0x7889,
	0x788A, 0x788B, 0x788C, 0x788D, 0x788E, 0x788F, 0x7890, 0x7891, 0x7892, 0x7893, 0x7894, 0x7895,
	0x7896, 0x7897, 0x7898, 0x7899, 0x789A, 0x789B, 0x789C, 0x789D, 0x789E, 0x789F, 0x78A0, 0x78A1,
	0x78A2, 0x78A3, 0x78A4, 0x78A5, 0x78A6, 0x78A7, 0x78A8, 0x78A9, 0x78AA, 0x78AB, 0x78AC, 0x78AD,
	0x78AE, 0x78AF, 0x78B0, 0x78B1, 0x78B2, 0x78B3, 0x78B4, 0x78B5, 0x78B6, 0x78B7, 0x78B8, 0x78B9,
	0x78BA, 0x78BB, 0x78BC, 0x78BD, 0x78BE, 0x78BF, 0x78C0, 0x78C1, 0x78C2, 0x78C3, 0x78C4, 0x78C5,
	0x78C6, 0x78C7, 0x78C8, 0x78C9, 0x78CA, 0x78CB, 0x78CC, 0x78CD, 0x78CE, 0x78CF, 0x78D0, 0x78D1,
	0x78D2, 0x78D3, 0x78D4, 0x78D5, 0x78D6, 0x78D7, 0x78D8, 0x78D9, 0x78DA, 0x78DB, 0x78DC, 0x78DD,
	0x78DE, 0x78DF, 0x78E0, 0x78E1, 0x78E2, 0x78E3, 0x78E4, 0x78E5, 0x78E6, 0x78E7, 0x78E8, 0x78E9,
	0x78EA, 0x78EB, 0x78EC, 0x78ED, 0x78EE, 0x78EF, 0x78F0, 0x78F1, 0x78F2, 0x78F3, 0x78F4, 0x78F5,
	0x78F6, 0x78F7, 0x78F8, 0x78F9, 0x78FA, 0x78FB, 0x78FC, 0x78FD, 0x78FE, 0x78FF, 0x7900, 0x7901,
	0x7902, 0x7903, 0x7904, 0x7905, 0x7906, 0x7907, 0x7908, 0x7909, 0x790A, 0x790B, 0x790C, 0x790D,
	0x790E, 0x790F, 0x7910, 0x7911, 0x7912, 0x7913, 0x7914, 0x7915, 0x7916, 0x7917, 0x7918, 0x7919,
	0x791A, 0x791B, 0x791C, 0x791D, 0x791E, 0x791F, 0x7920, 0x7921, 0x7922, 0x7923, 0x7924, 0x7925,
	0x7926, 0x7927, 0x7928, 0x7929, 0x792A, 0x792B, 0x792C, 0x792D, 0x792E, 0x792F, 0x7930, 0x7931,
	0x7932, 0x7933, 0x7934, 0x7935, 0x7936, 0x7937, 0x7938, 0x7939, 0x793A, 0x793B, 0x793C, 0x793D,
	0x793E, 0x793F, 0x7940, 0x7941, 0x7942, 0x7943, 0x7944, 0x7945, 0x7946, 0x7947, 0x7948, 0x7949,
	0x794A, 0x794B, 0x794C, 0x794D, 0x794E, 0x794F, 0x7950, 0x7951, 0x7952, 0x7953, 0x7954, 0x7955,
	0x7956, 0x7957, 0x7958, 0x7959, 0x795A, 0x795B, 0x795C, 0x795D, 0x795E, 0x795F, 0x7960, 0x7961,
	0x7962, 0x7963, 0x7964, 0x7965, 0x7966, 0x7967, 0x7968, 0x7969, 0x796A, 0x796B, 0x796C, 0x796D,
	0x796E, 0x796F, 0x7970, 0x7971, 0x7972, 0x7973, 0x7974, 0x7975, 0x7976, 0x7977, 0x7978, 0x7979,
	0x797A, 0x797B, 0x797C, 0x797D, 0x797E, 0x797F, 0x7980, 0x7981, 0x7982, 0x7983, 0x7984, 0x7985,
	0x7986, 0x7987, 0x7988, 0x7989, 0x798A, 0x798B, 0x798C, 0x798D, 0x798E, 0x798F, 0x7990, 0x7991,
	0x7992, 0x7993, 0x7994, 0x7995, 0x7996, 0x7997, 0x7998, 0x7999, 0x799A, 0x799B, 0x799C, 0x799D,
	0x799E, 0x799F, 0x79A0, 0x79A1, 0x79A2, 0x79A3, 0x79A4, 0x79A5, 0x79A6, 0x79A7, 0x79A8, 0x79A9,
	0x79AA, 0x79AB, 0x79AC, 0x79AD, 0x79AE, 0x79AF, 0x79B0, 0x79B1, 0x79B2, 0x79B3, 0x79B4, 0x79B5,
	0x79B6, 0x79B7, 0x79B8, 0x79B9, 0x79BA, 0x79BB, 0x79BC, 0x79BD, 0x79BE, 0x79BF, 0x79C0, 0x79C1,
	0x79C2, 0x79C3, 0x79C4, 0x79C5, 0x79C6, 0x79C7, 0x79C8, 0x79C9, 0x79CA, 0x79CB, 0x79CC, 0x79CD,
	0x79CE, 0x79CF, 0x79D0, 0x79D1, 0x79D2, 0x79D3, 0x79D4, 0x79D5, 0x79D6, 0x79D7, 0x79D8, 0x79D9,
	0x79DA, 0x79DB, 0x79DC, 0x79DD, 0x79DE, 0x79DF, 0x79E0, 0x79E1, 0x79E2, 0x79E3, 0x79E4, 0x79E5,
	0x79E6, 0x79E7, 0x79E8, 0x79E9, 0x79EA, 0x79EB, 0x79EC, 0x79ED, 0x79EE, 0x79EF, 0x79F0, 0x79F1,
	0x79F2, 0x79F3, 0x79F4, 0x79F5, 0x79F6, 0x79F7, 0x79F8, 0x79F9, 0x79FA, 0x79FB, 0x79FC, 0x79FD,
	0x79FE, 0x79FF, 0x7A00, 0x7A01, 0x7A02, 0x7A03, 0x7A04, 0x7A05, 0x7A06, 0x7A07, 0x7A08, 0x7A09,
	0x7A0A, 0x7A0B, 0x7A0C, 0x7A0D, 0x7A0E, 0x7A0F, 0x7A10, 0x7A11, 0x7A12, 0x7A13, 0x7A14, 0x7A15,
	0x7A16, 0x7A17, 0x7A18, 0x7A19, 0x7A1A, 0x7A1B, 0x7A1C, 0x7A1D, 0x7A1E, 0x7A1F, 0x7A20, 0x7A21,
	0x7A22, 0x7A23, 0x7A24, 0x7A25, 0x7A26, 0x7A27, 0x7A28, 0x7A29, 0x7A2A, 0x7A2B, 0x7A2C, 0x7A2D,
	0x7A2E, 0x7A2F, 0x7A30, 0x7A31, 0x7A32, 0x7A33, 0x7A34, 0x7A35, 0x7A36, 0x7A37, 0x7A38, 0x7A39,
	0x7A3A, 0x7A3B, 0x7A3C, 0x7A3D, 0x7A3E, 0x7A3F, 0x7A40, 0x7A41, 0x7A42, 0x7A43, 0x7A44, 0x7A45,
	0x7A46, 0x7A47, 0x7A48, 0x7A49, 0x7A4A, 0x7A4B, 0x7A4C, 0x7A4D, 0x7A4E, 0x7A4F, 0x7A50, 0x7A51,
	0x7A52, 0x7A53, 0x7A54, 0x7A55, 0x7A56, 0x7A57, 0x7A58, 0x7A59, 0x7A5A, 0x7A5B, 0x7A5C, 0x7A5D,
	0x7A5E, 0x7A5F, 0x7A60, 0x7A61, 0x7A62, 0x7A63, 0x7A64, 0x7A65, 0x7A66, 0x7A67, 0x7A68, 0x7A69,
	0x7A6A, 0x7A6B, 0x7A6C, 0x7A6D, 0x7A6E, 0x7A6F, 0x7A70, 0x7A71, 0x7A72, 0x7A73, 0x7A74, 0x7A75,
	0x7A76, 0x7A77, 0x7A78, 0x7A79, 0x7A7A, 0x7A7B, 0x7A7C, 0x7A7D, 0x7A7E, 0x7A7F, 0x7A80, 0x7A81,
	0x7A82, 0x7A83, 0x7A84, 0x7A85, 0x7A86, 0x7A87, 0x7A88, 0x7A89, 0x7A8A, 0x7A8B, 0x7A8C, 0x7A8D,
	0x7A8E, 0x7A8F, 0x7A90, 0x7A91, 0x7A92, 0x7A93, 0x7A94, 0x7A95, 0x7A96, 0x7A97, 0x7A98, 0x7A99,
	0x7A9A, 0x7A9B, 0x7A9C, 0x7A9D, 0x7A9E, 0x7A9F, 0x7AA0, 0x7AA1, 0x7AA2, 0x7AA3, 0x7AA4, 0x7AA5,
	0x7AA6, 0x7AA7, 0x7AA8, 0x7AA9, 0x7AAA, 0x7AAB, 0x7AAC, 0x7AAD, 0x7AAE, 0x7AAF, 0x7AB0, 0x7AB1,
	0x7AB2, 0x7AB3, 0x7AB4, 0x7AB5, 0x7AB6, 0x7AB7, 0x7AB8, 0x7AB9, 0x7ABA, 0x7ABB, 0x7ABC, 0x7ABD,
	0x7ABE, 0x7ABF, 0x7AC0, 0x7AC1, 0x7AC2, 0x7AC3, 0x7AC4, 0x7AC5, 0x7AC6, 0x7AC7, 0x7AC8, 0x7AC9,
	0x7ACA, 0x7ACB, 0x7ACC, 0x7ACD, 0x7ACE, 0x7ACF, 0x7AD0, 0x7AD1, 0x7AD2, 0x7AD3, 0x7AD4, 0x7AD5,
	0x7AD6, 0x7AD7, 0x7AD8, 0x7AD9, 0x7ADA, 0x7ADB, 0x7ADC, 0x7ADD, 0x7ADE, 0x7ADF, 0x7AE0, 0x7AE1,
	0x7AE2, 0x7AE3, 0x7AE4, 0x7AE5, 0x7AE6, 0x7AE7, 0x7AE8, 0x7AE9, 0x7AEA, 0x7AEB, 0x7AEC, 0x7AED,
	0x7AEE, 0x7AEF, 0x7AF0, 0x7AF1, 0x7AF2, 0x7AF3, 0x7AF4, 0x7AF5, 0x7AF6, 0x7AF7, 0x7AF8, 0x7AF9,
	0x7AFA, 0x7AFB, 0x7AFC, 0x7AFD, 0x7AFE, 0x7AFF, 0x7B00, 0x7B01, 0x7B02, 0x7B03, 0x7B04, 0x7B05,
	0x7B06, 0x7B07, 0x7B08, 0x7B09, 0x7B0A, 0x7B0B, 0x7B0C, 0x7B0D, 0x7B0E, 0x7B0F, 0x7B10, 0x7B11,
	0x7B12, 0x7B13, 0x7B14, 0x7B15, 0x7B16, 0x7B17, 0x7B18, 0x7B19, 0x7B1A, 0x7B1B, 0x7B1C, 0x7B1D,
	0x7B1E, 0x7B1F, 0x7B20, 0x7B21, 0x7B22, 0x7B23, 0x7B24, 0x7B25, 0x7B26, 0x7B27, 0x7B28, 0x7B29,
	0x7B2A, 0x7B2B, 0x7B2C, 0x7B2D, 0x7B2E, 0x7B2F, 0x7B30, 0x7B31, 0x7B32, 0x7B33, 0x7B34, 0x7B35,
	0x7B36, 0x7B37, 0x7B38, 0x7B39, 0x7B3A, 0x7B3B, 0x7B3C, 0x7B3D, 0x7B3E, 0x7B3F, 0x7B40, 0x7B41,
	0x7B42, 0x7B43, 0x7B44, 0x7B45, 0x7B46, 0x7B47, 0x7B48, 0x7B49, 0x7B4A, 0x7B4B, 0x7B4C, 0x7B4D,
	0x7B4E, 0x7B4F, 0x7B50, 0x7B51, 0x7B52, 0x7B53, 0x7B54, 0x7B55, 0x7B56, 0x7B57, 0x7B58, 0x7B59,
	0x7B5A, 0x7B5B, 0x7B5C, 0x7B5D, 0x7B5E, 0x7B5F, 0x7B60, 0x7B61, 0x7B62, 0x7B63, 0x7B64, 0x7B65,
	0x7B66, 0x7B67, 0x7B68, 0x7B69, 0x7B6A, 0x7B6B, 0x7B6C, 0x7B6D, 0x7B6E, 0x7B6F, 0x7B70, 0x7B71,
	0x7B72, 0x7B73, 0x7B74, 0x7B75, 0x7B76, 0x7B77, 0x7B78, 0x7B79, 0x7B7A, 0x7B7B, 0x7B7C, 0x7B7D,
	0x7B7E, 0x7B7F, 0x7B80, 0x7B81, 0x7B82, 0x7B83, 0x7B84, 0x7B85, 0x7B86, 0x7B87, 0x7B88, 0x7B89,
	0x7B8A, 0x7B8B, 0x7B8C, 0x7B8D, 0x7B8E, 0x7B8F, 0x7B90, 0x7B91, 0x7B92, 0x7B93, 0x7B94, 0x7B95,
	0x7B96, 0x7B97, 0x7B98, 0x7B99, 0x7B9A, 0x7B9B, 0x7B9C, 0x7B9D, 0x7B9E, 0x7B9F, 0x7BA0, 0x7BA1,
	0x7BA2, 0x7BA3, 0x7BA4, 0x7BA5, 0x7BA6, 0x7BA7, 0x7BA8, 0x7BA9, 0x7BAA, 0x7BAB, 0x7BAC, 0x7BAD,
	0x7BAE, 0x7BAF, 0x7BB0, 0x7BB1, 0x7BB2, 0x7BB3, 0x7BB4, 0x7BB5, 0x7BB6, 0x7BB7, 0x7BB8, 0x7BB9,
	0x7BBA, 0x7BBB, 0x7BBC, 0x7BBD, 0x7BBE, 0x7BBF, 0x7BC0, 0x7BC1, 0x7BC2, 0x7BC3, 0x7BC4, 0x7BC5,
	0x7BC6, 0x7BC7, 0x7BC8, 0x7BC9, 0x7BCA, 0x7BCB, 0x7BCC, 0x7BCD, 0x7BCE, 0x7BCF, 0x7BD0, 0x7BD1,
	0x7BD2, 0x7BD3, 0x7BD4, 0x7BD5, 0x7BD6, 0x7BD7, 0x7BD8, 0x7BD9, 0x7BDA, 0x7BDB, 0x7BDC, 0x7BDD,
	0x7BDE, 0x7BDF, 0x7BE0, 0x7BE1, 0x7BE2, 0x7BE3, 0x7BE4, 0x7BE5, 0x7BE6, 0x7BE7, 0x7BE8, 0x7BE9,
	0x7BEA, 0x7BEB, 0x7BEC, 0x7BED, 0x7BEE, 0x7BEF, 0x7BF0, 0x7BF1, 0x7BF2, 0x7BF3, 0x7BF4, 0x7BF5,
	0x7BF6, 0x7BF7, 0x7BF8, 0x7BF9, 0x7BFA, 0x7BFB, 0x7BFC, 0x7BFD, 0x7BFE, 0x7BFF, 0x7C00, 0x7C01,
	0x7C02, 0x7C03, 0x7C04, 0x7C05, 0x7C06, 0x7C07, 0x7C08, 0x7C09, 0x7C0A, 0x7C0B, 0x7C0C, 0x7C0D,
	0x7C0E, 0x7C0F, 0x7C10, 0x7C11, 0x7C12, 0x7C13, 0x7C14, 0x7C15, 0x7C16, 0x7C17, 0x7C18, 0x7C19,
	0x7C1A, 0x7C1B, 0x7C1C, 0x7C1D, 0x7C1E, 0x7C1F, 0x7C20, 0x7C21, 0x7C22, 0x7C23, 0x7C24, 0x7C25,
	0x7C26, 0x7C27, 0x7C28, 0x7C29, 0x7C2A, 0x7C2B, 0x7C2C, 0x7C2D, 0x7C2E, 0x7C2F, 0x7C30, 0x7C31,
	0x7C32, 0x7C33, 0x7C34, 0x7C35, 0x7C36, 0x7C37, 0x7C38, 0x7C39, 0x7C3A, 0x7C3B, 0x7C3C, 0x7C3D,
	0x7C3E, 0x7C3F, 0x7C40, 0x7C41, 0x7C42, 0x7C43, 0x7C44, 0x7C45, 0x7C46, 0x7C47, 0x7C48, 0x7C49,
	0x7C4A, 0x7C4B, 0x7C4C, 0x7C4D, 0x7C4E, 0x7C4F, 0x7C50, 0x7C51, 0x7C52, 0x7C53, 0x7C54, 0x7C55,
	0x7C56, 0x7C57, 0x7C58, 0x7C59, 0x7C5A, 0x7C5B, 0x7C5C, 0x7C5D, 0x7C5E, 0x7C5F, 0x7C60, 0x7C61,
	0x7C62, 0x7C63, 0x7C64, 0x7C65, 0x7C66, 0x7C67, 0x7C68, 0x7C69, 0x7C6A, 0x7C6B, 0x7C6C, 0x7C6D,
	0x7C6E, 0x7C6F, 0x7C70, 0x7C71, 0x7C72, 0x7C73, 0x7C74, 0x7C75, 0x7C76, 0x7C77, 0x7C78, 0x7C79,
	0x7C7A, 0x7C7B, 0x7C7C, 0x7C7D, 0x7C7E, 0x7C7F, 0x7C80, 0x7C81, 0x7C82, 0x7C83, 0x7C84, 0x7C85,
	0x7C86, 0x7C87, 0x7C88, 0x7C89, 0x7C8A, 0x7C8B, 0x7C8C, 0x7C8D, 0x7C8E, 0x7C8F, 0x7C90, 0x7C91,
	0x7C92, 0x7C93, 0x7C94, 0x7C95, 0x7C96, 0x7C97, 0x7C98, 0x7C99, 0x7C9A, 0x7C9B, 0x7C9C, 0x7C9D,
	0x7C9E, 0x7C9F, 0x7CA0, 0x7CA1, 0x7CA2, 0x7CA3, 0x7CA4, 0x7CA5, 0x7CA6, 0x7CA7, 0x7CA8, 0x7CA9,
	0x7CAA, 0x7CAB, 0x7CAC, 0x7CAD, 0x7CAE, 0x7CAF, 0x7CB0, 0x7CB1, 0x7CB2, 0x7CB3, 0x7CB4, 0x7CB5,
	0x7CB6, 0x7CB7, 0x7CB8, 0x7CB9, 0x7CBA, 0x7CBB, 0x7CBC, 0x7CBD, 0x7CBE, 0x7CBF, 0x7CC0, 0x7CC1,
	0x7CC2, 0x7CC3, 0x7CC4, 0x7CC5, 0x7CC6, 0x7CC7, 0x7CC8, 0x7CC9, 0x7CCA, 0x7CCB, 0x7CCC, 0x7CCD,
	0x7CCE, 0x7CCF, 0x7CD0, 0x7CD1, 0x7CD2, 0x7CD3, 0x7CD4, 0x7CD5, 0x7CD6, 0x7CD7, 0x7CD8, 0x7CD9,
	0x7CDA, 0x7CDB, 0x7CDC, 0x7CDD, 0x7CDE, 0x7CDF, 0x7CE0, 0x7CE1, 0x7CE2, 0x7CE3, 0x7CE4, 0x7CE5,
	0x7CE6, 0x7CE7, 0x7CE8, 0x7CE9, 0x7CEA, 0x7CEB, 0x7CEC, 0x7CED, 0x7CEE, 0x7CEF, 0x7CF0, 0x7CF1,
	0x7CF2, 0x7CF3, 0x7CF4, 0x7CF5, 0x7CF6, 0x7CF7, 0x7CF8, 0x7CF9, 0x7CFA, 0x7CFB, 0x7CFC, 0x7CFD,
	0x7CFE, 0x7CFF, 0x7D00, 0x7D01, 0x7D02, 0x7D03, 0x7D04, 0x7D05, 0x7D06, 0x7D07, 0x7D08, 0x7D09,
	0x7D0A, 0x7D0B, 0x7D0C, 0x7D0D, 0x7D0E, 0x7D0F, 0x7D10, 0x7D11, 0x7D12, 0x7D13, 0x7D14, 0x7D15,
	0x7D16, 0x7D17, 0x7D18, 0x7D19, 0x7D1A, 0x7D1B, 0x7D1C, 0x7D1D, 0x7D1E, 0x7D1F, 0x7D20, 0x7D21,
	0x7D22, 0x7D23, 0x7D24, 0x7D25, 0x7D26, 0x7D27, 0x7D28, 0x7D29, 0x7D2A, 0x7D2B, 0x7D2C, 0x7D2D,
	0x7D2E, 0x7D2F, 0x7D30, 0x7D31, 0x7D32, 0x7D33, 0x7D34, 0x7D35, 0x7D36, 0x7D37, 0x7D38, 0x7D39,
	0x7D3A, 0x7D3B, 0x7D3C, 0x7D3D, 0x7D3E, 0x7D3F, 0x7D40, 0x7D41, 0x7D42, 0x7D43, 0x7D44, 0x7D45,
	0x7D46, 0x7D47, 0x7D48, 0x7D49, 0x7D4A, 0x7D4B, 0x7D4C, 0x7D4D, 0x7D4E, 0x7D4F, 0x7D50, 0x7D51,
	0x7D52, 0x7D53, 0x7D54, 0x7D55, 0x7D56, 0x7D57, 0x7D58, 0x7D59, 0x7D5A, 0x7D5B, 0x7D5C, 0x7D5D,
	0x7D5E, 0x7D5F, 0x7D60, 0x7D61, 0x7D62, 0x7D63, 0x7D64, 0x7D65, 0x7D66, 0x7D67, 0x7D68, 0x7D69,
	0x7D6A, 0x7D6B, 0x7D6C, 0x7D6D, 0x7D6E, 0x7D6F, 0x7D70, 0x7D71, 0x7D72, 0x7D73, 0x7D74, 0x7D75,
	0x7D76, 0x7D77, 0x7D78, 0x7D79, 0x7D7A, 0x7D7B, 0x7D7C, 0x7D7D, 0x7D7E, 0x7D7F, 0x7D80, 0x7D81,
	0x7D82, 0x7D83, 0x7D84, 0x7D85, 0x7D86, 0x7D87, 0x7D88, 0x7D89, 0x7D8A, 0x7D8B, 0x7D8C, 0x7D8D,
	0x7D8E, 0x7D8F, 0x7D90, 0x7D91, 0x7D92, 0x7D93, 0x7D94, 0x7D95, 0x7D96, 0x7D97, 0x7D98, 0x7D99,
	0x7D9A, 0x7D9B, 0x7D9C, 0x7D9D, 0x7D9E, 0x7D9F, 0x7DA0, 0x7DA1, 0x7DA2, 0x7DA3, 0x7DA4, 0x7DA5,
	0x7DA6, 0x7DA7, 0x7DA8, 0x7DA9, 0x7DAA, 0x7DAB, 0x7DAC, 0x7DAD, 0x7DAE, 0x7DAF, 0x7DB0, 0x7DB1,
	0x7DB2, 0x7DB3, 0x7DB4, 0x7DB5, 0x7DB6, 0x7DB7, 0x7DB8, 0x7DB9, 0x7DBA, 0x7DBB, 0x7DBC, 0x7DBD,
	0x7DBE, 0x7DBF, 0x7DC0, 0x7DC1, 0x7DC2, 0x7DC3, 0x7DC4, 0x7DC5, 0x7DC6, 0x7DC7, 0x7DC8, 0x7DC9,
	0x7DCA, 0x7DCB, 0x7DCC, 0x7DCD, 0x7DCE, 0x7DCF, 0x7DD0, 0x7DD1, 0x7DD2, 0x7DD3, 0x7DD4, 0x7DD5,
	0x7DD6, 0x7DD7, 0x7DD8, 0x7DD9, 0x7DDA, 0x7DDB, 0x7DDC, 0x7DDD, 0x7DDE, 0x7DDF, 0x7DE0, 0x7DE1,
	0x7DE2, 0x7DE3, 0x7DE4, 0x7DE5, 0x7DE6, 0x7DE7, 0x7DE8, 0x7DE9, 0x7DEA, 0x7DEB, 0x7DEC, 0x7DED,
	0x7DEE, 0x7DEF, 0x7DF0, 0x7DF1, 0x7DF2, 0x7DF3, 0x7DF4, 0x7DF5, 0x7DF6, 0x7DF7, 0x7DF8, 0x7DF9,
	0x7DFA, 0x7DFB, 0x7DFC, 0x7DFD, 0x7DFE, 0x7DFF, 0x7E00, 0x7E01, 0x7E02, 0x7E03, 0x7E04, 0x7E05,
	0x7E06, 0x7E07, 0x7E08, 0x7E09, 0x7E0A, 0x7E0B, 0x7E0C, 0x7E0D, 0x7E0E, 0x7E0F, 0x7E10, 0x7E11,
	0x7E12, 0x7E13, 0x7E14, 0x7E15, 0x7E16, 0x7E17, 0x7E18, 0x7E19, 0x7E1A, 0x7E1B, 0x7E1C, 0x7E1D,
	0x7E1E, 0x7E1F, 0x7E20, 0x7E21, 0x7E22, 0x7E23, 0x7E24, 0x7E25, 0x7E26, 0x7E27, 0x7E28, 0x7E29,
	0x7E2A, 0x7E2B, 0x7E2C, 0x7E2D, 0x7E2E, 0x7E2F, 0x7E30, 0x7E31, 0x7E32, 0x7E33, 0x7E34, 0x7E35,
	0x7E36, 0x7E37, 0x7E38, 0x7E39, 0x7E3A, 0x7E3B, 0x7E3C, 0x7E3D, 0x7E3E, 0x7E3F, 0x7E40, 0x7E41,
	0x7E42, 0x7E43, 0x7E44, 0x7E45, 0x7E46, 0x7E47, 0x7E48, 0x7E49, 0x7E4A, 0x7E4B, 0x7E4C, 0x7E4D,
	0x7E4E, 0x7E4F, 0x7E50, 0x7E51, 0x7E52, 0x7E53, 0x7E54, 0x7E55, 0x7E56, 0x7E57, 0x7E58, 0x7E59,
	0x7E5A, 0x7E5B, 0x7E5C, 0x7E5D, 0x7E5E, 0x7E5F, 0x7E60, 0x7E61, 0x7E62, 0x7E63, 0x7E64, 0x7E65,
	0x7E66, 0x7E67, 0x7E68, 0x7E69, 0x7E6A, 0x7E6B, 0x7E6C, 0x7E6D, 0x7E6E, 0x7E6F, 0x7E70, 0x7E71,
	0x7E72, 0x7E73, 0x7E74, 0x7E75, 0x7E76, 0x7E77, 0x7E78, 0x7E79, 0x7E7A, 0x7E7B, 0x7E7C, 0x7E7D,
	0x7E7E, 0x7E7F, 0x7E80, 0x7E81, 0x7E82, 0x7E83, 0x7E84, 0x7E85, 0x7E86, 0x7E87, 0x7E88, 0x7E89,
	0x7E8A, 0x7E8B, 0x7E8C, 0x7E8D, 0x7E8E, 0x7E8F, 0x7E90, 0x7E91, 0x7E92, 0x7E93, 0x7E94, 0x7E95,
	0x7E96, 0x7E97, 0x7E98, 0x7E99, 0x7E9A, 0x7E9B, 0x7E9C, 0x7E9D, 0x7E9E, 0x7E9F, 0x7EA0, 0x7EA1,
	0x7EA2, 0x7EA3, 0x7EA4, 0x7EA5, 0x7EA6, 0x7EA7, 0x7EA8, 0x7EA9, 0x7EAA, 0x7EAB, 0x7EAC, 0x7EAD,
	0x7EAE, 0x7EAF, 0x7EB0, 0x7EB1, 0x7EB2, 0x7EB3, 0x7EB4, 0x7EB5, 0x7EB6, 0x7EB7, 0x7EB8, 0x7EB9,
	0x7EBA, 0x7EBB, 0x7EBC, 0x7EBD, 0x7EBE, 0x7EBF, 0x7EC0, 0x7EC1, 0x7EC2, 0x7EC3, 0x7EC4, 0x7EC5,
	0x7EC6, 0x7EC7, 0x7EC8, 0x7EC9, 0x7ECA, 0x7ECB, 0x7ECC, 0x7ECD, 0x7ECE, 0x7ECF, 0x7ED0, 0x7ED1,
	0x7ED2, 0x7ED3, 0x7ED4, 0x7ED5, 0x7ED6, 0x7ED7, 0x7ED8, 0x7ED9, 0x7EDA, 0x7EDB, 0x7EDC, 0x7EDD,
	0x7EDE, 0x7EDF, 0x7EE0, 0x7EE1, 0x7EE2, 0x7EE3, 0x7EE4, 0x7EE5, 0x7EE6, 0x7EE7, 0x7EE8, 0x7EE9,
	0x7EEA, 0x7EEB, 0x7EEC, 0x7EED, 0x7EEE, 0x7EEF, 0x7EF0, 0x7EF1, 0x7EF2, 0x7EF3, 0x7EF4, 0x7EF5,
	0x7EF6, 0x7EF7, 0x7EF8, 0x7EF9, 0x7EFA, 0x7EFB, 0x7EFC, 0x7EFD, 0x7EFE, 0x7EFF, 0x7F00, 0x7F01,
	0x7F02, 0x7F03, 0x7F04, 0x7F05, 0x7F06, 0x7F07, 0x7F08, 0x7F09, 0x7F0A, 0x7F0B, 0x7F0C, 0x7F0D,
	0x7F0E, 0x7F0F, 0x7F10, 0x7F11, 0x7F12, 0x7F13, 0x7F14, 0x7F15, 0x7F16, 0x7F17, 0x7F18, 0x7F19,
	0x7F1A, 0x7F1B, 0x7F1C, 0x7F1D, 0x7F1E, 0x7F1F, 0x7F20, 0x7F21, 0x7F22, 0x7F23, 0x7F24, 0x7F25,
	0x7F26, 0x7F27, 0x7F28, 0x7F29, 0x7F2A, 0x7F2B, 0x7F2C, 0x7F2D, 0x7F2E, 0x7F2F, 0x7F30, 0x7F31,
	0x7F32, 0x7F33, 0x7F34, 0x7F35, 0x7F36, 0x7F37, 0x7F38, 0x7F39, 0x7F3A, 0x7F3B, 0x7F3C, 0x7F3D,
	0x7F3E, 0x7F3F, 0x7F40, 0x7F41, 0x7F42, 0x7F43, 0x7F44, 0x7F45, 0x7F46, 0x7F47, 0x7F48, 0x7F49,
	0x7F4A, 0x7F4B, 0x7F4C, 0x7F4D, 0x7F4E, 0x7F4F, 0x7F50, 0x7F51, 0x7F52, 0x7F53, 0x7F54, 0x7F55,
	0x7F56, 0x7F57, 0x7F58, 0x7F59, 0x7F5A, 0x7F5B, 0x7F5C, 0x7F5D, 0x7F5E, 0x7F5F, 0x7F60, 0x7F61,
	0x7F62, 0x7F63, 0x7F64, 0x7F65, 0x7F66, 0x7F67, 0x7F68, 0x7F69, 0x7F6A, 0x7F6B, 0x7F6C, 0x7F6D,
	0x7F6E, 0x7F6F, 0x7F70, 0x7F71, 0x7F72, 0x7F73, 0x7F74, 0x7F75, 0x7F76, 0x7F77, 0x7F78, 0x7F79,
	0x7F7A, 0x7F7B, 0x7F7C, 0x7F7D, 0x7F7E, 0x7F7F, 0x7F80, 0x7F81, 0x7F82, 0x7F83, 0x7F84, 0x7F85,
	0x7F86, 0x7F87, 0x7F88, 0x7F89, 0x7F8A, 0x7F8B, 0x7F8C, 0x7F8D, 0x7F8E, 0x7F8F, 0x7F90, 0x7F91,
	0x7F92, 0x7F93, 0x7F94, 0x7F95, 0x7F96, 0x7F97, 0x7F98, 0x7F99, 0x7F9A, 0x7F9B, 0x7F9C, 0x7F9D,
	0x7F9E, 0x7F9F, 0x7FA0, 0x7FA1, 0x7FA2, 0x7FA3, 0x7FA4, 0x7FA5, 0x7FA6, 0x7FA7, 0x7FA8, 0x7FA9,
	0x7FAA, 0x7FAB, 0x7FAC, 0x7FAD, 0x7FAE, 0x7FAF, 0x7FB0, 0x7FB1, 0x7FB2, 0x7FB3, 0x7FB4, 0x7FB5,
	0x7FB6, 0x7FB7, 0x7FB8, 0x7FB9, 0x7FBA, 0x7FBB, 0x7FBC, 0x7FBD, 0x7FBE, 0x7FBF, 0x7FC0, 0x7FC1,
	0x7FC2, 0x7FC3, 0x7FC4, 0x7FC5, 0x7FC6, 0x7FC7, 0x7FC8, 0x7FC9, 0x7FCA, 0x7FCB, 0x7FCC, 0x7FCD,
	0x7FCE, 0x7FCF, 0x7FD0, 0x7FD1, 0x7FD2, 0x7FD3, 0x7FD4, 0x7FD5, 0x7FD6, 0x7FD7, 0x7FD8, 0x7FD9,
	0x7FDA, 0x7FDB, 0x7FDC, 0x7FDD, 0x7FDE, 0x7FDF, 0x7FE0, 0x7FE1, 0x7FE2, 0x7FE3, 0x7FE4, 0x7FE5,
	0x7FE6, 0x7FE7, 0x7FE8, 0x7FE9, 0x7FEA, 0x7FEB, 0x7FEC, 0x7FED, 0x7FEE, 0x7FEF, 0x7FF0, 0x7FF1,
	0x7FF2, 0x7FF3, 0x7FF4, 0x7FF5, 0x7FF6, 0x7FF7, 0x7FF8, 0x7FF9, 0x7FFA, 0x7FFB, 0x7FFC, 0x7FFD,
	0x7FFE, 0x7FFF, 0x8000, 0x8001, 0x8002, 0x8003, 0x8004, 0x8005, 0x8006, 0x8007, 0x8008, 0x8009,
	0x800A, 0x800B, 0x800C, 0x800D, 0x800E, 0x800F, 0x8010, 0x8011, 0x8012, 0x8013, 0x8014, 0x8015,
	0x8016, 0x8017, 0x8018, 0x8019, 0x801A, 0x801B, 0x801C, 0x801D, 0x801E, 0x801F, 0x8020, 0x8021,
	0x8022, 0x8023, 0x8024, 0x8025, 0x8026, 0x8027, 0x8028, 0x8029, 0x802A, 0x802B, 0x802C, 0x802D,
	0x802E, 0x802F, 0x8030, 0x8031, 0x8032, 0x8033, 0x8034, 0x8035, 0x8036, 0x8037, 0x8038, 0x8039,
	0x803A, 0x803B, 0x803C, 0x803D, 0x803E, 0x803F, 0x8040, 0x8041, 0x8042, 0x8043, 0x8044, 0x8045,
	0x8046, 0x8047, 0x8048, 0x8049, 0x804A, 0x804B, 0x804C, 0x804D, 0x804E, 0x804F, 0x8050, 0x8051,
	0x8052, 0x8053, 0x8054, 0x8055, 0x8056, 0x8057, 0x8058, 0x8059, 0x805A, 0x805B, 0x805C, 0x805D,
	0x805E, 0x805F, 0x8060, 0x8061, 0x8062, 0x8063, 0x8064, 0x8065, 0x8066, 0x8067, 0x8068, 0x8069,
	0x806A, 0x806B, 0x806C, 0x806D, 0x806E, 0x806F, 0x8070, 0x8071, 0x8072, 0x8073, 0x8074, 0x8075,
	0x8076, 0x8077, 0x8078, 0x8079, 0x807A, 0x807B, 0x807C, 0x807D, 0x807E, 0x807F, 0x8080, 0x8081,
	0x8082, 0x8083, 0x8084, 0x8085, 0x8086, 0x8087, 0x8088, 0x8089, 0x808A, 0x808B, 0x808C, 0x808D,
	0x808E, 0x808F, 0x8090, 0x8091, 0x8092, 0x8093, 0x8094, 0x8095, 0x8096, 0x8097, 0x8098, 0x8099,
	0x809A, 0x809B, 0x809C, 0x809D, 0x809E, 0x809F, 0x80A0, 0x80A1, 0x80A2, 0x80A3, 0x80A4, 0x80A5,
	0x80A6, 0x80A7, 0x80A8, 0x80A9, 0x80AA, 0x80AB, 0x80AC, 0x80AD, 0x80AE, 0x80AF, 0x80B0, 0x80B1,
	0x80B2, 0x80B3, 0x80B4, 0x80B5, 0x80B6, 0x80B7, 0x80B8, 0x80B9, 0x80BA, 0x80BB, 0x80BC, 0x80BD,
	0x80BE, 0x80BF, 0x80C0, 0x80C1, 0x80C2, 0x80C3, 0x80C4, 0x80C5, 0x80C6, 0x80C7, 0x80C8, 0x80C9,
	0x80CA, 0x80CB, 0x80CC, 0x80CD, 0x80CE, 0x80CF, 0x80D0, 0x80D1, 0x80D2, 0x80D3, 0x80D4, 0x80D5,
	0x80D6, 0x80D7, 0x80D8, 0x80D9, 0x80DA, 0x80DB, 0x80DC, 0x80DD, 0x80DE, 0x80DF, 0x80E0, 0x80E1,
	0x80E2, 0x80E3, 0x80E4, 0x80E5, 0x80E6, 0x80E7, 0x80E8, 0x80E9, 0x80EA, 0x80EB, 0x80EC, 0x80ED,
	0x80EE, 0x80EF, 0x80F0, 0x80F1, 0x80F2, 0x80F3, 0x80F4, 0x80F5, 0x80F6, 0x80F7, 0x80F8, 0x80F9,
	0x80FA, 0x80FB, 0x80FC, 0x80FD, 0x80FE, 0x80FF, 0x8100, 0x8101, 0x8102, 0x8103, 0x8104, 0x8105,
	0x8106, 0x8107, 0x8108, 0x8109, 0x810A, 0x810B, 0x810C, 0x810D, 0x810E, 0x810F, 0x8110, 0x8111,
	0x8112, 0x8113, 0x8114, 0x8115, 0x8116, 0x8117, 0x8118, 0x8119, 0x811A, 0x811B, 0x811C, 0x811D,
	0x811E, 0x811F, 0x8120, 0x8121, 0x8122, 0x8123, 0x8124, 0x8125, 0x8126, 0x8127, 0x8128, 0x8129,
	0x812A, 0x812B, 0x812C, 0x812D, 0x812E, 0x812F, 0x8130, 0x8131, 0x8132, 0x8133, 0x8134, 0x8135,
	0x8136, 0x8137, 0x8138, 0x8139, 0x813A, 0x813B, 0x813C, 0x813D, 0x813E, 0x813F, 0x8140, 0x8141,
	0x8142, 0x8143, 0x8144, 0x8145, 0x8146, 0x8147, 0x8148, 0x8149, 0x814A, 0x814B, 0x814C, 0x814D,
	0x814E, 0x814F, 0x8150, 0x8151, 0x8152, 0x8153, 0x8154, 0x8155, 0x8156, 0x8157, 0x8158, 0x8159,
	0x815A, 0x815B, 0x815C, 0x815D, 0x815E, 0x815F, 0x8160, 0x8161, 0x8162, 0x8163, 0x8164, 0x8165,
	0x8166, 0x8167, 0x8168, 0x8169, 0x816A, 0x816B, 0x816C, 0x816D, 0x816E, 0x816F, 0x8170, 0x8171,
	0x8172, 0x8173, 0x8174, 0x8175, 0x8176, 0x8177, 0x8178, 0x8179, 0x817A, 0x817B, 0x817C, 0x817D,
	0x817E, 0x817F, 0x8180, 0x8181, 0x8182, 0x8183, 0x8184, 0x8185, 0x8186, 0x8187, 0x8188, 0x8189,
	0x818A, 0x818B, 0x818C, 0x818D, 0x818E, 0x818F, 0x8190, 0x8191, 0x8192, 0x8193, 0x8194, 0x8195,
	0x8196, 0x8197, 0x8198, 0x8199, 0x819A, 0x819B, 0x819C, 0x819D, 0x819E, 0x819F, 0x81A0, 0x81A1,
	0x81A2, 0x81A3, 0x81A4, 0x81A5, 0x81A6, 0x81A7, 0x81A8, 0x81A9, 0x81AA, 0x81AB, 0x81AC, 0x81AD,
	0x81AE, 0x81AF, 0x81B0, 0x81B1, 0x81B2, 0x81B3, 0x81B4, 0x81B5, 0x81B6, 0x81B7, 0x81B8, 0x81B9,
	0x81BA, 0x81BB, 0x81BC, 0x81BD, 0x81BE, 0x81BF, 0x81C0, 0x81C1, 0x81C2, 0x81C3, 0x81C4, 0x81C5,
	0x81C6, 0x81C7, 0x81C8, 0x81C9, 0x81CA, 0x81CB, 0x81CC, 0x81CD, 0x81CE, 0x81CF, 0x81D0, 0x81D1,
	0x81D2, 0x81D3, 0x81D4, 0x81D5, 0x81D6, 0x81D7, 0x81D8, 0x81D9, 0x81DA, 0x81DB, 0x81DC, 0x81DD,
	0x81DE, 0x81DF, 0x81E0, 0x81E1, 0x81E2, 0x81E3, 0x81E4, 0x81E5, 0x81E6, 0x81E7, 0x81E8, 0x81E9,
	0x81EA, 0x81EB, 0x81EC, 0x81ED, 0x81EE, 0x81EF, 0x81F0, 0x81F1, 0x81F2, 0x81F3, 0x81F4, 0x81F5,
	0x81F6, 0x81F7, 0x81F8, 0x81F9, 0x81FA, 0x81FB, 0x81FC, 0x81FD, 0x81FE, 0x81FF, 0x8200, 0x8201,
	0x8202, 0x8203, 0x8204, 0x8205, 0x8206, 0x8207, 0x8208, 0x8209, 0x820A, 0x820B, 0x820C, 0x820D,
	0x820E, 0x820F, 0x8210, 0x8211, 0x8212, 0x8213, 0x8214, 0x8215, 0x8216, 0x8217, 0x8218, 0x8219,
	0x821A, 0x821B, 0x821C, 0x821D, 0x821E, 0x821F, 0x8220, 0x8221, 0x8222, 0x8223, 0x8224, 0x8225,
	0x8226, 0x8227, 0x8228, 0x8229, 0x822A, 0x822B, 0x822C, 0x822D, 0x822E, 0x822F, 0x8230, 0x8231,
	0x8232, 0x8233, 0x8234, 0x8235, 0x8236, 0x8237, 0x8238, 0x8239, 0x823A, 0x823B, 0x823C, 0x823D,
	0x823E, 0x823F, 0x8240, 0x8241, 0x8242, 0x8243, 0x8244, 0x8245, 0x8246, 0x8247, 0x8248, 0x8249,
	0x824A, 0x824B, 0x824C, 0x824D, 0x824E, 0x824F, 0x8250, 0x8251, 0x8252, 0x8253, 0x8254, 0x8255,
	0x8256, 0x8257, 0x8258, 0x8259, 0x825A, 0x825B, 0x825C, 0x825D, 0x825E, 0x825F, 0x8260, 0x8261,
	0x8262, 0x8263, 0x8264, 0x8265, 0x8266, 0x8267, 0x8268, 0x8269, 0x826A, 0x826B, 0x826C, 0x826D,
	0x826E, 0x826F, 0x8270, 0x8271, 0x8272, 0x8273, 0x8274, 0x8275, 0x8276, 0x8277, 0x8278, 0x8279,
	0x827A, 0x827B, 0x827C, 0x827D, 0x827E, 0x827F, 0x8280, 0x8281, 0x8282, 0x8283, 0x8284, 0x8285,
	0x8286, 0x8287, 0x8288, 0x8289, 0x828A, 0x828B, 0x828C, 0x828D, 0x828E, 0x828F, 0x8290, 0x8291,
	0x8292, 0x8293, 0x8294, 0x8295, 0x8296, 0x8297, 0x8298, 0x8299, 0x829A, 0x829B, 0x829C, 0x829D,
	0x829E, 0x829F, 0x82A0, 0x82A1, 0x82A2, 0x82A3, 0x82A4, 0x82A5, 0x82A6, 0x82A7, 0x82A8, 0x82A9,
	0x82AA, 0x82AB, 0x82AC, 0x82AD, 0x82AE, 0x82AF, 0x82B0, 0x82B1, 0x82B2, 0x82B3, 0x82B4, 0x82B5,
	0x82B6, 0x82B7, 0x82B8, 0x82B9, 0x82BA, 0x82BB, 0x82BC, 0x82BD, 0x82BE, 0x82BF, 0x82C0, 0x82C1,
	0x82C2, 0x82C3, 0x82C4, 0x82C5, 0x82C6, 0x82C7, 0x82C8, 0x82C9, 0x82CA, 0x82CB, 0x82CC, 0x82CD,
	0x82CE, 0x82CF, 0x82D0, 0x82D1, 0x82D2, 0x82D3, 0x82D4, 0x82D5, 0x82D6, 0x82D7, 0x82D8, 0x82D9,
	0x82DA, 0x82DB, 0x82DC, 0x82DD, 0x82DE, 0x82DF, 0x82E0, 0x82E1, 0x82E2, 0x82E3, 0x82E4, 0x82E5,
	0x82E6, 0x82E7, 0x82E8, 0x82E9, 0x82EA, 0x82EB, 0x82EC, 0x82ED, 0x82EE, 0x82EF, 0x82F0, 0x82F1,
	0x82F2, 0x82F3, 0x82F4, 0x82F5, 0x82F6, 0x82F7, 0x82F8, 0x82F9, 0x82FA, 0x82FB, 0x82FC, 0x82FD,
	0x82FE, 0x82FF, 0x8300, 0x8301, 0x8302, 0x8303, 0x8304, 0x8305, 0x8306, 0x8307, 0x8308, 0x8309,
	0x830A, 0x830B, 0x830C, 0x830D, 0x830E, 0x830F, 0x8310, 0x8311, 0x8312, 0x8313, 0x8314, 0x8315,
	0x8316, 0x8317, 0x8318, 0x8319, 0x831A, 0x831B, 0x831C, 0x831D, 0x831E, 0x831F, 0x8320, 0x8321,
	0x8322, 0x8323, 0x8324, 0x8325, 0x8326, 0x8327, 0x8328, 0x8329, 0x832A, 0x832B, 0x832C, 0x832D,
	0x832E, 0x832F, 0x8330, 0x8331, 0x8332, 0x8333, 0x8334, 0x8335, 0x8336, 0x8337, 0x8338, 0x8339,
	0x833A, 0x833B, 0x833C, 0x833D, 0x833E, 0x833F, 0x8340, 0x8341, 0x8342, 0x8343, 0x8344, 0x8345,
	0x8346, 0x8347, 0x8348, 0x8349, 0x834A, 0x834B, 0x834C, 0x834D, 0x834E, 0x834F, 0x8350, 0x8351,
	0x8352, 0x8353, 0x8354, 0x8355, 0x8356, 0x8357, 0x8358, 0x8359, 0x835A, 0x835B, 0x835C, 0x835D,
	0x835E, 0x835F, 0x8360, 0x8361, 0x8362, 0x8363, 0x8364, 0x8365, 0x8366, 0x8367, 0x8368, 0x8369,
	0x836A, 0x836B, 0x836C, 0x836D, 0x836E, 0x836F, 0x8370, 0x8371, 0x8372, 0x8373, 0x8374, 0x8375,
	0x8376, 0x8377, 0x8378, 0x8379, 0x837A, 0x837B, 0x837C, 0x837D, 0x837E, 0x837F, 0x8380, 0x8381,
	0x8382, 0x8383, 0x8384, 0x8385, 0x8386, 0x8387, 0x8388, 0x8389, 0x838A, 0x838B, 0x838C, 0x838D,
	0x838E, 0x838F, 0x8390, 0x8391, 0x8392, 0x8393, 0x8394, 0x8395, 0x8396, 0x8397, 0x8398, 0x8399,
	0x839A, 0x839B, 0x839C, 0x839D, 0x839E, 0x839F, 0x83A0, 0x83A1, 0x83A2, 0x83A3, 0x83A4, 0x83A5,
	0x83A6, 0x83A7, 0x83A8, 0x83A9, 0x83AA, 0x83AB, 0x83AC, 0x83AD, 0x83AE, 0x83AF, 0x83B0, 0x83B1,
	0x83B2, 0x83B3, 0x83B4, 0x83B5, 0x83B6, 0x83B7, 0x83B8, 0x83B9, 0x83BA, 0x83BB, 0x83BC, 0x83BD,
	0x83BE, 0x83BF, 0x83C0, 0x83C1, 0x83C2, 0x83C3, 0x83C4, 0x83C5, 0x83C6, 0x83C7, 0x83C8, 0x83C9,
	0x83CA, 0x83CB, 0x83CC, 0x83CD, 0x83CE, 0x83CF, 0x83D0, 0x83D1, 0x83D2, 0x83D3, 0x83D4, 0x83D5,
	0x83D6, 0x83D7, 0x83D8, 0x83D9, 0x83DA, 0x83DB, 0x83DC, 0x83DD, 0x83DE, 0x83DF, 0x83E0, 0x83E1,
	0x83E2, 0x83E3, 0x83E4, 0x83E5, 0x83E6, 0x83E7, 0x83E8, 0x83E9, 0x83EA, 0x83EB, 0x83EC, 0x83ED,
	0x83EE, 0x83EF, 0x83F0, 0x83F1, 0x83F2, 0x83F3, 0x83F4, 0x83F5, 0x83F6, 0x83F7, 0x83F8, 0x83F9,
	0x83FA, 0x83FB, 0x83FC, 0x83FD, 0x83FE, 0x83FF, 0x8400, 0x8401, 0x8402, 0x8403, 0x8404, 0x8405,
	0x8406, 0x8407, 0x8408, 0x8409, 0x840A, 0x840B, 0x840C, 0x840D, 0x840E, 0x840F, 0x8410, 0x8411,
	0x8412, 0x8413, 0x8414, 0x8415, 0x8416, 0x8417, 0x8418, 0x8419, 0x841A, 0x841B, 0x841C, 0x841D,
	0x841E, 0x841F, 0x8420, 0x8421, 0x8422, 0x8423, 0x8424, 0x8425, 0x8426, 0x8427, 0x8428, 0x8429,
	0x842A, 0x842B, 0x842C, 0x842D, 0x842E, 0x842F, 0x8430, 0x8431, 0x8432, 0x8433, 0x8434, 0x8435,
	0x8436, 0x8437, 0x8438, 0x8439, 0x843A, 0x843B, 0x843C, 0x843D, 0x843E, 0x843F, 0x8440, 0x8441,
	0x8442, 0x8443, 0x8444, 0x8445, 0x8446, 0x8447, 0x8448, 0x8449, 0x844A, 0x844B, 0x844C, 0x844D,
	0x844E, 0x844F, 0x8450, 0x8451, 0x8452, 0x8453, 0x8454, 0x8455, 0x8456, 0x8457, 0x8458, 0x8459,
	0x845A, 0x845B, 0x845C, 0x845D, 0x845E, 0x845F, 0x8460, 0x8461, 0x8462, 0x8463, 0x8464, 0x8465,
	0x8466, 0x8467, 0x8468, 0x8469, 0x846A, 0x846B, 0x846C, 0x846D, 0x846E, 0x846F, 0x8470, 0x8471,
	0x8472, 0x8473, 0x8474, 0x8475, 0x8476, 0x8477, 0x8478, 0x8479, 0x847A, 0x847B, 0x847C, 0x847D,
	0x847E, 0x847F, 0x8480, 0x8481, 0x8482, 0x8483, 0x8484, 0x8485, 0x8486, 0x8487, 0x8488, 0x8489,
	0x848A, 0x848B, 0x848C, 0x848D, 0x848E, 0x848F, 0x8490, 0x8491, 0x8492, 0x8493, 0x8494, 0x8495,
	0x8496, 0x8497, 0x8498, 0x8499, 0x849A, 0x849B, 0x849C, 0x849D, 0x849E, 0x849F, 0x84A0, 0x84A1,
	0x84A2, 0x84A3, 0x84A4, 0x84A5, 0x84A6, 0x84A7, 0x84A8, 0x84A9, 0x84AA, 0x84AB, 0x84AC, 0x84AD,
	0x84AE, 0x84AF, 0x84B0, 0x84B1, 0x84B2, 0x84B3, 0x84B4, 0x84B5, 0x84B6, 0x84B7, 0x84B8, 0x84B9,
	0x84BA, 0x84BB, 0x84BC, 0x84BD, 0x84BE, 0x84BF, 0x84C0, 0x84C1, 0x84C2, 0x84C3, 0x84C4, 0x84C5,
	0x84C6, 0x84C7, 0x84C8, 0x84C9, 0x84CA, 0x84CB, 0x84CC, 0x84CD, 0x84CE, 0x84CF, 0x84D0, 0x84D1,
	0x84D2, 0x84D3, 0x84D4, 0x84D5, 0x84D6, 0x84D7, 0x84D8, 0x84D9, 0x84DA, 0x84DB, 0x84DC, 0x84DD,
	0x84DE, 0x84DF, 0x84E0, 0x84E1, 0x84E2, 0x84E3, 0x84E4, 0x84E5, 0x84E6, 0x84E7, 0x84E8, 0x84E9,
	0x84EA, 0x84EB, 0x84EC, 0x84ED, 0x84EE, 0x84EF, 0x84F0, 0x84F1, 0x84F2, 0x84F3, 0x84F4, 0x84F5,
	0x84F6, 0x84F7, 0x84F8, 0x84F9, 0x84FA, 0x84FB, 0x84FC, 0x84FD, 0x84FE, 0x84FF, 0x8500, 0x8501,
	0x8502, 0x8503, 0x8504, 0x8505, 0x8506, 0x8507, 0x8508, 0x8509, 0x850A, 0x850B, 0x850C, 0x850D,
	0x850E, 0x850F, 0x8510, 0x8511, 0x8512, 0x8513, 0x8514, 0x8515, 0x8516, 0x8517, 0x8518, 0x8519,
	0x851A, 0x851B, 0x851C, 0x851D, 0x851E, 0x851F, 0x8520, 0x8521, 0x8522, 0x8523, 0x8524, 0x8525,
	0x8526, 0x8527, 0x8528, 0x8529, 0x852A, 0x852B, 0x852C, 0x852D, 0x852E, 0x852F, 0x8530, 0x8531,
	0x8532, 0x8533, 0x8534, 0x8535, 0x8536, 0x8537, 0x8538, 0x8539, 0x853A, 0x853B, 0x853C, 0x853D,
	0x853E, 0x853F, 0x8540, 0x8541, 0x8542, 0x8543, 0x8544, 0x8545, 0x8546, 0x8547, 0x8548, 0x8549,
	0x854A, 0x854B, 0x854C, 0x854D, 0x854E, 0x854F, 0x8550, 0x8551, 0x8552, 0x8553, 0x8554, 0x8555,
	0x8556, 0x8557, 0x8558, 0x8559, 0x855A, 0x855B, 0x855C, 0x855D, 0x855E, 0x855F, 0x8560, 0x8561,
	0x8562, 0x8563, 0x8564, 0x8565, 0x8566, 0x8567, 0x8568, 0x8569, 0x856A, 0x856B, 0x856C, 0x856D,
	0x856E, 0x856F, 0x8570, 0x8571, 0x8572, 0x8573, 0x8574, 0x8575, 0x8576, 0x8577, 0x8578, 0x8579,
	0x857A, 0x857B, 0x857C, 0x857D, 0x857E, 0x857F, 0x8580, 0x8581, 0x8582, 0x8583, 0x8584, 0x8585,
	0x8586, 0x8587, 0x8588, 0x8589, 0x858A, 0x858B, 0x858C, 0x858D, 0x858E, 0x858F, 0x8590, 0x8591,
	0x8592, 0x8593, 0x8594, 0x8595, 0x8596, 0x8597, 0x8598, 0x8599, 0x859A, 0x859B, 0x859C, 0x859D,
	0x859E, 0x859F, 0x85A0, 0x85A1, 0x85A2, 0x85A3, 0x85A4, 0x85A5, 0x85A6, 0x85A7, 0x85A8, 0x85A9,
	0x85AA, 0x85AB, 0x85AC, 0x85AD, 0x85AE, 0x85AF, 0x85B0, 0x85B1, 0x85B2, 0x85B3, 0x85B4, 0x85B5,
	0x85B6, 0x85B7, 0x85B8, 0x85B9, 0x85BA, 0x85BB, 0x85BC, 0x85BD, 0x85BE, 0x85BF, 0x85C0, 0x85C1,
	0x85C2, 0x85C3, 0x85C4, 0x85C5, 0x85C6, 0x85C7, 0x85C8, 0x85C9, 0x85CA, 0x85CB, 0x85CC, 0x85CD,
	0x85CE, 0x85CF, 0x85D0, 0x85D1, 0x85D2, 0x85D3, 0x85D4, 0x85D5, 0x85D6, 0x85D7, 0x85D8, 0x85D9,
	0x85DA, 0x85DB, 0x85DC, 0x85DD, 0x85DE, 0x85DF, 0x85E0, 0x85E1, 0x85E2, 0x85E3, 0x85E4, 0x85E5,
	0x85E6, 0x85E7, 0x85E8, 0x85E9, 0x85EA, 0x85EB, 0x85EC, 0x85ED, 0x85EE, 0x85EF, 0x85F0, 0x85F1,
	0x85F2, 0x85F3, 0x85F4, 0x85F5, 0x85F6, 0x85F7, 0x85F8, 0x85F9, 0x85FA, 0x85FB, 0x85FC, 0x85FD,
	0x85FE, 0x85FF, 0x8600, 0x8601, 0x8602, 0x8603, 0x8604, 0x8605, 0x8606, 0x8607, 0x8608, 0x8609,
	0x860A, 0x860B, 0x860C, 0x860D, 0x860E, 0x860F, 0x8610, 0x8611, 0x8612, 0x8613, 0x8614, 0x8615,
	0x8616, 0x8617, 0x8618, 0x8619, 0x861A, 0x861B, 0x861C, 0x861D, 0x861E, 0x861F, 0x8620, 0x8621,
	0x8622, 0x8623, 0x8624, 0x8625, 0x8626, 0x8627, 0x8628, 0x8629, 0x862A, 0x862B, 0x862C, 0x862D,
	0x862E, 0x862F, 0x8630, 0x8631, 0x8632, 0x8633, 0x8634, 0x8635, 0x8636, 0x8637, 0x8638, 0x8639,
	0x863A, 0x863B, 0x863C, 0x863D, 0x863E, 0x863F, 0x8640, 0x8641, 0x8642, 0x8643, 0x8644, 0x8645,
	0x8646, 0x8647, 0x8648, 0x8649, 0x864A, 0x864B, 0x864C, 0x864D, 0x864E, 0x864F, 0x8650, 0x8651,
	0x8652, 0x8653, 0x8654, 0x8655, 0x8656, 0x8657, 0x8658, 0x8659, 0x865A, 0x865B, 0x865C, 0x865D,
	0x865E, 0x865F, 0x8660, 0x8661, 0x8662, 0x8663, 0x8664, 0x8665, 0x8666, 0x8667, 0x8668, 0x8669,
	0x866A, 0x866B, 0x866C, 0x866D, 0x866E, 0x866F, 0x8670, 0x8671, 0x8672, 0x8673, 0x8674, 0x8675,
	0x8676, 0x8677, 0x8678, 0x8679, 0x867A, 0x867B, 0x867C, 0x867D, 0x867E, 0x867F, 0x8680, 0x8681,
	0x8682, 0x8683, 0x8684, 0x8685, 0x8686, 0x8687, 0x8688, 0x8689, 0x868A, 0x868B, 0x868C, 0x868D,
	0x868E, 0x868F, 0x8690, 0x8691, 0x8692, 0x8693, 0x8694, 0x8695, 0x8696, 0x8697, 0x8698, 0x8699,
	0x869A, 0x869B, 0x869C, 0x869D, 0x869E, 0x869F, 0x86A0, 0x86A1, 0x86A2, 0x86A3, 0x86A4, 0x86A5,
	0x86A6, 0x86A7, 0x86A8, 0x86A9, 0x86AA, 0x86AB, 0x86AC, 0x86AD, 0x86AE, 0x86AF, 0x86B0, 0x86B1,
	0x86B2, 0x86B3, 0x86B4, 0x86B5, 0x86B6, 0x86B7, 0x86B8, 0x86B9, 0x86BA, 0x86BB, 0x86BC, 0x86BD,
	0x86BE, 0x86BF, 0x86C0, 0x86C1, 0x86C2, 0x86C3, 0x86C4, 0x86C5, 0x86C6, 0x86C7, 0x86C8, 0x86C9,
	0x86CA, 0x86CB, 0x86CC, 0x86CD, 0x86CE, 0x86CF, 0x86D0, 0x86D1, 0x86D2, 0x86D3, 0x86D4, 0x86D5,
	0x86D6, 0x86D7, 0x86D8, 0x86D9, 0x86DA, 0x86DB, 0x86DC, 0x86DD, 0x86DE, 0x86DF, 0x86E0, 0x86E1,
	0x86E2, 0x86E3, 0x86E4, 0x86E5, 0x86E6, 0x86E7, 0x86E8, 0x86E9, 0x86EA, 0x86EB, 0x86EC, 0x86ED,
	0x86EE, 0x86EF, 0x86F0, 0x86F1, 0x86F2, 0x86F3, 0x86F4, 0x86F5, 0x86F6, 0x86F7, 0x86F8, 0x86F9,
	0x86FA, 0x86FB, 0x86FC, 0x86FD, 0x86FE, 0x86FF, 0x8700, 0x8701, 0x8702, 0x8703, 0x8704, 0x8705,
	0x8706, 0x8707, 0x8708, 0x8709, 0x870A, 0x870B, 0x870C, 0x870D, 0x870E, 0x870F, 0x8710, 0x8711,
	0x8712, 0x8713, 0x8714, 0x8715, 0x8716, 0x8717, 0x8718, 0x8719, 0x871A, 0x871B, 0x871C, 0x871D,
	0x871E, 0x871F, 0x8720, 0x8721, 0x8722, 0x8723, 0x8724, 0x8725, 0x8726, 0x8727, 0x8728, 0x8729,
	0x872A, 0x872B, 0x872C, 0x872D, 0x872E, 0x872F, 0x8730, 0x8731, 0x8732, 0x8733, 0x8734, 0x8735,
	0x8736, 0x8737, 0x8738, 0x8739, 0x873A, 0x873B, 0x873C, 0x873D, 0x873E, 0x873F, 0x8740, 0x8741,
	0x8742, 0x8743, 0x8744, 0x8745, 0x8746, 0x8747, 0x8748, 0x8749, 0x874A, 0x874B, 0x874C, 0x874D,
	0x874E, 0x874F, 0x8750, 0x8751, 0x8752, 0x8753, 0x8754, 0x8755, 0x8756, 0x8757, 0x8758, 0x8759,
	0x875A, 0x875B, 0x875C, 0x875D, 0x875E, 0x875F, 0x8760, 0x8761, 0x8762, 0x8763, 0x8764, 0x8765,
	0x8766, 0x8767, 0x8768, 0x8769, 0x876A, 0x876B, 0x876C, 0x876D, 0x876E, 0x876F, 0x8770, 0x8771,
	0x8772, 0x8773, 0x8774, 0x8775, 0x8776, 0x8777, 0x8778, 0x8779, 0x877A, 0x877B, 0x877C, 0x877D,
	0x877E, 0x877F, 0x8780, 0x8781, 0x8782, 0x8783, 0x8784, 0x8785, 0x8786, 0x8787, 0x8788, 0x8789,
	0x878A, 0x878B, 0x878C, 0x878D, 0x878E, 0x878F, 0x8790, 0x8791, 0x8792, 0x8793, 0x8794, 0x8795,
	0x8796, 0x8797, 0x8798, 0x8799, 0x879A, 0x879B, 0x879C, 0x879D, 0x879E, 0x879F, 0x87A0, 0x87A1,
	0x87A2, 0x87A3, 0x87A4, 0x87A5, 0x87A6, 0x87A7, 0x87A8, 0x87A9, 0x87AA, 0x87AB, 0x87AC, 0x87AD,
	0x87AE, 0x87AF, 0x87B0, 0x87B1, 0x87B2, 0x87B3, 0x87B4, 0x87B5, 0x87B6, 0x87B7, 0x87B8, 0x87B9,
	0x87BA, 0x87BB, 0x87BC, 0x87BD, 0x87BE, 0x87BF, 0x87C0, 0x87C1, 0x87C2, 0x87C3, 0x87C4, 0x87C5,
	0x87C6, 0x87C7, 0x87C8, 0x87C9, 0x87CA, 0x87CB, 0x87CC, 0x87CD, 0x87CE, 0x87CF, 0x87D0, 0x87D1,
	0x87D2, 0x87D3, 0x87D4, 0x87D5, 0x87D6, 0x87D7, 0x87D8, 0x87D9, 0x87DA, 0x87DB, 0x87DC, 0x87DD,
	0x87DE, 0x87DF, 0x87E0, 0x87E1, 0x87E2, 0x87E3, 0x87E4, 0x87E5, 0x87E6, 0x87E7, 0x87E8, 0x87E9,
	0x87EA, 0x87EB, 0x87EC, 0x87ED, 0x87EE, 0x87EF, 0x87F0, 0x87F1, 0x87F2, 0x87F3, 0x87F4, 0x87F5,
	0x87F6, 0x87F7, 0x87F8, 0x87F9, 0x87FA, 0x87FB, 0x87FC, 0x87FD, 0x87FE, 0x87FF, 0x8800, 0x8801,
	0x8802, 0x8803, 0x8804, 0x8805, 0x8806, 0x8807, 0x8808, 0x8809, 0x880A, 0x880B, 0x880C, 0x880D,
	0x880E, 0x880F, 0x8810, 0x8811, 0x8812, 0x8813, 0x8814, 0x8815, 0x8816, 0x8817, 0x8818, 0x8819,
	0x881A, 0x881B, 0x881C, 0x881D, 0x881E, 0x881F, 0x8820, 0x8821, 0x8822, 0x8823, 0x8824, 0x8825,
	0x8826, 0x8827, 0x8828, 0x8829, 0x882A, 0x882B, 0x882C, 0x882D, 0x882E, 0x882F, 0x8830, 0x8831,
	0x8832, 0x8833, 0x8834, 0x8835, 0x8836, 0x8837, 0x8838, 0x8839, 0x883A, 0x883B, 0x883C, 0x883D,
	0x883E, 0x883F, 0x8840, 0x8841, 0x8842, 0x8843, 0x8844, 0x8845, 0x8846, 0x8847, 0x8848, 0x8849,
	0x884A, 0x884B, 0x884C, 0x884D, 0x884E, 0x884F, 0x8850, 0x8851, 0x8852, 0x8853, 0x8854, 0x8855,
	0x8856, 0x8857, 0x8858, 0x8859, 0x885A, 0x885B, 0x885C, 0x885D, 0x885E, 0x885F, 0x8860, 0x8861,
	0x8862, 0x8863, 0x8864, 0x8865, 0x8866, 0x8867, 0x8868, 0x8869, 0x886A, 0x886B, 0x886C, 0x886D,
	0x886E, 0x886F, 0x8870, 0x8871, 0x8872, 0x8873, 0x8874, 0x8875, 0x8876, 0x8877, 0x8878, 0x8879,
	0x887A, 0x887B, 0x887C, 0x887D, 0x887E, 0x887F, 0x8880, 0x8881, 0x8882, 0x8883, 0x8884, 0x8885,
	0x8886, 0x8887, 0x8888, 0x8889, 0x888A, 0x888B, 0x888C, 0x888D, 0x888E, 0x888F, 0x8890, 0x8891,
	0x8892, 0x8893, 0x8894, 0x8895, 0x8896, 0x8897, 0x8898, 0x8899, 0x889A, 0x889B, 0x889C, 0x889D,
	0x889E, 0x889F, 0x88A0, 0x88A1, 0x88A2, 0x88A3, 0x88A4, 0x88A5, 0x88A6, 0x88A7, 0x88A8, 0x88A9,
	0x88AA, 0x88AB, 0x88AC, 0x88AD, 0x88AE, 0x88AF, 0x88B0, 0x88B1, 0x88B2, 0x88B3, 0x88B4, 0x88B5,
	0x88B6, 0x88B7, 0x88B8, 0x88B9, 0x88BA, 0x88BB, 0x88BC, 0x88BD, 0x88BE, 0x88BF, 0x88C0, 0x88C1,
	0x88C2, 0x88C3, 0x88C4, 0x88C5, 0x88C6, 0x88C7, 0x88C8, 0x88C9, 0x88CA, 0x88CB, 0x88CC, 0x88CD,
	0x88CE, 0x88CF, 0x88D0, 0x88D1, 0x88D2, 0x88D3, 0x88D4, 0x88D5, 0x88D6, 0x88D7, 0x88D8, 0x88D9,
	0x88DA, 0x88DB, 0x88DC, 0x88DD, 0x88DE, 0x88DF, 0x88E0, 0x88E1, 0x88E2, 0x88E3, 0x88E4, 0x88E5,
	0x88E6, 0x88E7, 0x88E8, 0x88E9, 0x88EA, 0x88EB, 0x88EC, 0x88ED, 0x88EE, 0x88EF, 0x88F0, 0x88F1,
	0x88F2, 0x88F3, 0x88F4, 0x88F5, 0x88F6, 0x88F7, 0x88F8, 0x88F9, 0x88FA, 0x88FB, 0x88FC, 0x88FD,
	0x88FE, 0x88FF, 0x8900, 0x8901, 0x8902, 0x8903, 0x8904, 0x8905, 0x8906, 0x8907, 0x8908, 0x8909,
	0x890A, 0x890B, 0x890C, 0x890D, 0x890E, 0x890F, 0x8910, 0x8911, 0x8912, 0x8913, 0x8914, 0x8915,
	0x8916, 0x8917, 0x8918, 0x8919, 0x891A, 0x891B, 0x891C, 0x891D, 0x891E, 0x891F, 0x8920, 0x8921,
	0x8922, 0x8923, 0x8924, 0x8925, 0x8926, 0x8927, 0x8928, 0x8929, 0x892A, 0x892B, 0x892C, 0x892D,
	0x892E, 0x892F, 0x8930, 0x8931, 0x8932, 0x8933, 0x8934, 0x8935, 0x8936, 0x8937, 0x8938, 0x8939,
	0x893A, 0x893B, 0x893C, 0x893D, 0x893E, 0x893F, 0x8940, 0x8941, 0x8942, 0x8943, 0x8944, 0x8945,
	0x8946, 0x8947, 0x8948, 0x8949, 0x894A, 0x894B, 0x894C, 0x894D, 0x894E, 0x894F, 0x8950, 0x8951,
	0x8952, 0x8953, 0x8954, 0x8955, 0x8956, 0x8957, 0x8958, 0x8959, 0x895A, 0x895B, 0x895C, 0x895D,
	0x895E, 0x895F, 0x8960, 0x8961, 0x8962, 0x8963, 0x8964, 0x8965, 0x8966, 0x8967, 0x8968, 0x8969,
	0x896A, 0x896B, 0x896C, 0x896D, 0x896E, 0x896F, 0x8970, 0x8971, 0x8972, 0x8973, 0x8974, 0x8975,
	0x8976, 0x8977, 0x8978, 0x8979, 0x897A, 0x897B, 0x897C, 0x897D, 0x897E, 0x897F, 0x8980, 0x8981,
	0x8982, 0x8983, 0x8984, 0x8985, 0x8986, 0x8987, 0x8988, 0x8989, 0x898A, 0x898B, 0x898C, 0x898D,
	0x898E, 0x898F, 0x8990, 0x8991, 0x8992, 0x8993, 0x8994, 0x8995, 0x8996, 0x8997, 0x8998, 0x8999,
	0x899A, 0x899B, 0x899C, 0x899D, 0x899E, 0x899F, 0x89A0, 0x89A1, 0x89A2, 0x89A3, 0x89A4, 0x89A5,
	0x89A6, 0x89A7, 0x89A8, 0x89A9, 0x89AA, 0x89AB, 0x89AC, 0x89AD, 0x89AE, 0x89AF, 0x89B0, 0x89B1,
	0x89B2, 0x89B3, 0x89B4, 0x89B5, 0x89B6, 0x89B7, 0x89B8, 0x89B9, 0x89BA, 0x89BB, 0x89BC, 0x89BD,
	0x89BE, 0x89BF, 0x89C0, 0x89C1, 0x89C2, 0x89C3, 0x89C4, 0x89C5, 0x89C6, 0x89C7, 0x89C8, 0x89C9,
	0x89CA, 0x89CB, 0x89CC, 0x89CD, 0x89CE, 0x89CF, 0x89D0, 0x89D1, 0x89D2, 0x89D3, 0x89D4, 0x89D5,
	0x89D6, 0x89D7, 0x89D8, 0x89D9, 0x89DA, 0x89DB, 0x89DC, 0x89DD, 0x89DE, 0x89DF, 0x89E0, 0x89E1,
	0x89E2, 0x89E3, 0x89E4, 0x89E5, 0x89E6, 0x89E7, 0x89E8, 0x89E9, 0x89EA, 0x89EB, 0x89EC, 0x89ED,
	0x89EE, 0x89EF, 0x89F0, 0x89F1, 0x89F2, 0x89F3, 0x89F4, 0x89F5, 0x89F6, 0x89F7, 0x89F8, 0x89F9,
	0x89FA, 0x89FB, 0x89FC, 0x89FD, 0x89FE, 0x89FF, 0x8A00, 0x8A01, 0x8A02, 0x8A03, 0x8A04, 0x8A05,
	0x8A06, 0x8A07, 0x8A08, 0x8A09, 0x8A0A, 0x8A0B, 0x8A0C, 0x8A0D, 0x8A0E, 0x8A0F, 0x8A10, 0x8A11,
	0x8A12, 0x8A13, 0x8A14, 0x8A15, 0x8A16, 0x8A17, 0x8A18, 0x8A19, 0x8A1A, 0x8A1B, 0x8A1C, 0x8A1D,
	0x8A1E, 0x8A1F, 0x8A20, 0x8A21, 0x8A22, 0x8A23, 0x8A24, 0x8A25, 0x8A26, 0x8A27, 0x8A28, 0x8A29,
	0x8A2A, 0x8A2B, 0x8A2C, 0x8A2D, 0x8A2E, 0x8A2F, 0x8A30, 0x8A31, 0x8A32, 0x8A33, 0x8A34, 0x8A35,
	0x8A36, 0x8A37, 0x8A38, 0x8A39, 0x8A3A, 0x8A3B, 0x8A3C, 0x8A3D, 0x8A3E, 0x8A3F, 0x8A40, 0x8A41,
	0x8A42, 0x8A43, 0x8A44, 0x8A45, 0x8A46, 0x8A47, 0x8A48, 0x8A49, 0x8A4A, 0x8A4B, 0x8A4C, 0x8A4D,
	0x8A4E, 0x8A4F, 0x8A50, 0x8A51, 0x8A52, 0x8A53, 0x8A54, 0x8A55, 0x8A56, 0x8A57, 0x8A58, 0x8A59,
	0x8A5A, 0x8A5B, 0x8A5C, 0x8A5D, 0x8A5E, 0x8A5F, 0x8A60, 0x8A61, 0x8A62, 0x8A63, 0x8A64, 0x8A65,
	0x8A66, 0x8A67, 0x8A68, 0x8A69, 0x8A6A, 0x8A6B, 0x8A6C, 0x8A6D, 0x8A6E, 0x8A6F, 0x8A70, 0x8A71,
	0x8A72, 0x8A73, 0x8A74, 0x8A75, 0x8A76, 0x8A77, 0x8A78, 0x8A79, 0x8A7A, 0x8A7B, 0x8A7C, 0x8A7D,
	0x8A7E, 0x8A7F, 0x8A80, 0x8A81, 0x8A82, 0x8A83, 0x8A84, 0x8A85, 0x8A86, 0x8A87, 0x8A88, 0x8A89,
	0x8A8A, 0x8A8B, 0x8A8C, 0x8A8D, 0x8A8E, 0x8A8F, 0x8A90, 0x8A91, 0x8A92, 0x8A93, 0x8A94, 0x8A95,
	0x8A96, 0x8A97, 0x8A98, 0x8A99, 0x8A9A, 0x8A9B, 0x8A9C, 0x8A9D, 0x8A9E, 0x8A9F, 0x8AA0, 0x8AA1,
	0x8AA2, 0x8AA3, 0x8AA4, 0x8AA5, 0x8AA6, 0x8AA7, 0x8AA8, 0x8AA9, 0x8AAA, 0x8AAB, 0x8AAC, 0x8AAD,
	0x8AAE, 0x8AAF, 0x8AB0, 0x8AB1, 0x8AB2, 0x8AB3, 0x8AB4, 0x8AB5, 0x8AB6, 0x8AB7, 0x8AB8, 0x8AB9,
	0x8ABA, 0x8ABB, 0x8ABC, 0x8ABD, 0x8ABE, 0x8ABF, 0x8AC0, 0x8AC1, 0x8AC2, 0x8AC3, 0x8AC4, 0x8AC5,
	0x8AC6, 0x8AC7, 0x8AC8, 0x8AC9, 0x8ACA, 0x8ACB, 0x8ACC, 0x8ACD, 0x8ACE, 0x8ACF, 0x8AD0, 0x8AD1,
	0x8AD2, 0x8AD3, 0x8AD4, 0x8AD5, 0x8AD6, 0x8AD7, 0x8AD8, 0x8AD9, 0x8ADA, 0x8ADB, 0x8ADC, 0x8ADD,
	0x8ADE, 0x8ADF, 0x8AE0, 0x8AE1, 0x8AE2, 0x8AE3, 0x8AE4, 0x8AE5, 0x8AE6, 0x8AE7, 0x8AE8, 0x8AE9,
	0x8AEA, 0x8AEB, 0x8AEC, 0x8AED, 0x8AEE, 0x8AEF, 0x8AF0, 0x8AF1, 0x8AF2, 0x8AF3, 0x8AF4, 0x8AF5,
	0x8AF6, 0x8AF7, 0x8AF8, 0x8AF9, 0x8AFA, 0x8AFB, 0x8AFC, 0x8AFD, 0x8AFE, 0x8AFF, 0x8B00, 0x8B01,
	0x8B02, 0x8B03, 0x8B04, 0x8B05, 0x8B06, 0x8B07, 0x8B08, 0x8B09, 0x8B0A, 0x8B0B, 0x8B0C, 0x8B0D,
	0x8B0E, 0x8B0F, 0x8B10, 0x8B11, 0x8B12, 0x8B13, 0x8B14, 0x8B15, 0x8B16, 0x8B17, 0x8B18, 0x8B19,
	0x8B1A, 0x8B1B, 0x8B1C, 0x8B1D, 0x8B1E, 0x8B1F, 0x8B20, 0x8B21, 0x8B22, 0x8B23, 0x8B24, 0x8B25,
	0x8B26, 0x8B27, 0x8B28, 0x8B29, 0x8B2A, 0x8B2B, 0x8B2C, 0x8B2D, 0x8B2E, 0x8B2F, 0x8B30, 0x8B31,
	0x8B32, 0x8B33, 0x8B34, 0x8B35, 0x8B36, 0x8B37, 0x8B38, 0x8B39, 0x8B3A, 0x8B3B, 0x8B3C, 0x8B3D,
	0x8B3E, 0x8B3F, 0x8B40, 0x8B41, 0x8B42, 0x8B43, 0x8B44, 0x8B45, 0x8B46, 0x8B47, 0x8B48, 0x8B49,
	0x8B4A, 0x8B4B, 0x8B4C, 0x8B4D, 0x8B4E, 0x8B4F, 0x8B50, 0x8B51, 0x8B52, 0x8B53, 0x8B54, 0x8B55,
	0x8B56, 0x8B57, 0x8B58, 0x8B59, 0x8B5A, 0x8B5B, 0x8B5C, 0x8B5D, 0x8B5E, 0x8B5F, 0x8B60, 0x8B61,
	0x8B62, 0x8B63, 0x8B64, 0x8B65, 0x8B66, 0x8B67, 0x8B68, 0x8B69, 0x8B6A, 0x8B6B, 0x8B6C, 0x8B6D,
	0x8B6E, 0x8B6F, 0x8B70, 0x8B71, 0x8B72, 0x8B73, 0x8B74, 0x8B75, 0x8B76, 0x8B77, 0x8B78, 0x8B79,
	0x8B7A, 0x8B7B, 0x8B7C, 0x8B7D, 0x8B7E, 0x8B7F, 0x8B80, 0x8B81, 0x8B82, 0x8B83, 0x8B84, 0x8B85,
	0x8B86, 0x8B87, 0x8B88, 0x8B89, 0x8B8A, 0x8B8B, 0x8B8C, 0x8B8D, 0x8B8E, 0x8B8F, 0x8B90, 0x8B91,
	0x8B92, 0x8B93, 0x8B94, 0x8B95, 0x8B96, 0x8B97, 0x8B98, 0x8B99, 0x8B9A, 0x8B9B, 0x8B9C, 0x8B9D,
	0x8B9E, 0x8B9F, 0x8BA0, 0x8BA1, 0x8BA2, 0x8BA3, 0x8BA4, 0x8BA5, 0x8BA6, 0x8BA7, 0x8BA8, 0x8BA9,
	0x8BAA, 0x8BAB, 0x8BAC, 0x8BAD, 0x8BAE, 0x8BAF, 0x8BB0, 0x8BB1, 0x8BB2, 0x8BB3, 0x8BB4, 0x8BB5,
	0x8BB6, 0x8BB7, 0x8BB8, 0x8BB9, 0x8BBA, 0x8BBB, 0x8BBC, 0x8BBD, 0x8BBE, 0x8BBF, 0x8BC0, 0x8BC1,
	0x8BC2, 0x8BC3, 0x8BC4, 0x8BC5, 0x8BC6, 0x8BC7, 0x8BC8, 0x8BC9, 0x8BCA, 0x8BCB, 0x8BCC, 0x8BCD,
	0x8BCE, 0x8BCF, 0x8BD0, 0x8BD1, 0x8BD2, 0x8BD3, 0x8BD4, 0x8BD5, 0x8BD6, 0x8BD7, 0x8BD8, 0x8BD9,
	0x8BDA, 0x8BDB, 0x8BDC, 0x8BDD, 0x8BDE, 0x8BDF, 0x8BE0, 0x8BE1, 0x8BE2, 0x8BE3, 0x8BE4, 0x8BE5,
	0x8BE6, 0x8BE7, 0x8BE8, 0x8BE9, 0x8BEA, 0x8BEB, 0x8BEC, 0x8BED, 0x8BEE, 0x8BEF, 0x8BF0, 0x8BF1,
	0x8BF2, 0x8BF3, 0x8BF4, 0x8BF5, 0x8BF6, 0x8BF7, 0x8BF8, 0x8BF9, 0x8BFA, 0x8BFB, 0x8BFC, 0x8BFD,
	0x8BFE, 0x8BFF, 0x8C00, 0x8C01, 0x8C02, 0x8C03, 0x8C04, 0x8C05, 0x8C06, 0x8C07, 0x8C08, 0x8C09,
	0x8C0A, 0x8C0B, 0x8C0C, 0x8C0D, 0x8C0E, 0x8C0F, 0x8C10, 0x8C11, 0x8C12, 0x8C13, 0x8C14, 0x8C15,
	0x8C16, 0x8C17, 0x8C18, 0x8C19, 0x8C1A, 0x8C1B, 0x8C1C, 0x8C1D, 0x8C1E, 0x8C1F, 0x8C20, 0x8C21,
	0x8C22, 0x8C23, 0x8C24, 0x8C25, 0x8C26, 0x8C27, 0x8C28, 0x8C29, 0x8C2A, 0x8C2B, 0x8C2C, 0x8C2D,
	0x8C2E, 0x8C2F, 0x8C30, 0x8C31, 0x8C32, 0x8C33, 0x8C34, 0x8C35, 0x8C36, 0x8C37, 0x8C38, 0x8C39,
	0x8C3A, 0x8C3B, 0x8C3C, 0x8C3D, 0x8C3E, 0x8C3F, 0x8C40, 0x8C41, 0x8C42, 0x8C43, 0x8C44, 0x8C45,
	0x8C46, 0x8C47, 0x8C48, 0x8C49, 0x8C4A, 0x8C4B, 0x8C4C, 0x8C4D, 0x8C4E, 0x8C4F, 0x8C50, 0x8C51,
	0x8C52, 0x8C53, 0x8C54, 0x8C55, 0x8C56, 0x8C57, 0x8C58, 0x8C59, 0x8C5A, 0x8C5B, 0x8C5C, 0x8C5D,
	0x8C5E, 0x8C5F, 0x8C60, 0x8C61, 0x8C62, 0x8C63, 0x8C64, 0x8C65, 0x8C66, 0x8C67, 0x8C68, 0x8C69,
	0x8C6A, 0x8C6B, 0x8C6C, 0x8C6D, 0x8C6E, 0x8C6F, 0x8C70, 0x8C71, 0x8C72, 0x8C73, 0x8C74, 0x8C75,
	0x8C76, 0x8C77, 0x8C78, 0x8C79, 0x8C7A, 0x8C7B, 0x8C7C, 0x8C7D, 0x8C7E, 0x8C7F, 0x8C80, 0x8C81,
	0x8C82, 0x8C83, 0x8C84, 0x8C85, 0x8C86, 0x8C87, 0x8C88, 0x8C89, 0x8C8A, 0x8C8B, 0x8C8C, 0x8C8D,
	0x8C8E, 0x8C8F, 0x8C90, 0x8C91, 0x8C92, 0x8C93, 0x8C94, 0x8C95, 0x8C96, 0x8C97, 0x8C98, 0x8C99,
	0x8C9A, 0x8C9B, 0x8C9C, 0x8C9D, 0x8C9E, 0x8C9F, 0x8CA0, 0x8CA1, 0x8CA2, 0x8CA3, 0x8CA4, 0x8CA5,
	0x8CA6, 0x8CA7, 0x8CA8, 0x8CA9, 0x8CAA, 0x8CAB, 0x8CAC, 0x8CAD, 0x8CAE, 0x8CAF, 0x8CB0, 0x8CB1,
	0x8CB2, 0x8CB3, 0x8CB4, 0x8CB5, 0x8CB6, 0x8CB7, 0x8CB8, 0x8CB9, 0x8CBA, 0x8CBB, 0x8CBC, 0x8CBD,
	0x8CBE, 0x8CBF, 0x8CC0, 0x8CC1, 0x8CC2, 0x8CC3, 0x8CC4, 0x8CC5, 0x8CC6, 0x8CC7, 0x8CC8, 0x8CC9,
	0x8CCA, 0x8CCB, 0x8CCC, 0x8CCD, 0x8CCE, 0x8CCF, 0x8CD0, 0x8CD1, 0x8CD2, 0x8CD3, 0x8CD4, 0x8CD5,
	0x8CD6, 0x8CD7, 0x8CD8, 0x8CD9, 0x8CDA, 0x8CDB, 0x8CDC, 0x8CDD, 0x8CDE, 0x8CDF, 0x8CE0, 0x8CE1,
	0x8CE2, 0x8CE3, 0x8CE4, 0x8CE5, 0x8CE6, 0x8CE7, 0x8CE8, 0x8CE9, 0x8CEA, 0x8CEB, 0x8CEC, 0x8CED,
	0x8CEE, 0x8CEF, 0x8CF0, 0x8CF1, 0x8CF2, 0x8CF3, 0x8CF4, 0x8CF5, 0x8CF6, 0x8CF7, 0x8CF8, 0x8CF9,
	0x8CFA, 0x8CFB, 0x8CFC, 0x8CFD, 0x8CFE, 0x8CFF, 0x8D00, 0x8D01, 0x8D02, 0x8D03, 0x8D04, 0x8D05,
	0x8D06, 0x8D07, 0x8D08, 0x8D09, 0x8D0A, 0x8D0B, 0x8D0C, 0x8D0D, 0x8D0E, 0x8D0F, 0x8D10, 0x8D11,
	0x8D12, 0x8D13, 0x8D14, 0x8D15, 0x8D16, 0x8D17, 0x8D18, 0x8D19, 0x8D1A, 0x8D1B, 0x8D1C, 0x8D1D,
	0x8D1E, 0x8D1F, 0x8D20, 0x8D21, 0x8D22, 0x8D23, 0x8D24, 0x8D25, 0x8D26, 0x8D27, 0x8D28, 0x8D29,
	0x8D2A, 0x8D2B, 0x8D2C, 0x8D2D, 0x8D2E, 0x8D2F, 0x8D30, 0x8D31, 0x8D32, 0x8D33, 0x8D34, 0x8D35,
	0x8D36, 0x8D37, 0x8D38, 0x8D39, 0x8D3A, 0x8D3B, 0x8D3C, 0x8D3D, 0x8D3E, 0x8D3F, 0x8D40, 0x8D41,
	0x8D42, 0x8D43, 0x8D44, 0x8D45, 0x8D46, 0x8D47, 0x8D48, 0x8D49, 0x8D4A, 0x8D4B, 0x8D4C, 0x8D4D,
	0x8D4E, 0x8D4F, 0x8D50, 0x8D51, 0x8D52, 0x8D53, 0x8D54, 0x8D55, 0x8D56, 0x8D57, 0x8D58, 0x8D59,
	0x8D5A, 0x8D5B, 0x8D5C, 0x8D5D, 0x8D5E, 0x8D5F, 0x8D60, 0x8D61, 0x8D62, 0x8D63, 0x8D64, 0x8D65,
	0x8D66, 0x8D67, 0x8D68, 0x8D69, 0x8D6A, 0x8D6B, 0x8D6C, 0x8D6D, 0x8D6E, 0x8D6F, 0x8D70, 0x8D71,
	0x8D72, 0x8D73, 0x8D74, 0x8D75, 0x8D76, 0x8D77, 0x8D78, 0x8D79, 0x8D7A, 0x8D7B, 0x8D7C, 0x8D7D,
	0x8D7E, 0x8D7F, 0x8D80, 0x8D81, 0x8D82, 0x8D83, 0x8D84, 0x8D85, 0x8D86, 0x8D87, 0x8D88, 0x8D89,
	0x8D8A, 0x8D8B, 0x8D8C, 0x8D8D, 0x8D8E, 0x8D8F, 0x8D90, 0x8D91, 0x8D92, 0x8D93, 0x8D94, 0x8D95,
	0x8D96, 0x8D97, 0x8D98, 0x8D99, 0x8D9A, 0x8D9B, 0x8D9C, 0x8D9D, 0x8D9E, 0x8D9F, 0x8DA0, 0x8DA1,
	0x8DA2, 0x8DA3, 0x8DA4, 0x8DA5, 0x8DA6, 0x8DA7, 0x8DA8, 0x8DA9, 0x8DAA, 0x8DAB, 0x8DAC, 0x8DAD,
	0x8DAE, 0x8DAF, 0x8DB0, 0x8DB1, 0x8DB2, 0x8DB3, 0x8DB4, 0x8DB5, 0x8DB6, 0x8DB7, 0x8DB8, 0x8DB9,
	0x8DBA, 0x8DBB, 0x8DBC, 0x8DBD, 0x8DBE, 0x8DBF, 0x8DC0, 0x8DC1, 0x8DC2, 0x8DC3, 0x8DC4, 0x8DC5,
	0x8DC6, 0x8DC7, 0x8DC8, 0x8DC9, 0x8DCA, 0x8DCB, 0x8DCC, 0x8DCD, 0x8DCE, 0x8DCF, 0x8DD0, 0x8DD1,
	0x8DD2, 0x8DD3, 0x8DD4, 0x8DD5, 0x8DD6, 0x8DD7, 0x8DD8, 0x8DD9, 0x8DDA, 0x8DDB, 0x8DDC, 0x8DDD,
	0x8DDE, 0x8DDF, 0x8DE0, 0x8DE1, 0x8DE2, 0x8DE3, 0x8DE4, 0x8DE5, 0x8DE6, 0x8DE7, 0x8DE8, 0x8DE9,
	0x8DEA, 0x8DEB, 0x8DEC, 0x8DED, 0x8DEE, 0x8DEF, 0x8DF0, 0x8DF1, 0x8DF2, 0x8DF3, 0x8DF4, 0x8DF5,
	0x8DF6, 0x8DF7, 0x8DF8, 0x8DF9, 0x8DFA, 0x8DFB, 0x8DFC, 0x8DFD, 0x8DFE, 0x8DFF, 0x8E00, 0x8E01,
	0x8E02, 0x8E03, 0x8E04, 0x8E05, 0x8E06, 0x8E07, 0x8E08, 0x8E09, 0x8E0A, 0x8E0B, 0x8E0C, 0x8E0D,
	0x8E0E, 0x8E0F, 0x8E10, 0x8E11, 0x8E12, 0x8E13, 0x8E14, 0x8E15, 0x8E16, 0x8E17, 0x8E18, 0x8E19,
	0x8E1A, 0x8E1B, 0x8E1C, 0x8E1D, 0x8E1E, 0x8E1F, 0x8E20, 0x8E21, 0x8E22, 0x8E23, 0x8E24, 0x8E25,
	0x8E26, 0x8E27, 0x8E28, 0x8E29, 0x8E2A, 0x8E2B, 0x8E2C, 0x8E2D, 0x8E2E, 0x8E2F, 0x8E30, 0x8E31,
	0x8E32, 0x8E33, 0x8E34, 0x8E35, 0x8E36, 0x8E37, 0x8E38, 0x8E39, 0x8E3A, 0x8E3B, 0x8E3C, 0x8E3D,
	0x8E3E, 0x8E3F, 0x8E40, 0x8E41, 0x8E42, 0x8E43, 0x8E44, 0x8E45, 0x8E46, 0x8E47, 0x8E48, 0x8E49,
	0x8E4A, 0x8E4B, 0x8E4C, 0x8E4D, 0x8E4E, 0x8E4F, 0x8E50, 0x8E51, 0x8E52, 0x8E53, 0x8E54, 0x8E55,
	0x8E56, 0x8E57, 0x8E58, 0x8E59, 0x8E5A, 0x8E5B, 0x8E5C, 0x8E5D, 0x8E5E, 0x8E5F, 0x8E60, 0x8E61,
	0x8E62, 0x8E63, 0x8E64, 0x8E65, 0x8E66, 0x8E67, 0x8E68, 0x8E69, 0x8E6A, 0x8E6B, 0x8E6C, 0x8E6D,
	0x8E6E, 0x8E6F, 0x8E70, 0x8E71, 0x8E72, 0x8E73, 0x8E74, 0x8E75, 0x8E76, 0x8E77, 0x8E78, 0x8E79,
	0x8E7A, 0x8E7B, 0x8E7C, 0x8E7D, 0x8E7E, 0x8E7F, 0x8E80, 0x8E81, 0x8E82, 0x8E83, 0x8E84, 0x8E85,
	0x8E86, 0x8E87, 0x8E88, 0x8E89, 0x8E8A, 0x8E8B, 0x8E8C, 0x8E8D, 0x8E8E, 0x8E8F, 0x8E90, 0x8E91,
	0x8E92, 0x8E93, 0x8E94, 0x8E95, 0x8E96, 0x8E97, 0x8E98, 0x8E99, 0x8E9A, 0x8E9B, 0x8E9C, 0x8E9D,
	0x8E9E, 0x8E9F, 0x8EA0, 0x8EA1, 0x8EA2, 0x8EA3, 0x8EA4, 0x8EA5, 0x8EA6, 0x8EA7, 0x8EA8, 0x8EA9,
	0x8EAA, 0x8EAB, 0x8EAC, 0x8EAD, 0x8EAE, 0x8EAF, 0x8EB0, 0x8EB1, 0x8EB2, 0x8EB3, 0x8EB4, 0x8EB5,
	0x8EB6, 0x8EB7, 0x8EB8, 0x8EB9, 0x8EBA, 0x8EBB, 0x8EBC, 0x8EBD, 0x8EBE, 0x8EBF, 0x8EC0, 0x8EC1,
	0x8EC2, 0x8EC3, 0x8EC4, 0x8EC5, 0x8EC6, 0x8EC7, 0x8EC8, 0x8EC9, 0x8ECA, 0x8ECB, 0x8ECC, 0x8ECD,
	0x8ECE, 0x8ECF, 0x8ED0, 0x8ED1, 0x8ED2, 0x8ED3, 0x8ED4, 0x8ED5, 0x8ED6, 0x8ED7, 0x8ED8, 0x8ED9,
	0x8EDA, 0x8EDB, 0x8EDC, 0x8EDD, 0x8EDE, 0x8EDF, 0x8EE0, 0x8EE1, 0x8EE2, 0x8EE3, 0x8EE4, 0x8EE5,
	0x8EE6, 0x8EE7, 0x8EE8, 0x8EE9, 0x8EEA, 0x8EEB, 0x8EEC, 0x8EED, 0x8EEE, 0x8EEF, 0x8EF0, 0x8EF1,
	0x8EF2, 0x8EF3, 0x8EF4, 0x8EF5, 0x8EF6, 0x8EF7, 0x8EF8, 0x8EF9, 0x8EFA, 0x8EFB, 0x8EFC, 0x8EFD,
	0x8EFE, 0x8EFF, 0x8F00, 0x8F01, 0x8F02, 0x8F03, 0x8F04, 0x8F05, 0x8F06, 0x8F07, 0x8F08, 0x8F09,
	0x8F0A, 0x8F0B, 0x8F0C, 0x8F0D, 0x8F0E, 0x8F0F, 0x8F10, 0x8F11, 0x8F12, 0x8F13, 0x8F14, 0x8F15,
	0x8F16, 0x8F17, 0x8F18, 0x8F19, 0x8F1A, 0x8F1B, 0x8F1C, 0x8F1D, 0x8F1E, 0x8F1F, 0x8F20, 0x8F21,
	0x8F22, 0x8F23, 0x8F24, 0x8F25, 0x8F26, 0x8F27, 0x8F28, 0x8F29, 0x8F2A, 0x8F2B, 0x8F2C, 0x8F2D,
	0x8F2E, 0x8F2F, 0x8F30, 0x8F31, 0x8F32, 0x8F33, 0x8F34, 0x8F35, 0x8F36, 0x8F37, 0x8F38, 0x8F39,
	0x8F3A, 0x8F3B, 0x8F3C, 0x8F3D, 0x8F3E, 0x8F3F, 0x8F40, 0x8F41, 0x8F42, 0x8F43, 0x8F44, 0x8F45,
	0x8F46, 0x8F47, 0x8F48, 0x8F49, 0x8F4A, 0x8F4B, 0x8F4C, 0x8F4D, 0x8F4E, 0x8F4F, 0x8F50, 0x8F51,
	0x8F52, 0x8F53, 0x8F54, 0x8F55, 0x8F56, 0x8F57, 0x8F58, 0x8F59, 0x8F5A, 0x8F5B, 0x8F5C, 0x8F5D,
	0x8F5E, 0x8F5F, 0x8F60, 0x8F61, 0x8F62, 0x8F63, 0x8F64, 0x8F65, 0x8F66, 0x8F67, 0x8F68, 0x8F69,
	0x8F6A, 0x8F6B, 0x8F6C, 0x8F6D, 0x8F6E, 0x8F6F, 0x8F70, 0x8F71, 0x8F72, 0x8F73, 0x8F74, 0x8F75,
	0x8F76, 0x8F77, 0x8F78, 0x8F79, 0x8F7A, 0x8F7B, 0x8F7C, 0x8F7D, 0x8F7E, 0x8F7F, 0x8F80, 0x8F81,
	0x8F82, 0x8F83, 0x8F84, 0x8F85, 0x8F86, 0x8F87, 0x8F88, 0x8F89, 0x8F8A, 0x8F8B, 0x8F8C, 0x8F8D,
	0x8F8E, 0x8F8F, 0x8F90, 0x8F91, 0x8F92, 0x8F93, 0x8F94, 0x8F95, 0x8F96, 0x8F97, 0x8F98, 0x8F99,
	0x8F9A, 0x8F9B, 0x8F9C, 0x8F9D, 0x8F9E, 0x8F9F, 0x8FA0, 0x8FA1, 0x8FA2, 0x8FA3, 0x8FA4, 0x8FA5,
	0x8FA6, 0x8FA7, 0x8FA8, 0x8FA9, 0x8FAA, 0x8FAB, 0x8FAC, 0x8FAD, 0x8FAE, 0x8FAF, 0x8FB0, 0x8FB1,
	0x8FB2, 0x8FB3, 0x8FB4, 0x8FB5, 0x8FB6, 0x8FB7, 0x8FB8, 0x8FB9, 0x8FBA, 0x8FBB, 0x8FBC, 0x8FBD,
	0x8FBE, 0x8FBF, 0x8FC0, 0x8FC1, 0x8FC2, 0x8FC3, 0x8FC4, 0x8FC5, 0x8FC6, 0x8FC7, 0x8FC8, 0x8FC9,
	0x8FCA, 0x8FCB, 0x8FCC, 0x8FCD, 0x8FCE, 0x8FCF, 0x8FD0, 0x8FD1, 0x8FD2, 0x8FD3, 0x8FD4, 0x8FD5,
	0x8FD6, 0x8FD7, 0x8FD8, 0x8FD9, 0x8FDA, 0x8FDB, 0x8FDC, 0x8FDD, 0x8FDE, 0x8FDF, 0x8FE0, 0x8FE1,
	0x8FE2, 0x8FE3, 0x8FE4, 0x8FE5, 0x8FE6, 0x8FE7, 0x8FE8, 0x8FE9, 0x8FEA, 0x8FEB, 0x8FEC, 0x8FED,
	0x8FEE, 0x8FEF, 0x8FF0, 0x8FF1, 0x8FF2, 0x8FF3, 0x8FF4, 0x8FF5, 0x8FF6, 0x8FF7, 0x8FF8, 0x8FF9,
	0x8FFA, 0x8FFB, 0x8FFC, 0x8FFD, 0x8FFE, 0x8FFF, 0x9000, 0x9001, 0x9002, 0x9003, 0x9004, 0x9005,
	0x9006, 0x9007, 0x9008, 0x9009, 0x900A, 0x900B, 0x900C, 0x900D, 0x900E, 0x900F, 0x9010, 0x9011,
	0x9012, 0x9013, 0x9014, 0x9015, 0x9016, 0x9017, 0x9018, 0x9019, 0x901A, 0x901B, 0x901C, 0x901D,
	0x901E, 0x901F, 0x9020, 0x9021, 0x9022, 0x9023, 0x9024, 0x9025, 0x9026, 0x9027, 0x9028, 0x9029,
	0x902A, 0x902B, 0x902C, 0x902D, 0x902E, 0x902F, 0x9030, 0x9031, 0x9032, 0x9033, 0x9034, 0x9035,
	0x9036, 0x9037, 0x9038, 0x9039, 0x903A, 0x903B, 0x903C, 0x903D, 0x903E, 0x903F, 0x9040, 0x9041,
	0x9042, 0x9043, 0x9044, 0x9045, 0x9046, 0x9047, 0x9048, 0x9049, 0x904A, 0x904B, 0x904C, 0x904D,
	0x904E, 0x904F, 0x9050, 0x9051, 0x9052, 0x9053, 0x9054, 0x9055, 0x9056, 0x9057, 0x9058, 0x9059,
	0x905A, 0x905B, 0x905C, 0x905D, 0x905E, 0x905F, 0x9060, 0x9061, 0x9062, 0x9063, 0x9064, 0x9065,
	0x9066, 0x9067, 0x9068, 0x9069, 0x906A, 0x906B, 0x906C, 0x906D, 0x906E, 0x906F, 0x9070, 0x9071,
	0x9072, 0x9073, 0x9074, 0x9075, 0x9076, 0x9077, 0x9078, 0x9079, 0x907A, 0x907B, 0x907C, 0x907D,
	0x907E, 0x907F, 0x9080, 0x9081, 0x9082, 0x9083, 0x9084, 0x9085, 0x9086, 0x9087, 0x9088, 0x9089,
	0x908A, 0x908B, 0x908C, 0x908D, 0x908E, 0x908F, 0x9090, 0x9091, 0x9092, 0x9093, 0x9094, 0x9095,
	0x9096, 0x9097, 0x9098, 0x9099, 0x909A, 0x909B, 0x909C, 0x909D, 0x909E, 0x909F, 0x90A0, 0x90A1,
	0x90A2, 0x90A3, 0x90A4, 0x90A5, 0x90A6, 0x90A7, 0x90A8, 0x90A9, 0x90AA, 0x90AB, 0x90AC, 0x90AD,
	0x90AE, 0x90AF, 0x90B0, 0x90B1, 0x90B2, 0x90B3, 0x90B4, 0x90B5, 0x90B6, 0x90B7, 0x90B8, 0x90B9,
	0x90BA, 0x90BB, 0x90BC, 0x90BD, 0x90BE, 0x90BF, 0x90C0, 0x90C1, 0x90C2, 0x90C3, 0x90C4, 0x90C5,
	0x90C6, 0x90C7, 0x90C8, 0x90C9, 0x90CA, 0x90CB, 0x90CC, 0x90CD, 0x90CE, 0x90CF, 0x90D0, 0x90D1,
	0x90D2, 0x90D3, 0x90D4, 0x90D5, 0x90D6, 0x90D7, 0x90D8, 0x90D9, 0x90DA, 0x90DB, 0x90DC, 0x90DD,
	0x90DE, 0x90DF, 0x90E0, 0x90E1, 0x90E2, 0x90E3, 0x90E4, 0x90E5, 0x90E6, 0x90E7, 0x90E8, 0x90E9,
	0x90EA, 0x90EB, 0x90EC, 0x90ED, 0x90EE, 0x90EF, 0x90F0, 0x90F1, 0x90F2, 0x90F3, 0x90F4, 0x90F5,
	0x90F6, 0x90F7, 0x90F8, 0x90F9, 0x90FA, 0x90FB, 0x90FC, 0x90FD, 0x90FE, 0x90FF, 0x9100, 0x9101,
	0x9102, 0x9103, 0x9104, 0x9105, 0x9106, 0x9107, 0x9108, 0x9109, 0x910A, 0x910B, 0x910C, 0x910D,
	0x910E, 0x910F, 0x9110, 0x9111, 0x9112, 0x9113, 0x9114, 0x9115, 0x9116, 0x9117, 0x9118, 0x9119,
	0x911A, 0x911B, 0x911C, 0x911D, 0x911E, 0x911F, 0x9120, 0x9121, 0x9122, 0x9123, 0x9124, 0x9125,
	0x9126, 0x9127, 0x9128, 0x9129, 0x912A, 0x912B, 0x912C, 0x912D, 0x912E, 0x912F, 0x9130, 0x9131,
	0x9132, 0x9133, 0x9134, 0x9135, 0x9136, 0x9137, 0x9138, 0x9139, 0x913A, 0x913B, 0x913C, 0x913D,
	0x913E, 0x913F, 0x9140, 0x9141, 0x9142, 0x9143, 0x9144, 0x9145, 0x9146, 0x9147, 0x9148, 0x9149,
	0x914A, 0x914B, 0x914C, 0x914D, 0x914E, 0x914F, 0x9150, 0x9151, 0x9152, 0x9153, 0x9154, 0x9155,
	0x9156, 0x9157, 0x9158, 0x9159, 0x915A, 0x915B, 0x915C, 0x915D, 0x915E, 0x915F, 0x9160, 0x9161,
	0x9162, 0x9163, 0x9164, 0x9165, 0x9166, 0x9167, 0x9168, 0x9169, 0x916A, 0x916B, 0x916C, 0x916D,
	0x916E, 0x916F, 0x9170, 0x9171, 0x9172, 0x9173, 0x9174, 0x9175, 0x9176, 0x9177, 0x9178, 0x9179,
	0x917A, 0x917B, 0x917C, 0x917D, 0x917E, 0x917F, 0x9180, 0x9181, 0x9182, 0x9183, 0x9184, 0x9185,
	0x9186, 0x9187, 0x9188, 0x9189, 0x918A, 0x918B, 0x918C, 0x918D, 0x918E, 0x918F, 0x9190, 0x9191,
	0x9192, 0x9193, 0x9194, 0x9195, 0x9196, 0x9197, 0x9198, 0x9199, 0x919A, 0x919B, 0x919C, 0x919D,
	0x919E, 0x919F, 0x91A0, 0x91A1, 0x91A2, 0x91A3, 0x91A4, 0x91A5, 0x91A6, 0x91A7, 0x91A8, 0x91A9,
	0x91AA, 0x91AB, 0x91AC, 0x91AD, 0x91AE, 0x91AF, 0x91B0, 0x91B1, 0x91B2, 0x91B3, 0x91B4, 0x91B5,
	0x91B6, 0x91B7, 0x91B8, 0x91B9, 0x91BA, 0x91BB, 0x91BC, 0x91BD, 0x91BE, 0x91BF, 0x91C0, 0x91C1,
	0x91C2, 0x91C3, 0x91C4, 0x91C5, 0x91C6, 0x91C7, 0x91C8, 0x91C9, 0x91CA, 0x91CB, 0x91CC, 0x91CD,
	0x91CE, 0x91CF, 0x91D0, 0x91D1, 0x91D2, 0x91D3, 0x91D4, 0x91D5, 0x91D6, 0x91D7, 0x91D8, 0x91D9,
	0x91DA, 0x91DB, 0x91DC, 0x91DD, 0x91DE, 0x91DF, 0x91E0, 0x91E1, 0x91E2, 0x91E3, 0x91E4, 0x91E5,
	0x91E6, 0x91E7, 0x91E8, 0x91E9, 0x91EA, 0x91EB, 0x91EC, 0x91ED, 0x91EE, 0x91EF, 0x91F0, 0x91F1,
	0x91F2, 0x91F3, 0x91F4, 0x91F5, 0x91F6, 0x91F7, 0x91F8, 0x91F9, 0x91FA, 0x91FB, 0x91FC, 0x91FD,
	0x91FE, 0x91FF, 0x9200, 0x9201, 0x9202, 0x9203, 0x9204, 0x9205, 0x9206, 0x9207, 0x9208, 0x9209,
	0x920A, 0x920B, 0x920C, 0x920D, 0x920E, 0x920F, 0x9210, 0x9211, 0x9212, 0x9213, 0x9214, 0x9215,
	0x9216, 0x9217, 0x9218, 0x9219, 0x921A, 0x921B, 0x921C, 0x921D, 0x921E, 0x921F, 0x9220, 0x9221,
	0x9222, 0x9223, 0x9224, 0x9225, 0x9226, 0x9227, 0x9228, 0x9229, 0x922A, 0x922B, 0x922C, 0x922D,
	0x922E, 0x922F, 0x9230, 0x9231, 0x9232, 0x9233, 0x9234, 0x9235, 0x9236, 0x9237, 0x9238, 0x9239,
	0x923A, 0x923B, 0x923C, 0x923D, 0x923E, 0x923F, 0x9240, 0x9241, 0x9242, 0x9243, 0x9244, 0x9245,
	0x9246, 0x9247, 0x9248, 0x9249, 0x924A, 0x924B, 0x924C, 0x924D, 0x924E, 0x924F, 0x9250, 0x9251,
	0x9252, 0x9253, 0x9254, 0x9255, 0x9256, 0x9257, 0x9258, 0x9259, 0x925A, 0x925B, 0x925C, 0x925D,
	0x925E, 0x925F, 0x9260, 0x9261, 0x9262, 0x9263, 0x9264, 0x9265, 0x9266, 0x9267, 0x9268, 0x9269,
	0x926A, 0x926B, 0x926C, 0x926D, 0x926E, 0x926F, 0x9270, 0x9271, 0x9272, 0x9273, 0x9274, 0x9275,
	0x9276, 0x9277, 0x9278, 0x9279, 0x927A, 0x927B, 0x927C, 0x927D, 0x927E, 0x927F, 0x9280, 0x9281,
	0x9282, 0x9283, 0x9284, 0x9285, 0x9286, 0x9287, 0x9288, 0x9289, 0x928A, 0x928B, 0x928C, 0x928D,
	0x928E, 0x928F, 0x9290, 0x9291, 0x9292, 0x9293, 0x9294, 0x9295, 0x9296, 0x9297, 0x9298, 0x9299,
	0x929A, 0x929B, 0x929C, 0x929D, 0x929E, 0x929F, 0x92A0, 0x92A1, 0x92A2, 0x92A3, 0x92A4, 0x92A5,
	0x92A6, 0x92A7, 0x92A8, 0x92A9, 0x92AA, 0x92AB, 0x92AC, 0x92AD, 0x92AE, 0x92AF, 0x92B0, 0x92B1,
	0x92B2, 0x92B3, 0x92B4, 0x92B5, 0x92B6, 0x92B7, 0x92B8, 0x92B9, 0x92BA, 0x92BB, 0x92BC, 0x92BD,
	0x92BE, 0x92BF, 0x92C0, 0x92C1, 0x92C2, 0x92C3, 0x92C4, 0x92C5, 0x92C6, 0x92C7, 0x92C8, 0x92C9,
	0x92CA, 0x92CB, 0x92CC, 0x92CD, 0x92CE, 0x92CF, 0x92D0, 0x92D1, 0x92D2, 0x92D3, 0x92D4, 0x92D5,
	0x92D6, 0x92D7, 0x92D8, 0x92D9, 0x92DA, 0x92DB, 0x92DC, 0x92DD, 0x92DE, 0x92DF, 0x92E0, 0x92E1,
	0x92E2, 0x92E3, 0x92E4, 0x92E5, 0x92E6, 0x92E7, 0x92E8, 0x92E9, 0x92EA, 0x92EB, 0x92EC, 0x92ED,
	0x92EE, 0x92EF, 0x92F0, 0x92F1, 0x92F2, 0x92F3, 0x92F4, 0x92F5, 0x92F6, 0x92F7, 0x92F8, 0x92F9,
	0x92FA, 0x92FB, 0x92FC, 0x92FD, 0x92FE, 0x92FF, 0x9300, 0x9301, 0x9302, 0x9303, 0x9304, 0x9305,
	0x9306, 0x9307, 0x9308, 0x9309, 0x930A, 0x930B, 0x930C, 0x930D, 0x930E, 0x930F, 0x9310, 0x9311,
	0x9312, 0x9313, 0x9314, 0x9315, 0x9316, 0x9317, 0x9318, 0x9319, 0x931A, 0x931B, 0x931C, 0x931D,
	0x931E, 0x931F, 0x9320, 0x9321, 0x9322, 0x9323, 0x9324, 0x9325, 0x9326, 0x9327, 0x9328, 0x9329,
	0x932A, 0x932B, 0x932C, 0x932D, 0x932E, 0x932F, 0x9330, 0x9331, 0x9332, 0x9333, 0x9334, 0x9335,
	0x9336, 0x9337, 0x9338, 0x9339, 0x933A, 0x933B, 0x933C, 0x933D, 0x933E, 0x933F, 0x9340, 0x9341,
	0x9342, 0x9343, 0x9344, 0x9345, 0x9346, 0x9347, 0x9348, 0x9349, 0x934A, 0x934B, 0x934C, 0x934D,
	0x934E, 0x934F, 0x9350, 0x9351, 0x9352, 0x9353, 0x9354, 0x9355, 0x9356, 0x9357, 0x9358, 0x9359,
	0x935A, 0x935B, 0x935C, 0x935D, 0x935E, 0x935F, 0x9360, 0x9361, 0x9362, 0x9363, 0x9364, 0x9365,
	0x9366, 0x9367, 0x9368, 0x9369, 0x936A, 0x936B, 0x936C, 0x936D, 0x936E, 0x936F, 0x9370, 0x9371,
	0x9372, 0x9373, 0x9374, 0x9375, 0x9376, 0x9377, 0x9378, 0x9379, 0x937A, 0x937B, 0x937C, 0x937D,
	0x937E, 0x937F, 0x9380, 0x9381, 0x9382, 0x9383, 0x9384, 0x9385, 0x9386, 0x9387, 0x9388, 0x9389,
	0x938A, 0x938B, 0x938C, 0x938D, 0x938E, 0x938F, 0x9390, 0x9391, 0x9392, 0x9393, 0x9394, 0x9395,
	0x9396, 0x9397, 0x9398, 0x9399, 0x939A, 0x939B, 0x939C, 0x939D, 0x939E, 0x939F, 0x93A0, 0x93A1,
	0x93A2, 0x93A3, 0x93A4, 0x93A5, 0x93A6, 0x93A7, 0x93A8, 0x93A9, 0x93AA, 0x93AB, 0x93AC, 0x93AD,
	0x93AE, 0x93AF, 0x93B0, 0x93B1, 0x93B2, 0x93B3, 0x93B4, 0x93B5, 0x93B6, 0x93B7, 0x93B8, 0x93B9,
	0x93BA, 0x93BB, 0x93BC, 0x93BD, 0x93BE, 0x93BF, 0x93C0, 0x93C1, 0x93C2, 0x93C3, 0x93C4, 0x93C5,
	0x93C6, 0x93C7, 0x93C8, 0x93C9, 0x93CA, 0x93CB, 0x93CC, 0x93CD, 0x93CE, 0x93CF, 0x93D0, 0x93D1,
	0x93D2, 0x93D3, 0x93D4, 0x93D5, 0x93D6, 0x93D7, 0x93D8, 0x93D9, 0x93DA, 0x93DB, 0x93DC, 0x93DD,
	0x93DE, 0x93DF, 0x93E0, 0x93E1, 0x93E2, 0x93E3, 0x93E4, 0x93E5, 0x93E6, 0x93E7, 0x93E8, 0x93E9,
	0x93EA, 0x93EB, 0x93EC, 0x93ED, 0x93EE, 0x93EF, 0x93F0, 0x93F1, 0x93F2, 0x93F3, 0x93F4, 0x93F5,
	0x93F6, 0x93F7, 0x93F8, 0x93F9, 0x93FA, 0x93FB, 0x93FC, 0x93FD, 0x93FE, 0x93FF, 0x9400, 0x9401,
	0x9402, 0x9403, 0x9404, 0x9405, 0x9406, 0x9407, 0x9408, 0x9409, 0x940A, 0x940B, 0x940C, 0x940D,
	0x940E, 0x940F, 0x9410, 0x9411, 0x9412, 0x9413, 0x9414, 0x9415, 0x9416, 0x9417, 0x9418, 0x9419,
	0x941A, 0x941B, 0x941C, 0x941D, 0x941E, 0x941F, 0x9420, 0x9421, 0x9422, 0x9423, 0x9424, 0x9425,
	0x9426, 0x9427, 0x9428, 0x9429, 0x942A, 0x942B, 0x942C, 0x942D, 0x942E, 0x942F, 0x9430, 0x9431,
	0x9432, 0x9433, 0x9434, 0x9435, 0x9436, 0x9437, 0x9438, 0x9439, 0x943A, 0x943B, 0x943C, 0x943D,
	0x943E, 0x943F, 0x9440, 0x9441, 0x9442, 0x9443, 0x9444, 0x9445, 0x9446, 0x9447, 0x9448, 0x9449,
	0x944A, 0x944B, 0x944C, 0x944D, 0x944E, 0x944F, 0x9450, 0x9451, 0x9452, 0x9453, 0x9454, 0x9455,
	0x9456, 0x9457, 0x9458, 0x9459, 0x945A, 0x945B, 0x945C, 0x945D, 0x945E, 0x945F, 0x9460, 0x9461,
	0x9462, 0x9463, 0x9464, 0x9465, 0x9466, 0x9467, 0x9468, 0x9469, 0x946A, 0x946B, 0x946C, 0x946D,
	0x946E, 0x946F, 0x9470, 0x9471, 0x9472, 0x9473, 0x9474, 0x9475, 0x9476, 0x9477, 0x9478, 0x9479,
	0x947A, 0x947B, 0x947C, 0x947D, 0x947E, 0x947F, 0x9480, 0x9481, 0x9482, 0x9483, 0x9484, 0x9485,
	0x9486, 0x9487, 0x9488, 0x9489, 0x948A, 0x948B, 0x948C, 0x948D, 0x948E, 0x948F, 0x9490, 0x9491,
	0x9492, 0x9493, 0x9494, 0x9495, 0x9496, 0x9497, 0x9498, 0x9499, 0x949A, 0x949B, 0x949C, 0x949D,
	0x949E, 0x949F, 0x94A0, 0x94A1, 0x94A2, 0x94A3, 0x94A4, 0x94A5, 0x94A6, 0x94A7, 0x94A8, 0x94A9,
	0x94AA, 0x94AB, 0x94AC, 0x94AD, 0x94AE, 0x94AF, 0x94B0, 0x94B1, 0x94B2, 0x94B3, 0x94B4, 0x94B5,
	0x94B6, 0x94B7, 0x94B8, 0x94B9, 0x94BA, 0x94BB, 0x94BC, 0x94BD, 0x94BE, 0x94BF, 0x94C0, 0x94C1,
	0x94C2, 0x94C3, 0x94C4, 0x94C5, 0x94C6, 0x94C7, 0x94C8, 0x94C9, 0x94CA, 0x94CB, 0x94CC, 0x94CD,
	0x94CE, 0x94CF, 0x94D0, 0x94D1, 0x94D2, 0x94D3, 0x94D4, 0x94D5, 0x94D6, 0x94D7, 0x94D8, 0x94D9,
	0x94DA, 0x94DB, 0x94DC, 0x94DD, 0x94DE, 0x94DF, 0x94E0, 0x94E1, 0x94E2, 0x94E3, 0x94E4, 0x94E5,
	0x94E6, 0x94E7, 0x94E8, 0x94E9, 0x94EA, 0x94EB, 0x94EC, 0x94ED, 0x94EE, 0x94EF, 0x94F0, 0x94F1,
	0x94F2, 0x94F3, 0x94F4, 0x94F5, 0x94F6, 0x94F7, 0x94F8, 0x94F9, 0x94FA, 0x94FB, 0x94FC, 0x94FD,
	0x94FE, 0x94FF, 0x9500, 0x9501, 0x9502, 0x9503, 0x9504, 0x9505, 0x9506, 0x9507, 0x9508, 0x9509,
	0x950A, 0x950B, 0x950C, 0x950D, 0x950E, 0x950F, 0x9510, 0x9511, 0x9512, 0x9513, 0x9514, 0x9515,
	0x9516, 0x9517, 0x9518, 0x9519, 0x951A, 0x951B, 0x951C, 0x951D, 0x951E, 0x951F, 0x9520, 0x9521,
	0x9522, 0x9523, 0x9524, 0x9525, 0x9526, 0x9527, 0x9528, 0x9529, 0x952A, 0x952B, 0x952C, 0x952D,
	0x952E, 0x952F, 0x9530, 0x9531, 0x9532, 0x9533, 0x9534, 0x9535, 0x9536, 0x9537, 0x9538, 0x9539,
	0x953A, 0x953B, 0x953C, 0x953D, 0x953E, 0x953F, 0x9540, 0x9541, 0x9542, 0x9543, 0x9544, 0x9545,
	0x9546, 0x9547, 0x9548, 0x9549, 0x954A, 0x954B, 0x954C, 0x954D, 0x954E, 0x954F, 0x9550, 0x9551,
	0x9552, 0x9553, 0x9554, 0x9555, 0x9556, 0x9557, 0x9558, 0x9559, 0x955A, 0x955B, 0x955C, 0x955D,
	0x955E, 0x955F, 0x9560, 0x9561, 0x9562, 0x9563, 0x9564, 0x9565, 0x9566, 0x9567, 0x9568, 0x9569,
	0x956A, 0x956B, 0x956C, 0x956D, 0x956E, 0x956F, 0x9570, 0x9571, 0x9572, 0x9573, 0x9574, 0x9575,
	0x9576, 0x9577, 0x9578, 0x9579, 0x957A, 0x957B, 0x957C, 0x957D, 0x957E, 0x957F, 0x9580, 0x9581,
	0x9582, 0x9583, 0x9584, 0x9585, 0x9586, 0x9587, 0x9588, 0x9589, 0x958A, 0x958B, 0x958C, 0x958D,
	0x958E, 0x958F, 0x9590, 0x9591, 0x9592, 0x9593, 0x9594, 0x9595, 0x9596, 0x9597, 0x9598, 0x9599,
	0x959A, 0x959B, 0x959C, 0x959D, 0x959E, 0x959F, 0x95A0, 0x95A1, 0x95A2, 0x95A3, 0x95A4, 0x95A5,
	0x95A6, 0x95A7, 0x95A8, 0x95A9, 0x95AA, 0x95AB, 0x95AC, 0x95AD, 0x95AE, 0x95AF, 0x95B0, 0x95B1,
	0x95B2, 0x95B3, 0x95B4, 0x95B5, 0x95B6, 0x95B7, 0x95B8, 0x95B9, 0x95BA, 0x95BB, 0x95BC, 0x95BD,
	0x95BE, 0x95BF, 0x95C0, 0x95C1, 0x95C2, 0x95C3, 0x95C4, 0x95C5, 0x95C6, 0x95C7, 0x95C8, 0x95C9,
	0x95CA, 0x95CB, 0x95CC, 0x95CD, 0x95CE, 0x95CF, 0x95D0, 0x95D1, 0x95D2, 0x95D3, 0x95D4, 0x95D5,
	0x95D6, 0x95D7, 0x95D8, 0x95D9, 0x95DA, 0x95DB, 0x95DC, 0x95DD, 0x95DE, 0x95DF, 0x95E0, 0x95E1,
	0x95E2, 0x95E3, 0x95E4, 0x95E5, 0x95E6, 0x95E7, 0x95E8, 0x95E9, 0x95EA, 0x95EB, 0x95EC, 0x95ED,
	0x95EE, 0x95EF, 0x95F0, 0x95F1, 0x95F2, 0x95F3, 0x95F4, 0x95F5, 0x95F6, 0x95F7, 0x95F8, 0x95F9,
	0x95FA, 0x95FB, 0x95FC, 0x95FD, 0x95FE, 0x95FF, 0x9600, 0x9601, 0x9602, 0x9603, 0x9604, 0x9605,
	0x9606, 0x9607, 0x9608, 0x9609, 0x960A, 0x960B, 0x960C, 0x960D, 0x960E, 0x960F, 0x9610, 0x9611,
	0x9612, 0x9613, 0x9614, 0x9615, 0x9616, 0x9617, 0x9618, 0x9619, 0x961A, 0x961B, 0x961C, 0x961D,
	0x961E, 0x961F, 0x9620, 0x9621, 0x9622, 0x9623, 0x9624, 0x9625, 0x9626, 0x9627, 0x9628, 0x9629,
	0x962A, 0x962B, 0x962C, 0x962D, 0x962E, 0x962F, 0x9630, 0x9631, 0x9632, 0x9633, 0x9634, 0x9635,
	0x9636, 0x9637, 0x9638, 0x9639, 0x963A, 0x963B, 0x963C, 0x963D, 0x963E, 0x963F, 0x9640, 0x9641,
	0x9642, 0x9643, 0x9644, 0x9645, 0x9646, 0x9647, 0x9648, 0x9649, 0x964A, 0x964B, 0x964C, 0x964D,
	0x964E, 0x964F, 0x9650, 0x9651, 0x9652, 0x9653, 0x9654, 0x9655, 0x9656, 0x9657, 0x9658, 0x9659,
	0x965A, 0x965B, 0x965C, 0x965D, 0x965E, 0x965F, 0x9660, 0x9661, 0x9662, 0x9663, 0x9664, 0x9665,
	0x9666, 0x9667, 0x9668, 0x9669, 0x966A, 0x966B, 0x966C, 0x966D, 0x966E, 0x966F, 0x9670, 0x9671,
	0x9672, 0x9673, 0x9674, 0x9675, 0x9676, 0x9677, 0x9678, 0x9679, 0x967A, 0x967B, 0x967C, 0x967D,
	0x967E, 0x967F, 0x9680, 0x9681, 0x9682, 0x9683, 0x9684, 0x9685, 0x9686, 0x9687, 0x9688, 0x9689,
	0x968A, 0x968B, 0x968C, 0x968D, 0x968E, 0x968F, 0x9690, 0x9691, 0x9692, 0x9693, 0x9694, 0x9695,
	0x9696, 0x9697, 0x9698, 0x9699, 0x969A, 0x969B, 0x969C, 0x969D, 0x969E, 0x969F, 0x96A0, 0x96A1,
	0x96A2, 0x96A3, 0x96A4, 0x96A5, 0x96A6, 0x96A7, 0x96A8, 0x96A9, 0x96AA, 0x96AB, 0x96AC, 0x96AD,
	0x96AE, 0x96AF, 0x96B0, 0x96B1, 0x96B2, 0x96B3, 0x96B4, 0x96B5, 0x96B6, 0x96B7, 0x96B8, 0x96B9,
	0x96BA, 0x96BB, 0x96BC, 0x96BD, 0x96BE, 0x96BF, 0x96C0, 0x96C1, 0x96C2, 0x96C3, 0x96C4, 0x96C5,
	0x96C6, 0x96C7, 0x96C8, 0x96C9, 0x96CA, 0x96CB, 0x96CC, 0x96CD, 0x96CE, 0x96CF, 0x96D0, 0x96D1,
	0x96D2, 0x96D3, 0x96D4, 0x96D5, 0x96D6, 0x96D7, 0x96D8, 0x96D9, 0x96DA, 0x96DB, 0x96DC, 0x96DD,
	0x96DE, 0x96DF, 0x96E0, 0x96E1, 0x96E2, 0x96E3, 0x96E4, 0x96E5, 0x96E6, 0x96E7, 0x96E8, 0x96E9,
	0x96EA, 0x96EB, 0x96EC, 0x96ED, 0x96EE, 0x96EF, 0x96F0, 0x96F1, 0x96F2, 0x96F3, 0x96F4, 0x96F5,
	0x96F6, 0x96F7, 0x96F8, 0x96F9, 0x96FA, 0x96FB, 0x96FC, 0x96FD, 0x96FE, 0x96FF, 0x9700, 0x9701,
	0x9702, 0x9703, 0x9704, 0x9705, 0x9706, 0x9707, 0x9708, 0x9709, 0x970A, 0x970B, 0x970C, 0x970D,
	0x970E, 0x970F, 0x9710, 0x9711, 0x9712, 0x9713, 0x9714, 0x9715, 0x9716, 0x9717, 0x9718, 0x9719,
	0x971A, 0x971B, 0x971C, 0x971D, 0x971E, 0x971F, 0x9720, 0x9721, 0x9722, 0x9723, 0x9724, 0x9725,
	0x9726, 0x9727, 0x9728, 0x9729, 0x972A, 0x972B, 0x972C, 0x972D, 0x972E, 0x972F, 0x9730, 0x9731,
	0x9732, 0x9733, 0x9734, 0x9735, 0x9736, 0x9737, 0x9738, 0x9739, 0x973A, 0x973B, 0x973C, 0x973D,
	0x973E, 0x973F, 0x9740, 0x9741, 0x9742, 0x9743, 0x9744, 0x9745, 0x9746, 0x9747, 0x9748, 0x9749,
	0x974A, 0x974B, 0x974C, 0x974D, 0x974E, 0x974F, 0x9750, 0x9751, 0x9752, 0x9753, 0x9754, 0x9755,
	0x9756, 0x9757, 0x9758, 0x9759, 0x975A, 0x975B, 0x975C, 0x975D, 0x975E, 0x975F, 0x9760, 0x9761,
	0x9762, 0x9763, 0x9764, 0x9765, 0x9766, 0x9767, 0x9768, 0x9769, 0x976A, 0x976B, 0x976C, 0x976D,
	0x976E, 0x976F, 0x9770, 0x9771, 0x9772, 0x9773, 0x9774, 0x9775, 0x9776, 0x9777, 0x9778, 0x9779,
	0x977A, 0x977B, 0x977C, 0x977D, 0x977E, 0x977F, 0x9780, 0x9781, 0x9782, 0x9783, 0x9784, 0x9785,
	0x9786, 0x9787, 0x9788, 0x9789, 0x978A, 0x978B, 0x978C, 0x978D, 0x978E, 0x978F, 0x9790, 0x9791,
	0x9792, 0x9793, 0x9794, 0x9795, 0x9796, 0x9797, 0x9798, 0x9799, 0x979A, 0x979B, 0x979C, 0x979D,
	0x979E, 0x979F, 0x97A0, 0x97A1, 0x97A2, 0x97A3, 0x97A4, 0x97A5, 0x97A6, 0x97A7, 0x97A8, 0x97A9,
	0x97AA, 0x97AB, 0x97AC, 0x97AD, 0x97AE, 0x97AF, 0x97B0, 0x97B1, 0x97B2, 0x97B3, 0x97B4, 0x97B5,
	0x97B6, 0x97B7, 0x97B8, 0x97B9, 0x97BA, 0x97BB, 0x97BC, 0x97BD, 0x97BE, 0x97BF, 0x97C0, 0x97C1,
	0x97C2, 0x97C3, 0x97C4, 0x97C5, 0x97C6, 0x97C7, 0x97C8, 0x97C9, 0x97CA, 0x97CB, 0x97CC, 0x97CD,
	0x97CE, 0x97CF, 0x97D0, 0x97D1, 0x97D2, 0x97D3, 0x97D4, 0x97D5, 0x97D6, 0x97D7, 0x97D8, 0x97D9,
	0x97DA, 0x97DB, 0x97DC, 0x97DD, 0x97DE, 0x97DF, 0x97E0, 0x97E1, 0x97E2, 0x97E3, 0x97E4, 0x97E5,
	0x97E6, 0x97E7, 0x97E8, 0x97E9, 0x97EA, 0x97EB, 0x97EC, 0x97ED, 0x97EE, 0x97EF, 0x97F0, 0x97F1,
	0x97F2, 0x97F3, 0x97F4, 0x97F5, 0x97F6, 0x97F7, 0x97F8, 0x97F9, 0x97FA, 0x97FB, 0x97FC, 0x97FD,
	0x97FE, 0x97FF, 0x9800, 0x9801, 0x9802, 0x9803, 0x9804, 0x9805, 0x9806, 0x9807, 0x9808, 0x9809,
	0x980A, 0x980B, 0x980C, 0x980D, 0x980E, 0x980F, 0x9810, 0x9811, 0x9812, 0x9813, 0x9814, 0x9815,
	0x9816, 0x9817, 0x9818, 0x9819, 0x981A, 0x981B, 0x981C, 0x981D, 0x981E, 0x981F, 0x9820, 0x9821,
	0x9822, 0x9823, 0x9824, 0x9825, 0x9826, 0x9827, 0x9828, 0x9829, 0x982A, 0x982B, 0x982C, 0x982D,
	0x982E, 0x982F, 0x9830, 0x9831, 0x9832, 0x9833, 0x9834, 0x9835, 0x9836, 0x9837, 0x9838, 0x9839,
	0x983A, 0x983B, 0x983C, 0x983D, 0x983E, 0x983F, 0x9840, 0x9841, 0x9842, 0x9843, 0x9844, 0x9845,
	0x9846, 0x9847, 0x9848, 0x9849, 0x984A, 0x984B, 0x984C, 0x984D, 0x984E, 0x984F, 0x9850, 0x9851,
	0x9852, 0x9853, 0x9854, 0x9855, 0x9856, 0x9857, 0x9858, 0x9859, 0x985A, 0x985B, 0x985C, 0x985D,
	0x985E, 0x985F, 0x9860, 0x9861, 0x9862, 0x9863, 0x9864, 0x9865, 0x9866, 0x9867, 0x9868, 0x9869,
	0x986A, 0x986B, 0x986C, 0x986D, 0x986E, 0x986F, 0x9870, 0x9871, 0x9872, 0x9873, 0x9874, 0x9875,
	0x9876, 0x9877, 0x9878, 0x9879, 0x987A, 0x987B, 0x987C, 0x987D, 0x987E, 0x987F, 0x9880, 0x9881,
	0x9882, 0x9883, 0x9884, 0x9885, 0x9886, 0x9887, 0x9888, 0x9889, 0x988A, 0x988B, 0x988C, 0x988D,
	0x988E, 0x988F, 0x9890, 0x9891, 0x9892, 0x9893, 0x9894, 0x9895, 0x9896, 0x9897, 0x9898, 0x9899,
	0x989A, 0x989B, 0x989C, 0x989D, 0x989E, 0x989F, 0x98A0, 0x98A1, 0x98A2, 0x98A3, 0x98A4, 0x98A5,
	0x98A6, 0x98A7, 0x98A8, 0x98A9, 0x98AA, 0x98AB, 0x98AC, 0x98AD, 0x98AE, 0x98AF, 0x98B0, 0x98B1,
	0x98B2, 0x98B3, 0x98B4, 0x98B5, 0x98B6, 0x98B7, 0x98B8, 0x98B9, 0x98BA, 0x98BB, 0x98BC, 0x98BD,
	0x98BE, 0x98BF, 0x98C0, 0x98C1, 0x98C2, 0x98C3, 0x98C4, 0x98C5, 0x98C6, 0x98C7, 0x98C8, 0x98C9,
	0x98CA, 0x98CB, 0x98CC, 0x98CD, 0x98CE, 0x98CF, 0x98D0, 0x98D1, 0x98D2, 0x98D3, 0x98D4, 0x98D5,
	0x98D6, 0x98D7, 0x98D8, 0x98D9, 0x98DA, 0x98DB, 0x98DC, 0x98DD, 0x98DE, 0x98DF, 0x98E0, 0x98E1,
	0x98E2, 0x98E3, 0x98E4, 0x98E5, 0x98E6, 0x98E7, 0x98E8, 0x98E9, 0x98EA, 0x98EB, 0x98EC, 0x98ED,
	0x98EE, 0x98EF, 0x98F0, 0x98F1, 0x98F2, 0x98F3, 0x98F4, 0x98F5, 0x98F6, 0x98F7, 0x98F8, 0x98F9,
	0x98FA, 0x98FB, 0x98FC, 0x98FD, 0x98FE, 0x98FF, 0x9900, 0x9901, 0x9902, 0x9903, 0x9904, 0x9905,
	0x9906, 0x9907, 0x9908, 0x9909, 0x990A, 0x990B, 0x990C, 0x990D, 0x990E, 0x990F, 0x9910, 0x9911,
	0x9912, 0x9913, 0x9914, 0x9915, 0x9916, 0x9917, 0x9918, 0x9919, 0x991A, 0x991B, 0x991C, 0x991D,
	0x991E, 0x991F, 0x9920, 0x9921, 0x9922, 0x9923, 0x9924, 0x9925, 0x9926, 0x9927, 0x9928, 0x9929,
	0x992A, 0x992B, 0x992C, 0x992D, 0x992E, 0x992F, 0x9930, 0x9931, 0x9932, 0x9933, 0x9934, 0x9935,
	0x9936, 0x9937, 0x9938, 0x9939, 0x993A, 0x993B, 0x993C, 0x993D, 0x993E, 0x993F, 0x9940, 0x9941,
	0x9942, 0x9943, 0x9944, 0x9945, 0x9946, 0x9947, 0x9948, 0x9949, 0x994A, 0x994B, 0x994C, 0x994D,
	0x994E, 0x994F, 0x9950, 0x9951, 0x9952, 0x9953, 0x9954, 0x9955, 0x9956, 0x9957, 0x9958, 0x9959,
	0x995A, 0x995B, 0x995C, 0x995D, 0x995E, 0x995F, 0x9960, 0x9961, 0x9962, 0x9963, 0x9964, 0x9965,
	0x9966, 0x9967, 0x9968, 0x9969, 0x996A, 0x996B, 0x996C, 0x996D, 0x996E, 0x996F, 0x9970, 0x9971,
	0x9972, 0x9973, 0x9974, 0x9975, 0x9976, 0x9977, 0x9978, 0x9979, 0x997A, 0x997B, 0x997C, 0x997D,
	0x997E, 0x997F, 0x9980, 0x9981, 0x9982, 0x9983, 0x9984, 0x9985, 0x9986, 0x9987, 0x9988, 0x9989,
	0x998A, 0x998B, 0x998C, 0x998D, 0x998E, 0x998F, 0x9990, 0x9991, 0x9992, 0x9993, 0x9994, 0x9995,
	0x9996, 0x9997, 0x9998, 0x9999, 0x999A, 0x999B, 0x999C, 0x999D, 0x999E, 0x999F, 0x99A0, 0x99A1,
	0x99A2, 0x99A3, 0x99A4, 0x99A5, 0x99A6, 0x99A7, 0x99A8, 0x99A9, 0x99AA, 0x99AB, 0x99AC, 0x99AD,
	0x99AE, 0x99AF, 0x99B0, 0x99B1, 0x99B2, 0x99B3, 0x99B4, 0x99B5, 0x99B6, 0x99B7, 0x99B8, 0x99B9,
	0x99BA, 0x99BB, 0x99BC, 0x99BD, 0x99BE, 0x99BF, 0x99C0, 0x99C1, 0x99C2, 0x99C3, 0x99C4, 0x99C5,
	0x99C6, 0x99C7, 0x99C8, 0x99C9, 0x99CA, 0x99CB, 0x99CC, 0x99CD, 0x99CE, 0x99CF, 0x99D0, 0x99D1,
	0x99D2, 0x99D3, 0x99D4, 0x99D5, 0x99D6, 0x99D7, 0x99D8, 0x99D9, 0x99DA, 0x99DB, 0x99DC, 0x99DD,
	0x99DE, 0x99DF, 0x99E0, 0x99E1, 0x99E2, 0x99E3, 0x99E4, 0x99E5, 0x99E6, 0x99E7, 0x99E8, 0x99E9,
	0x99EA, 0x99EB, 0x99EC, 0x99ED, 0x99EE, 0x99EF, 0x99F0, 0x99F1, 0x99F2, 0x99F3, 0x99F4, 0x99F5,
	0x99F6, 0x99F7, 0x99F8, 0x99F9, 0x99FA, 0x99FB, 0x99FC, 0x99FD, 0x99FE, 0x99FF, 0x9A00, 0x9A01,
	0x9A02, 0x9A03, 0x9A04, 0x9A05, 0x9A06, 0x9A07, 0x9A08, 0x9A09, 0x9A0A, 0x9A0B, 0x9A0C, 0x9A0D,
	0x9A0E, 0x9A0F, 0x9A10, 0x9A11, 0x9A12, 0x9A13, 0x9A14, 0x9A15, 0x9A16, 0x9A17, 0x9A18, 0x9A19,
	0x9A1A, 0x9A1B, 0x9A1C, 0x9A1D, 0x9A1E, 0x9A1F, 0x9A20, 0x9A21, 0x9A22, 0x9A23, 0x9A24, 0x9A25,
	0x9A26, 0x9A27, 0x9A28, 0x9A29, 0x9A2A, 0x9A2B, 0x9A2C, 0x9A2D, 0x9A2E, 0x9A2F, 0x9A30, 0x9A31,
	0x9A32, 0x9A33, 0x9A34, 0x9A35, 0x9A36, 0x9A37, 0x9A38, 0x9A39, 0x9A3A, 0x9A3B, 0x9A3C, 0x9A3D,
	0x9A3E, 0x9A3F, 0x9A40, 0x9A41, 0x9A42, 0x9A43, 0x9A44, 0x9A45, 0x9A46, 0x9A47, 0x9A48, 0x9A49,
	0x9A4A, 0x9A4B, 0x9A4C, 0x9A4D, 0x9A4E, 0x9A4F, 0x9A50, 0x9A51, 0x9A52, 0x9A53, 0x9A54, 0x9A55,
	0x9A56, 0x9A57, 0x9A58, 0x9A59, 0x9A5A, 0x9A5B, 0x9A5C, 0x9A5D, 0x9A5E, 0x9A5F, 0x9A60, 0x9A61,
	0x9A62, 0x9A63, 0x9A64, 0x9A65, 0x9A66, 0x9A67, 0x9A68, 0x9A69, 0x9A6A, 0x9A6B, 0x9A6C, 0x9A6D,
	0x9A6E, 0x9A6F, 0x9A70, 0x9A71, 0x9A72, 0x9A73, 0x9A74, 0x9A75, 0x9A76, 0x9A77, 0x9A78, 0x9A79,
	0x9A7A, 0x9A7B, 0x9A7C, 0x9A7D, 0x9A7E, 0x9A7F, 0x9A80, 0x9A81, 0x9A82, 0x9A83, 0x9A84, 0x9A85,
	0x9A86, 0x9A87, 0x9A88, 0x9A89, 0x9A8A, 0x9A8B, 0x9A8C, 0x9A8D, 0x9A8E, 0x9A8F, 0x9A90, 0x9A91,
	0x9A92, 0x9A93, 0x9A94, 0x9A95, 0x9A96, 0x9A97, 0x9A98, 0x9A99, 0x9A9A, 0x9A9B, 0x9A9C, 0x9A9D,
	0x9A9E, 0x9A9F, 0x9AA0, 0x9AA1, 0x9AA2, 0x9AA3, 0x9AA4, 0x9AA5, 0x9AA6, 0x9AA7, 0x9AA8, 0x9AA9,
	0x9AAA, 0x9AAB, 0x9AAC, 0x9AAD, 0x9AAE, 0x9AAF, 0x9AB0, 0x9AB1, 0x9AB2, 0x9AB3, 0x9AB4, 0x9AB5,
	0x9AB6, 0x9AB7, 0x9AB8, 0x9AB9, 0x9ABA, 0x9ABB, 0x9ABC, 0x9ABD, 0x9ABE, 0x9ABF, 0x9AC0, 0x9AC1,
	0x9AC2, 0x9AC3, 0x9AC4, 0x9AC5, 0x9AC6, 0x9AC7, 0x9AC8, 0x9AC9, 0x9ACA, 0x9ACB, 0x9ACC, 0x9ACD,
	0x9ACE, 0x9ACF, 0x9AD0, 0x9AD1, 0x9AD2, 0x9AD3, 0x9AD4, 0x9AD5, 0x9AD6, 0x9AD7, 0x9AD8, 0x9AD9,
	0x9ADA, 0x9ADB, 0x9ADC, 0x9ADD, 0x9ADE, 0x9ADF, 0x9AE0, 0x9AE1, 0x9AE2, 0x9AE3, 0x9AE4, 0x9AE5,
	0x9AE6, 0x9AE7, 0x9AE8, 0x9AE9, 0x9AEA, 0x9AEB, 0x9AEC, 0x9AED, 0x9AEE, 0x9AEF, 0x9AF0, 0x9AF1,
	0x9AF2, 0x9AF3, 0x9AF4, 0x9AF5, 0x9AF6, 0x9AF7, 0x9AF8, 0x9AF9, 0x9AFA, 0x9AFB, 0x9AFC, 0x9AFD,
	0x9AFE, 0x9AFF, 0x9B00, 0x9B01, 0x9B02, 0x9B03, 0x9B04, 0x9B05, 0x9B06, 0x9B07, 0x9B08, 0x9B09,
	0x9B0A, 0x9B0B, 0x9B0C, 0x9B0D, 0x9B0E, 0x9B0F, 0x9B10, 0x9B11, 0x9B12, 0x9B13, 0x9B14, 0x9B15,
	0x9B16, 0x9B17, 0x9B18, 0x9B19, 0x9B1A, 0x9B1B, 0x9B1C, 0x9B1D, 0x9B1E, 0x9B1F, 0x9B20, 0x9B21,
	0x9B22, 0x9B23, 0x9B24, 0x9B25, 0x9B26, 0x9B27, 0x9B28, 0x9B29, 0x9B2A, 0x9B2B, 0x9B2C, 0x9B2D,
	0x9B2E, 0x9B2F, 0x9B30, 0x9B31, 0x9B32, 0x9B33, 0x9B34, 0x9B35, 0x9B36, 0x9B37, 0x9B38, 0x9B39,
	0x9B3A, 0x9B3B, 0x9B3C, 0x9B3D, 0x9B3E, 0x9B3F, 0x9B40, 0x9B41, 0x9B42, 0x9B43, 0x9B44, 0x9B45,
	0x9B46, 0x9B47, 0x9B48, 0x9B49, 0x9B4A, 0x9B4B, 0x9B4C, 0x9B4D, 0x9B4E, 0x9B4F, 0x9B50, 0x9B51,
	0x9B52, 0x9B53, 0x9B54, 0x9B55, 0x9B56, 0x9B57, 0x9B58, 0x9B59, 0x9B5A, 0x9B5B, 0x9B5C, 0x9B5D,
	0x9B5E, 0x9B5F, 0x9B60, 0x9B61, 0x9B62, 0x9B63, 0x9B64, 0x9B65, 0x9B66, 0x9B67, 0x9B68, 0x9B69,
	0x9B6A, 0x9B6B, 0x9B6C, 0x9B6D, 0x9B6E, 0x9B6F, 0x9B70, 0x9B71, 0x9B72, 0x9B73, 0x9B74, 0x9B75,
	0x9B76, 0x9B77, 0x9B78, 0x9B79, 0x9B7A, 0x9B7B, 0x9B7C, 0x9B7D, 0x9B7E, 0x9B7F, 0x9B80, 0x9B81,
	0x9B82, 0x9B83, 0x9B84, 0x9B85, 0x9B86, 0x9B87, 0x9B88, 0x9B89, 0x9B8A, 0x9B8B, 0x9B8C, 0x9B8D,
	0x9B8E, 0x9B8F, 0x9B90, 0x9B91, 0x9B92, 0x9B93, 0x9B94, 0x9B95, 0x9B96, 0x9B97, 0x9B98, 0x9B99,
	0x9B9A, 0x9B9B, 0x9B9C, 0x9B9D, 0x9B9E, 0x9B9F, 0x9BA0, 0x9BA1, 0x9BA2, 0x9BA3, 0x9BA4, 0x9BA5,
	0x9BA6, 0x9BA7, 0x9BA8, 0x9BA9, 0x9BAA, 0x9BAB, 0x9BAC, 0x9BAD, 0x9BAE, 0x9BAF, 0x9BB0, 0x9BB1,
	0x9BB2, 0x9BB3, 0x9BB4, 0x9BB5, 0x9BB6, 0x9BB7, 0x9BB8, 0x9BB9, 0x9BBA, 0x9BBB, 0x9BBC, 0x9BBD,
	0x9BBE, 0x9BBF, 0x9BC0, 0x9BC1, 0x9BC2, 0x9BC3, 0x9BC4, 0x9BC5, 0x9BC6, 0x9BC7, 0x9BC8, 0x9BC9,
	0x9BCA, 0x9BCB, 0x9BCC, 0x9BCD, 0x9BCE, 0x9BCF, 0x9BD0, 0x9BD1, 0x9BD2, 0x9BD3, 0x9BD4, 0x9BD5,
	0x9BD6, 0x9BD7, 0x9BD8, 0x9BD9, 0x9BDA, 0x9BDB, 0x9BDC, 0x9BDD, 0x9BDE, 0x9BDF, 0x9BE0, 0x9BE1,
	0x9BE2, 0x9BE3, 0x9BE4, 0x9BE5, 0x9BE6, 0x9BE7, 0x9BE8, 0x9BE9, 0x9BEA, 0x9BEB, 0x9BEC, 0x9BED,
	0x9BEE, 0x9BEF, 0x9BF0, 0x9BF1, 0x9BF2, 0x9BF3, 0x9BF4, 0x9BF5, 0x9BF6, 0x9BF7, 0x9BF8, 0x9BF9,
	0x9BFA, 0x9BFB, 0x9BFC, 0x9BFD, 0x9BFE, 0x9BFF, 0x9C00, 0x9C01, 0x9C02, 0x9C03, 0x9C04, 0x9C05,
	0x9C06, 0x9C07, 0x9C08, 0x9C09, 0x9C0A, 0x9C0B, 0x9C0C, 0x9C0D, 0x9C0E, 0x9C0F, 0x9C10, 0x9C11,
	0x9C12, 0x9C13, 0x9C14, 0x9C15, 0x9C16, 0x9C17, 0x9C18, 0x9C19, 0x9C1A, 0x9C1B, 0x9C1C, 0x9C1D,
	0x9C1E, 0x9C1F, 0x9C20, 0x9C21, 0x9C22, 0x9C23, 0x9C24, 0x9C25, 0x9C26, 0x9C27, 0x9C28, 0x9C29,
	0x9C2A, 0x9C2B, 0x9C2C, 0x9C2D, 0x9C2E, 0x9C2F, 0x9C30, 0x9C31, 0x9C32, 0x9C33, 0x9C34, 0x9C35,
	0x9C36, 0x9C37, 0x9C38, 0x9C39, 0x9C3A, 0x9C3B, 0x9C3C, 0x9C3D, 0x9C3E, 0x9C3F, 0x9C40, 0x9C41,
	0x9C42, 0x9C43, 0x9C44, 0x9C45, 0x9C46, 0x9C47, 0x9C48, 0x9C49, 0x9C4A, 0x9C4B, 0x9C4C, 0x9C4D,
	0x9C4E, 0x9C4F, 0x9C50, 0x9C51, 0x9C52, 0x9C53, 0x9C54, 0x9C55, 0x9C56, 0x9C57, 0x9C58, 0x9C59,
	0x9C5A, 0x9C5B, 0x9C5C, 0x9C5D, 0x9C5E, 0x9C5F, 0x9C60, 0x9C61, 0x9C62, 0x9C63, 0x9C64, 0x9C65,
	0x9C66, 0x9C67, 0x9C68, 0x9C69, 0x9C6A, 0x9C6B, 0x9C6C, 0x9C6D, 0x9C6E, 0x9C6F, 0x9C70, 0x9C71,
	0x9C72, 0x9C73, 0x9C74, 0x9C75, 0x9C76, 0x9C77, 0x9C78, 0x9C79, 0x9C7A, 0x9C7B, 0x9C7C, 0x9C7D,
	0x9C7E, 0x9C7F, 0x9C80, 0x9C81, 0x9C82, 0x9C83, 0x9C84, 0x9C85, 0x9C86, 0x9C87, 0x9C88, 0x9C89,
	0x9C8A, 0x9C8B, 0x9C8C, 0x9C8D, 0x9C8E, 0x9C8F, 0x9C90, 0x9C91, 0x9C92, 0x9C93, 0x9C94, 0x9C95,
	0x9C96, 0x9C97, 0x9C98, 0x9C99, 0x9C9A, 0x9C9B, 0x9C9C, 0x9C9D, 0x9C9E, 0x9C9F, 0x9CA0, 0x9CA1,
	0x9CA2, 0x9CA3, 0x9CA4, 0x9CA5, 0x9CA6, 0x9CA7, 0x9CA8, 0x9CA9, 0x9CAA, 0x9CAB, 0x9CAC, 0x9CAD,
	0x9CAE, 0x9CAF, 0x9CB0, 0x9CB1, 0x9CB2, 0x9CB3, 0x9CB4, 0x9CB5, 0x9CB6, 0x9CB7, 0x9CB8, 0x9CB9,
	0x9CBA, 0x9CBB, 0x9CBC, 0x9CBD, 0x9CBE, 0x9CBF, 0x9CC0, 0x9CC1, 0x9CC2, 0x9CC3, 0x9CC4, 0x9CC5,
	0x9CC6, 0x9CC7, 0x9CC8, 0x9CC9, 0x9CCA, 0x9CCB, 0x9CCC, 0x9CCD, 0x9CCE, 0x9CCF, 0x9CD0, 0x9CD1,
	0x9CD2, 0x9CD3, 0x9CD4, 0x9CD5, 0x9CD6, 0x9CD7, 0x9CD8, 0x9CD9, 0x9CDA, 0x9CDB, 0x9CDC, 0x9CDD,
	0x9CDE, 0x9CDF, 0x9CE0, 0x9CE1, 0x9CE2, 0x9CE3, 0x9CE4, 0x9CE5, 0x9CE6, 0x9CE7, 0x9CE8, 0x9CE9,
	0x9CEA, 0x9CEB, 0x9CEC, 0x9CED, 0x9CEE, 0x9CEF, 0x9CF0, 0x9CF1, 0x9CF2, 0x9CF3, 0x9CF4, 0x9CF5,
	0x9CF6, 0x9CF7, 0x9CF8, 0x9CF9, 0x9CFA, 0x9CFB, 0x9CFC, 0x9CFD, 0x9CFE, 0x9CFF, 0x9D00, 0x9D01,
	0x9D02, 0x9D03, 0x9D04, 0x9D05, 0x9D06, 0x9D07, 0x9D08, 0x9D09, 0x9D0A, 0x9D0B, 0x9D0C, 0x9D0D,
	0x9D0E, 0x9D0F, 0x9D10, 0x9D11, 0x9D12, 0x9D13, 0x9D14, 0x9D15, 0x9D16, 0x9D17, 0x9D18, 0x9D19,
	0x9D1A, 0x9D1B, 0x9D1C, 0x9D1D, 0x9D1E, 0x9D1F, 0x9D20, 0x9D21, 0x9D22, 0x9D23, 0x9D24, 0x9D25,
	0x9D26, 0x9D27, 0x9D28, 0x9D29, 0x9D2A, 0x9D2B, 0x9D2C, 0x9D2D, 0x9D2E, 0x9D2F, 0x9D30, 0x9D31,
	0x9D32, 0x9D33, 0x9D34, 0x9D35, 0x9D36, 0x9D37, 0x9D38, 0x9D39, 0x9D3A, 0x9D3B, 0x9D3C, 0x9D3D,
	0x9D3E, 0x9D3F, 0x9D40, 0x9D41, 0x9D42, 0x9D43, 0x9D44, 0x9D45, 0x9D46, 0x9D47, 0x9D48, 0x9D49,
	0x9D4A, 0x9D4B, 0x9D4C, 0x9D4D, 0x9D4E, 0x9D4F, 0x9D50, 0x9D51, 0x9D52, 0x9D53, 0x9D54, 0x9D55,
	0x9D56, 0x9D57, 0x9D58, 0x9D59, 0x9D5A, 0x9D5B, 0x9D5C, 0x9D5D, 0x9D5E, 0x9D5F, 0x9D60, 0x9D61,
	0x9D62, 0x9D63, 0x9D64, 0x9D65, 0x9D66, 0x9D67, 0x9D68, 0x9D69, 0x9D6A, 0x9D6B, 0x9D6C, 0x9D6D,
	0x9D6E, 0x9D6F, 0x9D70, 0x9D71, 0x9D72, 0x9D73, 0x9D74, 0x9D75, 0x9D76, 0x9D77, 0x9D78, 0x9D79,
	0x9D7A, 0x9D7B, 0x9D7C, 0x9D7D, 0x9D7E, 0x9D7F, 0x9D80, 0x9D81, 0x9D82, 0x9D83, 0x9D84, 0x9D85,
	0x9D86, 0x9D87, 0x9D88, 0x9D89, 0x9D8A, 0x9D8B, 0x9D8C, 0x9D8D, 0x9D8E, 0x9D8F, 0x9D90, 0x9D91,
	0x9D92, 0x9D93, 0x9D94, 0x9D95, 0x9D96, 0x9D97, 0x9D98, 0x9D99, 0x9D9A, 0x9D9B, 0x9D9C, 0x9D9D,
	0x9D9E, 0x9D9F, 0x9DA0, 0x9DA1, 0x9DA2, 0x9DA3, 0x9DA4, 0x9DA5, 0x9DA6, 0x9DA7, 0x9DA8, 0x9DA9,
	0x9DAA, 0x9DAB, 0x9DAC, 0x9DAD, 0x9DAE, 0x9DAF, 0x9DB0, 0x9DB1, 0x9DB2, 0x9DB3, 0x9DB4, 0x9DB5,
	0x9DB6, 0x9DB7, 0x9DB8, 0x9DB9, 0x9DBA, 0x9DBB, 0x9DBC, 0x9DBD, 0x9DBE, 0x9DBF, 0x9DC0, 0x9DC1,
	0x9DC2, 0x9DC3, 0x9DC4, 0x9DC5, 0x9DC6, 0x9DC7, 0x9DC8, 0x9DC9, 0x9DCA, 0x9DCB, 0x9DCC, 0x9DCD,
	0x9DCE, 0x9DCF, 0x9DD0, 0x9DD1, 0x9DD2, 0x9DD3, 0x9DD4, 0x9DD5, 0x9DD6, 0x9DD7, 0x9DD8, 0x9DD9,
	0x9DDA, 0x9DDB, 0x9DDC, 0x9DDD, 0x9DDE, 0x9DDF, 0x9DE0, 0x9DE1, 0x9DE2, 0x9DE3, 0x9DE4, 0x9DE5,
	0x9DE6, 0x9DE7, 0x9DE8, 0x9DE9, 0x9DEA, 0x9DEB, 0x9DEC, 0x9DED, 0x9DEE, 0x9DEF, 0x9DF0, 0x9DF1,
	0x9DF2, 0x9DF3, 0x9DF4, 0x9DF5, 0x9DF6, 0x9DF7, 0x9DF8, 0x9DF9, 0x9DFA, 0x9DFB, 0x9DFC, 0x9DFD,
	0x9DFE, 0x9DFF, 0x9E00, 0x9E01, 0x9E02, 0x9E03, 0x9E04, 0x9E05, 0x9E06, 0x9E07, 0x9E08, 0x9E09,
	0x9E0A, 0x9E0B, 0x9E0C, 0x9E0D, 0x9E0E, 0x9E0F, 0x9E10, 0x9E11, 0x9E12, 0x9E13, 0x9E14, 0x9E15,
	0x9E16, 0x9E17, 0x9E18, 0x9E19, 0x9E1A, 0x9E1B, 0x9E1C, 0x9E1D, 0x9E1E, 0x9E1F, 0x9E20, 0x9E21,
	0x9E22, 0x9E23, 0x9E24, 0x9E25, 0x9E26, 0x9E27, 0x9E28, 0x9E29, 0x9E2A, 0x9E2B, 0x9E2C, 0x9E2D,
	0x9E2E, 0x9E2F, 0x9E30, 0x9E31, 0x9E32, 0x9E33, 0x9E34, 0x9E35, 0x9E36, 0x9E37, 0x9E38, 0x9E39,
	0x9E3A, 0x9E3B, 0x9E3C, 0x9E3D, 0x9E3E, 0x9E3F, 0x9E40, 0x9E41, 0x9E42, 0x9E43, 0x9E44, 0x9E45,
	0x9E46, 0x9E47, 0x9E48, 0x9E49, 0x9E4A, 0x9E4B, 0x9E4C, 0x9E4D, 0x9E4E, 0x9E4F, 0x9E50, 0x9E51,
	0x9E52, 0x9E53, 0x9E54, 0x9E55, 0x9E56, 0x9E57, 0x9E58, 0x9E59, 0x9E5A, 0x9E5B, 0x9E5C, 0x9E5D,
	0x9E5E, 0x9E5F, 0x9E60, 0x9E61, 0x9E62, 0x9E63, 0x9E64, 0x9E65, 0x9E66, 0x9E67, 0x9E68, 0x9E69,
	0x9E6A, 0x9E6B, 0x9E6C, 0x9E6D, 0x9E6E, 0x9E6F, 0x9E70, 0x9E71, 0x9E72, 0x9E73, 0x9E74, 0x9E75,
	0x9E76, 0x9E77, 0x9E78, 0x9E79, 0x9E7A, 0x9E7B, 0x9E7C, 0x9E7D, 0x9E7E, 0x9E7F, 0x9E80, 0x9E81,
	0x9E82, 0x9E83, 0x9E84, 0x9E85, 0x9E86, 0x9E87, 0x9E88, 0x9E89, 0x9E8A, 0x9E8B, 0x9E8C, 0x9E8D,
	0x9E8E, 0x9E8F, 0x9E90, 0x9E91, 0x9E92, 0x9E93, 0x9E94, 0x9E95, 0x9E96, 0x9E97, 0x9E98, 0x9E99,
	0x9E9A, 0x9E9B, 0x9E9C, 0x9E9D, 0x9E9E, 0x9E9F, 0x9EA0, 0x9EA1, 0x9EA2, 0x9EA3, 0x9EA4, 0x9EA5,
	0x9EA6, 0x9EA7, 0x9EA8, 0x9EA9, 0x9EAA, 0x9EAB, 0x9EAC, 0x9EAD, 0x9EAE, 0x9EAF, 0x9EB0, 0x9EB1,
	0x9EB2, 0x9EB3, 0x9EB4, 0x9EB5, 0x9EB6, 0x9EB7, 0x9EB8, 0x9EB9, 0x9EBA, 0x9EBB, 0x9EBC, 0x9EBD,
	0x9EBE, 0x9EBF, 0x9EC0, 0x9EC1, 0x9EC2, 0x9EC3, 0x9EC4, 0x9EC5, 0x9EC6, 0x9EC7, 0x9EC8, 0x9EC9,
	0x9ECA, 0x9ECB, 0x9ECC, 0x9ECD, 0x9ECE, 0x9ECF, 0x9ED0, 0x9ED1, 0x9ED2, 0x9ED3, 0x9ED4, 0x9ED5,
	0x9ED6, 0x9ED7, 0x9ED8, 0x9ED9, 0x9EDA, 0x9EDB, 0x9EDC, 0x9EDD, 0x9EDE, 0x9EDF, 0x9EE0, 0x9EE1,
	0x9EE2, 0x9EE3, 0x9EE4, 0x9EE5, 0x9EE6, 0x9EE7, 0x9EE8, 0x9EE9, 0x9EEA, 0x9EEB, 0x9EEC, 0x9EED,
	0x9EEE, 0x9EEF, 0x9EF0, 0x9EF1, 0x9EF2, 0x9EF3, 0x9EF4, 0x9EF5, 0x9EF6, 0x9EF7, 0x9EF8, 0x9EF9,
	0x9EFA, 0x9EFB, 0x9EFC, 0x9EFD, 0x9EFE, 0x9EFF, 0x9F00, 0x9F01, 0x9F02, 0x9F03, 0x9F04, 0x9F05,
	0x9F06, 0x9F07, 0x9F08, 0x9F09, 0x9F0A, 0x9F0B, 0x9F0C, 0x9F0D, 0x9F0E, 0x9F0F, 0x9F10, 0x9F11,
	0x9F12, 0x9F13, 0x9F14, 0x9F15, 0x9F16, 0x9F17, 0x9F18, 0x9F19, 0x9F1A, 0x9F1B, 0x9F1C, 0x9F1D,
	0x9F1E, 0x9F1F, 0x9F20, 0x9F21, 0x9F22, 0x9F23, 0x9F24, 0x9F25, 0x9F26, 0x9F27, 0x9F28, 0x9F29,
	0x9F2A, 0x9F2B, 0x9F2C, 0x9F2D, 0x9F2E, 0x9F2F, 0x9F30, 0x9F31, 0x9F32, 0x9F33, 0x9F34, 0x9F35,
	0x9F36, 0x9F37, 0x9F38, 0x9F39, 0x9F3A, 0x9F3B, 0x9F3C, 0x9F3D, 0x9F3E, 0x9F3F, 0x9F40, 0x9F41,
	0x9F42, 0x9F43, 0x9F44, 0x9F45, 0x9F46, 0x9F47, 0x9F48, 0x9F49, 0x9F4A, 0x9F4B, 0x9F4C, 0x9F4D,
	0x9F4E, 0x9F4F, 0x9F50, 0x9F51, 0x9F52, 0x9F53, 0x9F54, 0x9F55, 0x9F56, 0x9F57, 0x9F58, 0x9F59,
	0x9F5A, 0x9F5B, 0x9F5C, 0x9F5D, 0x9F5E, 0x9F5F, 0x9F60, 0x9F61, 0x9F62, 0x9F63, 0x9F64, 0x9F65,
	0x9F66, 0x9F67, 0x9F68, 0x9F69, 0x9F6A, 0x9F6B, 0x9F6C, 0x9F6D, 0x9F6E, 0x9F6F, 0x9F70, 0x9F71,
	0x9F72, 0x9F73, 0x9F74, 0x9F75, 0x9F76, 0x9F77, 0x9F78, 0x9F79, 0x9F7A, 0x9F7B, 0x9F7C, 0x9F7D,
	0x9F7E, 0x9F7F, 0x9F80, 0x9F81, 0x9F82, 0x9F83, 0x9F84, 0x9F85, 0x9F86, 0x9F87, 0x9F88, 0x9F89,
	0x9F8A, 0x9F8B, 0x9F8C, 0x9F8D, 0x9F8E, 0x9F8F, 0x9F90, 0x9F91, 0x9F92, 0x9F93, 0x9F94, 0x9F95,
	0x9F96, 0x9F97, 0x9F98, 0x9F99, 0x9F9A, 0x9F9B, 0x9F9C, 0x9F9D, 0x9F9E, 0x9F9F, 0x9FA0, 0x9FA1,
	0x9FA2, 0x9FA3, 0x9FA4, 0x9FA5, 0x9FA6, 0x9FA7, 0x9FA8, 0x9FA9, 0x9FAA, 0x9FAB, 0x9FAC, 0x9FAD,
	0x9FAE, 0x9FAF, 0x9FB0, 0x9FB1, 0x9FB2, 0x9FB3, 0x9FB4, 0x9FB5, 0x9FB6, 0x9FB7, 0x9FB8, 0x9FB9,
	0x9FBA, 0x9FBB, 0x9FBC, 0x9FBD, 0x9FBE, 0x9FBF, 0x9FC0, 0x9FC1, 0x9FC2, 0x9FC3, 0x9FC4, 0x9FC5,
	0x9FC6, 0x9FC7, 0x9FC8, 0x9FC9, 0x9FCA, 0x9FCB, 0x9FCC, 0x9FD0, 0x9FD1, 0xF907, 0xF92C, 0xFA0C,
	0xFA0D, 0xFA0E, 0xFA0F, 0xFA11, 0xFA13, 0xFA14, 0xFA18, 0xFA1F, 0xFA20, 0xFA21, 0xFA23, 0xFA24,
	0xFA27, 0xFA28, 0xFA29, 0x20005, 0x20021, 0x2003E, 0x20046, 0x2004E, 0x20068, 0x20086, 0x20087, 0x2008A,
	0x20094, 0x200CC, 0x200EE, 0x20118, 0x201A9, 0x201AB, 0x201C1, 0x201D4, 0x201F2, 0x20204, 0x2020C, 0x20214,
	0x2025B, 0x20274, 0x20275, 0x20299, 0x2029E, 0x202A0, 0x202B7, 0x202BF, 0x202C0, 0x202E5, 0x2030A, 0x20325,
	0x20341, 0x20345, 0x20346, 0x20347, 0x2037E, 0x2037F, 0x20380, 0x203A0, 0x203A7, 0x203B5, 0x203C9, 0x203CB,
	0x203F5, 0x203FC, 0x20413, 0x20414, 0x2041F, 0x20465, 0x20487, 0x2048E, 0x20491, 0x20492, 0x204A3, 0x204D7,
	0x204FC, 0x204FE, 0x20547, 0x2058E, 0x205A5, 0x205B3, 0x205C3, 0x205CA, 0x205D0, 0x205D5, 0x205DF, 0x205E0,
	0x205EB, 0x20611, 0x20615, 0x20619, 0x2061A, 0x20630, 0x20656, 0x20676, 0x2070E, 0x20731, 0x20779, 0x2082C,
	0x20873, 0x208D5, 0x20916, 0x20923, 0x20954, 0x20979, 0x209E7, 0x20A11, 0x20A50, 0x20AB4, 0x20AC2, 0x20ACD,
	0x20B0D, 0x20B8F, 0x20BA8, 0x20BA9, 0x20BBF, 0x20BC6, 0x20BCB, 0x20BE2, 0x20BEB, 0x20BFB, 0x20BFF, 0x20C0B,
	0x20C0D, 0x20C20, 0x20C34, 0x20C3A, 0x20C3B, 0x20C41, 0x20C42, 0x20C43, 0x20C53, 0x20C65, 0x20C77, 0x20C78,
	0x20C7C, 0x20C8D, 0x20C96, 0x20C9C, 0x20CB5, 0x20CB8, 0x20CCF, 0x20CD3, 0x20CD4, 0x20CD5, 0x20CD6, 0x20CDD,
	0x20CED, 0x20CFF, 0x20D15, 0x20D28, 0x20D31, 0x20D32, 0x20D46, 0x20D47, 0x20D48, 0x20D49, 0x20D4C, 0x20D4D,
	0x20D4E, 0x20D6F, 0x20D71, 0x20D74, 0x20D7C, 0x20D7E, 0x20D7F, 0x20D96, 0x20D9C, 0x20DA7, 0x20DB2, 0x20DC8,
	0x20E04, 0x20E09, 0x20E0A, 0x20E0D, 0x20E0E, 0x20E0F, 0x20E10, 0x20E11, 0x20E16, 0x20E1D, 0x20E4C, 0x20E6D,
	0x20E73, 0x20E75, 0x20E76, 0x20E77, 0x20E78, 0x20E79, 0x20E7A, 0x20E7B, 0x20E8C, 0x20E96, 0x20E98, 0x20E9D,
	0x20EA2, 0x20EAA, 0x20EAB, 0x20EAC, 0x20EB6, 0x20ED7, 0x20ED8, 0x20EDD, 0x20EF8, 0x20EF9, 0x20EFA, 0x20EFB,
	0x20F1D, 0x20F26, 0x20F2D, 0x20F2E, 0x20F30, 0x20F31, 0x20F3B, 0x20F4C, 0x20F64, 0x20F8D, 0x20F90, 0x20FAD,
	0x20FB4, 0x20FB5, 0x20FB6, 0x20FBC, 0x20FDF, 0x20FEA, 0x20FEB, 0x20FEC, 0x20FED, 0x21014, 0x2101D, 0x2101E,
	0x2104F, 0x2105C, 0x2106F, 0x21075, 0x21076, 0x21077, 0x21078, 0x2107B, 0x21088, 0x21096, 0x2109D, 0x210B4,
	0x210BF, 0x210C0, 0x210C1, 0x210C7, 0x210C8, 0x210C9, 0x210CF, 0x210D3, 0x210E4, 0x210F4, 0x210F5, 0x210F6,
	0x2112F, 0x2113B, 0x2113D, 0x21145, 0x21148, 0x2114F, 0x21180, 0x21187, 0x211D9, 0x2123C, 0x2124F, 0x2127C,
	0x212A8, 0x212A9, 0x212B0, 0x212E3, 0x212FE, 0x21302, 0x21303, 0x21304, 0x21305, 0x21336, 0x2133A, 0x21375,
	0x21376, 0x2138E, 0x21398, 0x2139C, 0x213C5, 0x213C6, 0x213ED, 0x213FE, 0x21413, 0x21416, 0x21424, 0x2143F,
	0x21452, 0x21454, 0x21455, 0x2148A, 0x21497, 0x214B6, 0x214E8, 0x214FD, 0x21577, 0x21582, 0x21596, 0x2160A,
	0x21613, 0x21619, 0x2163E, 0x21661, 0x21692, 0x216B8, 0x216BA, 0x216C0, 0x216C1, 0x216C2, 0x216D3, 0x216D5,
	0x216DF, 0x216E6, 0x216E7, 0x216E8, 0x216FA, 0x216FB, 0x216FC, 0x216FE, 0x2170D, 0x21710, 0x21726, 0x2173A,
	0x2173B, 0x2173C, 0x21757, 0x2176C, 0x2176D, 0x2176E, 0x2176F, 0x21770, 0x21771, 0x21773, 0x21774, 0x217AB,
	0x217B0, 0x217B1, 0x217B2, 0x217B3, 0x217B4, 0x217B5, 0x217C3, 0x217C7, 0x217D9, 0x217DA, 0x217DB, 0x217DC,
	0x217DF, 0x217EF, 0x217F5, 0x217F6, 0x217F8, 0x217F9, 0x217FA, 0x217FB, 0x217FC, 0x21820, 0x21828, 0x21829,
	0x2182A, 0x2182D, 0x21839, 0x2183A, 0x2183B, 0x21840, 0x21845, 0x21852, 0x2185E, 0x21861, 0x21862, 0x21863,
	0x21864, 0x21877, 0x2187B, 0x21883, 0x21884, 0x21885, 0x2189E, 0x2189F, 0x218A0, 0x218A1, 0x218A2, 0x218BE,
	0x218BF, 0x218D1, 0x218D6, 0x218D7, 0x218D8, 0x218D9, 0x218FA, 0x21903, 0x21904, 0x21905, 0x21910, 0x21911,
	0x21912, 0x21915, 0x2191C, 0x21922, 0x21927, 0x2193B, 0x21944, 0x21958, 0x2196A, 0x2197C, 0x21980, 0x21983,
	0x21988, 0x21996, 0x219DB, 0x219F3, 0x21A2D, 0x21A34, 0x21A45, 0x21A4B, 0x21B44, 0x21BC1, 0x21BC2, 0x21C2A,
	0x21C70, 0x21CA2, 0x21CA5, 0x21CAC, 0x21D46, 0x21D90, 0x21DB6, 0x21DBA, 0x21DCA, 0x21DD1, 0x21DEB, 0x21DF9,
	0x21E1C, 0x21E37, 0x21E3D, 0x21E89, 0x21EA4, 0x21EA8, 0x21EC8, 0x21ED5, 0x21F0F, 0x21F15, 0x21F6A, 0x21F9E,
	0x21FA1, 0x22045, 0x22049, 0x2207E, 0x2209A, 0x220C7, 0x220FC, 0x2212A, 0x2215B, 0x22173, 0x2217A, 0x221A1,
	0x221C3, 0x22208, 0x2227C, 0x22321, 0x22325, 0x223BD, 0x223D0, 0x223D7, 0x223FA, 0x22465, 0x22471, 0x2248B,
	0x22491, 0x224B0, 0x224ED, 0x22513, 0x2251B, 0x22530, 0x22554, 0x2258D, 0x225AF, 0x225BE, 0x2261B, 0x2261C,
	0x2262B, 0x22668, 0x2267A, 0x22696, 0x22698, 0x226F4, 0x226F5, 0x226F6, 0x22712, 0x22714, 0x2271B, 0x2271F,
	0x2272A, 0x22775, 0x22781, 0x227B4, 0x227B5, 0x227CD, 0x22803, 0x2285F, 0x22860, 0x22871, 0x228AD, 0x228C1,
	0x228F7, 0x22926, 0x22939, 0x2294F, 0x22967, 0x2296B, 0x22980, 0x22993, 0x22A66, 0x22ACF, 0x22AD5, 0x22AE6,
	0x22AE8, 0x22B0E, 0x22B22, 0x22B3F, 0x22B43, 0x22B6A, 0x22BCA, 0x22BCE, 0x22C26, 0x22C27, 0x22C38, 0x22C4C,
	0x22C51, 0x22C55, 0x22C62, 0x22C88, 0x22C9B, 0x22CA1, 0x22CA9, 0x22CB2, 0x22CB7, 0x22CC2, 0x22CC6, 0x22CC9,
	0x22D07, 0x22D08, 0x22D12, 0x22D44, 0x22D4C, 0x22D67, 0x22D8D, 0x22D95, 0x22DA0, 0x22DA3, 0x22DA4, 0x22DB7,
	0x22DEE, 0x22E0D, 0x22E36, 0x22E42, 0x22E78, 0x22E8B, 0x22EB3, 0x22EEF, 0x22F74, 0x22FCC, 0x22FE3, 0x23033,
	0x23044, 0x2304B, 0x23066, 0x2307D, 0x2307E, 0x2308E, 0x230B7, 0x230BC, 0x230DA, 0x23103, 0x2313D, 0x2317D,
	0x23182, 0x231A4, 0x231A5, 0x231B3, 0x231C8, 0x231C9, 0x231F7, 0x231F8, 0x231F9, 0x2320F, 0x23225, 0x2322F,
	0x23231, 0x23232, 0x23233, 0x23234, 0x23262, 0x23281, 0x23289, 0x2328A, 0x232AB, 0x232AC, 0x232AD, 0x232D2,
	0x232E0, 0x232E1, 0x23300, 0x2330A, 0x2331F, 0x233B4, 0x233CC, 0x233DE, 0x233E6, 0x233F4, 0x233F5, 0x233F9,
	0x233FA, 0x233FE, 0x23400, 0x2343F, 0x23450, 0x2346F, 0x23472, 0x234E5, 0x23519, 0x23530, 0x2355A, 0x23567,
	0x23595, 0x23599, 0x2359C, 0x235CD, 0x235CE, 0x235CF, 0x235F3, 0x23600, 0x2361A, 0x2363C, 0x23640, 0x23659,
	0x2365F, 0x23677, 0x236A6, 0x236AD, 0x236BA, 0x236DF, 0x236EE, 0x23703, 0x23716, 0x23720, 0x2372D, 0x2372F,
	0x2373F, 0x23766, 0x23781, 0x237A2, 0x237BC, 0x237C2, 0x237D5, 0x237D6, 0x237D7, 0x2383A, 0x239C2, 0x23AA7,
	0x23ADB, 0x23AEE, 0x23AFA, 0x23B5A, 0x23C63, 0x23C99, 0x23C9A, 0x23C9B, 0x23CB5, 0x23CB7, 0x23CC7, 0x23CC8,
	0x23CC9, 0x23CFC, 0x23CFD, 0x23CFE, 0x23CFF, 0x23D40, 0x23D5B, 0x23D7E, 0x23D8F, 0x23DB6, 0x23DB7, 0x23DB8,
	0x23DB9, 0x23DBA, 0x23DBB, 0x23DBC, 0x23DBD, 0x23DE3, 0x23DF8, 0x23E11, 0x23E2C, 0x23E2D, 0x23E2E, 0x23E2F,
	0x23E30, 0x23E31, 0x23E39, 0x23E88, 0x23E89, 0x23E8A, 0x23E8B, 0x23EB9, 0x23EBF, 0x23ED7, 0x23EF7, 0x23EF8,
	0x23EF9, 0x23EFA, 0x23EFB, 0x23EFC, 0x23F35, 0x23F41, 0x23F4A, 0x23F7F, 0x23F80, 0x23F81, 0x23F82, 0x23F8F,
	0x23FB4, 0x23FB7, 0x23FC0, 0x23FC5, 0x23FEB, 0x23FEC, 0x23FED, 0x23FEE, 0x23FEF, 0x23FF0, 0x24011, 0x24039,
	0x2403A, 0x2403B, 0x2403C, 0x2403D, 0x24057, 0x24085, 0x2408B, 0x2408C, 0x2408D, 0x24091, 0x240C9, 0x240E1,
	0x24104, 0x2410F, 0x24119, 0x2413F, 0x24140, 0x24144, 0x2414E, 0x24155, 0x24156, 0x24157, 0x2415C, 0x2415F,
	0x24177, 0x2417A, 0x241A3, 0x241A4, 0x241A5, 0x241AC, 0x241B5, 0x241CD, 0x241E2, 0x241FC, 0x2421B, 0x2424B,
	0x24256, 0x24259, 0x24276, 0x24277, 0x24278, 0x24284, 0x24293, 0x24295, 0x242A5, 0x242C1, 0x242C9, 0x242CA,
	0x242EE, 0x242FA, 0x2430D, 0x2431A, 0x24334, 0x24348, 0x24362, 0x24363, 0x24364, 0x24365, 0x2438C, 0x24396,
	0x2439C, 0x243BD, 0x243C1, 0x243E9, 0x243EA, 0x243F2, 0x243F8, 0x24404, 0x24435, 0x24436, 0x2445A, 0x2445B,
	0x24473, 0x24487, 0x24488, 0x244B9, 0x244BC, 0x244CE, 0x244D3, 0x244D6, 0x24505, 0x24521, 0x24578, 0x245C8,
	0x24618, 0x2462A, 0x24665, 0x24674, 0x24697, 0x246D4, 0x24706, 0x24725, 0x2472F, 0x2478F, 0x247E0, 0x24812,
	0x24823, 0x24882, 0x248E9, 0x248F0, 0x248F1, 0x248F2, 0x248F3, 0x248FB, 0x248FF, 0x24900, 0x24901, 0x2490C,
	0x24916, 0x24917, 0x24919, 0x2492F, 0x24933, 0x24934, 0x2493E, 0x2493F, 0x24940, 0x24941, 0x24942, 0x24943,
	0x24962, 0x24963, 0x24974, 0x24975, 0x24976, 0x2497B, 0x2497F, 0x24982, 0x24988, 0x24989, 0x2498A, 0x2498B,
	0x2498C, 0x2498D, 0x2498E, 0x2498F, 0x24994, 0x249A4, 0x249A7, 0x249A9, 0x249AB, 0x249AC, 0x249AD, 0x249B7,
	0x249B8, 0x249B9, 0x249BA, 0x249BB, 0x249C5, 0x249D0, 0x249DA, 0x249DE, 0x249DF, 0x249E3, 0x249E5, 0x249EC,
	0x249ED, 0x249F6, 0x249F7, 0x249F8, 0x249F9, 0x249FB, 0x24A0E, 0x24A12, 0x24A13, 0x24A15, 0x24A21, 0x24A22,
	0x24A23, 0x24A24, 0x24A25, 0x24A26, 0x24A27, 0x24A28, 0x24A29, 0x24A2A, 0x24A3E, 0x24A42, 0x24A45, 0x24A4A,
	0x24A4E, 0x24A4F, 0x24A50, 0x24A51, 0x24A5D, 0x24A65, 0x24A66, 0x24A67, 0x24A71, 0x24A77, 0x24A78, 0x24A79,
	0x24A7A, 0x24A8C, 0x24A93, 0x24A94, 0x24A95, 0x24A96, 0x24AA4, 0x24AA5, 0x24AA6, 0x24AA7, 0x24AB1, 0x24AB2,
	0x24AB3, 0x24ABA, 0x24ABB, 0x24ABC, 0x24AC0, 0x24AC7, 0x24ACA, 0x24AD1, 0x24ADF, 0x24AE2, 0x24AE9, 0x24B6E,
	0x24BF5, 0x24C09, 0x24C9E, 0x24C9F, 0x24CC9, 0x24CD9, 0x24D06, 0x24D13, 0x24DB8, 0x24DEA, 0x24DEB, 0x24E3B,
	0x24E50, 0x24EA5, 0x24EA7, 0x24F0E, 0x24F5C, 0x24F82, 0x24F86, 0x24F97, 0x24F9A, 0x24FA9, 0x24FB8, 0x24FC2,
	0x2502C, 0x25052, 0x2509D, 0x2512B, 0x25148, 0x2517D, 0x2517E, 0x251CD, 0x251E3, 0x251E6, 0x251E7, 0x25220,
	0x25221, 0x25250, 0x25299, 0x252C7, 0x252D8, 0x2530E, 0x25311, 0x25313, 0x25419, 0x25425, 0x2542F, 0x25430,
	0x25446, 0x2546C, 0x2546E, 0x25531, 0x25535, 0x2553F, 0x2555B, 0x2555C, 0x2555D, 0x2555E, 0x25562, 0x25565,
	0x25566, 0x25581, 0x25584, 0x2558F, 0x255B9, 0x255D5, 0x255DB, 0x255E0, 0x25605, 0x25635, 0x25651, 0x25683,
	0x25695, 0x256E3, 0x256F6, 0x25706, 0x2571D, 0x25725, 0x2573D, 0x25772, 0x257C7, 0x257DF, 0x257E0, 0x257E1,
	0x25857, 0x2585D, 0x25872, 0x258C8, 0x258E1, 0x25903, 0x25946, 0x25956, 0x259AC, 0x259CC, 0x25A95, 0x25A9C,
	0x25AAE, 0x25AAF, 0x25AE9, 0x25B74, 0x25B89, 0x25BB3, 0x25BB4, 0x25BC6, 0x25BE4, 0x25BE8, 0x25C01, 0x25C06,
	0x25C21, 0x25C4A, 0x25C65, 0x25C91, 0x25CA4, 0x25CC0, 0x25CC1, 0x25CFE, 0x25D20, 0x25D30, 0x25D43, 0x25E0E,
	0x25E49, 0x25E81, 0x25E82, 0x25E83, 0x25EA6, 0x25EBC, 0x25ED7, 0x25ED8, 0x25F1A, 0x25F4B, 0x25FE1, 0x25FE2,
	0x26029, 0x26048, 0x26064, 0x26083, 0x26097, 0x260A4, 0x260A5, 0x26102, 0x26121, 0x26159, 0x2615A, 0x2615B,
	0x2615C, 0x261AD, 0x261AE, 0x261B2, 0x261DD, 0x26258, 0x26261, 0x2626A, 0x2626B, 0x262D0, 0x26335, 0x2634B,
	0x2634C, 0x26351, 0x263BE, 0x263F5, 0x263F8, 0x26402, 0x26410, 0x26411, 0x26412, 0x2644A, 0x26469, 0x26484,
	0x26488, 0x26489, 0x2648D, 0x26498, 0x26512, 0x26572, 0x265A0, 0x265AD, 0x265BF, 0x26612, 0x26626, 0x266AF,
	0x266B1, 0x266B5, 0x266DA, 0x266E8, 0x266FC, 0x26716, 0x26741, 0x26799, 0x267B3, 0x267B4, 0x267CC, 0x2681C,
	0x26846, 0x2685E, 0x2686E, 0x26888, 0x2688A, 0x26893, 0x268C7, 0x2690E, 0x26911, 0x26926, 0x26939, 0x26951,
	0x269A8, 0x269B5, 0x269F2, 0x269FA, 0x26A2D, 0x26A2E, 0x26A34, 0x26A42, 0x26A51, 0x26A52, 0x26B05, 0x26B0A,
	0x26B13, 0x26B15, 0x26B28, 0x26B50, 0x26B51, 0x26B52, 0x26B53, 0x26B5B, 0x26B75, 0x26B82, 0x26B96, 0x26B97,
	0x26B9D, 0x26BB3, 0x26BC0, 0x26BF7, 0x26C21, 0x26C40, 0x26C7E, 0x26C7F, 0x26C80, 0x26C81, 0x26C82, 0x26CA4,
	0x26CB7, 0x26CB8, 0x26CBD, 0x26CC0, 0x26CC3, 0x26CD1, 0x26D22, 0x26D23, 0x26D24, 0x26D25, 0x26D26, 0x26D27,
	0x26D28, 0x26D29, 0x26D2A, 0x26D51, 0x26D74, 0x26DA0, 0x26DA1, 0x26DA2, 0x26DA3, 0x26DA4, 0x26DA5, 0x26DA6,
	0x26DA7, 0x26DAE, 0x26DDC, 0x26DEA, 0x26DEB, 0x26DF0, 0x26E00, 0x26E05, 0x26E07, 0x26E12, 0x26E42, 0x26E43,
	0x26E44, 0x26E45, 0x26E6E, 0x26E72, 0x26E77, 0x26E84, 0x26E99, 0x26ED0, 0x26ED1, 0x26ED2, 0x26ED3, 0x26ED4,
	0x26ED5, 0x26ED6, 0x26ED7, 0x26F26, 0x26F73, 0x26F74, 0x26F9F, 0x26FA1, 0x26FBE, 0x26FDE, 0x26FDF, 0x2700E,
	0x2704B, 0x27052, 0x27053, 0x27088, 0x270AD, 0x270AE, 0x270AF, 0x270CD, 0x270F8, 0x27109, 0x2710C, 0x2710D,
	0x27126, 0x27127, 0x27164, 0x27165, 0x27175, 0x271CD, 0x2721B, 0x27280, 0x27285, 0x2728B, 0x272B2, 0x272B6,
	0x272E6, 0x2739A, 0x27422, 0x27450, 0x27484, 0x27486, 0x27574, 0x275A3, 0x275E0, 0x275E4, 0x275FD, 0x275FE,
	0x27607, 0x2760C, 0x27632, 0x27639, 0x27655, 0x27656, 0x27657, 0x27694, 0x2770F, 0x27735, 0x27736, 0x27741,
	0x2775E, 0x27784, 0x27785, 0x277CC, 0x27858, 0x27870, 0x2789D, 0x278B2, 0x278C8, 0x27924, 0x27967, 0x2797A,
	0x279A0, 0x279DD, 0x279FD, 0x27A0A, 0x27A0E, 0x27A3E, 0x27A53, 0x27A59, 0x27A79, 0x27A84, 0x27ABD, 0x27ABE,
	0x27AF4, 0x27B06, 0x27B0B, 0x27B18, 0x27B38, 0x27B39, 0x27B3A, 0x27B48, 0x27BF4, 0x27C12, 0x27D2F, 0x27D53,
	0x27D54, 0x27D66, 0x27D73, 0x27D84, 0x27D8F, 0x27D98, 0x27DBD, 0x27DDC, 0x27E4D, 0x27E4F, 0x27FF9, 0x28002,
	0x28009, 0x2801E, 0x28023, 0x28024, 0x28048, 0x28083, 0x28090, 0x280BD, 0x280BE, 0x280E8, 0x280E9, 0x280F4,
	0x2812E, 0x2814F, 0x2815D, 0x2816F, 0x28189, 0x281AF, 0x281BC, 0x28207, 0x28218, 0x2821A, 0x28256, 0x2827C,
	0x2829B, 0x282CD, 0x282E2, 0x28306, 0x28318, 0x2832F, 0x2833A, 0x28365, 0x2836D, 0x2837D, 0x2838A, 0x28412,
	0x28468, 0x2846C, 0x28473, 0x28482, 0x28501, 0x2853C, 0x2853D, 0x2856C, 0x285E8, 0x285F4, 0x28600, 0x2860B,
	0x28625, 0x2863B, 0x286AA, 0x286AB, 0x286BC, 0x286D8, 0x286E6, 0x2870F, 0x28713, 0x28804, 0x2882B, 0x28933,
	0x28948, 0x28949, 0x28956, 0x28964, 0x28968, 0x2896C, 0x2897E, 0x28989, 0x289A8, 0x289AA, 0x289AB, 0x289B8,
	0x289BC, 0x289C0, 0x289DC, 0x289DE, 0x289E1, 0x289E3, 0x289E4, 0x289E7, 0x289E8, 0x289F9, 0x289FA, 0x289FB,
	0x289FC, 0x28A0F, 0x28A16, 0x28A25, 0x28A29, 0x28A32, 0x28A36, 0x28A44, 0x28A45, 0x28A46, 0x28A47, 0x28A48,
	0x28A49, 0x28A4A, 0x28A4B, 0x28A59, 0x28A5A, 0x28A81, 0x28A82, 0x28A83, 0x28A9A, 0x28A9B, 0x28A9C, 0x28AC0,
	0x28AC6, 0x28ACB, 0x28ACC, 0x28ACE, 0x28ADE, 0x28ADF, 0x28AE0, 0x28AE1, 0x28AE2, 0x28AE3, 0x28AE5, 0x28AEA,
	0x28AFC, 0x28B0C, 0x28B13, 0x28B21, 0x28B22, 0x28B2B, 0x28B2C, 0x28B2D, 0x28B2F, 0x28B46, 0x28B4C, 0x28B4E,
	0x28B50, 0x28B63, 0x28B64, 0x28B65, 0x28B66, 0x28B6C, 0x28B8F, 0x28B99, 0x28B9C, 0x28B9D, 0x28BC2, 0x28BC5,
	0x28BD4, 0x28BD7, 0x28BD9, 0x28BDA, 0x28BE7, 0x28BE8, 0x28BE9, 0x28BEA, 0x28BEB, 0x28BEC, 0x28BF5, 0x28BFF,
	0x28C03, 0x28C09, 0x28C1C, 0x28C1D, 0x28C23, 0x28C26, 0x28C2B, 0x28C30, 0x28C39, 0x28C3B, 0x28CCA, 0x28CCD,
	0x28CD2, 0x28D34, 0x28D99, 0x28DB9, 0x28E0F, 0x28E36, 0x28E39, 0x28E65, 0x28E66, 0x28E97, 0x28EAC, 0x28EB2,
	0x28EB3, 0x28ED9, 0x28EE7, 0x28FC5, 0x29088, 0x2908B, 0x29093, 0x290AF, 0x290B0, 0x290B1, 0x290C0, 0x290E4,
	0x290E5, 0x290EC, 0x290ED, 0x2910D, 0x29110, 0x2913C, 0x2914D, 0x2915B, 0x2915E, 0x29170, 0x2919C, 0x291A8,
	0x291D5, 0x291EB, 0x2941D, 0x29420, 0x29433, 0x2943F, 0x29448, 0x294D0, 0x294D9, 0x294DA, 0x294E5, 0x294E7,
	0x2959E, 0x295B0, 0x295B8, 0x295D7, 0x295E9, 0x295F4, 0x29720, 0x29732, 0x297D4, 0x29810, 0x29857, 0x298A4,
	0x298D1, 0x298EA, 0x298F1, 0x29903, 0x29905, 0x2992F, 0x29947, 0x29948, 0x29949, 0x2995D, 0x2996A, 0x2999D,
	0x299C3, 0x299C9, 0x29A28, 0x29A4D, 0x29B05, 0x29B0E, 0x29BD5, 0x29C73, 0x29CAD, 0x29D3E, 0x29D5A, 0x29D7C,
	0x29D98, 0x29D9B, 0x29DF6, 0x29E06, 0x29E2D, 0x29E68, 0x29EAC, 0x29EC3, 0x29EF8, 0x29F23, 0x29F30, 0x29FB7,
	0x29FDE, 0x2A014, 0x2A087, 0x2A0B9, 0x2A0E1, 0x2A0ED, 0x2A0F3, 0x2A0F8, 0x2A0FE, 0x2A107, 0x2A123, 0x2A133,
	0x2A134, 0x2A150, 0x2A192, 0x2A193, 0x2A1AB, 0x2A1B4, 0x2A1DF, 0x2A1F5, 0x2A220, 0x2A233, 0x2A293, 0x2A29F,
	0x2A2B2, 0x2A2B4, 0x2A2B6, 0x2A2BA, 0x2A2BD, 0x2A2DF, 0x2A2FF, 0x2A3A9, 0x2A3ED, 0x2A434, 0x2A45B, 0x2A5C6,
	0x2A5CB, 0x2A601, 0x2A632, 0x2A64A, 0x2A65B, 0x2A6A9, 0x2F825, 0x2F83B, 0x2F840, 0x2F878, 0x2F894, 0x2F8A6,
	0x2F8CD, 0x2F994, 0x2F9B2, 0x2F9BC, 0x2F9D4,
}

// cangjieCode[i] 是 cangjieCP[i] 的仓颉字母码（单值整串）。
var cangjieCode = []string{
	"TM", "MOW", "PPP", "OML", "JV", "K", "HSMS", "KNN", "ON", "MNN", "GN", "GN",
	"OPD", "BN", "YKN", "MMN", "VEN", "HEYN", "SRN", "MNRN", "YRN", "LWN", "GRU", "JPN",
	"FDN", "MRTN", "MMRN", "ORN", "IEKN", "QRN", "TCN", "LYN", "BUN", "KNMBK", "EDN", "IJJN",
	"KNJBC", "CSN", "HQN", "INNH", "NNNIN", "TTTT", "YOU", "YUK", "YIHU", "YWR", "YCTTV", "YRRA",
	"OR", "OHHH", "OK", "OMU", "ONI", "OMD", "ORU", "ONVM", "ONO", "OOMN", "OOO", "OOB",
	"OHT", "OHNK", "OMMU", "OQ", "OKI", "OUU", "OMOB", "OVIS", "OWYI", "OOYM", "ORHU", "ONSM",
	"OKD", "OHNN", "OYLC", "OTW", "OSMG", "OQD", "OVVU", "OJDI", "OYMF", "OHBU", "OMLO", "OIKE",
	"OMBO", "OUNI", "OOL", "OHXH", "OIT", "OSJU", "OSQL", "ODL", "OQHL", "OMGT", "OFT", "OOMC",
	"OLEG", "OAIL", "OGIL", "ODD", "OTW", "OAPH", "OISK", "OHDD", "OROK", "OWLN", "OYKL", "OOIP",
	"OVJR", "OWML", "OBJJ", "OMBC", "OVNO", "ONHD", "OJBJ", "OPUU", "OSME", "OKOK", "OOND", "OIBP",
	"OJRR", "OMWA", "OOGS", "OJPU", "OWHR", "OFBG", "OBYR", "OVVD", "OYCB", "OWGJ", "OTJA", "OIPC",
	"OBKF", "OYNV", "OORM", "OOTF", "ONJK", "OFBD", "OSIM", "OTCL", "OFFN", "OIIF", "OMKY", "OJTY",
	"OHPA", "OSEG", "OTCD", "OYGQ", "OWLI", "OYVG", "OTWB", "OTBG", "OSET", "OVFB", "OBMP", "OSMG",
	"OHXC", "OTWI", "OUOS", "OYSV", "OYEM", "OBUF", "OOMB", "OIOP", "OSJJ", "OUJT", "OWWG", "OYBG",
	"OHXU", "OVOI", "OSSO", "MYMU", "MUMG", "RURHU", "MUMSO", "FUTMJ", "OM", "ONI", "OA", "BLOO",
	"OUU", "HAC", "CHA", "BOMC", "TPHO", "JCJBC", "BTOV", "ABUU", "TLBO", "AFQU", "AYSD", "AYBG",
	"BY", "BC", "BMUV", "BYRP", "IHLBU", "IMMN", "IMOP", "IMHK", "IMMR", "IMHJR", "IMBMR", "IMTC",
	"IMOMG", "IMYIU", "IMSME", "IMBCR", "IMGCG", "IMGTJ", "IPOP", "IMJBJ", "IMHHI", "IMIHF", "IMWTJ", "IMQHF",
	"HNMNI", "UYK", "MLN", "MSH", "VISH", "TTLN", "QJSH", "DELN", "YRLN", "OULN", "HRLN", "ORLN",
	"GRLN", "FSLN", "MALN", "ORLN", "KOLN", "NBLN", "IVSH", "KTLN", "FHLN", "AVLN", "BRLN", "VWLN",
	"MULN", "ONLN", "IBLN", "AOLN", "MKLN", "RSLN", "QKLN", "HDLN", "RMLN", "MFLN", "YKLN", "WMLN",
	"DELN", "UFLN", "SQLN", "HELN", "AFLN", "NTLN", "FQLN", "VUSH", "MDLN", "LXLN", "MALN", "NELN",
	"TYLN", "SBLN", "YMLN", "STLN", "SOLN", "HTLN", "UJSH", "MRLN", "HMLN", "TJSH", "UBLN", "HJKS",
	"KRR", "ONKS", "KRS", "LNKS", "UUKS", "TTKS", "HRKS", "GRKS", "BDKS", "MBKS", "HPKS", "HIKS",
	"AVKS", "HPKS", "VUKS", "WWKS", "JWKS", "WPKS", "TVKS", "YTKS", "PLPB", "PGIT", "PYWI", "KP",
	"PAJ", "PAMO", "TOIBP", "SHNR", "SNIY", "SHXO", "SOIN", "SOIN", "SWTC", "SRUC", "SYJC", "SMOB",
	"SHYU", "JKS", "JPJ", "MFJ", "QGJ", "YWR", "SU", "MVL", "LWSU", "KISL", "MOIN", "MMT",
	"MMVI", "MWL", "MJR", "MYT", "MYHV", "MOMR", "MIJB", "MC", "MAMI", "MOG", "MGIT", "MMTJ",
	"MHXF", "MGTI", "MTGI", "MWGG", "MSGP", "II", "IIID", "TOI", "IIIF", "IENUI", "EII", "EE",
	"LE", "JRE", "SBE", "YBE", "IGE", "YRE", "YCE", "CR", "RKN", "RO", "RK", "RS",
	"RHNI", "RQJ", "RLBU", "RYHS", "RCI", "RHK", "RCK", "OBR", "RHQU", "RIKU", "RD", "RUK",
	"RBHN", "RMG", "RMDM", "RHA", "RYT", "RIKK", "RRMVS", "YFR", "RPVK", "RVIO", "FRP", "HDR",
	"RLQ", "RKKI", "RLWP", "RHMR", "RILL", "RIHM", "RTW", "RMBL", "JPR", "ROYM", "RSMI", "OLLP",
	"ONRP", "YJRP", "RPOLL", "RAG", "RRSK", "RIT", "RCNH", "RHEJ", "RMKR", "RYTJ", "YTJR", "RUON",
	"RMMV", "KRRP", "OIRP", "JRRP", "YRRP", "JDRP", "RROB", "RBBE", "RKMF", "RYOK", "RIYP", "RYTR",
	"RUNE", "RWHD", "RDW", "RHPA", "RVNE", "RSJE", "RIRM", "RGCE", "RHXE", "RHKP", "ROMB", "BRRP",
	"RPBMR", "YOKR", "VRRP", "EVRP", "RTPH", "RBMC", "RMWG", "RAMO", "RYPM", "RCST", "RQKA", "RNHD",
	"RTMD", "RMBC", "RRTU", "RSJL", "RUVI", "RRRS", "RFHU", "RRPA", "RWLS", "RJRB", "RTLJ", "RRYE",
	"RNBS", "QHHER", "RRRR", "RNMK", "RJMG", "RHDA", "RKRD", "RMFM", "RKIT", "RHQJ", "RYRV", "RYHR",
	"RYPK", "RTTB", "RBHX", "RSHWJ", "RIBI", "RPUU", "RMWD", "RHHK", "RYVW", "RTGF", "RMRE", "EGRP",
	"VRRP", "TOSP", "RHGS", "RKPB", "IFR", "RYDL", "RSJL", "RJCG", "SER", "RSMA", "RYPF", "RBOF",
	"FBRNN", "RHDP", "NRILO", "JARP", "RHOO", "ROGD", "RLGM", "RHOR", "RANB", "RFFO", "RNOE", "RJTO",
	"RHON", "ROGP", "RMKY", "RYBB", "RTCD", "VLR", "RTJP", "RANR", "RHXD", "RWLJ", "RTVP", "RTKP",
	"RDWS", "RHON", "RGRG", "RFFD", "RPKO", "RHAL", "RMBR", "RSEC", "RYON", "RFGI", "RLSK", "YURP",
	"RSFK", "RGFE", "HGRP", "RANW", "RJTC", "RTST", "RYHC", "RBUG", "VFR", "RRRK", "RANK", "RORP",
	"OGR", "WE", "WKS", "WT", "WPH", "WWL", "WFMU", "WRB", "WELL", "WBUF", "GKS", "GNIN",
	"GOB", "GPP", "GHQU", "GTT", "GPI", "GVIS", "GSO", "GOKS", "GYJ", "GGB", "GSKN", "LPG",
	"ROG", "GKLB", "NQG", "GTK", "MNPG", "YPG", "GOI", "GWK", "GJKS", "JIG", "GJMD", "GAG",
	"GJCN", "GOWY", "GCRU", "GOMC", "GPPG", "GRD", "GJKI", "GMSO", "GYPU", "GTBC", "GSMV", "GTMC",
	"GLX", "GEEE", "GIHV", "GOAE", "GUMB", "HBG", "WNG", "GGGG", "GDMQ", "GWB", "GHLB", "GWMV",
	"GMWV", "EHG", "GTGQ", "GIBI", "YBG", "GKSB", "GHUD", "GIIB", "SEG", "GHOO", "GTLB", "GNSV",
	"GYPD", "GYCV", "OJG", "GMLW", "GVII", "GKCF", "GGBT", "GOGD", "DKG", "GMTO", "GHOR", "GIMMI",
	"NQG", "RUG", "GYVG", "GIHP", "GNCR", "GYRG", "YRFBG", "GAVF", "GOTO", "GTWN", "GSLC", "GIWG",
	"GWWW", "GKMA", "GHBD", "GTGS", "GYTI", "GUGGU", "GJBV", "GBUT", "GBWO", "HEMHM", "YAHE", "UCHE",
	"NIJ", "NSNIN", "NNYVO", "NNBQR", "NNWD", "NNLMC", "KU", "KT", "KK", "SMK", "KOO", "KD",
	"KTJ", "KLLN", "HAK", "KBM", "QOQO", "KRK", "KNIR", "KPA", "KIRM", "KOGG", "KDD", "NRPPK",
	"KTGF", "KRKMR", "OV", "VV", "VIP", "VMD", "VML", "VI", "VNJ", "VBMM", "VHQU", "VNHE",
	"VPIM", "VIKU", "VBHN", "VHNK", "VMFM", "VOM", "VYR", "VKSR", "VKLB", "VHEY", "VRLR", "VOF",
	"VSMR", "VHHL", "VNSD", "WV", "VW", "MSV", "VRHU", "VPRU", "VNSM", "VMFJ", "VHAU", "QHV",
	"VYHV", "VSJ", "VNSD", "VIG", "VJKS", "VMLW", "VHND", "VOP", "VIHQ", "VKOO", "VRR", "VIJE",
	"VMLK", "YEV", "VMRT", "VKKB", "VHEJ", "VRAU", "VICE", "VOOG", "VJBD", "VYTJ", "VNIB", "VHXH",
	"OKV", "VBUC", "VMGT", "VNBK", "VLSA", "VJMU", "VHDS", "VRBO", "VMBB", "VEA", "VDD", "VUMR",
	"VTGU", "VYIB", "VKLU", "VAPH", "VGCG", "VTA", "VJFE", "VNUS", "VRPA", "VWMV", "VMBC", "YBLBV",
	"VVVW", "VBGB", "VUMF", "HUV", "VGRT", "VOMK", "VYTA", "VKGG", "VHJX", "VJFD", "VIHR", "VTJB",
	"VDBU", "VDAM", "GIV", "VOYR", "VHNI", "VYIW", "VYFD", "VGGP", "NSV", "VVVU", "VSTV", "VTCT",
	"GVHNE", "VILR", "VBVK", "VRBC", "VUMT", "EBV", "VHXT", "VTOR", "VYTU", "VYJJ", "VTWA", "VIIH",
	"VYPM", "VIXP", "VJOA", "VJJO", "VGSK", "VOIW", "JLV", "VNJK", "VUOG", "VHOO", "VLWV", "VBKF",
	"VMWJ", "VWLC", "VSMI", "VMTO", "VSEQ", "VHBK", "YLV", "VHOK", "VNCR", "VFBW", "VSIT", "VSUF",
	"VVID", "VHLC", "VYRN", "VYWV", "VTWU", "VYSV", "VNRI", "NBV", "TJV", "VBUG", "VHUC", "VVFP",
	"VWWM", "VVND", "NDOLL", "NDNIN", "WYND", "PAND", "NDQHL", "NDNAU", "YDPU", "GDHNE", "NDGRR", "YDYRD",
	"VFNDD", "JM", "JE", "JNN", "JNO", "JYSM", "JINO", "JOLL", "JCI", "JYHS", "JJR", "JOMR",
	"JYCK", "JPE", "JNIN", "JIAV", "JYMR", "JMGC", "JNKM", "JOMW", "JTA", "JDD", "JMLM", "JMBU",
	"JAYC", "JSJE", "JHLB", "JQHK", "JTTB", "JVMD", "JOGS", "JVOOG", "JGRV", "JILE", "JGJI", "JNLM",
	"JRQO", "JPAM", "JUFE", "JHKB", "JHUS", "JVMN", "JVMB", "DI", "MUDI", "AMDI", "WLHUI", "SMMII",
	"FHAU", "FHNAU", "TCFH", "TMFH", "KUMD", "KUE", "KUKM", "KUDHE", "KUKF", "KUAP", "KUBV", "CRIKU",
	"KUKLU", "KUWD", "KUKMR", "KUWMV", "KUISB", "KUTQM", "UFKU", "SE", "SND", "SKNI", "SAU", "SHIO",
	"SYT", "SEU", "SHBU", "SPA", "SNIN", "SCB", "SDB", "SIJE", "SMSO", "SHUE", "SHJX", "SHOA",
	"SHOV", "IFS", "SHOO", "STWK", "SKCF", "SMMV", "UM", "UCSH", "UO", "UO", "UHN", "UNHS",
	"UND", "UHNI", "NMMU", "UINO", "UM", "KU", "UNI", "SUU", "UOJ", "UA", "UL", "UYJ",
	"UHVP", "UYK", "UYK", "UMG", "UMF", "UMNR", "UOK", "URMS", "NEU", "UIV", "USP", "UGK",
	"HDU", "UMMJ", "UWYI", "USMR", "UTQ", "UUKU", "UOPJ", "UOOG", "UIJE", "UJHQ", "UBND", "UCRU",
	"UIUH", "UIAV", "UBV", "UOIR", "UTYV", "UJBD", "USKR", "UKKB", "UOIR", "URYJ", "UMGT", "UCHH",
	"UBQR", "UTA", "DEU", "UQTM", "UNNF", "UYTR", "UII", "UTCU", "UBTU", "UFQU", "UKMR", "UDCI",
	"UNME", "UIKH", "UBJJ", "URRS", "UUMB", "RKU", "UWMV", "UHAE", "UHXE", "URPA", "UJCK", "UJHR",
	"UBAC", "UTGF", "UMHF", "UMWD", "UHUI", "UWLM", "UMHF", "UTOR", "UHAJ", "USJL", "ULLV", "JLU",
	"UQSK", "UMWF", "UILB", "UTIT", "HFU", "UIIH", "UQSK", "UYCB", "USMA", "UHOE", "URRJ", "UYFU",
	"UANG", "UYTG", "UYPM", "URRS", "UTCO", "UOGD", "UOGD", "UTMJ", "UHKB", "UWLY", "UMFN", "UTBO",
	"USRJ", "UNLI", "UTGI", "UHBK", "UHXC", "UYRO", "UTGI", "UTOE", "UPKO", "UQOC", "HKU", "UHHE",
	"UYPT", "UYSV", "UHIV", "UMHM", "UYRV", "UWWG", "UUJT", "UIDY", "UDDI", "OVHU", "MYM", "MNQO",
	"MRQO", "MMMM", "TAM", "SLR", "KRSU", "SUTMC", "LBP", "OLB", "LBSHI", "YVLB", "LBHN", "LBNHE",
	"LBQO", "LBOLL", "LBFH", "JKLB", "LBHML", "LBHEY", "NULB", "YPLB", "FBF", "LBKMS", "MNLB", "LBOVU",
	"LBPA", "LBNIN", "LBYVU", "LBSJU", "LBNAU", "LBNYI", "LBNHX", "LBKLU", "LBAB", "HAKLB", "LBIKH", "LBOMN",
	"LBTBN", "HFLB", "LBHJU", "LBBJJ", "NKLB", "LBTLK", "LBHJG", "LBHYU", "LBTXC", "LBHWP", "LBTTB", "LBTYU",
	"LBBOF", "LBYHJ", "LBLLV", "LBTWA", "LBNOT", "LBMMI", "LBAWS", "YBYSP", "LBTCD", "LBBMP", "LBJMC", "LBJCT",
	"LBOIM", "VFLB", "LBBSE", "VIAPV", "VIHS", "VVII", "VIOMN", "IHP", "IMD", "INO", "II", "IHVP",
	"IYT", "IOII", "IRC", "IDM", "IOS", "IBM", "IAM", "IHHL", "ILWP", "ILQ", "IAV", "ITU",
	"IDB", "ININ", "IHRR", "IIAV", "IMRT", "IMGT", "IWG", "IYMR", "IOG", "IHDP", "IKMR", "IONN",
	"INLR", "ITLK", "IHJX", "IOMN", "IBBR", "IOGJ", "IYPM", "IYTJ", "IHOO", "IVHG", "IHDW", "IHKB",
	"ITXF", "ITMS", "IYPS", "IOMO", "ITWP", "INFD", "ISMC", "NKYV", "NKBR", "VIT", "FKT", "TKT",
	"JIPS", "BRIP", "MRIP", "NM", "NMJ", "NPI", "NMMS", "NU", "NKI", "NYE", "NOPD", "NRVP",
	"NDHE", "NIF", "NNMC", "NOHV", "NWNI", "NOMR", "NMA", "NUNI", "NNOK", "NYTJ", "NYTV", "NHDV",
	"NFBF", "NSJN", "NMWG", "NONK", "NJBC", "NTHB", "NMRB", "NYBN", "NESD", "NMUA", "NMBG", "VNMB",
	"VBVNB", "MHHH", "HEHHH", "TTHHH", "YRHHH", "IRHHH", "HAFHH", "KJHHH", "HEHHH", "IBHHH", "CAHHH", "YDHHH",
	"HOMN", "HOK", "HOKI", "HOHS", "HOPR", "HOLW", "HOBMR", "HOOMR", "HOMTN", "HOIJ", "HOCIU", "HOGR",
	"HOLHY", "HOOL", "HOCNH", "HOKOO", "HOII", "HOOGI", "HOHDV", "HOVBU", "HOVJR", "HODD", "HOBME", "HOHJG",
	"HORSJ", "HOUCE", "HOJBJ", "HOSFB", "HOHDP", "HOQMC", "HOURK", "HOOTF", "HOTMC", "HOYGQ", "HOYWM", "HOJPN",
	"HOTOM", "HOIOP", "XP", "KP", "PSHI", "VP", "PEI", "PPI", "OVP", "MKP", "NHEP", "PYHS",
	"PJB", "MUP", "PHE", "PHK", "PP", "PMVH", "PKK", "PCSH", "PTM", "MSP", "KRP", "PHEY",
	"YRP", "PKR", "PKJ", "PDM", "PODI", "PUU", "PJMN", "QKP", "QNSM", "WSP", "PHON", "POHG",
	"PIHI", "PYIU", "PJHP", "TWP", "MNP", "PMNN", "PKB", "TTP", "PLWK", "PYVO", "PJLK", "PHMR",
	"PTC", "HERP", "MNUP", "KBP", "PGG", "PHKL", "KGP", "PBCR", "OSP", "PMRT", "KOP", "PMFR",
	"PSJU", "NKP", "PIUH", "POIR", "PGLC", "PIJE", "PYVU", "HLP", "PGIS", "PQKI", "PBCD", "PKLU",
	"PJBM", "JWLP", "PAMI", "PAN", "PGCE", "PBBE", "PLE", "PII", "LRP", "PYTR", "PBB", "OVP",
	"PPFD", "PTMC", "HHP", "PTBC", "OMRP", "MBP", "PBD", "PKMR", "PYIB", "FFP", "BYCIP", "PAYK",
	"PGII", "PLP", "PHXO", "PNEM", "PWB", "PNSJ", "PTPO", "PVNO", "PNOB", "PSPD", "PTCW", "KGGP",
	"NNP", "PWLB", "SOP", "PMBC", "VGP", "PJKA", "PFDV", "PYRA", "PYBS", "PQKE", "PPUU", "BMSP",
	"PHXE", "PSLY", "JCP", "PMHF", "PHYU", "PWMO", "JTCP", "IKOP", "RPWP", "FHP", "PGIT", "IDP",
	"PMYF", "PQMC", "PSTR", "QKP", "PYHJ", "YJP", "FBRBP", "PYHM", "IDP", "PKPB", "PYPD", "PIXP",
	"PTGT", "PGBT", "PTMJ", "PKJA", "HUHUP", "PRRU", "PLGM", "PRUC", "PIPC", "PNJK", "PWLR", "PBKF",
	"AKP", "PNLM", "PANP", "PDDF", "HKP", "PWBP", "YJPYJ", "HCP", "PTOE", "BUP", "GNMP", "BGP",
	"PTGI", "PVID", "PHAL", "HNP", "GTNOP", "PJQP", "PANU", "PHUA", "PANW", "PNLP", "PFFE", "PHUC",
	"PWLG", "PMBO", "IQ", "IIM", "OOI", "MIG", "JIHS", "JIG", "IHER", "HDI", "IMIG", "NBI",
	"YJI", "AHI", "MII", "SAI", "QXI", "KBIRV", "HSPD", "ISD", "ISNHE", "ISGI", "HSW", "QVL",
	"QU", "QSH", "QLB", "QBM", "QN", "QOMN", "QJB", "QIK", "QHQU", "QYHS", "QMVH", "QBK",
	"QEE", "QIKI", "QJC", "QHVO", "QIH", "QHHL", "QISN", "QYMP", "YPQ", "QPH", "QMVN", "LIQ",
	"QSLB", "KRQ", "QHKK", "QES", "QIF", "QYVO", "QWK", "QHJD", "QYIU", "QHGU", "QPA", "QYIU",
	"QHMR", "QHNB", "QNMU", "QMBL", "MNQ", "MLQ", "QHX", "QJKP", "QHVD", "ORQ", "QJD", "QHQ",
	"QHQI", "QMFR", "QHXH", "QMKR", "QYRN", "QAMI", "QEA", "QMSO", "QQMV", "QWJR", "QPHP", "QOOO",
	"QHDL", "QJBM", "QDW", "QYRD", "QBQR", "QTOB", "QDD", "EEQ", "QYKL", "QRPA", "QKMB", "QJKA",
	"GQHNE", "GIQ", "QMBK", "QUMF", "QORD", "QUCE", "QKGG", "QJCQ", "QIHR", "QNST", "QMGK", "QYSO",
	"QFHU", "QBVK", "QTPA", "QANO", "QYPK", "QSFB", "QQMF", "QUMT", "QBAC", "QWMO", "QIBP", "QCIM",
	"QSOG", "QVFB", "QOGE", "QIKW", "QHHW", "QING", "QAFU", "QLIT", "QGRV", "QISU", "QHVU", "QYDL",
	"QYCV", "QBYR", "QTJD", "QJKR", "QJJN", "QTBH", "QHAF", "QTLM", "QJPU", "QQJS", "QTLB", "JLQ",
	"WRQ", "QMWN", "QTGE", "QYPU", "QYPK", "QJOG", "QNBJ", "QJTY", "QUWP", "QMLW", "QYFU", "QLGM",
	"QJCR", "QORM", "QBWI", "QLX", "QLNC", "QHDB", "QABK", "QWGF", "QHGI", "QMKY", "QDDF", "HEQ",
	"QSCE", "QMBI", "QMWM", "QUOS", "QTGI", "QJTG", "QTBO", "QWJI", "QSIT", "QYRO", "QFFD", "QJTD",
	"QIPF", "QMRR", "QTWI", "QSMJ", "QISK", "QJIM", "QOGB", "QATE", "QQJP", "QPEC", "QVFC", "QHLC",
	"QYMI", "QHBD", "QHCQ", "QOKF", "QTRD", "QBWI", "QTRG", "QOGE", "QBUG", "QYBK", "QHMB", "QJTF",
	"QWWM", "QWWM", "PPJE", "NUJE", "NNJE", "DLJE", "HMJE", "ONOK", "MDOK", "ONYE", "ONYE", "MRYE",
	"LNOK", "MBYE", "HIYE", "HUOK", "GGYE", "OROK", "SRYE", "AJYE", "NBYE", "JDOK", "KOYE", "HJYE",
	"IKYE", "KUYE", "HUYE", "HPYE", "DDYE", "YJYE", "VEYE", "YRYE", "OOYE", "WDOK", "TAOK", "TVYE",
	"UBYE", "DWYE", "AUYE", "YAOK", "TCYE", "JRYE", "HEYE", "YBOK", "WJOK", "YMYE", "JCHE", "OMYE",
	"TRYE", "LXYE", "MYYE", "YUYE", "SGYE", "YTYE", "MRYE", "YKQ", "YKFD", "YKNBK", "YJN", "YJR",
	"MUYJ", "FQYJ", "MAYJ", "MTYJ", "TCYJ", "LVYJ", "KUYJ", "VFYJ", "MRHML", "MAHL", "HRHML", "UUHML",
	"AAHML", "VUHML", "IFHML", "YSO", "MMPS", "YSOML", "YSOF", "YYN", "YYR", "YSNMU", "YSOMR", "YSOGB",
	"YSOMM", "YSOOK", "YSOBJ", "YSOMV", "AP", "AKS", "AT", "AON", "AYM", "AMU", "YMA", "AND",
	"MFA", "AQO", "PHA", "ARHU", "AAM", "AHVI", "AUE", "AHNR", "AFQ", "AHEY", "AGI", "ALWU",
	"AMNE", "ANIR", "OLHA", "AFD", "AJV", "JTA", "QKLA", "AMTC", "APA", "AGDI", "YPA", "AAMU",
	"AIAV", "AGLC", "AJBD", "MVA", "AJKD", "ALMY", "ASMB", "TCA", "AJLO", "AHSL", "OOA", "AOMB",
	"AHBN", "AVNE", "AFBR", "AOG", "AYRD", "AEOR", "AWLB", "AIRF", "AMGC", "AWLS", "ARPA", "ANBK",
	"AABT", "AMBK", "ABME", "AONK", "AYAF", "AIBI", "AVIF", "AMRB", "AMIA", "AYDL", "ATIT", "AMWF",
	"ASMH", "AIFQ", "AHKR", "ABKF", "ALX", "AIKF", "AYBK", "AORM", "MGA", "ACWA", "AUAV", "PHCWA",
	"ANKF", "AMBI", "ATGI", "ATGI", "AAVF", "AUUD", "ATOE", "AUUF", "AGCC", "AQJP", "AAAM", "TFA",
	"ABUG", "ABWI", "ATOG", "AYNQ", "LWO", "HUA", "MKTCT", "BOJ", "BTC", "BYCK", "BHQR", "BWD",
	"BTOP", "BBSD", "BFQB", "BTYU", "KBOAE", "BRRS", "SEB", "BYDK", "BHMO", "DNHS", "DF", "DVI",
	"DNJ", "DMMM", "NSDJ", "DIHU", "DDK", "TD", "DLLL", "DQJ", "DHQ", "IPD", "DBK", "DQS",
	"KDJ", "DJD", "DRLR", "DIT", "DHFD", "DGI", "DOIP", "DBT", "DOMR", "DGDI", "DOHV", "DHHV",
	"DIJ", "DDKN", "DFHS", "TCD", "DHGU", "DHWK", "DMTN", "DLSR", "DPYM", "DNBO", "DJHP", "HYD",
	"DMHL", "DBDI", "DIJB", "DOOG", "DMSO", "DRSN", "DVVN", "DSJU", "YPDB", "DSWL", "DCOR", "DJKD",
	"DLEG", "DPW", "DTYS", "DWKS", "DNAI", "DNYI", "DKLU", "DFBR", "DEA", "DIHI", "DSUU", "DAHL",
	"DNUE", "DKKB", "BUKD", "DHDV", "DMMS", "DOG", "DOTQ", "DMKP", "DKMF", "DOKT", "DNND", "DKBL",
	"DMWL", "TBND", "DMFT", "DDMF", "DFHU", "DHJX", "DMWG", "DPMM", "DHJG", "DMBK", "DTLJ", "NND",
	"DNHK", "DRRS", "YWD", "DAMO", "DSVG", "DCRL", "DIOR", "DMRD", "DTBD", "FSD", "DONK", "AUD",
	"JCORD", "DIKW", "DJBF", "DHRF", "DWCE", "DHUP", "DMND", "DJQR", "DCIM", "DNIW", "DQHQ", "DWMO",
	"DHWP", "DTHU", "DPUU", "DBTK", "DHXE", "DYSY", "DTUB", "DIUA", "DYTK", "DMGK", "DMRRR", "DEII",
	"DISM", "DHYE", "IBD", "DWTJ", "DYSO", "DNLR", "DKPB", "DDOE", "DDHMU", "DIHJ", "DYKM", "DLYG",
	"DYDL", "DYPD", "DMYF", "PDMBC", "DYMO", "DVMI", "DYRD", "GED", "NBD", "DNSV", "DBBU", "DORM",
	"HUHUD", "DTCL", "DJWP", "DAND", "DGFO", "DYBK", "DHOR", "DGBM", "DTYJ", "DRMR", "DVFB", "DDVNE",
	"DYVQ", "DEPRU", "DRUC", "DTCD", "DODOO", "DWDW", "DTCD", "DGOR", "DMWD", "EDKN", "DMBI", "DYPO",
	"DDNKQ", "DYPS", "DWLI", "DHEC", "DWLV", "JBOUD", "DDDF", "DTRK", "DTJR", "DTHG", "DUCE", "DOTO",
	"DLMT", "DMFI", "SWD", "JBMOD", "DTGT", "DJAC", "DYTA", "DVVV", "DHHE", "DMRR", "DJHW", "DHBF",
	"DBCI", "DYYB", "JBLYD", "DJIM", "DDYJJ", "DMGD", "DGGF", "DYHC", "DMBG", "YPD", "DUOS", "DHYB",
	"DNLB", "DPPD", "DHBD", "DSIC", "DFFE", "DTGS", "DSIU", "DIHO", "DVMT", "DTOG", "DYBG", "DTVD",
	"DPCC", "RUNO", "UNO", "ONNO", "YNNO", "OLNO", "MTNO", "YMPNO", "MRNO", "PTNO", "GINO", "IRNO",
	"RCNO", "LINO", "GGNO", "HUNO", "PANO", "KSNO", "MVNO", "MTNO", "KONO", "HWNO", "IMNO", "MMNO",
	"YRNO", "YJNO", "HRNO", "MPNO", "OONO", "IRNO", "RSSEO", "GTNO", "SONO", "SVNO", "HSNO", "BKNO",
	"PUNO", "UFNO", "IENO", "OWNO", "WFNO", "GTNO", "YTNO", "GWNO", "DFNO", "TDNO", "MENO", "MGNO",
	"SJNO", "VFYRO", "WFNO", "MMYM", "MIMM", "YMNI", "YMMNR", "YMOII", "YPNI", "YMSMB", "YMYOJ", "YMHUK",
	"MKYLM", "MNMVS", "MNB", "MNMNI", "MNYO", "MPKS", "MNYT", "MNDHE", "MNJR", "MNHGU", "MNIAV", "MNBV",
	"MNDHL", "MNGCE", "MNKMR", "MNJNU", "MNJMO", "MNJNK", "MNRPA", "MNDWF", "MNWMV", "MNHJE", "MNLMO", "MNUMT",
	"MNJYJ", "MNHUI", "MNTCT", "TAKN", "MNQMC", "MNJTC", "MNGTH", "MNOGD", "MNSRJ", "MNMHM", "MNYPT", "MNYNQ",
	"RUHNE", "LUHNE", "YOHNE", "GBHNE", "MVHNE", "JMHNE", "FBHNE", "YPHNE", "GGHNE", "JRHNE", "GEOII", "GEHEY",
	"GESHR", "GLHNE", "YUHNE", "NRPP", "HUNHS", "JEHQU", "HUHQU", "LLHQU", "HUOIN", "HUE", "PRHQU", "HUIHI",
	"YJHQU", "BIHQU", "FBHQU", "BDHQU", "BCHQU", "HUYIU", "EHHQU", "ORHQU", "FFHQU", "HUOG", "YJHQU", "TKHQU",
	"JKHQU", "DFHQU", "IBHQU", "HEHQU", "YVHQU", "IRHQU", "JJOHU", "HUEII", "TJHQU", "HUASM", "NTHQU", "TOHQU",
	"OFHQU", "FFHQU", "HUHOR", "STHQU", "JNHQU", "HUVVV", "WMHQU", "HIHQU", "ONL", "ONFB", "ONYWI", "ONRRJ",
	"EN", "EHN", "EP", "OE", "EK", "ESHI", "JE", "EI", "EI", "EMO", "ECI", "EKNJ",
	"ENO", "EMF", "EYJ", "ECK", "EJC", "EB", "EOK", "EOM", "EWL", "EKLB", "EIT", "ELK",
	"EDU", "EBT", "EKI", "EKR", "EEDI", "ETMM", "EYHV", "EKIG", "EYIU", "EIB", "EIHI", "EHXO",
	"EOD", "EOHG", "EOL", "TCE", "EYK", "EYDI", "EHKL", "EJKP", "EITI", "EMGT", "EIT", "ESJU",
	"EVVN", "EMBY", "EMFR", "EHX", "EONO", "ERD", "ESE", "EYTJ", "EYIT", "ENLA", "EEKI", "EJRU",
	"EPHG", "EHDD", "EBDU", "EPHA", "ETOP", "EDMG", "EQOD", "ETA", "IME", "ENNF", "ETGU", "EYID",
	"ETHO", "EHKT", "EMGB", "EISE", "EWCR", "EWCR", "ESMB", "EEE", "EOMU", "EIIM", "ETUN", "ELX",
	"EVJR", "ENNO", "EKMF", "EJCG", "EBUS", "EITU", "EYCT", "EWP", "ENSP", "ETHD", "ETLJ", "EMWV",
	"EABU", "EHJX", "ETPO", "EMGK", "EISB", "HNOE", "EBLA", "EMAD", "EUNE", "EHDA", "EEOL", "EEKN",
	"EDYG", "EUFB", "EJRR", "EHUP", "EBTK", "EVVU", "EHUD", "ESRL", "EHHI", "EJCU", "ESFB", "EBPA",
	"EIBP", "EJCC", "EHYU", "EMIH", "EVFF", "EPHT", "EOBG", "ESJU", "EANO", "EYFD", "EEKO", "EMTI",
	"EJOA", "EHDP", "EJDK", "EMNC", "EYSK", "ETYU", "EITF", "ELIP", "EIRK", "EOIC", "EAHR", "EHRT",
	"EEVR", "EEDD", "EASE", "EWLC", "EHOU", "EANP", "EANB", "ETYJ", "EMTO", "EKRC", "ELNC", "EJAO",
	"EKJA", "EIIP", "EVRF", "IFE", "EEEE", "EGRR", "ECKC", "ETTR", "EEJB", "EYVB", "EHFP", "EHOK",
	"EJCU", "EMBU", "EMBW", "EAVO", "ESMO", "EJPT", "EYKB", "ETAV", "SJE", "ETPD", "ETGO", "ENDA",
	"EBNT", "EJAF", "EKTQ", "EHNF", "EHXC", "EMFI", "EOTQ", "EJSH", "EIMS", "ESEO", "EJIG", "YJEYJ",
	"EOMB", "EUTK", "EHHJ", "EBHE", "EBHF", "EWWW", "EQBU", "EHAA", "EBSH", "EBIU", "EETC", "EEOF",
	"EANX", "EHBD", "EYRA", "EDTC", "EFFI", "EBKM", "ESLC", "ETOM", "ESJT", "ENFQ", "EYWV", "ENLP",
	"EIOP", "EOOO", "EANF", "ETIS", "EWLK", "EHAA", "EOLF", "OFHAE", "EHMJ", "EETM", "EMWB", "EYSC",
	"ESTN", "EEIP", "EAYV", "EWWF", "ESFJ", "HNF", "FKN", "MJF", "FNI", "FMJ", "FNIN", "FOB",
	"MFF", "FLBU", "MFF", "KCF", "FDJ", "FVIS", "MBF", "FHHL", "FTM", "FDM", "FBQ", "LQF",
	"FNIN", "OGF", "FHBV", "FPA", "FKSS", "FME", "FMKR", "HEQJF", "FIOK", "FROB", "MWMF", "FJBD",
	"FFNJ", "FNIB", "SEF", "FSMV", "FWD", "SEF", "FHRJ", "NNKF", "FKLU", "SFDI", "DDF", "FFF",
	"FSMB", "FOMB", "FAPV", "HJF", "FHXG", "FMWG", "FWLB", "FPKP", "FBLA", "TWF", "AFSHR", "LUF",
	"FIRD", "FTBN", "FYRN", "ODF", "FYCK", "FJCK", "FMAD", "FYHR", "FFNIQ", "BSF", "TQMF", "FTGQ",
	"GFHNE", "FFNEM", "SFF", "FMHF", "FUHJ", "LUF", "FOGS", "GEF", "FTAK", "YJF", "FTWA", "FGQKQ",
	"FYUB", "IIF", "FHGS", "MOGF", "MHDF", "FWGF", "OBF", "FRUC", "FAMJ", "FTYJ", "NKF", "FOTF",
	"TLPF", "FTGR", "FYPO", "FOMO", "FYRG", "FTCD", "YOF", "WRF", "FYX", "FHAL", "FHGY", "FQOC",
	"OGF", "FFF", "FDLC", "BFHDW", "FMBG", "FYTI", "FSJJ", "IDLYF", "TGF", "HBDDF", "BHG", "BA",
	"HFKU", "HOOGE", "CKBM", "CKBMR", "CKWLN", "CKJKA", "KKKK", "VMSHR", "VMJCM", "LLNO", "LLLLL", "LLPA",
	"LLLMO", "LLHJD", "LLTHB", "LLTCD", "YJLLJ", "LLNRI", "MVDO", "MHAV", "HQVL", "HQMJ", "HQLLL", "HQHML",
	"HQJB", "HQAU", "HQCSH", "HQYJ", "HQJP", "HQOPD", "HQOS", "HQOII", "MRHQ", "HQGR", "HQWK", "QHHQ",
	"HQHMR", "HQBDI", "EHHQ", "HQIOK", "HQHEJ", "HQBUC", "HQSIP", "HQGBN", "HQJBD", "HQYRF", "SEHQ", "LYHQ",
	"HQWCE", "HQPKP", "HQBJJ", "HQAPV", "JKHQ", "HQMHF", "HQOBG", "HQOLH", "HQYHM", "HQYCB", "HQWVF", "HQTLM",
	"HOHQ", "HQIPC", "HQTCO", "HQGGU", "HQMWM", "MCHQ", "HQFQO", "HQGNI", "HQMBB", "HQFFU", "HQFFR", "HQMCE",
	"IKIK", "KHHVP", "KHHML", "KHDK", "KHPU", "KHYVI", "KHKSR", "KHHEY", "KHGI", "KHYG", "KHSHR", "KHLBK",
	"KHLW", "KHEG", "KHBBM", "KHKN", "KHJLK", "KHLWP", "KHMA", "KHOD", "KHFMU", "KHRYO", "KHJKD", "KHMMR",
	"KHMLK", "KHMVM", "KHNKG", "KBIK", "KHHAU", "KHILO", "KHEA", "KHHDV", "KHPFD", "KHII", "KHHYR", "KHYAJ",
	"KHPHP", "KHVVW", "KHIHR", "KHTPR", "KHOMN", "KHNMK", "KHIKO", "KHSLK", "KHUMI", "GKHNE", "KHTGP", "KHCIM",
	"KHTXC", "KHJOC", "KHILB", "KHLLV", "KHVVD", "KHIIH", "KHSMH", "KHQMC", "KHIKF", "KHHDW", "KHNJK", "KHRRJ",
	"KHOGF", "KHJWO", "KHYGQ", "KHSFT", "KHTWV", "KHSIT", "KHHXC", "KHSMG", "KHJCO", "KHMHM", "KHMBG", "KHYTI",
	"KHOIM", "KHNRI", "KHSJT", "KHRRR", "MGI", "MGVL", "MGY", "MGLN", "MGHNI", "MGND", "MGMMS", "MGK",
	"MGMLB", "OSMGI", "MGNG", "MGYE", "MGIK", "MGNO", "MGYJ", "MGIJC", "OIMGI", "MGIT", "MGBU", "MGYLB",
	"MGNYO", "MGMFM", "MGBR", "MGSLL", "MGLWK", "MGWR", "MGTT", "TWMGI", "MGHMO", "MGOMI", "MGIB", "MGOMG",
	"MGHMR", "MGYLH", "MGNAU", "MGDL", "MGOMD", "MGRVK", "KMGG", "MGSMF", "MGICE", "MGHDD", "MGWHD", "MGSJE",
	"MGHJM", "MGSUU", "MGLE", "LYMGI", "MGJLL", "MGYIB", "MGBB", "MGAPH", "MGOOO", "MGDLN", "MGISB", "MGKMB",
	"MGJCK", "MGPTD", "MGYSD", "MGTMV", "MGTPR", "MGTCW", "MGWLB", "MGNQD", "SIMGI", "MGTXC", "MGOGS", "MGWTJ",
	"MGMBS", "MGYIJ", "MGBOF", "MGYPD", "MGQJM", "MGYHJ", "MGLLV", "MGTHN", "MGAWE", "MGSND", "MGHLQ", "MGDBB",
	"MGMUA", "MOMGI", "MDMGI", "MGYDK", "MGMWJ", "MGOGS", "YVGI", "MGWLI", "MGYGQ", "MGTGI", "HBMGI", "MGVVV",
	"MGVIW", "MGITC", "MGFFG", "MGUOS", "MGWLG", "HOLBU", "PUHVO", "JRHVO", "HOHVO", "QDHVO", "HOYCK", "BVHVO",
	"IBHVO", "DWHVO", "HOAMH", "HOTXC", "WTHVO", "FWHVO", "HOVNI", "MNMVN", "UMVN", "LBMVN", "YNMVN", "MTMVN",
	"LKMVN", "NUMVN", "MJMVN", "HAMVN", "JPMVN", "HDMVN", "SLMVN", "MAMVN", "QHMVN", "JSMVN", "MNMVN", "NBMVN",
	"ORMVN", "ISMVN", "KOMVN", "WDMVN", "GJMVN", "GRMVN", "JVMVN", "DWMVN", "HJMVN", "LPBCN", "MKMVN", "FUMVN",
	"WBMVN", "AOMVN", "ONMVN", "UBMVN", "JRMVN", "TUMVN", "IRMVN", "HOMVN", "MFMVN", "KKMVN", "IPMVN", "YGMVN",
	"TKMVN", "MHDN", "OMMVN", "HWMVN", "TLMVN", "NTMVN", "FWMVN", "HBMVN", "POMVN", "SWMVN", "FEMVN", "VFMVN",
	"MWMVN", "TMMVN", "TVLBU", "ERTM", "TMTXC", "TMMWJ", "WSHQM", "HMHMM", "TOHQM", "LWNVS", "WKS", "WO",
	"WYHN", "WIHU", "WHQ", "WPR", "NUW", "MNW", "RRW", "WBDI", "WKOO", "WHWJ", "WKLU", "WIRM",
	"WPFD", "WNHD", "FFBW", "WTVI", "WTQM", "WIIH", "WCWA", "YVGW", "MWMRW", "WMBB", "WWWM", "WUOB",
	"BBNO", "KVL", "KMVS", "KMD", "KJK", "KG", "KSU", "KE", "KLBU", "KHE", "KNHE", "KJE",
	"KNL", "KJR", "KUU", "KHVO", "KGI", "KIJC", "KIR", "KJP", "KLW", "KLXH", "KGB", "KBU",
	"KODI", "KOII", "KDB", "KOD", "KHGU", "KMBL", "KSSU", "KGG", "KMNN", "KOMR", "KVR", "KRB",
	"KRR", "KYTJ", "KWG", "KIAV", "KMLK", "KKKB", "KYPM", "KSME", "KKOO", "KJWJ", "KMCW", "KYLH",
	"KKHG", "KGIL", "KDOO", "KC", "KJCM", "KYFE", "KYTR", "KWD", "KKMR", "KHJP", "KFHU", "KISB",
	"KPPA", "KHDF", "KHAG", "KWMV", "KJRB", "KNOP", "KQSK", "KIOV", "KDBM", "KYRJ", "KBBB", "KHYU",
	"KYRB", "KYPD", "KSQF", "KNLD", "KYAV", "KYHR", "KTXC", "KIIL", "KMGG", "KHAJ", "KUGK", "KKPB",
	"KSKE", "KHOO", "KHDV", "KSMA", "KVHG", "KLMC", "KMUA", "KRRD", "KOMO", "KNBQ", "KJTC", "KSRQ",
	"KGON", "KSMG", "KGNI", "KKOO", "KWWW", "KANX", "KYPT", "KHUC", "KFFR", "KWLK", "KWLG", "KMMP",
	"KBUB", "HAI", "HAHQU", "HAHA", "HAFMU", "HALMO", "ABHA", "HAAPV", "HAQKA", "HAOBG", "GEHA", "HAGNI",
	"HAMHM", "HAFBF", "DEKNI", "PPDHE", "DEAU", "HYDHE", "LKDHE", "ORDHE", "YKDHE", "QLDHE", "KRDHE", "DEVVW",
	"KJDHE", "DEMBK", "YSDHE", "TMDHE", "DEAWE", "DEYGQ", "AEDHE", "MJBT", "MTBT", "CMST", "JMNT", "NOBT",
	"EUBT", "KBBT", "JVBT", "MOBT", "JPHT", "IGBT", "LMFT", "JUBT", "AUBT", "HBBT", "EHBT", "GWBT",
	"LQMAT", "YCBT", "BUMVS", "PBU", "BUHHH", "BUEI", "BUHJ", "BUKNI", "BUSHI", "BUNL", "BUMK", "BUDK",
	"BUMT", "BUPSH", "BUHVL", "BUPHH", "PHBU", "BUPP", "BUYJ", "BULLN", "BUBU", "BUYR", "BUOK", "BUPH",
	"NYBU", "BUHVD", "BUJR", "BUTC", "BUHJR", "BUHER", "BUHON", "BUOMR", "BUOMG", "BUYVO", "BUYVU", "BUIJB",
	"BUCOR", "BUHEJ", "BUOWY", "BUDL", "BUMVM", "BUIOK", "BUIAV", "BUGIS", "QLBU", "BUKOO", "OKBU", "BULWS",
	"BUMMV", "BUNKM", "MEBU", "BUQHL", "BUQHL", "BUYRF", "SEBU", "BUQMV", "BUGTJ", "BUNDT", "BUKLU", "JPHU",
	"IKBU", "IIBU", "BUEIU", "BUPTD", "BUWB", "BUIHR", "BUYRN", "BUMWV", "BUTLK", "BUAMH", "BURSJ", "BUUCE",
	"BUBME", "BURPA", "BUFDV", "BUUMT", "BUBOU", "BUAJV", "BURBC", "BUHUI", "BUAFU", "FFBBU", "OOMBU", "BUTQM",
	"BUTXC", "BUANO", "BUYSO", "BUJII", "BUYCB", "BUSTR", "BUYPM", "BUTLO", "BUYDL", "BUNWF", "BUJJL", "BUWGF",
	"BUCWA", "BUIKK", "BUMUA", "BUOMM", "BUMMC", "BUGGU", "BUWLC", "BUTIT", "BUYWM", "BUWLV", "BUHSK", "HBBU",
	"BUTWV", "BUSRJ", "BUWLJ", "BUVID", "BUWFG", "BUVVV", "BUTWI", "WKBU", "BUTGS", "BUNRI", "BUBUG", "BUBWI",
	"BUBUE", "BUVFI", "NHPI", "NHNG", "NHLMI", "NHONK", "NHNAO", "JQNHD", "NHYTG", "NHATE", "NHHUC", "OKSHR",
	"OKUU", "OKYMP", "OKGR", "OKBUU", "OKGTJ", "OKVNO", "MIR", "MRP", "MREI", "MRNL", "MRKK", "MRNIN",
	"MRQJ", "MRI", "MRD", "KRMR", "MROK", "MROM", "MRHEY", "MRYMP", "MRODI", "MRRVP", "MROHH", "MRNF",
	"MRHMY", "MRWK", "MRLMO", "MRHEQ", "MNMR", "MRYCK", "QHMR", "MRIG", "MRHDN", "MRCRU", "GSMR", "MROOG",
	"MRYMR", "MRMBO", "MRGIS", "MRHJP", "MRIRM", "MRBF", "MRWD", "MRSMV", "MROIP", "MRYAJ", "MRDOO", "MREA",
	"MRJLV", "MRMLM", "MRAPP", "MRBTV", "MRYRF", "MRCWJ", "MRTMC", "MRHAB", "MRPPA", "MRRPA", "MRTBM", "MROMN",
	"MRMWG", "MRTPO", "MRKNN", "MRAHM", "MRJCK", "MRHYE", "MRMRB", "MRTTB", "MRJRR", "FFBMR", "MRHRF", "MRVEN",
	"MRSEG", "MRIXP", "MRYSK", "MRYJJ", "SEMR", "MRJDK", "YIMR", "MRTBK", "MRYSO", "MRMUA", "MRCNO", "MRIKF",
	"MRLX", "MRYTG", "YKMR", "NMMR", "MRNRI", "MRTWV", "MRYWM", "MRNCR", "MRUHI", "MRIRP", "MRYGQ", "MRIOD",
	"MRJBF", "MRJIM", "MRHET", "MRVVV", "MRYRA", "MRYSV", "MRYWV", "MRYNV", "MROIM", "MRANW", "MRIDY", "MRMBB",
	"IFY", "IFJE", "IFPP", "IFQO", "IFI", "IFPT", "IFLW", "IFLBK", "IFWK", "FQMMF", "IFHJR", "IFRHG",
	"IFMRT", "IFHQI", "IFGP", "IFKLU", "IFEEE", "IFTA", "IFKMR", "IFTHK", "UFRU", "IFHPA", "IFOIP", "IFHAG",
	"IFHLB", "IFEW", "IFOMV", "IFLXL", "IFYBS", "IFBAC", "IFTWA", "IFLLV", "IFYUB", "IFQKX", "IFBOF", "HUHUF",
	"IFYWM", "IFNCR", "IFYX", "IFGWC", "IFDLC", "IFMBO", "HDNN", "HDNHS", "HDMD", "HDIP", "HDPI", "HDSU",
	"HDPD", "HDHJ", "HDQO", "HDMT", "HDMVH", "HDYHS", "HDOB", "HDYLM", "HDB", "HDQ", "HDLLN", "HDMR",
	"HDHA", "HDOHJ", "HDKN", "HDLMO", "HDMOW", "HDMCW", "HDIJ", "HDLWP", "HDMNN", "JVHD", "HDHER", "MNHD",
	"HDKSS", "HDGG", "HDIMO", "MWHD", "FQHD", "HDMTC", "HDIHP", "HDNAU", "HDRB", "HDNKG", "HDHDS", "HDSHU",
	"HDBUU", "HDBV", "HDTYV", "HDPRE", "HDVVW", "HDSJR", "HDKLU", "HDHDV", "HDDOO", "HDAPP", "HDFQU", "HDAA",
	"HDHJM", "HDJCM", "HDAMI", "HDIKH", "HDAMO", "HDMBC", "HDLWB", "HDHAG", "HDHJX", "HDAPV", "HDTW", "HDYTA",
	"HDHDA", "HDJEC", "HDLMO", "HDYAF", "HDTCT", "HDYBS", "HDOIR", "HDILR", "HDWKP", "HDUMT", "HDJPA", "HDPUU",
	"HDJBF", "HDTGF", "HDMVI", "HDTOD", "HDTYJ", "HDLLV", "HDMWF", "HDYUB", "HDAWE", "GEHD", "HDMUA", "HDTMJ",
	"HDWGF", "HDWLJ", "HDITC", "YUHD", "HDYWM", "HDIOC", "HDRRD", "HDHNF", "HDYSQ", "HDWLP", "HDLPC", "HDNXU",
	"HDHUR", "HDYBP", "HDOIM", "HDFDC", "QDQDD", "JCMN", "JCKNI", "JCIHU", "JCL", "JCDK", "JCKI", "JCRVL",
	"JCWL", "JCMYM", "JCBMR", "JCRHP", "JCKB", "JCHBT", "JCAP", "JCOMR", "JCSLL", "JCIAV", "JCQDK", "JCMMV",
	"JCHXH", "JCMSO", "JCFF", "JCHDV", "JCAHK", "JCBUK", "FUJCM", "JCPKP", "JCRBC", "JCJJJ", "JCESE", "JCEEV",
	"JCSRR", "JCEFF", "JCILE", "JCYMO", "JCNWU", "JCCWA", "JCOGF", "JCNHB", "JCNOT", "JCYTG", "JCHDW", "JCNJK",
	"JCYBB", "JCYPO", "JCSIT", "JCVMD", "JCTJJ", "JCNFQ", "YTL", "YTRU", "YTON", "YTI", "YTYJ", "YTRVP",
	"YTEG", "YTMR", "YTII", "YTNIN", "YTFB", "YTRYO", "YTTA", "YTYRD", "YTLE", "YTHWJ", "AUYT", "HCYT",
	"YNYT", "YTMBB", "HPH", "HCI", "HMVM", "HNL", "HOY", "HYLM", "HNO", "HI", "HTM", "HNIS",
	"HYG", "HJMN", "HJR", "HOF", "HMOB", "HMYM", "HLBK", "HMOW", "HHEQ", "HLWP", "HMIG", "HSLL",
	"HHJD", "HJKP", "HOHG", "HSJ", "HNEM", "HWNI", "HKT", "HIQ", "HMCW", "HEHL", "HNBQ", "HRSN",
	"HRMG", "HSKR", "HMRT", "HSHU", "HRAU", "HQHL", "HYMR", "HDL", "HBTN", "HOMB", "HTT", "HESR",
	"HUNE", "HIRM", "HISK", "HYAJ", "HBAU", "HYTV", "HGCE", "HEA", "HEBM", "HYVU", "HPTD", "HMRW",
	"HPKF", "HBBR", "HJBJ", "HAPV", "HRSE", "HAMO", "HHDJ", "HOIE", "HTVI", "HVFI", "HIRP", "HYTE",
	"HOSE", "HNOB", "HYRA", "HBCN", "HBME", "HPKP", "HIRD", "HMMK", "HDTM", "HNBS", "HUCE", "HIKF",
	"HNLV", "HOMN", "HMRB", "HVFB", "HEIB", "HHUI", "HYTR", "HJBC", "HQFB", "HBHX", "HHYE", "HASM",
	"HTXC", "HCIM", "HJCR", "HDHR", "HNBJ", "HJOA", "HVFY", "HBIB", "HJPU", "HTLM", "HDFB", "HJAC",
	"HITF", "HSJI", "HWVF", "HVMI", "HNLE", "HGJI", "HHAF", "HTVN", "HTBK", "HNBO", "HIKJ", "HVAU",
	"HNLO", "HANP", "HFBD", "HNBQ", "HJJR", "HOTF", "HHDW", "HDWD", "HMNI", "HCWA", "HJJI", "HQRJ",
	"HDJF", "HMBI", "HWLN", "HHBK", "HOKG", "HTGI", "HIHP", "HQOE", "HHOK", "HYWM", "HGOW", "HHXF",
	"HFVK", "HQHP", "HYMU", "HHCN", "HYOE", "HDSR", "HWWW", "HHHE", "HINE", "HVVV", "HANG", "HSEC",
	"HBBK", "HLSR", "HNMB", "HNFQ", "HYRV", "HBUV", "HOGE", "HRRK", "HYJJ", "HMBO", "FDM", "FDHVP",
	"FDHML", "FDFQ", "LPFD", "FDHFD", "FDJR", "FDHGU", "FDDB", "FDHNB", "MNFD", "FDNIR", "HXFD", "FDIJB",
	"FDOWY", "FDJD", "FDSHU", "FDVMG", "FDIPP", "HHFD", "FDFQU", "FDFF", "FDAPP", "FDFBR", "FDOG", "FDAMO",
	"FDTLK", "FDNKQ", "FDJBJ", "FDHAG", "FDLWB", "MTFD", "FDYHR", "FDKDE", "FDJII", "FDHDP", "FDYCB", "FDTLB",
	"AUFD", "FDAWE", "VIFD", "FDTMC", "FDMWJ", "FDLX", "FDGBT", "FDLNC", "YNFD", "FDHDW", "FDTWB", "FDWLY",
	"HDFD", "FDGNI", "FDSMG", "FDITC", "FDYRA", "FDOIM", "MDYKM", "FDIDY", "FDHOO", "VFKN", "VFPD", "VFDH",
	"VFMMS", "VFHJ", "VFMVM", "VFNO", "VFYLM", "VFDK", "VFD", "VFQO", "ISVIF", "VFYHN", "VFKK", "VFHQU",
	"VFBK", "VFHQ", "VFIS", "VFSO", "VEVIF", "VFJC", "VFMYM", "VFRVP", "VFSS", "VFMNR", "VFAM", "VFOS",
	"VFIV", "VFMOB", "VFNIH", "VFNSM", "VFMFM", "OGVIF", "VFLQ", "VFSLL", "VFQD", "VFSJ", "VFSMM", "VFFD",
	"HEVIF", "VFFV", "VFBKK", "VFSUP", "VFIJB", "VFOMD", "QLVIF", "OYVIF", "QFPI", "VFWG", "VFOWY", "VFSJR",
	"VFYTR", "VFHXU", "VFNLR", "VFNSD", "VFMKP", "VFYIB", "VFC", "IIVIF", "BUKVF", "VFDOO", "VFRLU", "VFLPB",
	"VFNHD", "VFAPV", "VFMBC", "NKVIF", "VFHJU", "VFMRW", "VFHDF", "VFJBJ", "VFNST", "VFGGI", "VFKNN", "VFWMV",
	"VFHDJ", "VFMWV", "VFSMG", "VFFBN", "VFMBE", "VFILR", "VFHUI", "VFJBF", "VFASM", "VFWLM", "VFBOU", "VFTOR",
	"VFSMA", "VFTLM", "WRVIF", "VFJPU", "VFBBU", "VFSEG", "VFIXP", "OEVIF", "VFSRR", "VFIDD", "VFOGD", "VFOTF",
	"FKVIF", "VFTMC", "VFMWD", "BRHVF", "VFTCD", "VFDDF", "VFOMO", "VFSRJ", "IOVIF", "VFTWT", "VFMBI", "VFHJR",
	"VFMFB", "VFBMP", "VFSMG", "VFGNI", "VFTBF", "VFTWI", "VFANX", "VFSIU", "VFYBP", "VFTOF", "VFMBU", "VFTRG",
	"VFSJJ", "VFYNT", "VFTHF", "VFMBI", "VFYNQ", "VFSEI", "VMDH", "VMLW", "VMQNI", "VMBR", "VMSJ", "VMSMM",
	"VMCRU", "VMBD", "VMJBJ", "VMMRW", "VMLIT", "VMYTO", "OUMD", "BOJU", "OUYR", "OUOII", "OUJMN", "OUHIO",
	"OUMFJ", "OURC", "OUYCK", "OUHJM", "OUYTR", "GUHNE", "OUTIF", "BT", "WLMJ", "BKMJ", "WLD", "WLMVH",
	"WLKI", "WLHVI", "WLPRU", "WLYVI", "WLFD", "WLOWY", "WLIAV", "WLWJR", "WLOG", "WLEA", "BKIRM", "WLUCE",
	"WLYUB", "WLIXP", "WLOTF", "WLMBW", "WLYX", "WLMHM", "WLYBG", "HQTQ", "TQJB", "TQOK", "TQDJ", "TQJP",
	"TQMFJ", "TQWYI", "TQLMO", "TQNMU", "TQWK", "TQOMD", "TQHXU", "TQEEE", "TQHDV", "TQNSD", "TQDW", "TQDMQ",
	"TQIBI", "TQHUK", "TQLLP", "TQRUC", "TQMUA", "TQMHM", "MTSMM", "SMMG", "SMIV", "JRSMM", "SMPRU", "GBSMM",
	"SRSMM", "HASMM", "SMOII", "HYSMM", "SMLWP", "SMIHI", "HRSMM", "HRSMM", "SMRYO", "SMIJB", "SMSJU", "ORSMM",
	"JJSMM", "SMVNE", "SMII", "SMEA", "SMIBI", "FFBSM", "CASMM", "HBSMM", "LXSMM", "JCSMM", "SMQJP", "JPR",
	"JPJKP", "JPSMM", "JAS", "VMBL", "KIMBL", "MBF", "QDON", "QDVIO", "QDSSR", "QDCOR", "QDFF", "QDYTR",
	"QDKLU", "QDVVW", "QDAMI", "QDUCE", "QDWLI", "QDYHR", "QDYCB", "QDTLO", "QDTAL", "QDWLP", "SJN", "SJB",
	"SJTT", "SJPH", "SJLWL", "SJHJD", "SJMMR", "HDSJ", "SJHBN", "SJBQR", "SJVNE", "SJHPA", "SJOMB", "SJHDF",
	"SJDLN", "SJJYJ", "SJHXE", "SJBAC", "SJJCG", "SJBOF", "SJTWA", "SJMWF", "SJVFF", "SJAVF", "SJYBP", "LFPU",
	"CB", "IB", "BHNI", "BMD", "BDK", "BOBO", "BLLL", "BMMU", "BNG", "BMG", "BNL", "BOMN",
	"BSC", "BLBU", "BFH", "BPMM", "BNHE", "BQNI", "BJD", "BPH", "BYT", "BMMF", "BDHE", "BBM",
	"BSMR", "BGB", "BHJR", "BNIN", "BHRR", "BOMR", "BSJ", "BOD", "BIHQ", "BHJD", "BKSO", "BGP",
	"BSIP", "BSSR", "BCNH", "BQHL", "BFB", "BIUH", "BPPG", "BAMJ", "BMMR", "BBUU", "BHEJ", "IBGI",
	"BII", "BYTR", "BQKQ", "IKB", "BKMR", "BMSO", "BVNE", "BWHD", "BNHX", "BSOK", "BBD", "BPHA",
	"BJBM", "BCCW", "BAPP", "BCIP", "TCB", "BGRT", "BAMO", "BQKA", "BHDF", "BPTD", "BKNN", "BMBC",
	"BISB", "BRSJ", "BSFD", "BJKA", "BBME", "BTLJ", "BAIL", "BKSJ", "BJBC", "BFBC", "BNMM", "BTTB",
	"BTYU", "YSOB", "BPUU", "BRBC", "BTQM", "BCIM", "BGIT", "BYRB", "GBHNE", "BUMT", "BOGS", "BHOO",
	"BTWA", "BKPB", "BYKM", "BWVF", "BOLB", "BYCB", "BSMA", "BNWF", "AUB", "BTMC", "BMUA", "BRRJ",
	"BLGM", "BLX", "BMWJ", "BJRJ", "BQHF", "BTLB", "BWLJ", "BHBK", "BSRJ", "HBB", "BHXC", "BTBO",
	"BHUL", "BTWN", "BTOV", "BHLC", "BVID", "BYNV", "BYLC", "BYRV", "BANW", "BBCV", "BOIM", "BTRG",
	"SLNF", "SLTCO", "MGSK", "TBMIG", "HXJB", "HXHNQ", "HXJLO", "HXAMH", "HXTQM", "HRBMM", "HRB", "HRHVI",
	"HRPTD", "RRBNQ", "SFNIQ", "BQHAG", "HYNN", "HYEI", "HYMU", "HYHHH", "HYOIN", "HYNHE", "HYPR", "HYODI",
	"HYOPD", "HYJR", "HYOMR", "HYTT", "HYLMO", "HYEM", "HYNSD", "HYCNH", "HYYLH", "HYJNU", "HYYAJ", "HYOMB",
	"HYTMC", "HYAB", "HYQMB", "HYISB", "HYJMF", "HYJFE", "HYHNI", "HYYSD", "HYPUU", "HYASM", "HYOGE", "HYJOA",
	"HYHOI", "HYSMA", "HYVMI", "HYYHR", "HYBMW", "HYFQU", "HYYBK", "HYJMW", "HYJTC", "HYOTQ", "CSNAU", "LKNAU",
	"BCNAU", "YSNAU", "TTNAU", "CANAU", "TUNAU", "CM", "TSM", "TMVS", "TC", "TF", "TNJ", "TON",
	"THE", "TYM", "TFH", "TVIS", "THQ", "TKK", "TLBU", "TBY", "TQJ", "TNL", "THVL", "TBMM",
	"TA", "TLB", "THIO", "TGI", "TOK", "THD", "TIT", "TOIP", "TMMF", "TNMI", "TBHN", "TBKI",
	"TSMG", "TNEM", "TVHP", "TNSD", "TKB", "TVND", "TLWP", "THJR", "THBT", "TQD", "TVIF", "TURU",
	"TTW", "TBKK", "TYHV", "TBB", "TGR", "TGDI", "TYMR", "TRAU", "TKHL", "TEHL", "TQHL", "TGLC",
	"THOE", "TMHL", "TMMR", "TEHP", "TGP", "TAMJ", "TFPI", "TMFR", "TKPU", "TEMT", "TPW", "TQKI",
	"TJKD", "TYMU", "TJCS", "TCIP", "THYR", "THJP", "THOM", "TSUU", "TEHM", "TNDT", "TISK", "TBGR",
	"TEA", "TOKR", "TWJR", "TLBO", "TPHP", "OTAJ", "TTBC", "TNEM", "TBOU", "TDJE", "TAPH", "TKMR",
	"TYAJ", "TKDN", "TNHK", "TQMY", "TMWG", "TYPD", "TOCU", "THOV", "TMBK", "TRRR", "TDLN", "TEHN",
	"TVVJ", "TOIV", "TTGK", "TBMV", "TVIH", "TYRU", "TEHV", "TNIW", "TOHV", "TMWD", "TJYJ", "TIFM",
	"TBOU", "TMRR", "TKHG", "TUMT", "TMBC", "THDD", "TMGT", "TVFH", "THAJ", "TSQF", "TYDL", "TYHR",
	"TEII", "TODJ", "TNLR", "TYRJ", "TYTU", "TBIB", "TNLE", "TIFQ", "TOUM", "TCPI", "TMVB", "TPMC",
	"TSJB", "TYPF", "TYIJ", "THDN", "TDFB", "TNWF", "TOOS", "THNQ", "THAA", "TLLL", "TDOY", "THND",
	"TVHG", "TDLK", "TKKK", "TNMB", "TWTC", "TJPB", "TTCL", "TMWR", "TJMW", "TQRJ", "TNOT", "TBKF",
	"TUFE", "TAND", "TQAO", "TMGN", "TIKK", "TNLO", "TNLB", "TYDK", "TSIM", "TEAV", "TQAV", "TTWI",
	"TGFO", "TLYD", "TYIV", "TNLI", "TNET", "TVHE", "TDON", "TIHI", "TVMD", "TWLJ", "TYWM", "TGIR",
	"THDG", "TYVB", "TBUW", "TTGI", "TIFW", "TVFV", "TGRR", "TJBF", "THON", "TEAE", "TYNF", "THUL",
	"TOIC", "TJIG", "TSLC", "TYRO", "TSMJ", "THDB", "TANV", "THXC", "TINE", "TANR", "TMRM", "TLAV",
	"TRJL", "TCFB", "TYNV", "TBBK", "TBFF", "TDKF", "TEWJ", "TCHE", "TNMM", "TGGF", "TGJD", "TMFO",
	"TFHW", "TMTC", "TIYF", "TNMB", "THDF", "TGRF", "TYRE", "TIDF", "TWFR", "TYDG", "TTCE", "TMMP",
	"TTOG", "TRMI", "TRRK", "TTOF", "TRRR", "TBYTP", "TVFQ", "TRTRR", "TTGF", "TMBM", "TMWV", "TDDH",
	"YPP", "YPMD", "KYPU", "YUO", "YULN", "YPOK", "NLYPU", "YPPKK", "HLYPU", "YUA", "YPMRT", "UUYPU",
	"GIYPU", "YUBM", "YUWL", "YPIHR", "YUNAI", "SYHYN", "YUHRF", "YUJBF", "YUA", "HLMI", "LIDI", "YVLMI",
	"LIHNI", "LING", "LIFH", "LIHLO", "NULMI", "NHLMI", "LIUU", "LIAM", "LIMR", "LIPH", "YPLMI", "LICMJ",
	"LIWL", "FQLMI", "LIHBR", "GGLMI", "LIHHV", "LISMG", "LIPA", "LIJHP", "LILMO", "LILMI", "LIMSO", "LIKKB",
	"HILMI", "LITQ", "OLHI", "LIYIU", "LIGIL", "HNLMI", "LIJMU", "HHLMI", "LIGCE", "LIKMR", "LIYPU", "LIII",
	"LICKL", "LISMV", "LIJRR", "LIPFD", "LIYVU", "LIAA", "LIFF", "LITMD", "LIAHM", "VOLMI", "LIMWG", "LIJFE",
	"YDLMI", "LIAYT", "LITTC", "LIPKP", "LIONK", "JNUI", "LITJB", "LIHMT", "LIGIT", "JTCI", "LIIBI", "LIOLB",
	"LIHHW", "ILLMI", "MKLII", "SELMI", "YOLMI", "LIMYF", "LIYHR", "TMLII", "LIILB", "LIHOO", "LIYHJ", "LIILE",
	"LINWF", "LIIHF", "ITFI", "LIIDD", "YJLMI", "LILLP", "LIKKK", "LIYOG", "LIWJC", "LITCO", "LIFDQ", "LINOT",
	"LIHNG", "LIMWM", "LITAV", "LIYTP", "YVGI", "LITVP", "NVLII", "LIHAL", "LIHJF", "VGLMI", "LIAVF", "LIJPN",
	"HJLII", "JGLMI", "LIJIM", "LIWFG", "JALII", "IPLII", "LIJQP", "YKLII", "LIMBS", "MKLII", "LIHWI", "LIOIM",
	"SRLII", "TWBI", "LIVFN", "HTNL", "HTSHC", "HTINE", "HTICE", "HTNHX", "HTJHR", "HOYNN", "HOOUN", "HOUFN",
	"HOQFN", "HODBN", "YHVJ", "LHN", "LLB", "LIP", "LNVM", "LNL", "LKK", "PPYHV", "LJMN", "LYMP",
	"LIJC", "LWL", "LSP", "LLBK", "LYCK", "LPA", "LYIU", "VRYHV", "LIJ", "LMIG", "GOOV", "LFB",
	"LNKM", "YCORV", "LSME", "LC", "LDCI", "LVNE", "LUNE", "LFBF", "LYOK", "LYOJ", "LJMO", "LYIB",
	"LJNU", "LHXU", "LJRR", "LSUU", "LBB", "LII", "LCIP", "LKMB", "LHJX", "LMWV", "LNOK", "LMBK",
	"LONK", "LHJU", "LTJB", "LJMM", "LLMO", "LNOO", "LBVK", "LIBI", "LMRB", "LYWV", "LYVW", "LWLI",
	"LSRR", "LHOO", "LUBB", "LYCB", "LIHF", "LSEQ", "HFYHV", "LYCV", "LYHJ", "YGIV", "LNOT", "LWDQ",
	"LMTO", "LLMC", "LCWA", "LMKY", "LYBB", "LMBI", "LTWN", "LHJF", "LWDV", "LTBO", "DDKYV", "LLPC",
	"LBCV", "LJTO", "LTRG", "LIHO", "LYBG", "LSEI", "MWK", "MWF", "MWKSU", "MWGG", "MWHBV", "BUDI",
	"BUDI", "MTBUU", "FBUU", "LHBUU", "SRBUU", "KCBUU", "JPBUU", "JDBUU", "HYBUU", "HBBUU", "GCBUU", "YWBUU",
	"VEBUU", "DOBUU", "TKBUU", "FUBUU", "MGBUU", "QKBUU", "TTBUU", "RCBUU", "HJBUU", "QCBUU", "QXBUU", "FQBUU",
	"OABUU", "WCBUU", "YGBUU", "MJBUU", "JCBUU", "MPBUU", "MOBUU", "NBCI", "HONBN", "NBMAM", "NBHGU", "NBHQR",
	"NBHWJ", "NBYOJ", "NBDOO", "NBAMI", "NBAPP", "NBWP", "NBPTD", "NBAMO", "NBWLB", "NBNMM", "NBHYU", "NBSMH",
	"NBNOE", "NBHKB", "NBWLV", "HKNBQ", "NBFDQ", "NBTRG", "YRNHS", "YRLN", "YRP", "YRF", "YRHHH", "YRJE",
	"YRB", "YRYJ", "YRMK", "YRCMS", "YROLL", "YRPP", "YROK", "BYMR", "YRNG", "YRHQU", "YRHG", "YRNO",
	"YRHE", "YRBMM", "YRHT", "YRMMU", "YRNIU", "YRWL", "YRLW", "YRHNR", "YROK", "YRRVP", "YRRC", "YRIH",
	"YRPRU", "YRLLN", "YRJC", "YRSP", "SRYMR", "YRPH", "MSYMR", "LIYMR", "YRMBL", "YRLWK", "YRLWP", "SLYMR",
	"YROHG", "YROD", "QHYMR", "YRWR", "YRHWK", "YRNGU", "YRAMJ", "YRKOO", "YRMRT", "YRHPR", "YRHDN", "YRLWS",
	"YRRYO", "YRKKB", "YRCOR", "YRVFD", "YRYTJ", "YRMLM", "YRJCN", "YRSMV", "YRPOU", "YRGTJ", "YRHYR", "YRSJR",
	"YRAPP", "YRLP", "YRHAB", "YRKLU", "YRKMR", "YRBBE", "YRQJD", "YRJNU", "YRIYR", "YRVNO", "YRWOL", "YRHJU",
	"YRHXM", "YRHJX", "YRQMF", "YRMRB", "YRSIM", "YRVGK", "YRHAJ", "YGG", "YRSEQ", "YRUOG", "IDYMR", "YRYCV",
	"YRVVD", "YRDOE", "YRTWA", "YRLMC", "VFYRF", "YRKCF", "YRFFS", "YRNLB", "NBYMR", "YRMMP", "YRHBK", "YRTPD",
	"YRYKB", "YRTWB", "YRMWC", "YRIRP", "YRTRK", "YRAVF", "YRYWF", "YRNUU", "YRYBU", "YRVVI", "YRYX", "YRJIM",
	"YRHLC", "YRMBE", "YRJQP", "IVHML", "IVTC", "IVNKM", "IVTPA", "IVSIM", "IVLLP", "IVTLF", "CRKN", "CRM",
	"CRLW", "YBMCR", "CRJHQ", "CRPFD", "CRHAJ", "CRAWE", "CRVVV", "MRTV", "MTYE", "MTDHE", "MTHEQ", "MTSME",
	"MTSHU", "MTDL", "MTTA", "MTAMO", "NKMRT", "MTOMN", "MTYTA", "SIMRT", "MTHHW", "FFBMT", "SEMRT", "MTAVF",
	"MTOGE", "MOG", "PHMSO", "CUMSO", "MOHMU", "LBMSO", "MOJLO", "MOJMF", "MOEEE", "MOBJJ", "MOUMB", "MOLLV",
	"MONLB", "MOYTG", "MOSEO", "MOVVV", "MOTRG", "MOSJJ", "BHHLO", "BHD", "BHHNE", "BHSK", "BHSP", "BHDHE",
	"BHICE", "BHKMR", "BHYPU", "BHQHK", "BHMHF", "BHTLB", "BHAWE", "BHESD", "BHKCF", "BHHUJ", "BHWLO", "BCPMM",
	"LEBUC", "BCOHH", "BCNYO", "BCOS", "BCYG", "BCPR", "BCYVI", "BCOPD", "BCGDI", "KSKSC", "BCSOY", "YEBUC",
	"JBBUC", "BCIJB", "BCYRF", "ORBUC", "BCTJE", "BCJNU", "YKBUC", "BCSJR", "BCQMB", "BCMGG", "MMBUC", "HOBUC",
	"BCONK", "BCSAV", "BCMBK", "BCMGK", "YDBUC", "BCMVR", "BCFBC", "GIBUC", "BCIKF", "BCFQC", "BCYPU", "BCYDU",
	"BOHJR", "BOQMB", "BOAA", "BOWP", "BOQKA", "GCM", "GCBMR", "GCMVM", "GCSHU", "GCMBB", "GOIP", "GODH",
	"GOON", "GOMLB", "GOJE", "GOMLS", "GOMF", "GOMGI", "GOLLN", "GOHA", "GOMR", "GOAM", "GOOS", "GOHMY",
	"GOPR", "GOKB", "GOHER", "GOHMR", "GOGG", "GOOMR", "GOSHL", "GOSKR", "GOHDS", "GOICE", "GOOMD", "GOBND",
	"GOGLC", "GOCOR", "GOHQI", "GOYTR", "GOBQR", "GOEEE", "GOAMH", "GOSUU", "GOMMR", "GOHAG", "GOHJU", "GONBS",
	"GOVNO", "GOJBF", "GOHYU", "JTCO", "GOTQM", "GOVVD", "GOAWE", "GOIIH", "GOQMC", "JLGYO", "GOWTJ", "GOVII",
	"GOJIG", "GOWLI", "GOYPO", "GONCR", "GOJIG", "GOHUS", "GOQOC", "GOVID", "GOMHM", "GOOMB", "GOTRG", "RMMN",
	"RMY", "RMEI", "RMU", "RMHVP", "RMYHN", "RMPSH", "RMMML", "RMJB", "RMOB", "RMHNE", "RMFH", "HYRYO",
	"RMIV", "RMHVI", "RMNF", "RMIJC", "RMPH", "RMNIH", "RMHKE", "RMW", "RMRVP", "RMGI", "RMHIO", "FBRYO",
	"RMOM", "RMHS", "RMOIK", "RMHJR", "RMHON", "RMDB", "RMYIU", "ROSMM", "RMMMV", "RMIJE", "RMOOG", "RMQHL",
	"RMBT", "RMBDI", "RMBUC", "RMOMD", "RMMPM", "RMYIU", "RMEEE", "RMVNE", "RMFBR", "RMIIM", "DDRYO", "RMMLB",
	"RMTBC", "RMWHD", "RMSMV", "RMSUU", "RMLE", "RMJRR", "RMLMY", "RMHHJ", "RMEB", "RMRSE", "RMSMG", "RMNOK",
	"RMBUK", "RMKGG", "RMJRB", "RMTCW", "RMTPO", "RMYPD", "RMIOR", "RMHUK", "RMHWP", "RMYBS", "RMJCO", "RMBOU",
	"RMTSJ", "RMRBC", "RMIHF", "GIRYO", "KPBLO", "RMYPM", "TWLO", "RMRUC", "RMRRJ", "RMFBK", "RMORA", "RMSJA",
	"RMNCR", "RMYMH", "RMVVI", "RMSEO", "RMNTL", "RMDLC", "RMFQF", "RMOMB", "RMTRG", "RMSEI", "HHOII", "HHUU",
	"HHYT", "HHODI", "HHOK", "HHLMO", "HHKMS", "HHYVO", "HHLSR", "HHJCN", "HHOMN", "HHUMT", "HHANO", "HHLMC",
	"HHYWM", "HHYBP", "JJVL", "JJKS", "JJHN", "JJLLL", "JJCI", "JJMMU", "JJKK", "JJYHN", "JJHE", "JJJE",
	"JJKI", "JJQO", "JJHS", "JJNI", "JJJP", "JJRVP", "JJW", "HOJJN", "JJNIN", "JJNEM", "JJMCG", "MNJWJ",
	"JJPW", "JJIAV", "JJHAU", "JJJWJ", "JJGCG", "JJJNU", "BUKJJ", "JJHWJ", "JJYBC", "JJPPA", "JJISB", "JJBJJ",
	"JAJWJ", "JJJCR", "JJEED", "JJHRF", "TMJWJ", "JJJBC", "JJISM", "JJYHJ", "JJAWE", "JJTQG", "JJHOO", "JJHWP",
	"GEJWJ", "JJSRR", "JJRRJ", "JJTCL", "JJYTG", "JJYTO", "JJSRJ", "JJTGT", "JJTWV", "JJJBO", "JJQJP", "JJHUS",
	"JJMBR", "JJHUC", "JJYBK", "JJMBO", "KQON", "KQB", "KQYT", "SJK", "IJDD", "HXMMV", "BNMVI", "JUMVI",
	"MVOMA", "HXMMV", "YND", "YML", "YJB", "YYHS", "YMT", "YYJ", "YBM", "YHVI", "YYCK", "YJMD",
	"YOMR", "YIHM", "YLQ", "YTW", "YJDI", "YBUC", "YMLK", "YBCR", "YSMB", "YMLM", "YDD", "YYSK",
	"YFT", "YPTD", "YOIR", "YNIR", "YHDD", "YMMU", "YYIJ", "YSMH", "YHOO", "YMRK", "YHKB", "YNLB",
	"YBBQ", "YTGO", "YMBW", "YFFQ", "YSMG", "YGWC", "YBUE", "HNNL", "HJNL", "MINL", "DNL", "BYNL",
	"BMNL", "SSNL", "UUNL", "SLNL", "TCNL", "TCRAU", "HUNL", "JVNL", "NUNL", "SMNL", "QDNL", "OMNL",
	"ODNL", "MVNL", "MMNL", "IENL", "RURAU", "EHRAU", "FBNL", "HDNL", "IINL", "KUNL", "VWNL", "OTCL",
	"TKNL", "MGNL", "LONL", "MBNL", "FCNL", "SFNL", "SFRAU", "HJNL", "FGNL", "UBNL", "LVNL", "DENL",
	"YMNL", "SANL", "RUNL", "MANL", "QANL", "TINL", "QDTAL", "FFNL", "BENL", "MWP", "MWKS", "MWIP",
	"MWQU", "MWPU", "MWJB", "MWJE", "MWI", "MWIK", "MWIKK", "MWBM", "MWSS", "MWPR", "MWIT", "MWSMR",
	"MWUKU", "MWSJ", "MWHJR", "MWHJD", "OGMCW", "MWOI", "MWRB", "MWOIR", "MWYRF", "ORMCW", "MWJBM", "MWMDT",
	"MWTKR", "MWTMV", "MWTMD", "MWYTA", "MWMWL", "MWOMN", "MWNOK", "MWJFE", "MWCMT", "MWPHT", "MWTSJ", "TWIRM",
	"MWOIR", "MWTLB", "MWNHB", "MWLYQ", "MWMUA", "MWTMC", "MWVII", "MWTBO", "ELMCW", "MWVID", "MWATE", "YQMCW",
	"MWOIM", "MWVOI", "BWG", "CVL", "CQU", "CHVL", "CIKU", "CBHN", "CYLM", "CGB", "CRKS", "CHFD",
	"CYVO", "CNMU", "COI", "CWR", "CHHV", "CJHP", "CHND", "CUON", "CEFH", "CKKB", "CYLH", "CMTH",
	"GOC", "CUHL", "CGLC", "CYOK", "CUNE", "CLMY", "CKLU", "CSAV", "CVNO", "CJFE", "CMRL", "CKMB",
	"CHAE", "CWLF", "CBHX", "CQHQ", "NLTGI", "CNIW", "CBMO", "COBG", "CMTA", "JGC", "YLYC", "CISM",
	"CTIT", "CJNI", "CQMC", "CYRF", "JAAC", "GIC", "CMVB", "CHOL", "NSC", "CJON", "NIC", "CTCG",
	"CMWD", "CFBK", "CTWK", "CGFO", "COOA", "CNLO", "HNBUC", "CQHF", "CAND", "CIPP", "CHSK", "CQAV",
	"CTIR", "CLLD", "GEC", "HEC", "CMBU", "CYHC", "CYKB", "CYHU", "CANR", "CHOK", "CAVF", "CJIG",
	"CTII", "IEC", "CMWL", "CWLP", "CYVI", "CJHF", "CSRO", "CMBE", "CUOS", "CAGU", "CMHM", "CHTN",
	"NBC", "CQHU", "OPMVH", "OPMKU", "OPPHH", "OPIVE", "OPBYM", "OPHMS", "OPSMM", "OPQJL", "OPISM", "OPTJA",
	"OPJIV", "OPTTR", "OPBUE", "SICVS", "SIKM", "SIWC", "SIYMF", "SIQSK", "ANG", "ANON", "ANMMU", "ANOLL",
	"ANQ", "ANDK", "ANMR", "ANYR", "ANAM", "ANTT", "ANGR", "ANHBT", "ANAV", "ANGDI", "ANHJR", "ANNSD",
	"ANMMR", "ANGLC", "ANEMG", "ANOOG", "ANMSO", "ANJRR", "ANEGI", "ANYTR", "ANEEE", "ANDD", "ANC", "ANHXU",
	"ANDW", "ANBUE", "ANAPV", "ANTLK", "ANQHK", "ANHDA", "ANQKA", "ANMGK", "ANNWU", "ANIKF", "ANNCR", "ANVHL",
	"ANWLJ", "ANMFB", "LSNSD", "LSOOG", "LSWLB", "NLJ", "NLMN", "NLND", "NLDK", "NLNIN", "HRIHU", "NLL",
	"NLKI", "NLPR", "NLSHR", "NLW", "NLHER", "NLKN", "NLTC", "NLYHV", "NLMLW", "NLWG", "NLHQR", "NLBUU",
	"NLBV", "NLCOR", "NLRB", "NLHEJ", "NLYRD", "NLJMO", "NLDOO", "NLBQR", "NLOIP", "NLIRM", "NLII", "NLOAE",
	"NLVNO", "NLUOP", "NLYRB", "NLYBS", "NLILR", "NLUMI", "NLSQF", "NLBHX", "NLJII", "NLILB", "NLSRR", "NLMWF",
	"NLTCO", "NLJIP", "NLBHF", "NLTGI", "NLTCD", "NLNJK", "NLIKV", "NLYRO", "NLJMC", "NLHWP", "NLJQP", "NLNRI",
	"NLNFF", "KNOG", "MJOG", "YMOG", "JEOG", "LUOG", "OGYC", "HYOG", "JROG", "IOOG", "KROG", "OROG",
	"HROG", "HDOG", "OROG", "TAOG", "ODOG", "NKOG", "HFOG", "AVOG", "OWOG", "KFOG", "FKOG", "OGEE",
	"JCOG", "BVOG", "OGOGL", "MBHP", "MBMMU", "MBTT", "MBNI", "MBIMO", "MBOMR", "MBKN", "MBSMM", "MBWR",
	"MBFMU", "MBEMD", "MBKB", "MBBND", "MBBUU", "MBEHG", "MBPHP", "MBDHL", "MBBB", "MBQMB", "MBHLB", "MBEGG",
	"MBAPV", "MBUNE", "MBTMV", "MBTLJ", "MBYLW", "MBOGE", "MBYBS", "MBYTI", "MBYHR", "MBIFL", "MBGWG", "MBJON",
	"MBEDD", "MIFB", "MBQJS", "MBNLW", "MBETJ", "MBHOE", "MBNAI", "MBBUU", "MBTGI", "MBEMJ", "MBIBL", "MBDBE",
	"MBNLP", "MBOLF", "MIMII", "MWMWW", "QBTOE", "LYSU", "ILMY", "MKLMY", "LYBUC", "LYHUU", "MWOIN", "MWPP",
	"MWBHU", "MWDHE", "MWOS", "MWYR", "MWOWY", "MWIJB", "MWJNU", "MWIDD", "MWOGF", "MWKCF", "MWOMO", "MWTWI",
	"TJON", "TJN", "TJMD", "TJPI", "TJHNE", "TJHVL", "TJFH", "TJB", "TJMVI", "TJYVI", "TJHVI", "TJPH",
	"TJLW", "TJHVO", "TJYR", "TJKN", "TJNKG", "TJKOO", "TJQHL", "TJOMD", "TJBUU", "TJNKV", "OKTLJ", "TJYMR",
	"TJSMV", "TJJNU", "TJJRR", "TJMLB", "TJQKQ", "TJKMR", "TJVNE", "TJNEM", "TJRSJ", "TJOMN", "TJITE", "TJJFE",
	"TJJRB", "TJBJJ", "TJUMI", "TJYBS", "TJTSJ", "TJMRB", "TJCIM", "TJSQF", "TJYHJ", "TJSRR", "TJITF", "TJJTC",
	"TJJRP", "TJTCO", "TJDBB", "TJYDK", "TJTMC", "TJWLI", "TJTWT", "TJTII", "TJYLR", "TJVVV", "TJYBP", "TJYLC",
	"TJNRI", "TJANW", "TJUOB", "DQOB", "DQPH", "DQJP", "DQYG", "DQYR", "DQIJB", "DQPFD", "DQOAE", "DQRSE",
	"DQAMO", "DQIBI", "DQASM", "DQHDW", "DQNCR", "DQTOE", "MKLSM", "YBELM", "LOLSM", "LOLSM", "LHIOM", "JHIOM",
	"LMHDW", "YCELM", "YAM", "YAPD", "YAPI", "YAOIN", "KRYTA", "YAMVM", "YAJBD", "YAYTA", "YAPUU", "FFBYA",
	"YAYTP", "SUMBC", "MUMBC", "SKMBC", "LUMBC", "MHMBC", "BMMBC", "PRMBC", "RPMBC", "MMMBC", "GIMBC", "ITMBC",
	"UUMBC", "RSMBC", "MCOHH", "HWMBC", "AIMBC", "HUMBC", "NNMBC", "MVMBC", "CUMBC", "JDMBC", "ISMBC", "HMMBC",
	"UNMBC", "BHMBC", "MRMBC", "HVMBC", "HJMBC", "LYMBC", "EEEEC", "TCMBC", "DDMC", "KRMBC", "HAMBC", "YRMBC",
	"QKMBC", "YBMBC", "TVMBC", "RSSEC", "AVMBC", "JDMBC", "BBMBC", "ONKC", "UIMBC", "HAMBC", "TFMBC", "RCMBC",
	"HRMBC", "TCMBC", "HUMBC", "BKMBC", "BCMBC", "HIMBC", "GTMBC", "HJMBC", "QSOKC", "IHMBC", "KKMBC", "LVMBC",
	"MAMBC", "LCMBC", "SIMBC", "YSKRC", "MCFDQ", "MBMBC", "IPMBC", "WIMBC", "DFMBC", "HSMBC", "DKMBC", "MRMBC",
	"HNSH", "HNM", "KIHNI", "HNA", "HNDK", "HNHQU", "HNPH", "HNSHR", "HNVIS", "HNJP", "HNIV", "HNYT",
	"HNIHI", "HNKSS", "HNHDN", "CUHNI", "HNCRU", "HNGLC", "HNKOO", "HNGCE", "YUHNI", "HNPHP", "HNIRM", "HNYTR",
	"HNHDV", "HNWB", "HNJFE", "HNYTA", "HNOMN", "HNHNI", "HNHAG", "AHHNI", "HNYRB", "HNBOU", "HNSQF", "HNWTJ",
	"HNYUB", "HNTMC", "HNGNI", "HNHCN", "MBNOO", "JANOO", "OISH", "OION", "SOIV", "IPOIV", "OIHNE", "OIMMU",
	"OIPKN", "MFOIV", "OIMF", "OIHPI", "OILBK", "RHOIV", "OIVIO", "OIYR", "OISHR", "OIDM", "OIPR", "OIFQ",
	"OIDJ", "OIYVO", "OIAV", "OININ", "MEOIV", "OIMIG", "OITQ", "OIIQ", "OIRB", "OICRU", "OICNH", "OISHU",
	"OIYNJ", "QLOIV", "OIRAU", "OIOIP", "OIJLN", "OIWJR", "SYOIV", "OIPGR", "OINKQ", "OIKMB", "OITLK", "OIORD",
	"JBOIV", "OIQMT", "OIPTD", "OIHSB", "OITGP", "OITXC", "OIHUP", "OIUMT", "OIYHR", "JLOIV", "OIITF", "OIYTU",
	"OIAYF", "OIMUA", "OIYTG", "OINJK", "OIKCF", "OIOMA", "OIWLJ", "OITPD", "OIITC", "OIBMP", "OIJPN", "OIYX",
	"OIYLR", "OITOV", "OITEI", "OIIDF", "OIUOB", "OIIDY", "NVAMG", "PATHU", "PAVVU", "TUMBC", "SHTHU", "HAUU",
	"HAQKQ", "HAFBF", "HAKMR", "HIHDA", "SFJ", "SFHNI", "SFML", "SFHQU", "SFCK", "SFHVL", "SFYHN", "SFCSH",
	"SFMML", "SFHQ", "SFIK", "SFHQO", "SFPRU", "SFIT", "SFIKK", "SFGI", "SFYVI", "SFIV", "SFMFJ", "SFLQ",
	"SFNIN", "SFOHV", "SFKN", "SFMNN", "SFOD", "SFYHV", "SFKKB", "SFMMR", "SFBCR", "SFBDI", "SFIJB", "SFYAJ",
	"SFHJM", "SFEEE", "SFAA", "SFUMJ", "SFHXU", "SFIRM", "SFGCE", "SFNLI", "SFPTD", "SFBJJ", "SFQKA", "SFJFE",
	"SFMRW", "SFOAE", "SFHJX", "SFEED", "SFOBG", "SFMRB", "SFYRB", "JJOSF", "SFJYJ", "SFBBB", "SFNQD", "SFLLV",
	"SFTAK", "SFBBU", "SFJON", "SFQSK", "SFYCB", "SFYMO", "SFTMC", "SFHDW", "SFNOT", "SFYTG", "SFOGD", "SFWLI",
	"HBSQF", "SFYMH", "SFYX", "SFGNI", "SFFFQ", "SFIPF", "SFYBP", "SFJTO", "SFSJJ", "SFYNQ", "SFSFD", "NMJV",
	"NMROB", "NMSJE", "BBU", "BBKS", "BBMMU", "BBNO", "BBMNR", "BBIKK", "BBSKN", "BBOII", "BBOMJ", "BBHJR",
	"BBOBO", "BBFMU", "BBHON", "BBGG", "BBJHP", "BBNKG", "BBIAV", "BBPPG", "BBJMU", "BBIJB", "BBVIB", "BBJNU",
	"BBAPH", "BBKMB", "BBBBR", "BBTPO", "BBWOT", "BBTXC", "IDBBB", "BBLMC", "BBOMA", "BBAVF", "BBTWI", "YRBB",
	"YBK", "YBAU", "YBMBC", "AFYRB", "YJRRJ", "SHE", "SHNHS", "SHFH", "SHOLL", "SHMF", "SHAU", "SHCI",
	"SHHNE", "SHJT", "SHBM", "SHIJ", "SHIMO", "SHSME", "SHHPR", "SHHGR", "SHKHF", "SHYTR", "SHBQR", "SHYOJ",
	"SHHDV", "SHVNE", "SHBD", "SHTTC", "SHWP", "SHMBC", "SHNHD", "SHJKA", "SHTQM", "SHHYE", "SHIBI", "SHAJV",
	"SHHOO", "SHDOE", "SHLMC", "SHJIG", "SHSIT", "SHMBB", "SHTBO", "SHHUS", "SHHET", "SHYPT", "SHHUC", "LNNRU",
	"LNSMH", "MBJE", "MBYK", "MBMVN", "NMBN", "MBCWA", "NNMRB", "MMII", "HILWL", "HIHQO", "HIHON", "HIBKK",
	"DWHUI", "IMHUI", "HIHWJ", "HIYPU", "HIAHU", "JAHUI", "FBHUI", "HIGGU", "HINHB", "MBHUI", "HITGI", "HIPKO",
	"MBHUI", "MOHUI", "NFU", "NFMN", "NFON", "NFND", "NFYV", "NFQJ", "NFCI", "NFI", "NFHML", "NFOK",
	"NFOIN", "NFJB", "NFAU", "NFOPD", "NFLBK", "NFDM", "NFVIS", "NFHQO", "NFHVO", "NFDJ", "NFNSD", "NFAM",
	"NFMMF", "NFBM", "NFFD", "NFTC", "NFSLL", "NFMBM", "NFMAM", "NFMRT", "NFBND", "NFQHL", "NFRAU", "NFNKG",
	"NFOLK", "NFOWY", "NFMLS", "YENWF", "HNNWF", "NFYFE", "NFVNE", "NFIRM", "NFTA", "NFHWJ", "NFKMF", "NFSJR",
	"NFII", "NFPFD", "NFNSD", "NFYOJ", "NFNHX", "HNNWF", "NFOG", "NFFQU", "NFDBN", "NFBTV", "NFQMV", "DNNWF",
	"NFNOB", "NFPMM", "NFQHK", "NKNWF", "NFHJG", "NFYBB", "NFVNO", "NFMWG", "NFPMM", "NFCIM", "NFIVL", "YFOK",
	"NFHXE", "NFTQM", "NFUMT", "NFBBB", "NFSTV", "NFOIR", "NFLLV", "NFJJL", "GINWF", "NFSFI", "NFYSO", "NFVVD",
	"NFOYK", "NFQOU", "NFNWF", "NFYDL", "NFIDD", "NFTCL", "NFNLB", "NFQOA", "NFGFO", "HYFQF", "NFNJK", "NFFFS",
	"NFYPS", "NFTGI", "NFNBQ", "NFOMO", "NFMWM", "NFTCA", "NFGNI", "NFHON", "NFHJR", "NFHAL", "NFDLC", "NFTWU",
	"NFNFF", "NMOSU", "NMYT", "NMHPL", "NMQKA", "NMTCW", "BFQM", "YMOK", "NFEMW", "KNHAF", "HFK", "GHAF",
	"MHAF", "SHAF", "KHAF", "MUHAF", "HFHVP", "HPHAF", "MUHAF", "NEHAF", "MIHAF", "HFYHS", "CIHAF", "YNHAF",
	"FHAF", "FHHAF", "MUHAF", "HFD", "OLHAF", "MMHAF", "TMHAF", "YIHAF", "HMHAF", "MRHAF", "MSHAF", "SPHAF",
	"HFHQO", "HFIKK", "SRHAF", "HFNIU", "YMPHF", "HFRC", "HAHAF", "WYHAF", "HFPRU", "HYHAF", "IKHAF", "LIHAF",
	"IBHAF", "TCHAF", "HXHAF", "GGHAF", "IOHAF", "KBHAF", "JIHAF", "JPHAF", "HXHAF", "BDHAF", "HFSJU", "HFHQI",
	"HFHQI", "LSHAF", "AJHAF", "AVHAF", "ODHAF", "YRHAF", "QQHAF", "ABHF", "HMHAF", "OGHAF", "TCHAF", "JSHAF",
	"FBHAF", "UIHAF", "JMHAF", "HFONK", "HGHAF", "MVHAF", "UBHAF", "NKHAF", "TJHAF", "AISLF", "BEHAF", "HGHAF",
	"ORDF", "NSHAF", "QVHAF", "UFHAF", "WFHAF", "DOKSF", "HFBVK", "HOHAF", "IDHAF", "HFJME", "OWHAF", "JLHAF",
	"HFSRR", "UGHAF", "NTHAF", "BFHAF", "YGHAF", "JBHAF", "NOHAF", "GUHAF", "BQHAF", "JCHAF", "TOHAF", "MIHAF",
	"HKHAF", "WVHAF", "TIHAF", "HFWLV", "HFTBO", "BCBCF", "WWWF", "TFHAF", "JCHAF", "WMHAF", "MOHAF", "MBPYM",
	"YKPYM", "MNPYM", "QBPYM", "BKPYM", "HNPYM", "SRYJM", "YWYHN", "YWFB", "YWHUI", "YWASE", "YWSMG", "IPHNI",
	"IPHK", "MTCP", "IPD", "IPHFD", "IPHQM", "IPKSR", "IPYMR", "IPHDV", "IPMHF", "IPMWF", "IPINE", "IPMBI",
	"JEIP", "JEDH", "JEU", "JEPHH", "JEI", "JEJP", "JEDJ", "JEJC", "JNYR", "JETT", "JEHEJ", "JEJMU",
	"JEBND", "JEWD", "JEYTR", "HHJON", "JEII", "JEHWJ", "JETQM", "JEBMO", "JEFBC", "JEVMI", "JEYCB", "JETMC",
	"JETWT", "QKJON", "JETBO", "IDOK", "HEIDD", "IDOMN", "BYTMC", "TCKB", "TCKOO", "TCYRD", "TCUMB", "TCSMH",
	"TCRRJ", "HESHI", "HEA", "HEHQ", "HEDW", "HESJR", "SEHDE", "HEMRW", "HEAMH", "HEKNN", "HEBHX", "HESEG",
	"HETWV", "WFU", "WFLN", "WFMJ", "WFPI", "MKWGF", "WFJD", "WFAM", "MTWGF", "WFNAU", "WFEMD", "JIWGF",
	"WFIKH", "HNWGF", "WFAPP", "JNUF", "WFEA", "WFJKA", "WFAMH", "WFHJG", "WFOAH", "WFGRR", "WFRRD", "WFOMA",
	"WFRXU", "HBUF", "PRRXU", "GGRXU", "HFRXU", "ODRXU", "GBUL", "BLQJS", "VIBUL", "GEGI", "OIGTE", "GEYR",
	"GEOMR", "GEEA", "HVPI", "HVOIN", "HVMFJ", "HVHER", "HVOG", "HVLWB", "HVIBI", "HVHHW", "HLNG", "HLNHE",
	"HLPRU", "MGHUL", "HLOMR", "CHHUL", "HLOMA", "HLGBO", "YXV", "LBYX", "YUPD", "YUAU", "YUOIN", "YUMNR",
	"YUYT", "YUSS", "YULMI", "MNYMU", "YUHGR", "YUKOO", "YUTMC", "YUNHX", "IRYMU", "YUBCN", "YUIHR", "YUUMT",
	"YUBBB", "YUYPM", "YUQMC", "YUGGU", "YUOMO", "YUYX", "YUJIG", "YURRK", "MJYBP", "IPMG", "IPMK", "VNXU",
	"NUHQU", "HYNXU", "GBNXU", "OBYHN", "FOOMB", "OBHYU", "M", "MN", "MVS", "JU", "LM", "XML",
	"XMH", "MS", "JK", "MMM", "YM", "MY", "ML", "MF", "YSM", "MLVS", "MYVS", "NG",
	"SKM", "QNI", "BM", "MFM", "PT", "XTJ", "OM", "MOB", "TC", "OOM", "KD", "VVM",
	"NEM", "HGI", "LPM", "MLBU", "HGI", "MLLS", "MOOB", "MTCH", "TTC", "GCV", "XL", "XXVL",
	"OL", "CL", "IML", "L", "NQ", "QJ", "QJ", "VLLLM", "LL", "LLWW", "LLOA", "TCTJ",
	"XI", "XC", "KNI", "BY", "IKSI", "YG", "TTI", "MMBB", "FCQ", "XL", "XMO", "XXMO",
	"K", "NHS", "XXKU", "NO", "VO", "HP", "HI", "IK", "HC", "INO", "PVSM", "HS",
	"HFD", "HINO", "HVD", "OHHO", "OMH", "OMI", "HKLL", "HQB", "HJLP", "HDT", "HDLP", "NU",
	"XU", "XN", "PN", "KN", "ON", "PD", "SIM", "VVH", "XXXUA", "VIU", "MYN", "HCN",
	"IDS", "YJN", "IRU", "YRU", "NW", "KRN", "SSN", "MRN", "HLN", "HFDN", "NYK", "HRU",
	"ION", "BDU", "QLN", "YJU", "IBN", "EHN", "PDWYI", "XJJU", "XHLN", "YYN", "EGN", "JAN",
	"JJON", "BFU", "NWLU", "JJON", "BBU", "FQU", "GTU", "XN", "NN", "NN", "NINN", "NSD",
	"JFLN", "JLLN", "MM", "MMN", "MD", "XMMVS", "XXMKS", "MMI", "MVNM", "MML", "MDM", "TT",
	"MMMM", "UMM", "MAM", "MBM", "MTC", "YPMM", "XMLLM", "XIIIM", "MLLM", "MEM", "XY", "YV",
	"YHN", "YLL", "YCK", "YVHO", "YLNC", "YTH", "YRNN", "YW", "YCMO", "YRND", "YRF", "YRBN",
	"YRBU", "YRA", "YAF", "YOAM", "YTD", "YRBP", "YRBN", "YQIV", "YWRM", "YHXC", "YDCWJ", "YHBM",
	"O", "XO", "OM", "XXOI", "OV", "ON", "OJ", "OMM", "OKS", "OMN", "MO", "OE",
	"OY", "OKN", "OC", "OHN", "OIN", "OLL", "XOO", "ONHS", "OO", "XOI", "XXOJ", "XXOP",
	"XOY", "OSU", "OND", "OG", "OPD", "OJK", "ODI", "OU", "OU", "OHP", "OM", "OM",
	"OSHI", "OHJ", "OMJ", "OON", "OPI", "OIP", "OINI", "VIO", "XXXOF", "YMO", "OMMM", "OYM",
	"OIK", "OHI", "OLS", "XXOSK", "OHE", "OFH", "OHVL", "OOIN", "OL", "OPP", "OB", "OOJ",
	"OHQ", "OOLL", "OHK", "OQJ", "OSM", "OHG", "XOMG", "OCSH", "XOMVM", "OYHS", "OCI", "OYLM",
	"OJB", "ONIN", "ONL", "OPU", "OPHH", "OHNE", "OP", "OYHN", "OSK", "ONHE", "OMSU", "OMDM",
	"OJE", "OIK", "OI", "OD", "OHML", "OMF", "OBHU", "OQO", "OKE", "OOO", "OIKU", "OF",
	"OMMI", "XOSK", "OKNJ", "OMMI", "OFJ", "OQS", "OQNI", "OKQ", "OMVH", "XOBHU", "OOKS", "OPO",
	"OOP", "OOSU", "OPIM", "OYK", "OIKS", "OJM", "OSO", "OYVI", "OVE", "OHA", "OJR", "OOF",
	"OSP", "OPT", "OFQ", "OWC", "OOII", "OLW", "OLWL", "OBM", "OSMR", "OMFJ", "OVIO", "OKSR",
	"OMFM", "ORC", "ORLR", "OIR", "OMYM", "OW", "OTM", "OJD", "OAM", "OJMN", "OKLB", "OGI",
	"ODHE", "OSHR", "OYMP", "OYT", "OHPM", "OYG", "OKM", "OKR", "OLBK", "ODM", "OYR", "OMNR",
	"OPH", "OJP", "OMMF", "OMD", "OHQO", "OLLN", "OHS", "OPR", "OMMV", "OHEY", "ONF", "OOU",
	"OSS", "OBQ", "OMVN", "OMFM", "XOMR", "OYMY", "OPRU", "OHNB", "OWR", "OHER", "OJKP", "OHEQ",
	"OOMR", "OTQ", "OMA", "XOMMM", "ONIR", "OGG", "OSJ", "OTT", "OGR", "OAV", "OHJR", "ONMU",
	"OOMG", "OLMO", "OYCK", "OIMO", "OCB", "OJLK", "OMTN", "OHGU", "OIHP", "ORHU", "OMIG", "OYVO",
	"DOO", "OKN", "ONIN", "OKMS", "OFMU", "OMNN", "XOINI", "OGDI", "XOFD", "OHJD", "OHBT", "OKB",
	"OJV", "OLQ", "OIHQ", "OMBL", "OMBT", "OBMR", "OJHP", "OIPM", "OPA", "OTC", "OHBY", "OYHV",
	"OVR", "OKLD", "OKT", "OMLW", "OMGB", "ORR", "OJKS", "OJPU", "OYBO", "OBON", "OHKL", "OOMI",
	"OYKL", "OYVV", "OHBV", "OSOY", "OOWY", "ONMK", "OSKR", "ORMG", "OMMV", "OOOG", "XOMNN", "OSME",
	"ORHR", "OSSR", "OMRT", "ONKG", "OUON", "OCRU", "OJBD", "OWKS", "OJKD", "OMLK", "OBV", "ORVK",
	"OHVF", "ORYO", "OHQI", "OIJE", "OOMD", "OKHG", "OHGR", "OMMR", "OICE", "ORAU", "OIJB", "OIAV",
	"OOBM", "OFB", "OHDN", "ONIB", "OJMU", "OMVM", "OBUU", "XOJD", "OMFR", "OCOR", "OBND", "OKKB",
	"OWG", "ONAU", "OLWS", "ORD", "OMBN", "OIOK", "OKOO", "OYMR", "OHEH", "ORMK", "OCNH", "OJWJ",
	"OQKI", "XOGP", "OMTH", "OMOB", "XOMBB", "ODT", "OHDI", "OOMM", "OLOH", "OIOI", "OHDR", "OBMC",
	"OYKS", "OLMY", "OII", "OQMV", "OYFE", "OBAU", "OQKQ", "OMLM", "OKLU", "OHEW", "OYIB", "OHLO",
	"OHHJ", "OYPU", "OSMV", "OOKR", "XOYJJ", "OHOR", "XOKKB", "OYOJ", "OMLB", "OJNU", "ODOO", "OIAR",
	"OCIP", "OWJR", "OJRR", "OYTR", "OTBC", "OLOK", "OLHF", "OAN", "OMGN", "OFF", "OSUU", "OHJM",
	"OGTJ", "OBB", "OFBR", "OLNK", "OKMR", "OTMC", "OBGR", "JJO", "OYRF", "OTA", "OOG", "OAA",
	"OJLO", "OYSK", "XOJBV", "OJCM", "OFQU", "OJMF", "OSJR", "OQMB", "OHXU", "OOMB", "OYAJ", "OHDV",
	"OWD", "ODCI", "OGCE", "OAPP", "ODW", "OJLN", "OKJT", "OMPM", "OBUC", "OKMF", "OBD", "XOOMO",
	"OQMO", "OSJL", "OJBM", "XOOMR", "OPMO", "OYTV", "OTLK", "OBGB", "OTBN", "OSAV", "OMBK", "OHJG",
	"OQKA", "ORYE", "OAPV", "ODMQ", "OHLB", "OSTT", "OTKR", "OAMO", "OWMV", "OHSB", "OYHH", "OHNI",
	"OAMH", "OSMG", "ORRS", "OPPA", "OJKA", "OFHU", "ORRR", "OYBB", "OJRK", "OHJX", "OYRN", "OLPB",
	"OPTD", "OHAG", "OMWV", "OTMV", "OHDF", "OYTA", "OTCW", "ONKQ", "ONOB", "OKNN", "OYPD", "ONBC",
	"OMRW", "OHOI", "OPKP", "OMWL", "ORSJ", "OYRV", "OQHK", "OHJU", "OWP", "OUMB", "OBCN", "OYBC",
	"OWLB", "OOMN", "OOMV", "OLHW", "OHOA", "OFDV", "OYSO", "OIKF", "OJTO", "OFBI", "OHI", "OHXE",
	"OHYU", "OQMF", "OKCU", "OIBI", "OMHF", "OTSJ", "OMWD", "OMVI", "ORBC", "OTTB", "OSQF", "OYBS",
	"OJBC", "OILR", "OYRB", "ONQD", "OBVK", "OISM", "OTXC", "OOBG", "OOIR", "OYVW", "OOOJ", "OTHB",
	"OYKK", "OJCR", "OBOU", "OASM", "OTQM", "OCIM", "OYRI", "OYTT", "OJMO", "OQKE", "OJIQ", "OFBU",
	"OBBB", "OJOC", "OIVA", "OEOG", "OIIH", "OWVF", "OUOG", "OILB", "OTWA", "OHWP", "OUBB", "OHOO",
	"OGSK", "OJII", "OSRR", "OQMC", "OIHF", "OOAH", "OKKK", "OYTU", "OBOF", "OHCE", "OTLO", "OYTJ",
	"OPMC", "OMYF", "OKPB", "OHDP", "OLWV", "OTPB", "OMWF", "OTLM", "OYJJ", "OSMH", "OAWE", "OMRO",
	"OMWU", "OOIC", "OJJK", "OHGS", "ORUC", "ONAO", "OTGR", "OHKB", "XOJCR", "OLMC", "OTWI", "OTCO",
	"OGRR", "OFFS", "OFBK", "OTMC", "OKCF", "OTCO", "ONOT", "OSND", "OBHF", "OVII", "OHDW", "OJIP",
	"OBBQ", "OQOA", "ORRJ", "OGGU", "OYFU", "OCWA", "OJTC", "OANB", "ONHB", "XOMMP", "OOGF", "OMUA",
	"OYTG", "OFDQ", "DBO", "OHSG", "OMWQ", "OMWD", "OANA", "OMWM", "ORXU", "OTPD", "ODDF", "OMWC",
	"ORRD", "OSRJ", "OTWT", "OHFP", "OBBE", "OJTG", "OTGI", "OOGS", "OTWV", "OYWM", "OYTP", "OFBW",
	"OTRK", "OWLV", "OOMA", "OOMO", "ODDO", "ONCR", "OHSK", "OUCE", "OJIJ", "OYED", "OJMC", "OAVF",
	"OMBB", "OGRG", "OGNI", "OYX", "OSMT", "OPKO", "OLMT", "OYLR", "OTWN", "OOTQ", "OJPN", "OFFD",
	"OMFB", "OFBC", "OVVV", "OWWW", "OYPP", "OITC", "OATE", "OGWC", "OIPF", "OQOC", "OHLC", "OBCH",
	"OMBE", "OYRO", "OQBU", "OYDU", "OMDM", "OFQF", "OTIF", "OYBP", "OYRA", "ONRI", "OYRV", "OLOF",
	"OUOB", "OMMP", "OWLG", "OHUC", "OTOG", "OFBF", "ORRK", "OWWF", "OJBV", "LU", "MU", "IHU",
	"QHU", "MMU", "RHU", "YIHU", "LMUO", "UKHU", "HGHU", "FMU", "XCIHU", "JRHU", "CRHU", "NAHU",
	"HLAI", "MYMU", "LAHU", "XCRHU", "HXHU", "MUMVU", "NUI", "SUHU", "YCIU", "YCRHU", "MUIR", "JUJ",
	"FBRHU", "JUHJ", "HVHU", "JUCSH", "JUHQU", "HUHGU", "LPHU", "JUMA", "JUJRU", "JUMWG", "FUITC", "OH",
	"XOV", "OB", "OMG", "MLBO", "OMBV", "HO", "CI", "YC", "CMVS", "CSL", "TMM", "TC",
	"XMGC", "TK", "FMC", "OMC", "TMMC", "BMMC", "TBC", "TVII", "XXCSH", "TOLL", "TXC", "CWMR",
	"CWTC", "TQII", "LPWTC", "CJSTV", "XB", "XBMM", "BMM", "XOB", "BY", "KB", "BK", "GB",
	"BT", "BR", "BBM", "MGB", "BNB", "BCR", "XAB", "LWB", "ABU", "TTGB", "ARMD", "ANAU",
	"XB", "BHN", "LBU", "BYSM", "BU", "BKQ", "LBV", "XBBM", "BFD", "BHAP", "BMUI", "BMMO",
	"BMMO", "BSJE", "BNUI", "BAYC", "BMUE", "BDD", "BMRW", "BHXF", "BTAB", "IM", "HEY", "KY",
	"IMM", "IMNVM", "IME", "IMMVM", "IML", "IMDK", "IMMVH", "IMRHU", "IMIR", "IMOII", "IMFQ", "IMIKK",
	"IMRVP", "IMKD", "IMHGU", "IMMNN", "IMOMR", "IMLQ", "IMNSD", "IMDL", "IMNAU", "IMOMD", "IMJLV", "IMWJR",
	"IMOG", "IMDCI", "IMBSD", "IMYRF", "IMQMB", "IMBGR", "IMGCE", "IMDW", "IMC", "IMIHR", "IMMWG", "IMQKK",
	"IMUMT", "IMMWD", "IMOIR", "IMBAC", "IGJ", "IMUOG", "IMTCL", "IMWLJ", "IMDDF", "IMYWF", "IMYWD", "IMPKO",
	"IMSUF", "IMGWC", "HN", "HNI", "HN", "LHN", "HNE", "SHN", "HEHN", "HNLB", "HNMMI", "XXHND",
	"HNYLM", "PYSN", "XHNMA", "OGHN", "HNMA", "UUHN", "HNHAG", "UTHN", "HNTXC", "NOMRN", "IFHN", "VL",
	"UK", "UG", "BSS", "SSU", "UU", "QU", "UE", "NUE", "UNNE", "TCTU", "SH", "SM",
	"LN", "SHI", "XXSK", "SHC", "CSH", "PSH", "KLN", "ONLN", "MJLN", "HKLN", "DILN", "NSM",
	"PHLN", "XONLN", "BYLN", "MTLN", "ILN", "MULN", "DKLN", "SHSHH", "BLN", "MNLN", "YKLN", "BOLN",
	"BKLN", "OULN", "LNLN", "LSH", "BMLN", "SRLN", "BTLN", "RPLN", "XOILN", "IRLN", "FQLN", "RSLN",
	"GILN", "GISH", "PULN", "HDLN", "BTLN", "XRSLN", "IJLN", "NMLN", "HRLN", "XMMLN", "MGLN", "TTSHI",
	"GGLN", "KSLN", "NDLN", "SJLN", "HBLN", "SBLN", "FQSH", "XKDLN", "DBLN", "YOLN", "GISHI", "OILN",
	"KTLN", "UNLN", "UULN", "HDLN", "YLLN", "CHLN", "MMLN", "XMTLN", "IILN", "BCLN", "XRBLN", "OGLN",
	"FBLN", "JULN", "DLLN", "TBLN", "KCLN", "XTTSH", "RBLN", "OMLN", "TALN", "HHSH", "AHLN", "LMYYN",
	"YRLN", "IILN", "TCLN", "TTSHI", "JNLN", "BULN", "JULN", "VELN", "KRLN", "EEEEN", "YFLN", "FFLN",
	"IMC", "XOOLN", "YLLN", "NELN", "KULN", "SRLN", "QRLN", "HPLN", "TBNH", "IELN", "UBLN", "SGLN",
	"BBLN", "MWLN", "HTLN", "XOOSK", "JRLN", "TRLN", "UTLN", "ORLN", "VOLN", "YMLN", "JILN", "SHLN",
	"JKMSH", "UBLN", "IHLN", "MFLN", "XXSRL", "VDLN", "NBLN", "OFLN", "MOLN", "LMLN", "HRLN", "WILN",
	"ICLN", "YOLN", "SJSH", "HCLN", "OALN", "RDLN", "YHLN", "OOLN", "OOSH", "FWLN", "TELN", "YXLN",
	"OOSHI", "HLLN", "OOSK", "XXHCL", "NILN", "HCLN", "IYLN", "VILN", "SILN", "KS", "KSU", "EKS",
	"KSC", "MKS", "KSR", "HEKS", "XMSKS", "FHKS", "HLKS", "YNKS", "KSKSS", "XQKS", "MIKS", "BMKS",
	"VEKS", "GIKS", "PRKS", "SRKS", "HOKS", "MRKS", "HAKS", "MSKS", "NMKS", "TBKS", "FBKS", "FQKS",
	"XHRKS", "TQKS", "XGGKS", "YKKS", "IQKS", "SGKS", "GRKS", "MNKS", "YOKS", "QIKS", "JUKS", "MMKS",
	"HRKS", "JDKS", "XOYKS", "DLKS", "IVKS", "NBKS", "XXNBK", "NUKS", "XJUKS", "ROKS", "FUKS", "YFKS",
	"GGKS", "YRKS", "NTKS", "DOKS", "TJKS", "PAKS", "MWKS", "HGKS", "AUKS", "ABMS", "TVKS", "NHOKS",
	"POKS", "RCKS", "CMKS", "BFQS", "FFBKS", "TAKS", "SHKS", "MFKS", "GIKS", "QCKS", "TMKS", "NIKS",
	"VDKS", "OGKS", "NOKS", "PCKS", "XHBKS", "HWKS", "FFKS", "YGKS", "YOKS", "YMKS", "KSWP", "TBKS",
	"HSF", "HFKS", "YPKS", "MBKS", "HKKS", "YVKS", "TGKS", "XP", "PI", "PIM", "PKN", "XPO",
	"PI", "PHH", "PIM", "PK", "XPP", "PVO", "XPYV", "PRU", "PKK", "PNI", "PUK", "PMFJ",
	"PFD", "POJU", "XPOMR", "PIJB", "PKLU", "KSPRU", "PMRW", "PHHN", "PTOR", "PHPE", "PHHR", "UH",
	"OP", "LMP", "XPVVW", "AOP", "MV", "SNO", "SPD", "SLB", "XXSM", "SYHN", "SHML", "SMG",
	"SPHH", "SWL", "SMGI", "SIT", "SKQN", "SKOO", "SVMG", "SUMG", "SLMY", "SPHA", "SOMN", "SJJN",
	"SLMO", "SEOG", "SRRJ", "SLMC", "SKRR", "SOMO", "SHBT", "SGWC", "STOX", "SBUG", "MV", "SC",
	"SK", "SOK", "SOMR", "SAV", "SHSB", "STKR", "SRRR", "J", "NJ", "HJ", "JJ", "TJ",
	"KNJ", "HT", "OJ", "JT", "FQ", "XJT", "TT", "NX", "OPJ", "JKSC", "VX", "HHJ",
	"YOOJ", "YAJ", "JKSS", "CWJ", "JNYK", "JBTJ", "FWJ", "TVJ", "JIBI", "VFJ", "Y", "XT",
	"YY", "RY", "YR", "YMY", "YS", "YWS", "YWK", "YWKK", "GGY", "SLY", "YBBR", "SL",
	"SLI", "SLM", "HVSL", "MSL", "HMSU", "HHSL", "HPSL", "NMSU", "SRSL", "AISL", "GISL", "HHSLI",
	"NNSL", "FQSU", "OMSL", "HTSL", "NEMSU", "CRSL", "MUNMU", "HPSL", "RSSL", "HHAIL", "DESL", "OJSL",
	"MH", "NM", "MSU", "MMN", "XMKS", "MHP", "MMJ", "MMS", "MMVH", "XMGI", "MIK", "XMKQ",
	"MHPM", "MHS", "MIKP", "MRP", "MOJU", "MGG", "MMIG", "MBON", "MIUH", "MYTJ", "MWG", "MJWJ",
	"MAND", "MRHL", "MHJM", "MTA", "MLMY", "MHAF", "MBCN", "MHAE", "MDBU", "MIKL", "MHDD", "MTUO",
	"MMUE", "MJBC", "MMTI", "MAIU", "MTLM", "MGSK", "MAHR", "MABK", "MTCL", "MDDI", "MFBK", "MOMO",
	"MTWB", "FMNJK", "MKWL", "MFMFF", "VI", "XKI", "XXII", "KNI", "XXKI", "GI", "IF", "III",
	"NGI", "BMI", "JWI", "IKMMM", "IKHHH", "IIIH", "IIIM", "IIIP", "XMIBB", "XMIYL", "NK", "EI",
	"NHE", "KE", "EE", "HE", "VLE", "XDJE", "HKE", "VIHE", "EEE", "JLE", "YFE", "EEEE",
	"SJE", "BBE", "YCE", "ODE", "RYSE", "FQHE", "JFE", "GISLE", "XSFE", "HXLE", "EEEM", "YUE",
	"TCTE", "R", "JR", "PR", "RKS", "XRSH", "RSH", "RSL", "RC", "RVL", "SHR", "RC",
	"RMN", "MNR", "IR", "RP", "LK", "KR", "KNR", "SR", "RJ", "RMVS", "SMR", "RE",
	"RO", "RKS", "RSM", "RHN", "NNR", "RM", "RHJ", "RMD", "YVR", "RON", "HER", "XRR",
	"RVI", "RND", "OMR", "GR", "RLB", "RDI", "BMR", "NIR", "HMR", "JLK", "RG", "HBR",
	"RHP", "RMY", "RPD", "RR", "RCL", "RNVM", "ROJ", "RF", "RSK", "SKR", "RNG", "YKR",
	"HKR", "ROIN", "RIK", "RPP", "XPR", "RP", "ROLL", "RMF", "MFR", "RAU", "RPU", "RCSH",
	"ROP", "OINR", "RHML", "RYHN", "RIHU", "ISR", "RKI", "RJE", "RNL", "RVNK", "RMK", "RFH",
	"ROB", "RDK", "RNHE", "RNO", "RHNE", "RPHH", "RNDU", "RHQ", "MMR", "XHQR", "RMVH", "RPIM",
	"RHR", "RMSU", "NSJR", "RYK", "RD", "ER", "RHG", "RVNC", "HGR", "RQO", "RYJ", "RMMI",
	"RSO", "RHT", "XROB", "HKR", "RMKU", "RTN", "RKI", "RSK", "RMKS", "XRBO", "RBO", "XXROB",
	"ROK", "ROSU", "RPVM", "RISN", "RSMR", "RYVI", "RDM", "RRVP", "RSP", "RWYI", "ROII", "RGB",
	"RVIS", "RHPM", "BGR", "RMMF", "RRHU", "RYR", "RWC", "RPT", "RRC", "RMFJ", "YPR", "RHVO",
	"RYMP", "RJD", "RPR", "RMNR", "RVE", "RWL", "RMFM", "RHQO", "RRMS", "RLWL", "RHFD", "OMRL",
	"RAM", "RGI", "RBM", "RTM", "RSLB", "ROPD", "RUU", "YTR", "RPRU", "RPH", "RLLN", "RLBK",
	"RHD", "RHS", "HDR", "RIR", "HOR", "RINE", "RODI", "RQMN", "RRHN", "RMVN", "RYMY", "RJR",
	"RKSR", "RKM", "RKLB", "RIKP", "RHEY", "RJMN", "RJP", "RVVM", "RMT", "RMA", "RSJ", "RSJ",
	"RRMMS", "RFMU", "RJHP", "RMIG", "RKN", "RMNN", "IOR", "RTQ", "RFD", "SORC", "RYCK", "RGR",
	"RHJD", "RHER", "RPA", "RHBU", "RTK", "RYVO", "RKF", "RKMS", "RHJR", "RLMO", "IHMR", "RJV",
	"RMAM", "ROD", "BBR", "RWK", "RJKP", "ROSK", "YRHV", "RRR", "RMCW", "RBMR", "RTC", "RPUK",
	"RNIN", "RGG", "ROMR", "JIR", "RKB", "RGPD", "RHHV", "RHBR", "RTK", "RAV", "RSMG", "RMTC",
	"XRYK", "RJPU", "RPPJ", "RUNI", "ROQ", "ROPJ", "RHON", "ROMI", "RHND", "RPCSH", "RYKL", "RHBV",
	"RIHQ", "RVMI", "RHGR", "RBUC", "RMGT", "RMRT", "RIUH", "MRNR", "RHQI", "RGLC", "RFB", "RWG",
	"RSQL", "RRYO", "XXROM", "RRIK", "RJKD", "RBUU", "RJHQ", "RJBD", "QLR", "RQHL", "RIAV", "RRSN",
	"XRTMJ", "RBDI", "RBV", "RBND", "RIJB", "RAMJ", "RYRN", "RMLK", "RCRU", "KRMNR", "RHDS", "RYMR",
	"RCOR", "RNBG", "RBUC", "ROIR", "RICE", "MVR", "RRAU", "RIOK", "RKOO", "ROMD", "RNKM", "RJMU",
	"RHDN", "RKKB", "ILR", "ROOG", "RMCW", "RJWJ", "RMMR", "XXRHA", "XRMLM", "RGYO", "MER", "RKHF",
	"RSME", "RQME", "DJRP", "RMBO", "RQYJ", "GIRP", "RTBS", "RMOB", "RFBO", "RHAP", "XRNBK", "RIMI",
	"REFH", "RAIL", "RNLM", "RHDV", "RQKQ", "RC", "RYPU", "RTMC", "OGR", "ROG", "RSBN", "RAA",
	"RHXU", "RHSK", "RTGU", "RKLU", "RTA", "RYIB", "ROIP", "RYSY", "RTBC", "RDOO", "RYTV", "RDHL",
	"RHJM", "RPHP", "RMGG", "RBGR", "RBDU", "RYMB", "RMSO", "RYAJ", "YCBR", "YCBR", "RGTJ", "RDD",
	"RNLR", "RBD", "RJCM", "RYRD", "OJMMR", "ANR", "RYOJ", "RJLO", "RSUU", "IKR", "XHIR", "RPOU",
	"RFF", "RNHX", "RJNU", "YPRR", "RYWR", "RJLV", "REEE", "RHDR", "RMLM", "HROK", "HLR", "RLMY",
	"RMLB", "ROML", "RHHJ", "ROMR", "RQYT", "RQMO", "RQMB", "RGGY", "RQHA", "RJKA", "GCWR", "RKQI",
	"XRYMU", "RWMI", "RWLN", "RUMR", "RHAI", "RFQU", "RCWJ", "REDE", "RJMO", "RIIL", "XRLX", "RSJR",
	"RAMH", "YBLBR", "RYBB", "ROMT", "RHDF", "RTMV", "RJHR", "RWLB", "RWMV", "RJBJ", "TGTR", "RAYT",
	"GRGR", "RDLN", "RPPA", "RONK", "RIHR", "RPTD", "RRILL", "RYPD", "RBBR", "RTKR", "RKBL", "RYTA",
	"RHOA", "RMWV", "RSMG", "RMWL", "RDJR", "RBJJ", "RUMB", "RVNO", "RNBK", "RBME", "GRTR", "RAPV",
	"RHPL", "RWB", "RHJG", "RDMQ", "RHJX", "RRF", "RHAG", "RITE", "RRRU", "RJMM", "RYRU", "ROMV",
	"GRRV", "RQHK", "HKRBR", "RYHH", "RRWJ", "RKJT", "ROIV", "RMWG", "RVFI", "RDAM", "RIHV", "RTW",
	"FBRR", "RJTO", "IBRP", "RKGG", "ROHF", "ROMN", "RNSP", "RFDV", "FBHGR", "RRRD", "GRHNE", "RHYU",
	"RBOU", "RYRB", "RMUE", "RHUK", "ROIR", "GOWR", "RVVU", "RQMF", "RMBC", "RKSB", "RTCT", "RTUB",
	"RSQF", "RTOD", "RJQR", "RGIT", "RTOR", "REED", "RJBC", "RMVI", "RHXE", "RBBB", "RBVK", "RYBS",
	"RHRF", "RTXC", "RJPA", "RMRB", "RTVI", "RTQM", "BDHER", "RCIM", "RWOT", "RBSMR", "RUMI", "RHAJ",
	"RJBF", "KROMB", "REOY", "RFBC", "RQKD", "RSJE", "RTOR", "JMRP", "RAMW", "RWKP", "ROWR", "ROMQ",
	"RCKN", "XRBBE", "RTUI", "RYNB", "RWTJ", "RGSK", "QKR", "RYJJ", "RUOG", "RITF", "RTAK", "RDLO",
	"RYSK", "ROIC", "RYCB", "RIHF", "RRVLR", "RILB", "RHAD", "RAIU", "RTLO", "RIIH", "RTWA", "GRTR",
	"RUMG", "RJDK", "RMWF", "RLWV", "RMUI", "JRRYE", "RSMH", "RYPD", "RQJM", "RWIM", "RSRR", "RMYF",
	"RQMC", "FBRPA", "RYPC", "REEV", "RHOI", "RIJC", "RJON", "RNBJ", "RTJS", "RJAL", "RMBI", "RFBG",
	"RWGN", "RUBB", "RBOV", "RHOO", "RCMWV", "RJPU", "RLLL", "RTMJ", "RWLC", "RBKF", "RASE", "RGTH",
	"RFFS", "RLX", "RVII", "RSHB", "RJJB", "RLMC", "RYPB", "RGGU", "RTCL", "RHUJ", "ROTF", "RKCF",
	"RHKB", "RGRR", "RRWMR", "RRRJ", "RMWJ", "RWGF", "RRUC", "RMMP", "RTWI", "RHDW", "RQHF", "RIKF",
	"RMUA", "RYTG", "RYFU", "RMJK", "RNHB", "RYDK", "RCWA", "ROGF", "RGBT", "ROMM", "RRMR", "XRHAJ",
	"RFDQ", "RYPM", "RNOT", "BHFR", "RMGN", "RTCO", "RMTO", "ROYB", "RSMI", "XXRYM", "XRNWA", "RVFF",
	"ROMO", "XIOGR", "RYGQ", "RNCR", "RHBK", "RWLI", "RDDF", "RTWV", "RYMH", "RTWB", "RRIKR", "MGRR",
	"RRRD", "RYTP", "RHMO", "RHSK", "RWLV", "RBBE", "RYVG", "RYPO", "ROMA", "RYPK", "RJTC", "YUR",
	"RTAV", "RYAO", "RPUC", "RFBW", "RYDL", "RJTG", "RSRJ", "GRMFM", "RJCA", "RSMJ", "RJPN", "RSMG",
	"RSIT", "RYWE", "RTOE", "RMBB", "RTYB", "RGCC", "RMAK", "RTGI", "RHUL", "RGNI", "RYX", "RLMT",
	"RYRO", "RJBO", "RFBA", "RHGF", "RIDI", "RJBF", "XRJBO", "RNWA", "RQJP", "RATE", "RMBE", "RYMU",
	"RRSLR", "RVID", "RWGG", "RITC", "GRGRR", "RHHE", "RHCN", "RTJG", "JCTTV", "RRMOR", "RIDQ", "RTLF",
	"RMDM", "RYPT", "RYBP", "XRVFI", "RANX", "RYDU", "RYHC", "GRMFR", "VLHBR", "RMBG", "RIDR", "RYTI",
	"YDRRJ", "HBHGR", "RRMMK", "RNRI", "RBCV", "RYRV", "RWFR", "ROUD", "RYWO", "XRRMC", "RBWI", "RGKC",
	"RTRG", "RTOX", "RJJI", "RSJJ", "RRMCR", "RYDG", "RYBG", "RJSTV", "RTWI", "XRMMP", "RTGI", "RWLG",
	"JBRRV", "RHUC", "RTND", "GRGRR", "RBCA", "TOGRR", "RYBK", "RSYI", "RTAW", "RQHU", "RJBV", "RSWU",
	"RHWG", "BM", "BRU", "WS", "WO", "WC", "WI", "WND", "WR", "HWK", "WK", "WV",
	"WDH", "WDI", "WPU", "WYHN", "WE", "WCB", "WMF", "WMMI", "HWKK", "WPHH", "WSL", "WMMU",
	"WOP", "WMG", "WD", "HWNK", "WTT", "WYK", "WQS", "WOP", "WCG", "WHD", "WMYM", "WOII",
	"WJR", "WRVP", "WIR", "WMGI", "WHEY", "WKB", "WCYS", "WYMR", "WMSO", "WIJB", "WMMR", "NIWJ",
	"WRBO", "WOMB", "WFQU", "WGTJ", "WQMB", "WIRM", "WUMB", "WDMQ", "WIBC", "XWFQU", "WWLS", "WIBI",
	"WGRV", "WRBC", "WGIT", "WLGA", "WRYW", "WIJW", "WJII", "WCMW", "WLMC", "WWLJ", "WWLV", "WVFF",
	"WVFD", "G", "GU", "XXGI", "GMN", "EG", "GY", "GHU", "GO", "XMG", "KLG", "GMD",
	"GON", "GHP", "GMMS", "GG", "GSU", "GRU", "GPD", "HJG", "GHJ", "GLLL", "GPI", "GYM",
	"KG", "GMY", "XGU", "XGI", "GNSH", "GHML", "AG", "GPHH", "GNHE", "GOLL", "GYLM", "GHVP",
	"GHE", "GMMU", "GHNE", "GOIN", "GOK", "GPIM", "GBHU", "GPU", "GYHS", "GCSH", "CSHG", "GBY",
	"GNO", "GMF", "OOG", "GYHN", "PPG", "TTG", "EG", "HOG", "MMUG", "GDK", "GMVM", "MVVG",
	"LEG", "GMMI", "GMKS", "GBO", "GPVM", "GYK", "XNOG", "GDHE", "GFQ", "FBG", "GLWL", "GBM",
	"GAM", "GMR", "GJP", "GTM", "GMFJ", "GYR", "GHVO", "GSP", "GIR", "GMFM", "GBR", "GLBK",
	"GLLN", "GVIS", "GCG", "GOM", "GWYI", "GMNR", "GPR", "GJC", "GIKK", "GHPM", "GHMY", "GOII",
	"GJMN", "GODI", "GHFD", "XXGOK", "HJTM", "GYT", "XIPG", "GIKP", "GYS", "GSSU", "OPG", "GPRU",
	"GRVP", "MNG", "GBMR", "GHBU", "GHER", "GLQ", "IOG", "GNIN", "IIIG", "GYVO", "MWG", "HMRG",
	"GHRR", "GLMO", "GOIK", "GFMU", "GGG", "GHND", "GNSD", "GNMU", "GJHP", "GTQ", "GAV", "OIG",
	"GHMR", "GMAM", "GMIG", "GOMR", "AVG", "GHBR", "GJDI", "MCG", "GTT", "QIG", "GTC", "GMTC",
	"GKMS", "XGYK", "GYMY", "GFSM", "GUSU", "GHON", "GYUK", "GJV", "GYTJ", "GBUU", "GJMU", "GQJL",
	"GBND", "GBUC", "HEG", "ELG", "GAMJ", "GINN", "HJLG", "GUON", "GMLK", "GIOK", "GHEJ", "NSG",
	"GNBG", "GNIB", "GICE", "GKOO", "UEG", "GWG", "GIAV", "GRB", "GIHS", "GNKM", "GSME", "QLG",
	"GBDI", "XGBDI", "GIJB", "GRHG", "GTOP", "GYLH", "GADI", "GRBO", "GROB", "GBCR", "DDG", "GOIP",
	"GJMO", "GIRM", "GHRJ", "GMLM", "GFQU", "GYOJ", "GHHJ", "GQMB", "GJNU", "GBMC", "GOMB", "GBSD",
	"GJCM", "GFBR", "GDW", "GLE", "GFF", "GKLU", "GBD", "GYFE", "GQKQ", "GNHX", "GJBM", "GHJM",
	"GGKNI", "GJKNI", "GAPH", "GYTR", "TCG", "GYRD", "GKMR", "GSMB", "SEG", "EPG", "GSUU", "GWD",
	"FBRG", "YSG", "GHXU", "SEG", "GOG", "TLQM", "GBTU", "GYIB", "MMG", "GBB", "GWJR", "GNUI",
	"GGCE", "DSG", "GMGG", "XKLG", "GAPP", "GUMJ", "GBCD", "XXNBG", "GVVW", "GJCK", "GFQG", "GMWG",
	"GBJJ", "GMRW", "GDWF", "GBBR", "GPTD", "GVNO", "GONK", "ODG", "GORD", "GWLB", "GAMO", "NKG",
	"GPPA", "GMBK", "GAPV", "GPMM", "GTMV", "GUCE", "GOMN", "GHAG", "GRRS", "GGGU", "GSAV", "GJSLE",
	"ALG", "GAHU", "GAMH", "GJKA", "GKMB", "GYTA", "GHNI", "GHJG", "GWOL", "EQG", "XGIG", "GWLM",
	"GQKA", "GIHR", "GSTT", "WIOG", "GTCU", "GTYU", "GWLS", "GHJE", "GYCN", "GJMM", "AUG", "GFCB",
	"GHI", "FFBG", "GASM", "BFQG", "GJCR", "GUMT", "GQMF", "TBG", "GAGI", "GBAC", "GTOR", "GCIM",
	"GHDP", "EDG", "GILR", "GYRB", "GBMO", "GMWD", "GBMO", "GYBS", "JTCG", "TMPG", "GYHR", "GPBC",
	"GHRF", "EGG", "GRBC", "GMRB", "NJG", "GTCT", "GTCP", "GORT", "GBHX", "GJBC", "GMHF", "GWOT",
	"GHHI", "GHHW", "XEYG", "IBG", "GOAH", "GYHJ", "GUBB", "IPG", "GIXP", "GYWI", "GSRR", "JLG",
	"IDG", "GTAK", "GJII", "GKKK", "YIG", "GLWV", "GSYQ", "GAWE", "GMWF", "GYTU", "GIHF", "WNG",
	"GKPB", "GYTJ", "GTVS", "GILB", "GIG", "GIIH", "GITF", "HUG", "GYDL", "VIG", "GTLM", "GYCB",
	"GYCB", "TAKG", "GUOG", "GMYF", "GORW", "XGCWA", "GJJN", "GGCW", "GEID", "GSFI", "NOG", "GGGU",
	"GCWA", "GYPM", "GRRJ", "GTGR", "GNOE", "GTCO", "GLMC", "GYTG", "GHDW", "GHKB", "WGFG", "GYDK",
	"YKG", "GTWI", "NOG", "GIST", "NBG", "PBG", "GMWJ", "GNOT", "GOTF", "GJTC", "GTMC", "GMBI",
	"GYGQ", "GTMJ", "GTJA", "GANA", "GHBK", "GGOW", "JEG", "GHSK", "BVG", "GWLJ", "GSRJ", "SJG",
	"SEG", "GMWM", "XDDG", "YVGG", "HBG", "GYWM", "GYWD", "GYPO", "GJWV", "GFBW", "GYCV", "XELG",
	"GHGF", "GSIT", "MBG", "YEG", "GTGT", "MKG", "GGNI", "GYRO", "GMBB", "GLMT", "WWWG", "GITC",
	"GYPT", "GANX", "GAMI", "GYLC", "GYWV", "YPG", "GYBP", "YUEG", "GMDM", "GSJT", "GYRV", "XGMWG",
	"GTRG", "GRRK", "WWWWG", "GMBB", "GVFN", "JM", "HG", "GSL", "LMG", "VMG", "GAH", "GBP",
	"GBHU", "GBHN", "GRT", "XGGG", "GBTC", "XGBLM", "XGBMC", "GBMT", "GBLM", "GNOB", "GBMM", "GNMI",
	"GTSS", "GTWI", "QMRDI", "GWLW", "HE", "NSE", "HEY", "HEQ", "HEQJ", "HEW", "HEFD", "YCHE",
	"NK", "ICHE", "GCHE", "OAHE", "OOGE", "MUHE", "NBBUE", "FFHE", "MCHE", "HCHE", "TCHE", "NI",
	"NIY", "NISU", "NISL", "HNMNI", "NINI", "NMMN", "YONK", "NIHQM", "NYRP", "PRNIN", "NNPR", "NNGR",
	"TWLN", "YIWN", "NIJMC", "WDNIN", "TVNIN", "K", "VK", "MK", "KI", "QO", "DK", "HK",
	"LBK", "KKS", "KLL", "HQO", "KJ", "KMM", "YK", "XXKF", "XKK", "KN", "KMMS", "KT",
	"KDI", "XKR", "KLLL", "KMMI", "KOO", "XKAU", "MFK", "KSK", "XNBK", "XKHVI", "KLWU", "KHHL",
	"KSS", "KMNR", "KMMF", "QKQ", "VGK", "KW", "YRK", "FQLL", "KGG", "QKHK", "NBK", "QHK",
	"XKYVO", "KNIN", "KJT", "YCK", "LNK", "KSMI", "VGK", "XIKLU", "BVIK", "KAB", "LYK", "KBGR",
	"XKOG", "XKBB", "TWK", "MUKLL", "KJKA", "MKAB", "KMWL", "HBK", "NSK", "HBK", "LIK", "KSRR",
	"KOGI", "KELL", "VIK", "KMAA", "KOGW", "KYMH", "WLWWK", "VFK", "KARRJ", "V", "VE", "VMN",
	"VNHS", "VHJ", "VMJ", "VPD", "VNO", "VV", "VHP", "VND", "VU", "KIV", "SUV", "VPI",
	"VR", "VSU", "YVV", "VM", "LMV", "VSM", "VNVM", "VLBU", "VHG", "VQO", "XVTT", "VMT",
	"VOLL", "VYK", "VCI", "VAU", "VHS", "VJE", "VYHN", "VL", "VHK", "VOIN", "VMMI", "VFH",
	"VMF", "UMV", "VDK", "VMV", "VNG", "AV", "VOB", "VHML", "VCSH", "VPP", "VNIN", "BV",
	"VQJ", "VMMU", "VYHS", "VMKU", "VSK", "XVIKS", "VMR", "VIKK", "VSP", "VLW", "VHS", "VSHR",
	"VAM", "VNF", "NUV", "VYG", "VYVI", "VHQO", "VMNR", "VJD", "VDJ", "JLV", "VPH", "VLWL",
	"YTV", "KRV", "VHD", "VPR", "VHIO", "VMYM", "VRVP", "VFQ", "VWYI", "OIV", "VOII", "VJB",
	"VLXH", "VIR", "VGB", "VBT", "VLBK", "VTM", "VBM", "VJR", "VVIO", "VHQM", "HDV", "YPV",
	"VSS", "VBBM", "VTT", "VOHG", "VLMO", "VBMR", "TGV", "VHJD", "VGR", "VYVO", "VHBR", "VHJR",
	"VIB", "VYCK", "VHMR", "VJKP", "VVV", "VVMJ", "VKN", "VOQ", "VMIG", "VSLL", "VSLL", "KSKSV",
	"VMAM", "VFMU", "VPA", "VKMS", "VJV", "VNIR", "MNV", "VHNB", "VOMR", "VKB", "VMJJ", "VJHP",
	"VHGU", "VWK", "VNIN", "VNMU", "VOMG", "IOV", "VIJ", "IHMV", "VTC", "VGG", "XFDV", "VMTC",
	"VJPU", "VHKL", "YCV", "VLWS", "VBUU", "VFB", "VWG", "VIHS", "QLV", "VIUH", "VBND", "EHV",
	"VOWY", "VSHU", "VJRU", "VDL", "VRYO", "VNKG", "VIAV", "VMVM", "VWKS", "VRVK", "VSQL", "VMFR",
	"VBV", "VRB", "VMMV", "VGP", "VOIR", "VCNH", "VGV", "VHQI", "VOMC", "VCRU", "VAMJ", "VNAU",
	"VMMR", "VNKM", "VMPM", "VIOK", "VYMR", "VRVC", "VOVO", "VRMK", "VROB", "VHDN", "VLSD", "VSJE",
	"SEV", "VHJM", "VTMC", "VNYI", "VEEE", "VDW", "VAA", "VVNE", "VMGG", "NRV", "VNLR", "LWLV",
	"VHAB", "VJMF", "VYTR", "VPFD", "EEV", "VBD", "VGCE", "VJNU", "VQMV", "VYPU", "VYFE", "VKMR",
	"VOG", "VNAI", "VWD", "VHDV", "VFF", "LYV", "VLMY", "VJLO", "VHKP", "VHXU", "VFQU", "VBSD",
	"VHPA", "VYRF", "SEV", "VJMO", "VGTJ", "VWJR", "VJRR", "VDOO", "VHHJ", "VLXL", "VBGR", "VYAJ",
	"VSMB", "VQMB", "VOMB", "VUMJ", "DDV", "VAPP", "VBHG", "VMLM", "VSJR", "MMBBV", "VTBC", "NIV",
	"VTOP", "VMUW", "BOV", "VCWJ", "VJLL", "VYRN", "VAMH", "VMWV", "NKV", "VJBJ", "VTKR", "VRYE",
	"VOMV", "VNOB", "VWLB", "VDMQ", "VYBB", "VNHD", "VTGK", "VTMV", "VMBK", "VYTD", "VBJJ", "XVSMG",
	"VTBN", "VQKA", "VTW", "VNBC", "VJKA", "VUMB", "SUV", "VHJG", "VTMD", "VHAG", "VMWL", "VOMT",
	"VTLK", "VJMM", "VPPA", "VIHV", "VAHU", "VBME", "VYBC", "HFV", "VAMO", "VPTD", "VKMB", "VDWF",
	"VABU", "XVEND", "VWP", "VHSB", "VWB", "VBBR", "VTCW", "VJRB", "VABT", "VYSO", "VORD", "HOV",
	"VOMN", "VIKF", "VPUU", "VBOU", "VHWP", "VHUP", "VGRV", "BFQV", "VTSJ", "VMVI", "VUMI", "VHHW",
	"VUUK", "HEV", "VWOT", "VSQF", "VTTB", "VHI", "VQKD", "VJMO", "VHXE", "VJBC", "VMHF", "VTQM",
	"VJCR", "VBAC", "FFBV", "VKOK", "VQMF", "VNMM", "VTXC", "VBHX", "VYBS", "VIIL", "VWSV", "MFMWV",
	"XVBBE", "VNBP", "VJOC", "VSKP", "VMWF", "VSRR", "VWVF", "VYSO", "VAWE", "SEV", "VYTJ", "VILE",
	"VILB", "VSTR", "JKMV", "VYCB", "QUV", "VMYF", "VTLM", "VJII", "VFBB", "VQMC", "VTLO", "VDLK",
	"VSMH", "VTAK", "VITF", "VYPD", "VMBS", "QKV", "VDLO", "VGCW", "VIDD", "FKV", "VJRJ", "VOTF",
	"VOGF", "VNLB", "VTGR", "VTMC", "VANB", "VAND", "VWGF", "VKCF", "VFDQ", "VLGM", "VBHF", "VNOT",
	"VYIA", "HCV", "VGBT", "VTMJ", "VORM", "VLMC", "VGGU", "VGRR", "TLPV", "VRRJ", "VHKB", "VUGK",
	"VNUM", "VHDW", "VOMO", "VYTP", "VOMA", "VHSK", "VNUM", "VWLJ", "SJV", "VYWM", "VYTO", "VGOW",
	"VITC", "VWLV", "YOV", "VHAV", "VTHG", "VTGI", "VRRD", "VBBE", "VYCV", "VJPN", "VIDI", "VSMG",
	"VGNI", "VLMT", "VTVP", "XVHXC", "VJMC", "VFFD", "VMBB", "VMFB", "MKV", "VGRG", "BCV", "ELV",
	"WSVWS", "VTOE", "YRBVN", "VVFB", "VHUL", "VIDI", "VJHW", "VHXC", "VSRP", "VGWC", "VHCN", "VWLK",
	"VDLC", "VTLF", "VMBU", "MBRRV", "VHAT", "VYRV", "VANW", "VOIM", "VBCV", "VOGE", "VUOB", "VTRG",
	"VIDY", "VMMP", "VFV", "VRRK", "VSYI", "VTAW", "ND", "NNM", "XNNM", "NNO", "NDU", "NSND",
	"NDND", "JND", "KLND", "NDF", "BND", "JBND", "NDOK", "JKND", "NDP", "NDBT", "SRND", "NDIR",
	"NDPRU", "HDND", "NDHVO", "VEND", "FBND", "VSND", "NDNDD", "NDYVO", "YCND", "NDHVF", "MFVND", "NDBUC",
	"NDJMF", "SEND", "YDKNI", "SNDD", "NDMLM", "TVID", "NDNDA", "HHSLD", "TVID", "JKMND", "HBND", "SJND",
	"NDMBB", "NDLMT", "UJND", "THJD", "NDBCV", "VFND", "XJ", "JMN", "JHN", "JP", "JKN", "JHP",
	"JN", "JMD", "JDI", "JV", "JIK", "JD", "JMMU", "JYC", "JHK", "JKI", "JNIM", "JTT",
	"JHQU", "JPH", "JYG", "JMR", "JNI", "JMMF", "JRLR", "JLW", "JMYO", "JNIU", "JBM", "JMGI",
	"JYK", "JQK", "JIKP", "JLWL", "JHER", "JMAM", "JMIG", "JKB", "JSLL", "JSLL", "JLMO", "JFD",
	"JHGU", "JRR", "JIHS", "JSKR", "JRHR", "JJKD", "JYTJ", "JOOS", "JRD", "JQMR", "JAV", "JFB",
	"JMSO", "JHFD", "JMMV", "JCOR", "JRMU", "JECU", "JMUV", "XJTBU", "JOMC", "JOMA", "JBD", "JJLO",
	"JYFE", "JNUI", "JKMR", "JMLC", "JPHU", "JMUE", "JQMB", "JOG", "JYBC", "JTCU", "JMRW", "JPBT",
	"JVMB", "JNBK", "JVMD", "JOSE", "JTCY", "JWLB", "JAMO", "JMBN", "JESE", "JPHB", "JJBC", "JHOO",
	"JMGU", "JTBU", "XJPBN", "JLME", "JTAK", "JBOF", "JLWV", "JMCH", "JVME", "JVMR", "JVMR", "JSMH",
	"JWJC", "JPBN", "JTCD", "JHDW", "JIKF", "JHXF", "JTBI", "JJIP", "JKCF", "JOGS", "JWLV", "JVMD",
	"JPKO", "JMFC", "JYDU", "JYBP", "JMUC", "JUJT", "DI", "EDI", "GDI", "SMDI", "RUDI", "XBDI",
	"YKDI", "QKDI", "SRDI", "GGDI", "JWDI", "IBDI", "HHDI", "JUDI", "LMNII", "VMBDI", "JIDI", "SFDI",
	"TWDI", "SMMRI", "GTDI", "TGDI", "YUDI", "NC", "FO", "FH", "OF", "OF", "NF", "NSF",
	"FK", "YMF", "XFG", "XXFBR", "FBR", "XFFF", "FKF", "FBMMI", "KCAF", "AOFH", "TVFH", "FUAPP",
	"KU", "CHU", "IKU", "KUPI", "CUPI", "JPMU", "IUHHH", "CUMG", "KUMG", "MUMG", "KUOLL", "JTHU",
	"KUNSD", "KUNMU", "KUHJG", "YFIKU", "KUTXC", "KUBBB", "KULIT", "KULMC", "MUSMT", "KUSIT", "S", "SK",
	"SO", "SKN", "SP", "SOY", "SHQU", "SE", "SSR", "SPP", "SMMI", "SBO", "SJC", "SJR",
	"SUG", "SW", "SUU", "SPT", "SLW", "SMIG", "SRLB", "SMNP", "SFD", "STT", "SHOE", "SFB",
	"SMMV", "SBUC", "OMSP", "STV", "SYTJ", "SUDI", "SUND", "SNLR", "SMLB", "SYJJ", "SHOT", "SLMY",
	"SHLB", "SPTD", "SJKA", "SFDV", "SLWV", "SHOO", "SCWA", "SHOE", "XSHOV", "SHOD", "SHOV", "SHOB",
	"SJKF", "SVMB", "SYYI", "SBCC", "UL", "PU", "TU", "U", "HU", "OU", "UKS", "XUM",
	"USH", "UNHS", "UM", "UON", "USU", "USHI", "UMU", "UMJ", "UU", "UYSM", "XXXUU", "UNI",
	"USU", "USHI", "UB", "UHE", "UHK", "UHVL", "UMVH", "UPHH", "AUU", "UNHE", "UNHE", "UMT",
	"UCSH", "UMMU", "UJE", "UOIN", "UOIN", "UHML", "CSHU", "UOLL", "USK", "UBK", "UBHU", "HKU",
	"UHNK", "PYSU", "UAU", "UHS", "UHS", "ULBK", "USS", "BTU", "UMNR", "UPR", "UJC", "UDHE",
	"UYT", "USHR", "UBM", "UMR", "ULLN", "ULW", "UWL", "UOII", "UJP", "UMFM", "UVIS", "OPU",
	"URHU", "OMU", "UOM", "UJR", "UHA", "URVP", "UMMJ", "XUSHR", "UOII", "XUHVI", "UMFJ", "UKD",
	"UYR", "ULLS", "XULW", "UHHL", "UHEY", "FBU", "UEQ", "UIT", "UOMR", "UOMR", "UHER", "UHER",
	"HRU", "UPA", "UMIG", "ULQ", "UAV", "UMBL", "UYVO", "UOMG", "UBMR", "UKN", "UJKP", "UYA",
	"UJV", "UNMU", "UMAM", "UGDI", "UKG", "UMNN", "UOYM", "XUBMR", "UNMU", "UKB", "UYMY", "UKT",
	"XUMNN", "UJPU", "UHKL", "UNSD", "YCU", "UYCK", "UHQI", "UHQI", "UCOR", "UMHL", "UIJB", "UFB",
	"USKR", "UHEJ", "UHEJ", "KHNGU", "UHDN", "UOLK", "UBUU", "UJKI", "HAYU", "UYTJ", "UIHS", "OMDU",
	"UMLK", "UICE", "UHGR", "UKOO", "ELU", "UMMR", "UIAV", "UGNO", "UTBS", "UDT", "UOMM", "XUNBQ",
	"UJCM", "UJMF", "XJMMU", "UEA", "UDD", "UMTJ", "USJR", "UDOO", "UKMR", "UHPA", "UAPP", "UAPP",
	"UYOJ", "UWJR", "UOG", "UMGG", "UMGG", "UBTU", "UOMB", "UOMB", "UGCE", "USUU", "UHJM", "UQMB",
	"UYRD", "UC", "UDW", "UUNE", "UBSD", "UHDV", "UKKB", "UHHJ", "UKLU", "UDCI", "UJLO", "UBB",
	"XUYOJ", "XUSUU", "UDW", "UKQL", "UWJR", "UC", "UVVW", "UBCN", "UHAG", "UOMN", "UIHV", "UAMH",
	"UGGI", "UTCW", "UMBC", "UYBB", "UYSD", "UHOI", "UAMO", "UWP", "UMWV", "URRS", "UDYG", "UTMV",
	"UHOQ", "UYHH", "UTGK", "UIHR", "HUU", "HDIUU", "UBME", "UYRN", "UHDP", "UAHU", "UTMO", "NKU",
	"UWLB", "XUUCE", "UHNI", "UAPV", "RRRU", "URRR", "UWMV", "UUCE", "UDAM", "UIHH", "UTBD", "UHDJ",
	"XUCNO", "UOMN", "UYTR", "UFDV", "OMDU", "UMOG", "UBVK", "UCIM", "UOIR", "UILR", "FFBU", "UNQD",
	"UUMT", "UHHW", "UHRF", "UYRB", "XUYRB", "UTVI", "UHI", "UYBS", "UJBC", "UTQM", "UTXC", "UJCR",
	"UHUD", "XUTQM", "UFCB", "UAGI", "UNMM", "UHOO", "XUHOO", "UNII", "USMH", "UILE", "UYHM", "UKPB",
	"UIIH", "UMNC", "UMBS", "ULWV", "UYTJ", "XUJJL", "UJJL", "GKU", "UTWA", "USRR", "UVMI", "UROG",
	"UQOG", "UHAF", "XUHAF", "USMA", "USFI", "XUMMU", "UNLM", "UNAO", "UCWA", "UHDW", "UCNO", "UOGF",
	"UORM", "UFFS", "UDII", "UFDQ", "UKCF", "UKCF", "UMUA", "UNOT", "NBU", "UTWI", "UHKB", "UMTO",
	"UGGU", "XUOGF", "UGGU", "XUMTO", "UNCR", "UWLJ", "HBU", "UTWV", "UTCD", "UTCD", "UTGI", "UHRJ",
	"UOMO", "URJI", "UNBQ", "UTAV", "UOGS", "XUMOG", "HKU", "UWLY", "UHOK", "UPKO", "UFFD", "UGNI",
	"UOIC", "UJIG", "UHXC", "UKHK", "UBMP", "UMBB", "UFGI", "UMTB", "UOGB", "UYBP", "XUYBP", "UJCO",
	"UFFR", "UYTI", "UTJD", "UNRI", "UBCV", "UHMB", "UFMK", "UHVI", "UMCE", "UTRG", "UYBT", "UHUC",
	"VFU", "UPCC", "UJCC", "UTHV", "URRK", "URRK", "UYBK", "UTCE", "XUYBK", "VVV", "XVV", "LLL",
	"ILIL", "YVHLU", "MVVM", "YVVV", "VVWD", "FWD", "VVWKV", "MLM", "KM", "MMVS", "SS", "MHNI",
	"XSSN", "MOO", "MNQO", "MSQO", "TQM", "XNMYI", "MMYIU", "SU", "SU", "RU", "AU", "HMAU",
	"SRRU", "TCRU", "SLRU", "NEMSU", "RUMC", "XFQSU", "AURP", "RUTC", "LB", "JB", "MLB", "HLB",
	"YLB", "KLB", "LBMN", "LLLB", "LBHNI", "XLB", "LLMB", "LBCSH", "LBAU", "HPLB", "KKLB", "ISLB",
	"LBLBU", "LBQS", "LBPO", "VELB", "OPLB", "LBDJ", "LBDHE", "LBHA", "LBYR", "LBIKK", "JCLB", "LBHQO",
	"SMBLB", "HALB", "LBRC", "YBLB", "LBMA", "YCLB", "HXLB", "LBTT", "LBOMR", "FQLB", "VRLB", "HRLB",
	"TJBLB", "LBYBO", "LBCRU", "LBFB", "LBMMV", "HRMLB", "XSRLB", "ITLB", "QLLB", "XTJBL", "LLSMB", "LBQKI",
	"LBYJJ", "LBSMV", "LBII", "LBJNU", "KPBLB", "LBOG", "FBRLB", "LBYTV", "LBTMC", "LBQMO", "LBWMI", "LBABU",
	"LBJKA", "LBONK", "LBYBC", "LBMBC", "BAKB", "LBDMQ", "LBSMG", "LBMRW", "LBAPV", "XGILB", "LBSTT", "LBPTD",
	"LBMBC", "HELB", "LBAFU", "LBBHX", "LBBAC", "LBJMO", "BFQB", "HOUBK", "LBHWP", "LBIIH", "LBAWE", "TAKB",
	"LBMWF", "LBWIM", "LBQMC", "LBTAK", "QLHAB", "LBYTJ", "LBAYF", "LBRRJ", "LBTCO", "LBYIA", "LBOTF", "LBHDW",
	"LBYTG", "FKLB", "XFKLB", "LBFBQ", "SJLB", "LBRRD", "LBNCR", "LBJTC", "LBTBO", "GIHAB", "LBGNI", "LBTWI",
	"LBIGI", "LBHAL", "LBJQP", "LBANW", "MJ", "MFJ", "OQ", "MT", "TT", "YJYJ", "GTJ", "JJOMJ",
	"VI", "VIS", "VIKS", "UVII", "VIHI", "XI", "IP", "IMN", "IO", "II", "IG", "XIHI",
	"IK", "IPP", "IOIN", "IPU", "ID", "IJE", "IMVH", "IHML", "IOLL", "ININ", "IIS", "IMKU",
	"IGI", "IKQ", "IFM", "IHPM", "IPRU", "IYR", "IWL", "ILW", "ILO", "IYMP", "IODI", "IHEY",
	"IIKP", "IIVE", "ITQ", "IYHV", "IMIG", "ILMO", "IGDI", "IOD", "ITE", "IOOG", "IJKD", "IOMD",
	"IQJE", "IJWJ", "IIUH", "INKG", "IMCW", "IIJB", "ITT", "IGCE", "IDOO", "IHHJ", "ITA", "IKLU",
	"ITF", "ILE", "ILB", "ITSO", "ICID", "ITOO", "IPMO", "IWLB", "IHXO", "ITW", "IJFE", "IBCN",
	"IDBU", "INOP", "IAIE", "IGIT", "IHI", "IHHW", "IMUE", "ITXC", "IIIL", "IHXE", "IXF", "IYRL",
	"IPMC", "IHPE", "IAIU", "ITLM", "IGSK", "IYDL", "ILWV", "INLI", "ISMH", "IKPB", "IIXP", "IWTC",
	"IGTI", "IWCG", "ISJA", "ITCL", "ICNO", "IJJB", "IFBK", "IOTF", "INOE", "ITMC", "IJJP", "IOMA",
	"ISRJ", "IGOW", "INBQ", "IYWD", "IYWF", "IBSH", "IYPT", "IHDC", "IBCV", "INFQ", "ISJP", "IVUG",
	"IMMP", "ISGP", "NK", "NKVVV", "NKHYM", "NKHG", "NKLW", "NKHA", "NKLQ", "NKWR", "NKMCW", "NKWSL",
	"JJ", "T", "MT", "IT", "SUT", "YIT", "MGT", "CSHT", "GIT", "OMRT", "YCT", "VGT",
	"FKT", "IP", "IPM", "IPMM", "IPMMM", "IPM", "MPMM", "KDIPM", "KCIPM", "N", "NL", "NL",
	"XNM", "LLN", "NI", "NMD", "CNL", "NPD", "XXNN", "NAU", "XNNO", "CNLH", "NPO", "NSS",
	"NUE", "NODI", "NHPM", "NOF", "NYVI", "NHVO", "NSHR", "VEN", "NNOM", "XNSLL", "NSLL", "NSJ",
	"FQN", "YCN", "NFB", "NMNIM", "NRB", "NMVM", "NYRD", "NSMV", "NYRF", "NILI", "NBB", "NCWJ",
	"NRLI", "NMWN", "NMAN", "NPTD", "NFWJ", "JTCN", "GNHNE", "NMRR", "TCNOK", "NWTJ", "NSRR", "NTBH",
	"FKN", "NLX", "NRRJ", "NTMC", "NMWM", "NWLV", "NMFB", "NITC", "VFN", "NBUE", "NMM", "VNM",
	"LLSM", "FSM", "VNME", "NMME", "VNMO", "QJSM", "VMPOP", "VMBWD", "NMBWD", "SMFHT", "VMFHT", "VMFFT",
	"NMFFT", "XSITO", "SITOE", "HHH", "MTHHH", "YKHHH", "BYHHH", "YHHHH", "YHHHH", "IKRM", "XMBHH", "BDHHH",
	"YUHHH", "BRHHH", "DDHH", "GTHHH", "JRHHH", "MFHHH", "YJHHH", "AFHHH", "MPHHH", "HO", "HOPI", "HOPD",
	"HONHE", "HOYHS", "HOCI", "HOHNE", "XHOMG", "HOPSH", "HODHE", "HOHPM", "HOOII", "HOLLN", "HOYG", "HOMYM",
	"HOBM", "HOHQM", "HONOM", "HOGDI", "HOMCW", "HOPA", "HOAV", "HOTQ", "HOWR", "HOLQ", "HOVIE", "HOGG",
	"HORMG", "HOYLH", "HOOMD", "HOMVM", "HOGYO", "HOTYO", "HOTIO", "HODT", "HOJMF", "HOAMI", "HOLMY", "HOYLO",
	"HODWF", "HOKMR", "HOFBR", "HOJBM", "HOOOO", "HOBGR", "HODOO", "HOOML", "HOJLO", "HOTA", "HONKQ", "HOAMO",
	"HORYE", "HOISB", "HOHAG", "HOOAE", "HOHJU", "HODMQ", "HOYBS", "HOBOU", "HOUUK", "HOBVK", "HOMMM", "HOMWF",
	"HOSYQ", "XHOJW", "XHOUG", "HOUGK", "HOFBK", "HOJWP", "HOYTG", "HOYBK", "HOGGU", "HOOMA", "HOHSK", "HOUFK",
	"HOURK", "HOYBP", "HOYRV", "HOAUE", "HOBUG", "P", "XP", "PH", "PN", "PKS", "XXMMP", "PSH",
	"PMN", "PSU", "SUP", "SIP", "HJP", "PHJ", "YMP", "MYP", "IPP", "PMJ", "PON", "PK",
	"PDI", "GP", "YVP", "PYV", "XPPD", "PHNI", "XXIP", "HKP", "YKP", "PYK", "LP", "PL",
	"XXXMM", "PNHE", "POJ", "ONP", "POLL", "PIKU", "PMMU", "CIP", "PCI", "PDK", "XPNIN", "PYY",
	"PJE", "PHVP", "PKNJ", "PLBU", "PKI", "PPU", "POIN", "OINP", "PMMI", "PUK", "PNG", "PMG",
	"PNO", "PHML", "PYHN", "PHP", "XPOMN", "CSHP", "PMF", "KIP", "XOOP", "PMKU", "PSK", "PPO",
	"POSU", "PSS", "PPT", "PPRU", "PSHR", "PRVP", "PMFM", "PHS", "HSP", "PLBK", "PPR", "PFQ",
	"VEP", "PVE", "PMYM", "PHA", "PKLB", "PYR", "JRP", "PJR", "PBM", "PAM", "POII", "WP",
	"PLW", "PHVI", "IRP", "PIR", "PHQO", "HOP", "OIP", "NSP", "PMFJ", "PHQM", "NUP", "PSP",
	"PEG", "PLLN", "PWC", "PPH", "PVIS", "PGI", "PYVI", "PKP", "PMOB", "PRHU", "PIV", "PIJC",
	"PDHE", "ICP", "IDP", "ODP", "PINE", "CRP", "EIP", "PJD", "PRC", "PEQ", "PNIN", "OGP",
	"PPA", "PGDI", "PGR", "PJKP", "PMBM", "PSMG", "PIHQ", "PPA", "PKSS", "YCP", "PLMO", "PFMU",
	"PMIG", "VDP", "MNP", "PNMU", "PMAM", "PMCW", "PYCK", "VRP", "XXHWP", "PKMS", "POD", "TGP",
	"GGP", "PWR", "PIPM", "QHP", "PKN", "PPUK", "PKLG", "PKKI", "PKF", "IOP", "PHBT", "SJP",
	"PHBR", "MBP", "PAV", "WKP", "PHER", "PBMR", "PHJR", "TCP", "POMG", "HUP", "POMR", "PCIU",
	"PTT", "AVP", "YAP", "JWP", "MCP", "ODP", "PMIS", "PMIK", "PUSU", "PBON", "PYUK", "PBKQ",
	"PTYV", "NBP", "PNIB", "PRB", "PPPG", "PWD", "PFB", "PCRU", "OMDP", "POMD", "PIT", "HDP",
	"QLP", "PYKR", "PCNH", "PAMJ", "PHGR", "PKOO", "KFP", "XPIJB", "PRAU", "PBUU", "POWY", "PKKB",
	"PJBD", "PNAU", "SKP", "PYRN", "PDL", "PICE", "PRHG", "PWG", "PRVK", "PMMR", "OKP", "XHNP",
	"PIAV", "LLP", "HWP", "YMMP", "XPCRU", "PHDN", "OFP", "PFUK", "XMMP", "GBHP", "BIP", "PLEG",
	"PRMK", "PLSK", "PJMF", "PLMY", "LYP", "JVP", "PYOJ", "PSMV", "ANP", "PHSK", "PHDD", "JRRP",
	"PJRR", "PGTJ", "PYAJ", "PJLV", "PJCM", "PHKP", "POMB", "DLP", "PNHX", "PAPP", "YEP", "PQMB",
	"PBGR", "PYRD", "PWD", "ERP", "PYRF", "PJNU", "JNUP", "PC", "TCP", "PDD", "PIRM", "IMP",
	"HRP", "PFQU", "PFF", "PAPH", "AHP", "POIP", "PBTV", "PEEE", "PPHP", "PHPA", "PTA", "PFBR",
	"PHLO", "POG", "JIP", "MMP", "PPP", "HHP", "PNYI", "XXHOP", "PIYR", "PBMC", "PIKH", "HMP",
	"JMP", "HEWP", "PSKT", "PKQL", "PCWJ", "PWJO", "PKMB", "PVVW", "PBJJ", "DUP", "PUMB", "PPTD",
	"PHAG", "QKAP", "PPAD", "TKRP", "PAHM", "PBCN", "PHSB", "PRPA", "PUCE", "PAMO", "PHDF", "HFP",
	"JSP", "PJMM", "PWMV", "PTLJ", "HNP", "PDMQ", "OMBP", "POMN", "PMRW", "PBME", "PNBK", "RKP",
	"POAE", "YTAP", "PMWL", "PNBS", "PAPV", "PAMH", "PYTA", "PRRS", "PTMV", "NKP", "PJHR", "JRP",
	"WBP", "BBPE", "PSKO", "PSAV", "PMBK", "IRP", "PABT", "PPKP", "PWP", "PWLS", "PJTO", "PTLK",
	"PLMO", "PHI", "GEP", "PMBC", "PRBC", "PQMF", "TBP", "PJPA", "PBOU", "POGE", "PAFU", "PKOK",
	"PBBB", "BUP", "POIR", "PNMM", "PKSB", "PUMT", "XDSP", "PJCR", "PTAJ", "NFP", "PPBC", "PIBI",
	"POND", "MFP", "PBVK", "WOP", "EBP", "PCIM", "PMWD", "PEII", "PBHX", "HEP", "TVIP", "PYVW",
	"PTXC", "IPP", "PTYU", "PWOT", "PJBC", "PBAC", "MCP", "PSJE", "PTWA", "PMWF", "PTAK", "TAKP",
	"PWIM", "XXXDK", "PIIH", "JLP", "PJJL", "PUOG", "OKP", "SRP", "PYTJ", "PHGS", "PGSK", "PKKK",
	"PAWE", "PWJC", "GEP", "PYHR", "IKP", "QJSMP", "PAIU", "PYJJ", "PSRR", "HOP", "PTLM", "XXDKP",
	"YPWP", "POAH", "SIP", "PJII", "PTLB", "PSEG", "PSMA", "PILB", "IXE", "PILE", "KPBLP", "GIP",
	"PLWV", "XPFQU", "IFP", "PIHF", "COP", "ITP", "PSMH", "PHWP", "MBPHE", "QKHXP", "XHVP", "HSP",
	"PFBG", "HMP", "PYPM", "PGTH", "OBP", "FKP", "CMP", "PHKB", "PCWA", "PBOF", "PFDQ", "IFP",
	"PLMC", "PJIP", "POGF", "PNOT", "DKP", "DKP", "PGRR", "GRP", "PRRJ", "PMWJ", "PNLB", "YKP",
	"PYDK", "PMWD", "XMOP", "PHDB", "PGGU", "PHDW", "PJTC", "FFBKP", "PFFS", "PYTG", "MKP", "HUP",
	"PANB", "PANK", "PAYF", "PKCF", "POTF", "PMUA", "PNHB", "PYFU", "JQMP", "PSMI", "PRXU", "SJP",
	"PYTP", "PDDO", "POMO", "PTWV", "PNCR", "PYWM", "TKP", "PTPP", "PIRP", "PHSK", "POMA", "PWLV",
	"PTHG", "TSP", "PTMS", "PYPO", "PRRD", "BVP", "PNBQ", "IGP", "PHBK", "DDP", "PWLJ", "PYWD",
	"PGOW", "POGS", "PYWV", "XEBP", "PDLO", "PBBE", "PYWF", "XXMKP", "CRP", "PGCC", "EBP", "PHXC",
	"PBMP", "PGRG", "PTWN", "PPKO", "PTBO", "TIP", "PYX", "PIDI", "PSIT", "EBP", "PGNI", "PJBO",
	"PMBB", "PJPN", "PMAK", "PTOV", "PATE", "PHLC", "ITMP", "PITC", "PMBE", "XXIKP", "PHCN", "PTWI",
	"HKP", "PQJP", "PJIM", "PTWU", "PDLC", "PYWV", "BFP", "PYRV", "POIM", "PLPC", "PBUG", "PTRG",
	"PSJJ", "GTIOP", "VFP", "TGP", "PIDY", "PFBF", "PBUE", "YCP", "YOP", "YCP", "I", "IV",
	"IH", "XIJ", "IHM", "IHI", "IJ", "EI", "IHS", "HQI", "IT", "XIR", "II", "VMI",
	"IRM", "OUI", "YRI", "BRI", "IHYMF", "MUI", "IRMG", "BCI", "MBI", "JJI", "YAI", "TVI",
	"RJI", "NKI", "NTI", "AMI", "FJI", "ORI", "XMRI", "MAI", "JIOG", "KBIRM", "MAI", "JCI",
	"SHI", "YCI", "RJI", "YMI", "YTI", "SGI", "JIWTC", "XBGI", "HS", "IS", "XMS", "ISN",
	"HSRU", "XHSK", "NSMLS", "HSYJ", "HSIK", "HSYHS", "HSHML", "HSBT", "HSYR", "HSBR", "ISHBR", "ISNIN",
	"HSYHV", "HSSMM", "HSRAU", "HSLMY", "HSFF", "Q", "XQ", "DH", "QU", "XQKN", "QKS", "QY",
	"QC", "QMN", "QNHS", "XXQI", "XQO", "QG", "QHP", "QJK", "QPI", "QM", "QMD", "QMMS",
	"QMJ", "QNJ", "QEI", "QPD", "QON", "QR", "QMU", "QQU", "QHJ", "QKNI", "QSHI", "XQI",
	"QLS", "QSM", "QNSH", "QNG", "QCSH", "QYLM", "QIKU", "QNHE", "QOIN", "QHE", "QOLL", "QOY",
	"QQO", "QHK", "XQLLN", "QPP", "QHVP", "QNO", "QMSU", "QPU", "QI", "NNQO", "QJE", "QIHU",
	"QMG", "QYY", "QFH", "QPI", "QYK", "QA", "QB", "QDK", "QAU", "QP", "QLBU", "QHT",
	"QMMI", "QMMU", "QOB", "QHVL", "QNIN", "QHLO", "QMF", "QHNE", "QYJ", "QYHN", "QHML", "QQ",
	"QMKU", "QKNS", "XQKE", "QVIS", "QSO", "QQNI", "QSK", "QOP", "QOSU", "XXQPM", "QIS", "QSLE",
	"QMOB", "QRC", "QMFJ", "QGB", "QKLB", "QDHE", "QIR", "QJHU", "QOHH", "QBM", "QLBK", "QPRU",
	"QMNR", "QSP", "QPT", "QHPM", "QHQO", "QMFM", "QHIO", "QDJ", "QJD", "QLWL", "QWL", "QLW",
	"QGI", "QRVP", "QRHU", "QKSR", "QLLN", "QHS", "QYG", "QAM", "QHMY", "QWYI", "QYR", "QYT",
	"QODI", "QKUS", "QFQ", "QHA", "QOII", "VEQ", "QRSH", "QTM", "QSS", "QMR", "QIKK", "QJP",
	"QOPD", "QVIS", "QPR", "QUU", "QIT", "QSHR", "HQMQJ", "QMQJ", "QOM", "QVIO", "QHEN", "QII",
	"QIKP", "QKVC", "QYMY", "QBQ", "QTMM", "QJMN", "QIVE", "QEQ", "QMCW", "QAV", "QHJR", "QIPM",
	"QGR", "QNEM", "QOHG", "QTC", "TCQ", "FQQ", "QOMG", "QKLD", "QVVN", "QJKS", "QNIN", "QKSS",
	"QDB", "QKF", "QTT", "QLWP", "QOMR", "OMRQ", "QHHV", "QGDI", "QGG", "QMIG", "QFMU", "XQNSD",
	"QHND", "QPA", "QHQ", "QJV", "XQYMY", "QSLL", "QHER", "QYCK", "QKMS", "QBMR", "VRQ", "QLMO",
	"QMNN", "QJHP", "QYHV", "QSJ", "QJCN", "QKN", "QFHS", "XFCQ", "QIQ", "YCQ", "QMTC", "QYDI",
	"XQYK", "QKT", "QJPU", "QFSM", "QHKL", "QNSD", "QYKL", "QBKQ", "XQSMI", "QSMM", "QIOK", "QCRU",
	"QSQL", "QOOG", "QJBD", "QMLK", "QCNH", "QMMV", "QRMG", "QEFH", "EHQ", "QMVM", "QOWY", "QMGT",
	"QSSR", "QQJL", "QBUU", "QRAU", "QNKG", "QNKM", "QBV", "QNAU", "QKOO", "QHJL", "QHEJ", "QHGR",
	"QMMR", "QSKR", "QIJE", "QNIB", "QWD", "QGLC", "QOMD", "QRYO", "QBND", "QBDI", "QRSN", "QAMJ",
	"QFB", "QHXM", "QRB", "QANK", "QDL", "QMHL", "QNBG", "QIJB", "QJMU", "QYLH", "QICE", "QJWJ",
	"QWG", "QRR", "QLWE", "XQCRU", "QTBS", "QRBO", "QOMC", "QOMM", "XQNBK", "QPYU", "QSHU", "QJNU",
	"XQC", "QQKQ", "QOMR", "QHSK", "QHPA", "QAN", "QIOI", "QHHJ", "QSJR", "QMGN", "QWD", "QMGG",
	"QFQU", "QOMU", "QCIP", "QTBC", "QHJM", "QJLO", "QLE", "QKJT", "QKMF", "QOIP", "QHDV", "QYOJ",
	"QJRR", "QJLV", "QHLO", "QSMV", "QIYR", "QSMB", "QOMB", "QQMB", "QBTU", "QEEE", "QBBE", "QYAJ",
	"QYTR", "QIHM", "FBRQ", "QAPP", "QKMR", "QPOU", "QNHX", "QTMC", "QLMY", "QYFE", "SEQ", "QGCE",
	"QYOK", "QMLM", "QSUU", "QBSD", "QMLB", "QGGY", "QHXU", "QIRM", "QFF", "QJMO", "QYRF", "QBD",
	"QBCD", "HNQ", "QBB", "QYTV", "QAPH", "QJCM", "QOG", "QKLU", "QTA", "QSJE", "QPFD", "QHKP",
	"QHSB", "QYMB", "QCHQ", "QQQ", "XQAPP", "XQYPS", "QWMI", "QOML", "QILO", "XQTKL", "QCWJ", "QNDT",
	"QIKH", "QELI", "QWJO", "QTTC", "QVNO", "QTKR", "QDWF", "QYBC", "QTCW", "QTBN", "QOMN", "MTQ",
	"QNOK", "QJBJ", "QPYR", "QNHD", "QMRW", "QWMV", "QWP", "QQKK", "QJMM", "QTW", "QAMO", "QHXM",
	"QHJX", "QYSD", "QPKP", "QTMV", "QRSJ", "QHJU", "QHAG", "QHSB", "QAMH", "QNBK", "QOMT", "QHOA",
	"QYTA", "QNOB", "QSAV", "QSMG", "QJHR", "QUMB", "QAIL", "QYBB", "QDLN", "DNQ", "QYRN", "QPPA",
	"QHDF", "HFQ", "QJCK", "QAPV", "QBJJ", "QPMM", "QHJG", "FNQ", "QPTD", "QQHK", "QBME", "QNKQ",
	"QSJL", "XQHJL", "QDAM", "QLPB", "QBMU", "QIHV", "QMRE", "QLIU", "QABT", "XQCNO", "QNUY", "QLSR",
	"QFDV", "QCRP", "XQPMM", "QFBU", "QTTB", "QOIV", "QJCR", "QOBG", "QPUU", "QHYU", "QSTV", "QRBC",
	"QNDF", "QIBI", "QYVW", "QTSJ", "QYBS", "QTQM", "QEII", "QGIT", "QBOU", "QHAU", "QJPA", "QMVI",
	"QKSB", "QTXC", "QHXE", "QHUK", "QYRB", "QJJJ", "QTUB", "QEED", "QMIA", "QIHF", "QTCT", "QYHR",
	"QNMM", "QHSM", "QASM", "QNQD", "QILR", "HEQ", "QHYE", "QTOR", "QMWD", "QBHX", "QBBB", "QSYJ",
	"QJCO", "QJQR", "JTCQ", "QWOT", "QOIR", "QJBC", "QQKD", "QMRB", "QOGS", "OMRQ", "QFQQ", "QTOD",
	"QJCS", "QORQ", "QHRF", "QWKP", "QSJO", "QMBC", "XQSJE", "XQYPP", "QWLI", "XQBOU", "QJOC", "XQJCN",
	"QEOG", "QKCE", "QYKM", "QJOA", "QSMH", "QQKX", "QHOO", "QWIM", "QSTT", "QYHJ", "QYIJ", "QKPB",
	"QBOF", "QDLO", "QYCB", "QYJJ", "QFBG", "QYUB", "QWJC", "QIXP", "QWVF", "QLWV", "QHWP", "QAIU",
	"QYPD", "QYPM", "QKKK", "QOAH", "QKSO", "QUOG", "QSYQ", "IDQ", "QVMI", "QQOU", "QYTU", "QITF",
	"GKQ", "GIQ", "GIQ", "QAWE", "QJJL", "QSRR", "QMBS", "QIHF", "QJII", "QVVD", "QTAK", "TAKQ",
	"QSMA", "QIIH", "QSEG", "QMWF", "XQNRI", "QOYA", "GEQ", "QYVQ", "QWHR", "XJEQ", "QBOV", "QMTO",
	"FKQ", "QFBK", "QFFS", "YKQ", "QANB", "QANG", "QLMC", "QMUA", "QGBT", "QSMI", "QFBQ", "QFBQ",
	"QTBK", "QGGU", "QAYF", "QTCL", "QMJK", "QTMC", "QHOR", "QTWI", "QBKF", "QFDQ", "QNOT", "QIKF",
	"QYTG", "QHKB", "QJJI", "QIIP", "QMWJ", "QRRJ", "QYBK", "QNOE", "QKJA", "QVFU", "QOGF", "QKCF",
	"QIKJ", "QOTF", "QHUU", "QHDW", "QASE", "QTQU", "QRUC", "QNLB", "QTCO", "QCNO", "QYDK", "QQOQ",
	"QTMJ", "QGRO", "XQNWA", "XQFBU", "QJCL", "QYGQ", "QIRP", "QHSK", "QYBB", "QOMO", "QJJJ", "QYVG",
	"QMBW", "QTWV", "QYPS", "QYWM", "QTJA", "QWLJ", "QTCD", "QWLI", "JEQ", "QFBW", "QHKO", "QRRD",
	"TKQ", "QTRK", "QWLV", "QRJI", "QOYB", "QSEG", "QNCR", "XQOGS", "QTAV", "QSRJ", "SJQ", "QHBK",
	"QYPO", "QTPD", "QJBK", "QABT", "QFVK", "QMFB", "QYX", "QGRG", "QSMG", "QGNI", "QHUL", "SWQ",
	"QJBF", "HCQ", "QHUO", "QMBB", "MKQ", "QMAK", "QPKO", "QTOE", "QJIG", "QJMC", "QJPN", "QANR",
	"QTKL", "QHAL", "QITC", "QIDQ", "QHTN", "QGRC", "QVVV", "QTOO", "QWLP", "QLVK", "QNWA", "QVID",
	"QMBE", "QYYB", "DDKQ", "QTOV", "QWWW", "QTBF", "QYPP", "QQOC", "QQOJ", "QJQP", "QIPD", "QMBG",
	"QMDM", "QDLC", "QWWV", "QYRN", "QYPT", "QYBP", "QJTV", "QHCQ", "XQHUO", "QJTO", "QANW", "QOIM",
	"QBCV", "QIPD", "QYRV", "QNRI", "QFFR", "QJCV", "QUOB", "QSJJ", "QWLG", "QIPW", "QIDY", "QYBG",
	"QHUC", "VFQ", "QTOG", "QHBF", "QMMP", "QJCC", "XQJCO", "QFBF", "QHBU", "QBUE", "QSWU", "QVOI",
	"QJBV", "JE", "JEKS", "YTJE", "KRJE", "JESMI", "YE", "OK", "VLOK", "MSOK", "OLOK", "SUOK",
	"RUOK", "MOK", "XMJOK", "CHOK", "YSOK", "MMOK", "HAOK", "YRYE", "PROK", "RPOK", "NHOK", "JROK",
	"ORYE", "DBOK", "YKOK", "FDOK", "YFYE", "XXHRO", "XHROK", "ODYE", "KDOK", "OYOK", "MVOK", "IEOK",
	"OLLK", "CUOK", "MROK", "DLOK", "GSOK", "BCOK", "ODOK", "JDOK", "XCUOK", "OMOK", "OPOK", "FBOK",
	"FBOK", "TCOK", "EEEEE", "AHYE", "MJOK", "TBOK", "WDYE", "FFYE", "YDOK", "KRYE", "YROK", "XFDOK",
	"EEEEE", "HSOK", "TROK", "AHOK", "MXYE", "RAYE", "FVOK", "UTYE", "YBYE", "UTOK", "DKMYM", "YBOK",
	"NLDWK", "ISOK", "LVOK", "YDOK", "SRYE", "NBBUE", "GRYE", "HBYE", "XTROK", "HBOK", "WIYE", "WJOK",
	"OOOK", "FKMNP", "JKMDO", "HDYE", "HDOK", "YK", "YKND", "YKLM", "YKSJ", "YKMBL", "YKMPM", "YKBUU",
	"YKLML", "YKIAV", "LYYK", "MGYKG", "YKHSB", "YKLSW", "YIHXO", "YKANW", "YKHBM", "YJ", "NIYJ", "FDYJ",
	"IIBYJ", "NBYJ", "ODYJ", "RRBYJ", "HOYJ", "TVYJ", "TBYJ", "JJOYJ", "TCYJ", "WIYJ", "HML", "HMY",
	"HLHML", "CKHML", "VMHML", "KQHML", "PRHML", "MRHML", "JJHML", "VDHML", "TAHML", "TCHML", "YDHML", "JAHML",
	"RMHML", "TMHML", "FQHML", "HMHML", "HLWLI", "VIHML", "SIHML", "YHS", "YSOLL", "YSOHN", "YSOY", "YSOPD",
	"YSOLB", "YSOND", "YSIF", "YBYHS", "YSOHL", "YSOBY", "YSOHU", "YSOHV", "YSOJB", "YSODE", "YSYIU", "IBYHS",
	"YSOMN", "YSONO", "YSOHM", "YSOOI", "YSOSP", "YSOOK", "YSOLO", "YSKMR", "YSOYU", "YSOFB", "YSNKQ", "YYRP",
	"YSOKR", "YSOTC", "YSYIA", "YSHDW", "YSOMF", "YSOHW", "YSOYM", "YSOOA", "YSYOO", "YSOHC", "MKU", "MVKU",
	"AIMVU", "HPMVU", "BBMVU", "A", "AM", "LA", "PA", "AJ", "XAJ", "ASH", "PA", "KNA",
	"KNA", "AKN", "AMJ", "AMJ", "AK", "API", "AMD", "AU", "ADI", "AI", "ANSH", "UMA",
	"AMG", "AYK", "AYK", "APU", "PUA", "AOJ", "APIM", "AJB", "AHVL", "AMO", "AHE", "ANHE",
	"APP", "AHT", "AHS", "AYHS", "AMK", "HKA", "AA", "AA", "AB", "HPA", "ACSH", "AOIN",
	"APHH", "APHH", "TA", "AHML", "ACI", "AYC", "AYHS", "AMMI", "KCA", "ASS", "AMSH", "HOA",
	"AMOB", "AHQM", "ALBK", "AYVI", "AUU", "AOHH", "AOII", "QKA", "AKLL", "AJD", "AHS", "ADJ",
	"AIT", "APR", "XRPA", "ASHR", "AMKS", "AMYO", "AMYM", "AYT", "ALLN", "AHQO", "AHHL", "ASP",
	"IEA", "ABT", "AHEY", "AINE", "AMOB", "AMSL", "SOAM", "AIKP", "ATC", "AII", "XALMO", "ALMO",
	"AGDI", "AFMU", "AFMU", "AMAM", "AGG", "AKMS", "AYCK", "MIIA", "AMIG", "MCA", "AHBR", "ABMR",
	"XATC", "AJV", "AYVO", "AHBR", "AMCW", "APHU", "AOPJ", "ABKQ", "XABKQ", "AOIR", "AAMJ", "AICE",
	"ANAU", "ABUU", "ACNH", "LGAM", "AKKB", "AIHS", "XAIHS", "AIJB", "QLA", "AQHL", "AMMR", "AJMU",
	"AOWY", "AHGR", "AMMV", "XXANA", "ATBC", "AYAJ", "AYOJ", "ABGR", "TCA", "AYRF", "ADHL", "AFF",
	"AHXU", "DLA", "AQMB", "XHKA", "AAA", "AHOR", "AMMK", "AAPH", "ORA", "AKLU", "AJNU", "ADD",
	"AYRF", "XAAA", "AHOG", "AJTU", "KLA", "ALMY", "AJMM", "APMM", "AYSD", "ARYE", "ABJJ", "ABJJ",
	"AMBC", "RKA", "ANOK", "AAPV", "ATLK", "XAJKA", "ADMQ", "AJKA", "AAHM", "NKA", "AJBJ", "ADWF",
	"ABME", "AYTA", "AAMH", "AQKA", "ABOU", "ATQM", "YTA", "ABAC", "AHUD", "AUMT", "AYRB", "ACIM",
	"LLAMH", "AOND", "AHAJ", "AAJV", "MDDA", "XABBE", "AUAM", "ABOF", "ATLB", "JLA", "GIA", "AHAJ",
	"TAKA", "ATAK", "AHOO", "ASTR", "AYTJ", "AQJM", "ATCE", "ATLO", "AYSO", "AJII", "AKCF", "YAOG",
	"ARRJ", "AAYF", "FKA", "AFDQ", "AYDK", "AGRR", "AGBT", "HUAM", "ATLC", "AYLE", "ATMJ", "XATMJ",
	"MDA", "AMBI", "AYTG", "AGGU", "ALNC", "AMWJ", "ABJCM", "AHUJ", "AWLJ", "AVHL", "XAAAM", "AAAH",
	"AHSK", "AUUJ", "ATRK", "ANCR", "ABBE", "ATCD", "AMBB", "AWLA", "ATBO", "AHGF", "ASMG", "AATE",
	"AMTB", "AAAV", "AITC", "AAAM", "AJKF", "ATLF", "AMBG", "AYPT", "ATGS", "XAMBI", "AYBP", "AYRV",
	"AWLG", "VFA", "AMMP", "AFBF", "ARRK", "ASEI", "A", "AL", "TW", "LWP", "MLWK", "ILWP",
	"PHA", "APVO", "LGA", "TWA", "JWA", "ANIQ", "AWLE", "XCWA", "CWA", "QOA", "ASJE", "MUA",
	"ASJS", "OMWA", "LLDWF", "GIAPV", "CAPHH", "OAHWJ", "B", "KB", "BMMU", "BB", "BCSH", "BSLE",
	"BOII", "BUU", "BPR", "BPT", "BOBO", "BLMO", "TUB", "BTK", "BIAV", "IIB", "BICE", "WBB",
	"YVAB", "YBHG", "BYRD", "JJB", "TCB", "TCB", "BTLK", "BUCE", "SBHG", "BYTG", "BBBB", "BFFS",
	"BTBO", "BYBP", "D", "XDC", "JD", "DJ", "DM", "DU", "IJC", "ID", "XDN", "HJD",
	"DO", "DC", "DY", "HND", "NSD", "DSH", "DKS", "DKN", "DHN", "DVL", "DP", "DMVS",
	"DMN", "DB", "XKD", "XDO", "KND", "DE", "DHJ", "DMD", "DMJ", "DMMS", "DEI", "DHHH",
	"DLLL", "DHNI", "DMU", "DND", "DND", "DR", "DDH", "DDI", "DSHI", "DPI", "DHP", "DK",
	"DJK", "YVD", "SD", "DIP", "DON", "DN", "DG", "DPD", "DSU", "DL", "DM", "HED",
	"DM", "XDU", "DMS", "DT", "XDNO", "DYV", "DNSH", "DNVM", "DFH", "DYLM", "DMMU", "DYHN",
	"DJB", "DMF", "DF", "DW", "AD", "DA", "DNO", "DOJ", "DPU", "DAU", "DHNE", "DOP",
	"DP", "DNG", "DNIN", "DQ", "DCI", "DHE", "CID", "DNHE", "XDB", "DPIM", "DPI", "DMT",
	"DHQU", "DPP", "PPD", "DMG", "DHVL", "DYHS", "DCSH", "DCMS", "DQO", "DBMM", "DHML", "DMVM",
	"DMVH", "DYJ", "DOIN", "DLBU", "DHK", "DD", "DOB", "DMSU", "DOK", "DHLO", "WD", "DJE",
	"XDOO", "DMMI", "DKNJ", "DHT", "DSK", "DBY", "DIK", "DMKS", "DIS", "DBHU", "DPO", "XDCI",
	"DOSU", "DHNK", "DBY", "PYSD", "DYR", "DJR", "DMFJ", "DIR", "IRD", "DRC", "DRSH", "DRMS",
	"KRD", "DKSR", "DPR", "DPRU", "DDJ", "DPT", "PTD", "XJTD", "DQLL", "DJT", "DDHE", "DJP",
	"DOPD", "DOII", "DMOB", "DSP", "DYT", "DHD", "DFQ", "DHIO", "DHEY", "OPD", "DSMR", "DLBK",
	"DODI", "DHA", "TMD", "DTM", "EPD", "END", "NHD", "DNIH", "DSHR", "DCR", "DMR", "DWL",
	"DLW", "DLWL", "DSS", "DHMY", "DHS", "DGB", "DJMN", "DMME", "DHPM", "DHQO", "DBM", "DAM",
	"DAM", "DHVO", "DKLB", "DSNO", "DVIS", "DLLN", "DWF", "DIKK", "DUU", "DMNR", "DMMF", "DYG",
	"DPH", "DHHL", "YPD", "DBT", "DWC", "DRHU", "DMFM", "DLXH", "DRHS", "DBM", "DJC", "DEG",
	"DMYM", "DYLB", "DHMU", "DNIL", "DWYI", "DHMS", "FBD", "DBBM", "KLY", "DMMF", "DIJ", "DTSL",
	"DIKP", "DKD", "DYS", "DHQM", "DHVD", "DTMM", "DINE", "DEDI", "DPA", "DOMG", "QHD", "DSLL",
	"DMCW", "MWD", "DNIN", "DHEQ", "DTK", "DKSS", "DDB", "DHJR", "HJD", "DTT", "OGD", "DYCK",
	"DMA", "DOHG", "DIME", "IOD", "DILL", "DLWP", "DIMO", "DSMM", "DHJD", "DKLD", "DNAU", "DMBL",
	"DSJ", "DKB", "DOI", "DTC", "DJKS", "DJKP", "DOBY", "DMNN", "DWK", "DTQ", "DYVO", "DAV",
	"DPA", "DIPM", "DHER", "JID", "YCD", "DOIK", "NQD", "DHON", "DGG", "DLMO", "DFMU", "DNMU",
	"DSMG", "VRD", "JVD", "DJV", "FQD", "DKN", "YAD", "DKMS", "DMIG", "DMNL", "DBMR", "EEED",
	"JTD", "DMAM", "DGR", "DHX", "DHBT", "DNSD", "DHRR", "DIHQ", "DVVN", "DYMY", "DFV", "DNIQ",
	"DNIL", "DIQ", "DMTC", "XDJPU", "DYBO", "DFSM", "DUSU", "DHKL", "DOPJ", "DOMI", "LND", "DIG",
	"XDSMI", "DEFH", "EHD", "DMMV", "DMFR", "DRHG", "DHPR", "DMVM", "DJBD", "DIKJ", "DBND", "DBV",
	"DNIB", "DNBG", "DKKB", "DIAV", "DMLS", "DHEJ", "DOE", "DOOG", "DSKR", "DAMJ", "DDL", "EID",
	"DIJE", "DNKG", "DMCW", "DOWY", "DQJL", "DMGT", "DYRN", "DVMG", "DLD", "DRB", "DOMD", "XDHAP",
	"DHAP", "DHGR", "DPPG", "DKHF", "DOIR", "DYTJ", "DHMU", "DSIP", "DBUC", "DMLK", "DBUU", "DLL",
	"XDNAU", "DSQL", "DKOO", "OLOD", "DSUP", "HAYD", "DRHR", "DJMU", "DFB", "DUON", "DUCH", "JCID",
	"DDNI", "DMMR", "HND", "DWG", "DMRT", "DSME", "DLWS", "DICE", "DSSR", "DCNH", "DIT", "DWD",
	"DCRU", "DYIU", "DNKM", "DDHNI", "DSHU", "YED", "DHDN", "DOMC", "DDMY", "DOLN", "DQKI", "DGP",
	"DDT", "DYKQ", "DOMM", "XDCRU", "DSMF", "HHD", "YITD", "DHDL", "DOMB", "DCIP", "DQMB", "DHAB",
	"TCD", "DTMC", "DBD", "DAPP", "DBCD", "DAMI", "LYD", "DLMY", "DQKQ", "DYTR", "DHPA", "DJMF",
	"DSMV", "DBDB", "DBDB", "XDHSK", "DBB", "DYIB", "DYSY", "DWJR", "DWHD", "DDW", "FBRD", "DBTU",
	"DBTV", "DLE", "DTA", "DKKD", "DBSD", "DII", "HKD", "DLXL", "DFF", "DIRM", "DFQU", "DYOK",
	"DDD", "DOIP", "DHJM", "DGCE", "DJLV", "DEEE", "DBSE", "DWD", "DDOO", "DSJE", "SED", "DYAJ",
	"DJRR", "TCSD", "DDCSH", "DDOIN", "DDBHN", "DHXU", "DJNU", "DYRD", "DVNE", "DYPU", "DYTV", "DKMR",
	"DBGR", "DBMC", "DPFD", "YNQD", "DYOJ", "DYRF", "DJCM", "DJBM", "DOG", "DMLM", "DSJR", "DHHJ",
	"DYFE", "DMSO", "DVVW", "DCHD", "DISS", "DJMO", "DDINO", "DAA", "DAN", "DTOP", "XDOMO", "XQUD",
	"DLD", "DJNK", "KLD", "DMGN", "DWMI", "DTBC", "DWLN", "DOKR", "DFQS", "DOML", "DIOI", "DILO",
	"DTTC", "DCWJ", "DJBM", "XDNLB", "DIKH", "DUMB", "DSJL", "DOAE", "DDMQ", "DWMV", "DHJE", "DRYE",
	"DUCE", "DIHR", "DYSD", "DTMV", "DORD", "DSAV", "DHON", "DVNO", "DTBN", "DQKA", "DHLB", "DJHR",
	"DDAM", "DSMG", "DHSB", "DMRW", "DMWV", "DBBR", "DNOB", "DTKR", "DAMH", "DDLN", "DYHH", "XDRRR",
	"DBJJ", "DKGG", "DWOL", "DNOK", "DWP", "DHNI", "DQHK", "DKMB", "DAIL", "DNKQ", "NKD", "DNHD",
	"DDNYO", "DTJR", "DJRB", "DDWF", "DWLS", "DYRN", "DJBJ", "DOMV", "DTCW", "DAHU", "DPKP", "DBME",
	"DJMM", "DTLK", "DYBC", "DOMK", "DPTD", "DRSJ", "DAPV", "TCTD", "DJKA", "DHJU", "DHXO", "DQKK",
	"DIHV", "DTMD", "DYBB", "DMEM", "IORD", "DPPA", "DHDF", "DNST", "DNHD", "DHAG", "DFDV", "XIOD",
	"DHAE", "DHDA", "DRRR", "DJMG", "DAIU", "DWW", "DLIU", "DABT", "DOMN", "DYTD", "DLSR", "DFCQ",
	"DIFL", "DSMS", "DNOO", "DSFB", "DMUE", "DTCT", "DSTV", "DIBI", "DNMM", "DPHT", "DIIL", "DJCR",
	"GDHNE", "DMIA", "OSD", "DTOR", "DTGF", "DQKD", "DYBS", "DKDE", "DMHF", "DJYJ", "DBAC", "DQMF",
	"DJMO", "DBOU", "DNQD", "DAFU", "JJOD", "DSLY", "DJCS", "DYPK", "DSQF", "DOGJ", "DGRV", "DHHI",
	"FFBD", "DAGI", "DJPA", "DYWV", "DWOT", "DING", "DHHW", "DTSJ", "DILR", "DOBG", "DGWG", "DHYU",
	"BFQD", "DASM", "DGIT", "DBVK", "DBBB", "DUMT", "YBD", "DYRB", "DNDF", "HED", "DBHX", "DMRB",
	"DTPA", "DPBC", "DMVI", "DKOK", "TBD", "DTTB", "DYHR", "DOIR", "DTQM", "DTXC", "DHI", "RDRD",
	"DYVW", "DMBC", "DHAJ", "DYAD", "GBMD", "DKRB", "XDTGE", "DJBC", "DMWO", "DLIT", "XDOGS", "DHAU",
	"XDYTU", "DJOC", "DIVA", "DEED", "DSMA", "DJKR", "DYJJ", "DQJM", "DILB", "JLD", "DYDL", "AUD",
	"DHPU", "DJII", "DKSO", "DIHF", "DIIH", "DUOG", "DYHJ", "DMWF", "DNBJ", "VID", "DHSU", "DLLP",
	"DWIM", "GID", "DGGI", "DHAJ", "DILE", "DQOU", "QUD", "DTWA", "DAWE", "DTLM", "DYCB", "DQKX",
	"VID", "DIIB", "DNLW", "DHOO", "DYUB", "DOLB", "DYTU", "DKKK", "DDK", "DYNB", "DWJC", "DQMC",
	"DJOA", "DWVF", "DYWI", "DEID", "DJPU", "DLWV", "DVVD", "DDLO", "OMRR", "DMBS", "DFBG", "DMWF",
	"DIXP", "DSMH", "DITF", "DYPM", "DSRR", "DYTJ", "DTLB", "DTAK", "DHAF", "DTGE", "DOLD", "DTHJ",
	"DHYG", "DKCE", "DSYQ", "DOKG", "DTLC", "DSEG", "DHWP", "DTCG", "XXDMW", "DGCW", "XDMBS", "DBOV",
	"DIPC", "DSMI", "DYIA", "DOGF", "DASE", "DDSJE", "DTCO", "DGTI", "DTMJ", "DLMC", "DSND", "DTWI",
	"DGOV", "DRRJ", "DYUT", "DHPA", "DTWK", "DNOE", "DMJK", "DOTF", "OTDD", "DHUU", "DGGU", "DFDQ",
	"DMLW", "DHKB", "DANB", "DANG", "DHDW", "DTGR", "JBMRD", "DKCF", "DMBI", "DBBQ", "DYDK", "DFBH",
	"DFBD", "DTAB", "DNHB", "DNOT", "DLX", "DMTO", "XMOD", "DMWJ", "DJIP", "DVII", "DYNV", "DNAO",
	"DNLB", "DJPB", "PPPD", "KAD", "DYTG", "DCWA", "DJTC", "DFFN", "DBKF", "DTMC", "DMUA", "DJRJ",
	"DHHC", "DFFS", "DHUJ", "DMMI", "DGRR", "DBFS", "DYPF", "DTBK", "DJJI", "DLPN", "DAAA", "XDNWA",
	"DANA", "DNGG", "DVMO", "DYGQ", "DRRD", "DMWM", "DYWM", "DYWD", "DTWV", "NSD", "DHSK", "DYMH",
	"XDFFR", "DOGS", "DWLV", "DSRG", "DJJJ", "DTCJ", "DWLY", "DYTP", "DOYB", "DTCD", "DNCR", "DMBW",
	"DDHNI", "DHGE", "DFBW", "JED", "DYTO", "SJD", "DSRJ", "DBUL", "DDDO", "DYBB", "DOMA", "DRJI",
	"DNBQ", "DMWC", "TKD", "DWLJ", "DOMO", "DGOW", "DYTU", "DTGI", "DMFN", "DTPP", "DTGO", "DYWF",
	"DIOD", "DJBF", "DTBO", "DCAV", "DGNI", "DGRG", "DVFB", "DHTC", "DWJI", "DJMC", "DTOE", "DVVI",
	"DKSR", "DMFB", "DJPN", "DYSR", "DYRO", "DSIT", "DBMP", "DMBB", "FFBDD", "MKD", "DTCF", "DJPI",
	"DSMG", "DSLC", "DHGF", "DYX", "DHIJ", "DDEC", "DNON", "DMGI", "DANR", "DHUS", "DMBE", "DHLC",
	"DITC", "DYMU", "WWWD", "DWWW", "DTBF", "DNWA", "DMTB", "DQOC", "DYPP", "XDTWI", "DQJP", "DTSR",
	"DANR", "DHAL", "JBHOD", "DGWC", "DVFO", "DVID", "DINE", "DHJA", "DLVK", "XXDYT", "DHTN", "DIGI",
	"DIXE", "DYRA", "DYPT", "DANX", "DMDM", "MAD", "DYDU", "DAUM", "DMGR", "DNFD", "DYWV", "UJD",
	"DNNO", "DYBP", "DDLC", "DTOF", "DJQP", "DNXU", "DHCQ", "DTLX", "DMBR", "DBCV", "DOIM", "XNPD",
	"DBUF", "DFFR", "DYRV", "DTVD", "DTEI", "DNRI", "DANW", "DHCQ", "DOGE", "DSJJ", "DUOB", "DTCE",
	"DTRG", "DBUG", "DTIS", "DTOX", "DDBAI", "DWLG", "DMMP", "DHUC", "VFD", "DFBF", "DBUE", "DRRK",
	"DSWU", "DTAW", "DSYI", "DWWF", "DVOI", "XDMBB", "DJBV", "DDWLI", "DMBM", "DTGU", "NO", "IMNO",
	"ENO", "HLNO", "YMNO", "ANO", "XONNO", "SKNO", "PRNO", "XSRNO", "UUNO", "XOMNO", "YONO", "WKNO",
	"TUNO", "GRNO", "HTNO", "ORNO", "CRNO", "YBNO", "IINO", "PKNO", "DLNO", "KBNO", "IKNO", "KRNO",
	"TCNO", "FFNO", "EEEEO", "CNO", "GFNO", "NXNO", "DFNO", "TVNO", "UBNO", "HXNO", "BBNO", "MGNO",
	"YANO", "AVNO", "ONNO", "TCNO", "YBNO", "HUNO", "MRNO", "HFNO", "TONO", "TMNO", "SRNO", "YDNO",
	"YBNO", "OGNO", "YMNO", "JCNO", "GRNO", "LXNO", "XFFNO", "OMNO", "TRNO", "OONO", "WINO", "WJNO",
	"AFNO", "HCNO", "EWNO", "TGNO", "YLM", "MYLM", "YMP", "YLMH", "MPYLM", "YMJE", "YLMO", "YLMH",
	"MFMYM", "YMSS", "YMHBY", "YMGDI", "YMYMM", "YMUFD", "SIYMM", "YMHJG", "YMIHH", "YMIHF", "MDYLM", "YMQMC",
	"YPWLB", "MDYLM", "HMSMB", "MNI", "YNI", "MNP", "XMNHJ", "MNHML", "MNPHH", "MNNE", "MNHK", "MNHNE",
	"MNBM", "MNLBK", "MNOHH", "MNHQM", "MNIR", "MNONH", "MNHBT", "MNPA", "MNHJD", "MNIJ", "MNMVM", "MNBND",
	"MNKOO", "MNIJE", "MNDL", "MNJRU", "MNRBO", "MNOMM", "MNLE", "MNYTR", "MNJBM", "MNKLU", "MNII", "MNHPA",
	"MNCWJ", "MNMEM", "MNPTD", "MNQKD", "MNRBC", "MNWOT", "MNHUK", "MNJOC", "MNKPB", "MNTLM", "MNOAH", "MNJMC",
	"MNHAF", "MNYFU", "MNLMC", "MNYED", "MNGBT", "MNRRJ", "MNWLJ", "MNMWM", "MNOMO", "MNJMC", "MNGWC", "MNJIM",
	"MNOIM", "HNE", "SKHNE", "HJHNE", "YGHNE", "HSHNE", "GHHNE", "XSKHN", "KCHNE", "XXGNH", "GNHNE", "KBHNE",
	"JAHNE", "SCHNE", "HGHNE", "HMHNE", "GQHNE", "YBHNE", "JRHNE", "YOHNE", "SRHNE", "HDHNE", "HHSLE", "SEMOO",
	"GEHKB", "WJ", "WJ", "WYI", "OWJ", "OWYI", "GWJ", "WYPD", "QMWYI", "OYYIU", "PP", "PPJ",
	"PPPH", "WPP", "WPP", "PPMNP", "NRPPI", "HQU", "HUF", "HUHHH", "PPHQU", "FHHQU", "KRHQU", "HUYR",
	"HUMCW", "SMHQU", "CUHQU", "HUPA", "SJHQU", "HUIJ", "HUHGU", "HUFD", "HUIHQ", "YRBU", "HUIJE", "MTHQU",
	"QFHU", "HUFF", "HUYTR", "HUPFD", "EEEEU", "HUHUU", "HULMY", "XIHHQ", "HUIKH", "AUHQU", "HUWP", "ONHQU",
	"HUOMN", "KBHQU", "AVHQU", "HUNKQ", "AMHQU", "IHHQU", "LVHQU", "HUTAK", "JKMHU", "YGHQU", "NBHQU", "FKHQU",
	"HUTCA", "XHUNW", "YMHQU", "RDHQU", "HUYWM", "TOHQU", "HUNWA", "BGHQU", "WMHQU", "HVP", "HPM", "RVP",
	"HPJ", "YVRVP", "OMN", "ONL", "ONNHS", "ONK", "ONLL", "ONU", "ONLLL", "ONCSH", "ONA", "ONOB",
	"ONMOB", "ONLLN", "ONLWL", "ONHEY", "ONNOM", "ONFD", "ONWK", "ONMCW", "ONYVO", "ONTQ", "ONJV", "ONMTC",
	"ONJRU", "ONMVM", "ONMLM", "ONDW", "ONFF", "ONVNE", "ONQMB", "ONAMH", "ONABT", "ONWOT", "E", "XE",
	"NE", "IE", "INE", "NE", "XE", "EKS", "XEO", "OE", "ESU", "EKN", "EMN", "EJ",
	"IJE", "EC", "EO", "EMVS", "OE", "ES", "ESM", "EE", "EEI", "EPI", "ELLL", "EKNI",
	"EHNI", "EK", "ENI", "EHP", "EYV", "XEND", "EON", "EU", "UE", "EMJ", "EHJ", "EMD",
	"EMJS", "ENJ", "ERU", "EV", "ME", "EM", "EPD", "EMMS", "XXEG", "XENO", "ENSH", "EJE",
	"EHVP", "EMT", "EA", "EA", "EMG", "ETT", "TTE", "EOB", "EPIM", "EKI", "EKI", "EIK",
	"ENHE", "EHE", "EYY", "EOIN", "EYK", "XEHE", "EYHS", "EUK", "EDK", "EOJ", "XEHQ", "EOMN",
	"ECSH", "ENIN", "ENIN", "EP", "EHML", "EHK", "EMMI", "EMMU", "EYHN", "EIHU", "ELBU", "EBHU",
	"LUE", "EIKU", "EPU", "EMVM", "EOP", "EPSH", "ED", "ENG", "ENE", "EA", "EMLS", "EPHH",
	"EL", "MKE", "EPP", "EFH", "EYLM", "EJB", "ELLL", "EE", "EMLB", "EPI", "EHLO", "EHNE",
	"ESO", "EQJ", "ESK", "EMKS", "EOP", "EOSU", "EHNK", "EIKS", "EIS", "EDJ", "EJD", "EIJC",
	"EBM", "EMR", "EMR", "EJP", "EOPD", "EMNR", "EOHH", "ENF", "EMMF", "EIKK", "ELLN", "ELW",
	"EW", "EIR", "ESHR", "EJR", "EYR", "ECR", "ESMR", "ERHU", "EBR", "EPR", "EPT", "EWO",
	"EHQO", "EKSR", "EHEY", "HAE", "EHA", "EJT", "EPH", "EDM", "EHS", "EUU", "ENLS", "EVIS",
	"EHVO", "ENI", "ETM", "EGI", "EHHL", "EWC", "EHFD", "EMFJ", "EYMP", "EHIO", "EHPM", "EHMY",
	"EJMN", "EMYM", "EOII", "EPRU", "EDHE", "EYT", "EVIO", "ESP", "ESKN", "EIV", "EYG", "EHQM",
	"EBU", "EYVI", "EJC", "EODI", "EFQ", "ERVP", "QKE", "ELBK", "ELXH", "EINE", "EBT", "MRE",
	"FBE", "EIKP", "EYS", "EAM", "EHVD", "EBYM", "EIVE", "EEQ", "ENOM", "EAV", "EHBY", "EGR",
	"EYLC", "EKF", "EWR", "EMGB", "ENEM", "EWK", "ENMU", "EHMR", "EKLD", "ETQ", "EMNN", "ESLL",
	"EHBU", "EMBL", "EHON", "EOIK", "EMCW", "EDB", "EGDI", "ECB", "ERVK", "EHGU", "EJKS", "EHJD",
	"EHEQ", "EHER", "HRE", "EJV", "EBMR", "EKN", "EIHQ", "EQD", "EOSK", "EFD", "EOMG", "ELQ",
	"EMA", "EKB", "EYCK", "ELWP", "ETC", "EHBT", "EHNN", "ESMG", "ELMO", "QHE", "ESS", "ESJ",
	"EILL", "EVR", "ETT", "EPA", "EPUK", "EMIG", "EFMU", "EMAM", "ENIR", "EHJR", "EGG", "EOMR",
	"EHHV", "EKMS", "ETW", "EYIU", "ETK", "EKT", "ENSD", "EIJ", "LNE", "EJPU", "EYBO", "ELLB",
	"ELMI", "EBON", "EOI", "EOMI", "EYKL", "EYKN", "EYTH", "EBKQ", "EIVJ", "EHBV", "XESMI", "ESOY",
	"EBDI", "EIJE", "ESHU", "EQHL", "EICE", "EOIR", "EOMC", "XEIKH", "ERYO", "EOLK", "EKKB", "EJBD",
	"EMRT", "EJMU", "EJKI", "ERAU", "EIJB", "ERHG", "EJD", "EHGR", "EIAV", "EBCJ", "EWG", "EMLK",
	"EBND", "EMMR", "EHDN", "EMMV", "EHEJ", "EIPB", "ECOR", "EBYH", "EJHQ", "EOWY", "ESME", "EKOO",
	"EPL", "EBCR", "ENAU", "EBV", "EGLC", "EBUC", "EBUU", "EDHH", "EOMD", "EWD", "ELWS", "EAG",
	"EAMJ", "EMVM", "EFB", "EYLH", "ESIP", "EJIK", "ENIB", "EJKD", "ENKM", "ENKG", "EHQI", "EDL",
	"ESKR", "ERB", "EUON", "ECNH", "EOYT", "ECRU", "EIOK", "EMSK", "XECRU", "EQKI", "EGBU", "ETBS",
	"EDT", "EYKQ", "EWQS", "EROB", "ERBO", "XENBK", "EHED", "EYRN", "ELSG", "ELSA", "ENPO", "XESIM",
	"EYTR", "EJRR", "EGTJ", "EBBE", "ESBN", "EMGG", "XEEEE", "ESMV", "EYOK", "EJCM", "EJNU", "ENUE",
	"EHJM", "EDW", "EWJR", "EHDV", "ESJR", "EOMR", "EYRF", "EHPA", "EEA", "EMSO", "EJMO", "EYTV",
	"EAMI", "EFQU", "EVVW", "EDHL", "EKKB", "ETMC", "ESUU", "EWD", "ENHX", "EDD", "EFBR", "EBGR",
	"EQKQ", "EAMK", "EAA", "EYFE", "EJLV", "ETYS", "EJBM", "EGCG", "EYAJ", "EPFD", "EPOU", "EJMF",
	"EHSK", "EHBN", "EBB", "EBAU", "EDCI", "ETBC", "EWML", "EFF", "EIRM", "EHXU", "EYSY", "EVNE",
	"EC", "EJPH", "EBSD", "EGCE", "EOMB", "EBHG", "EYOJ", "EHSD", "EOG", "EYIB", "EOIP", "EBCD",
	"EYPU", "EYRD", "EPHP", "ELXL", "EDOO", "EAPP", "XEQMB", "EKLU", "EII", "EHKP", "EEE", "ETYM",
	"CE", "EHAB", "EKJT", "XXEEE", "EAYK", "ETKR", "ELMY", "EQMB", "ETTN", "XEAPP", "XEYKL", "XEYLH",
	"ELFL", "EYMO", "ENME", "EQMO", "EJNK", "EKMR", "EKQL", "ERLU", "EHWJ", "EBQO", "ENWM", "ETKN",
	"EJLL", "EIKH", "ENHD", "ENBK", "EJKA", "EIHR", "EMBK", "EOMN", "ETHU", "EYRN", "ESD", "EITE",
	"EHNI", "EDAM", "EJDS", "ESMG", "EBBR", "EYBB", "EWMV", "EABT", "EHLB", "EPTD", "EBCN", "EWB",
	"ETMR", "ETCU", "EOMT", "ELIM", "EJMM", "ENSJ", "EAPV", "ETW", "ETLK", "EYCU", "EYSD", "EPYR",
	"EBUH", "EFHU", "ETGK", "EJIR", "EBJJ", "EDMF", "ENOK", "EQOR", "ERRS", "EHQJ", "EAHU", "EDWF",
	"EYTA", "EYTB", "ETMD", "EPHR", "EQKK", "EDMQ", "EOIV", "EUMB", "EMWL", "EMBC", "EDHA", "ENOB",
	"ERSJ", "ECST", "ETBN", "ENKQ", "EJRB", "EGGI", "EDBU", "EYCK", "ELVU", "ETMV", "EAMO", "EPPA",
	"EYBC", "EHAG", "EUMF", "EWLB", "EMRW", "ERPA", "EYSD", "EJCK", "EAHM", "ENBS", "EBUK", "EHJG",
	"EVNO", "EHDF", "HFE", "ETCW", "EMWG", "EAMH", "EHEM", "EQJR", "EBME", "EJBJ", "ETTC", "ETGO",
	"EHAE", "EQKA", "EYRU", "EMWG", "EORD", "EYRA", "EHXM", "EVMW", "EYCN", "EATC", "XETUB", "ETBD",
	"EDLN", "XELMO", "EUHQ", "EBOJ", "EODE", "EFDV", "EIKF", "EAIU", "ERSE", "ENST", "ENOP", "EOOB",
	"EHRB", "EILR", "EMHF", "EFBC", "EHDP", "ETXC", "ETGF", "EBMO", "EGJ", "FAHU", "EGIT", "EOND",
	"ETOR", "EJCO", "EHHW", "ETTB", "EEII", "EBAC", "ETQM", "FFYR", "ETCT", "ODF", "FBJJ", "EIBI",
	"EDGG", "EMWD", "EJID", "EHRF", "EBVK", "EWOT", "ETUI", "EWCE", "FFBNJ", "ETUB", "EQKE", "EQKD",
	"ESQF", "FNHD", "EHUK", "EHSE", "EJCR", "EWMO", "EQMF", "EQMF", "ENMM", "EASM", "EMVG", "EMVI",
	"EAGI", "FDMQ", "EYVW", "ENLD", "EYBS", "EWFQ", "EOIR", "EIHF", "EMRB", "EJBC", "EYRB", "EAFU",
	"FTMV", "ETVI", "EOLD", "EGRV", "FFBE", "EMIA", "FPTD", "EBBB", "EMRR", "EJYJ", "EBHX", "BFQE",
	"EYWV", "EHHU", "ENQD", "ESOG", "EYCV", "EBOU", "ERBC", "EYTU", "ETJB", "EQJU", "ESJE", "ETMB",
	"ETBG", "EMVR", "XEYPP", "ELIT", "EYCD", "EYKK", "EJOC", "EEOG", "ENNO", "EOLB", "EHSU", "EWTJ",
	"EYUH", "EKPB", "XEYTU", "EJME", "EIIH", "XEYCB", "EYCB", "EJPU", "EGSK", "EYWI", "EYRJ", "EYPD",
	"EOKP", "EYHM", "EDDN", "EILB", "EYCV", "ETLB", "GEE", "ENWF", "EMWF", "EJYE", "EUMG", "EVVD",
	"EDOE", "EHOO", "EBOF", "EIXP", "ELWV", "ENLM", "ETLM", "EWIM", "EHOO", "ESMB", "GIE", "EHPU",
	"ENII", "EYUB", "EJMC", "ETWA", "EJDK", "EHWP", "EMVB", "EJII", "ESRR", "EFQE", "EDDG", "ESMA",
	"EBBU", "EFBG", "ETAK", "EOAH", "ETLO", "EYJJ", "EDDV", "JCEGG", "JKME", "EJJN", "EYHJ", "EYSO",
	"EKHR", "EAWE", "EQMC", "ETIT", "EILE", "EWVF", "EUBB", "EDLO", "ENSV", "EYTJ", "EUJF", "EODK",
	"ELLP", "EYDL", "EJJL", "EMYF", "EKKK", "ESMH", "EUOG", "ESYQ", "ETGE", "VIE", "EWLO", "PEMBC",
	"EUTC", "EOLB", "EDLK", "EOKG", "ETBF", "XETLX", "XEWLO", "EUAP", "EODE", "EOMK", "EJCG", "EVMG",
	"EFBK", "ENHB", "EOGF", "ENOE", "ENAO", "EJIP", "EQHF", "EOTF", "EMGU", "EOGD", "EHDW", "EBHF",
	"ELX", "EMUA", "EQOA", "EOMM", "ERMR", "EHXF", "ERUC", "EYDK", "ETMC", "EANK", "EANG", "XEMWD",
	"EKCF", "ECWA", "EHWO", "EWTC", "EORA", "EFQF", "ERRJ", "EMWJ", "EJJB", "ESMI", "ELMC", "EGBT",
	"EHDB", "ESJA", "EKHA", "ETBK", "EWGF", "EHLQ", "EJCB", "EDDD", "ESND", "EHDE", "EYTG", "ETCA",
	"EFDQ", "EWDQ", "ESIM", "EYMM", "EUGK", "HCE", "ENOT", "ELGM", "EGGU", "EFFS", "EYBK", "EMJK",
	"ETWI", "EAYF", "ETCL", "EGTI", "EGTH", "ERRU", "EMBI", "EMLW", "EMMC", "EHOE", "EHAR", "ETMJ",
	"EAND", "EANA", "EDDA", "XEHXF", "EHBS", "XENWA", "ELSW", "EJPB", "EYPK", "EYWD", "ERXU", "ERRD",
	"EFBW", "EJJJ", "EWLJ", "ENBQ", "ENNC", "ETWT", "EHMO", "HBE", "EMBI", "ETWB", "EIOC", "EYVG",
	"EOMA", "EYED", "EOMO", "ESCE", "ETCD", "EHBK", "EWLV", "EYDL", "EYWM", "EAWS", "EIRP", "ENCR",
	"EYTP", "EYTO", "ESRJ", "EYPO", "EYGQ", "EDDF", "EHSK", "EWLI", "EITC", "ETWV", "EYBB", "EJSE",
	"EJTC", "EGOW", "ERJI", "EBUG", "EYMH", "EDDO", "HGEA", "ETPP", "EBUL", "EMGH", "EAJA", "EDLO",
	"EYHO", "EYHC", "EMFB", "EAVF", "EWLA", "ETAB", "EJPN", "EFFF", "EFFD", "ETBO", "ELMT", "ETCF",
	"EHUL", "EYX", "EYRO", "EMBB", "ESMJ", "EJJJ", "EGNI", "ENIC", "EBMP", "ETGI", "ETVP", "ETOE",
	"EQBU", "ESIT", "EYBU", "ETGT", "EOTO", "ESMG", "EVFG", "EJMC", "EGDE", "EHUA", "EFFE", "EJAC",
	"EANR", "EETB", "ETOR", "EWGG", "EBCI", "ENLC", "EVID", "EQOC", "EYPP", "EMTB", "EMBE", "ETOV",
	"ENWA", "EBCH", "EHAL", "EFFG", "EGWC", "EITC", "XESMJ", "EJHF", "EHET", "EJHW", "EIPF", "EIWG",
	"ETWI", "EHCN", "EJIM", "EATE", "EDOW", "EHOK", "EGDE", "EYHC", "EMBG", "EJQP", "EYPT", "EYDU",
	"EJJM", "EYRN", "EMBI", "EMDM", "EQBD", "ETLX", "EFFF", "ENLB", "EYLC", "EYEM", "EYWV", "XESMB",
	"EMOA", "EYBP", "EDLC", "EHUC", "OKHAE", "EGFE", "EDLC", "XEJJN", "EMBD", "EFFR", "ENMB", "EWLN",
	"EOOK", "ETIF", "EBCV", "EFDC", "ESLR", "ESMC", "EOIM", "EOMB", "ENRI", "EJIC", "EYRV", "EJTO",
	"EANW", "EOKF", "EMBU", "EANE", "EBWI", "EUJT", "ESJJ", "EWWG", "ETST", "ETCE", "EBUG", "EVUG",
	"EMUB", "EIXI", "ETRG", "EANO", "ETTT", "EAFO", "EFFC", "EMMP", "EHUC", "VFE", "ETTU", "EYBG",
	"EIDY", "ELIM", "ETOG", "EFBF", "EHBU", "EANJ", "EYRN", "EAFC", "EMBB", "ESYI", "ESWU", "ETAW",
	"EJBV", "EVFN", "EVFD", "HEHEE", "EAFC", "EUTU", "EYJC", "EUTT", "EDDH", "F", "XF", "XMF",
	"FHU", "FMN", "KF", "FSH", "FLN", "PF", "FM", "SMF", "FG", "FT", "NOF", "FHP",
	"FPD", "GF", "FPI", "VVF", "JF", "FU", "FNSH", "MUF", "FCI", "CSHF", "FNG", "AF",
	"FYK", "FOK", "FHNE", "FIS", "FNO", "FMF", "FOLL", "FHE", "FF", "FF", "FQJ", "FD",
	"FFH", "FYJ", "FDK", "FYHN", "FPU", "XTF", "FHML", "BF", "AF", "FOP", "FQS", "FOSU",
	"FYY", "FAM", "FWL", "FMYM", "FID", "FMNR", "FSHR", "FLLN", "FIKK", "FOPD", "FJP", "FOII",
	"FUU", "FYVI", "FSS", "UMF", "FPRU", "FBR", "PUF", "IRF", "FIR", "FMOB", "FLBK", "FHEY",
	"FYR", "FYG", "FHS", "YRF", "IKNF", "FMR", "FJVD", "FRC", "FRHU", "XFHBY", "FHFD", "FHVD",
	"FTMM", "FNOM", "FYCK", "FHBT", "FHON", "FOMG", "MNF", "NBF", "FTQ", "ODF", "FOD", "FHGU",
	"MJF", "HRYF", "FHBI", "FLMO", "FIPM", "FGG", "FBMR", "IHMF", "JIF", "FYVO", "FTC", "FHER",
	"FOMR", "FLMI", "FMAM", "NEMF", "FDY", "FWK", "FKB", "FTC", "FJHP", "FMF", "FJKS", "FSLL",
	"FMBO", "FJPU", "FOPJ", "FOMI", "FTK", "XEHF", "FSOY", "QIF", "XMNF", "FKKB", "FBND", "FBCR",
	"XQLF", "FIJB", "FMVM", "FTPI", "FNKG", "FJMU", "FOWY", "YRNF", "FIAV", "FNKM", "FMSO", "FHEJ",
	"FFG", "FBYH", "FCOR", "ROF", "OKF", "FGLC", "SRF", "FHGR", "FRB", "FFB", "XXHUF", "MYLF",
	"FAMJ", "VGF", "FICE", "FCNH", "QLF", "NEF", "FMMR", "XFWD", "FRR", "FOIR", "FNLA", "XFNBK",
	"FLSP", "FSSR", "XQIF", "FYTR", "DDF", "ANF", "FAPP", "FHPA", "FYRD", "FTA", "FYOJ", "OTF",
	"FJCM", "SEF", "IOIF", "FJNU", "OGF", "FCIP", "FAB", "FBB", "FJCN", "FTOB", "FAPH", "FFBHN",
	"FHLO", "FYAJ", "FNHX", "FFF", "FYOK", "FOG", "FYIB", "FBTU", "BKF", "FHWJ", "AAF", "FBTV",
	"FAHT", "FAA", "FJTU", "ABF", "FOIP", "FILO", "FSUU", "FKGG", "FHDF", "LLOMN", "KHIBI", "FHJE",
	"FRYE", "FHSB", "FHNI", "FDWF", "FJMM", "HQNKQ", "FHAG", "KHMHF", "TBNF", "FMRW", "HQHDJ", "JAF",
	"FNKQ", "GIHQ", "FTCW", "SUF", "FBME", "FMBK", "HRHPM", "FMWG", "KHNDF", "BUF", "FAYT", "ASF",
	"NKF", "HQBUK", "FIHR", "FHJG", "FRRR", "FTLJ", "FTMD", "FNBK", "ARF", "ARF", "FWMV", "FMBC",
	"FUMB", "FTPO", "FAMH", "XVNF", "JAF", "FPPA", "HQRYE", "FBBR", "FWB", "FJRB", "FABT", "FJBJ",
	"FAMO", "FYRU", "FTLK", "FTTB", "FYAV", "FILR", "FPUU", "FHSM", "FWKP", "FIBI", "FAFU", "FKSB",
	"FOND", "XNSF", "FHUP", "FWOT", "FGIT", "FYRB", "HUF", "FRBC", "IPF", "XXIPF", "FANO", "FJRR",
	"FBOU", "HGF", "FBAC", "FTXC", "FFBF", "FHRF", "FJCR", "XFMBC", "FBHX", "FOIR", "FHHW", "SUF",
	"FWTJ", "FMWF", "FHWP", "FIXP", "FSEG", "YIF", "FSMA", "FLWV", "FYHJ", "FUOG", "FSMT", "FYNB",
	"FFOG", "HOF", "SIF", "FHSU", "FHDN", "FITF", "GKF", "QJSMF", "FSMH", "FTLO", "FSRR", "GIF",
	"PFMBC", "FAWE", "FUAP", "FYCB", "FASE", "FCWA", "FMUA", "GRTF", "FGRR", "FORM", "FWTC", "FLX",
	"FYIA", "FTMC", "FRRJ", "FTMJ", "FMWJ", "FBKF", "NXFF", "GGFF", "FHKB", "FTWI", "FNOT", "FYDK",
	"FFFD", "FOGF", "FJTC", "FTCL", "FKCF", "FNHB", "FFDQ", "FYTG", "FGGU", "XDDF", "FHDW", "TLPF",
	"FSMI", "FANB", "FANK", "EHF", "FFFF", "SSF", "FANP", "FAYF", "XOOF", "FFBRR", "FHBK", "FWLJ",
	"HBF", "FYWD", "FTWB", "FRRD", "FYED", "FYTO", "FTGI", "FHSK", "FTPP", "FITC", "FHGE", "FWLI",
	"FFE", "FMBI", "FBBE", "FYTP", "FKSC", "FARF", "FOMA", "FYGQ", "FTWV", "FYWF", "FMBB", "MOF",
	"XFYRD", "FHGF", "FLMT", "FGNI", "GNMF", "FSMG", "FGCC", "FSIT", "HBF", "FFFD", "FMTB", "FWGG",
	"FATE", "TGIF", "FYPP", "FVVV", "FIPF", "FHSF", "FITC", "FVID", "FJKF", "FMDM", "FYPT", "FTOF",
	"BFKCF", "FANX", "FTGS", "FFF", "FYBP", "FATJ", "FYEV", "FYRV", "FOMB", "FANW", "FTCE", "FBWI",
	"FLII", "FTRG", "FBUG", "XFTWI", "IDLYF", "FFBF", "FTAW", "FSEI", "FSWU", "FMBM", "HBDDF", "FDDH",
	"HLO", "XB", "HOAU", "BSD", "HOPRU", "BGB", "BMKE", "BBKE", "BHNF", "BHFN", "WMHLO", "BWLI",
	"CK", "CKSL", "CKAU", "CKNIN", "CKSJL", "KK", "KKBM", "KKKK", "MFBK", "VLM", "VMD", "VMMNR",
	"VMTQ", "VMPTD", "VMOIR", "VMILB", "VMGOW", "LLML", "LLHE", "LLFQ", "LLSHR", "LLII", "LLHHJ", "LNJNK",
	"LNPKP", "KHBOU", "LLHJX", "XLNIS", "LLPTD", "LLYBS", "LNIBI", "LLHWP", "LLHSB", "LLILB", "LLGWC", "MVDH",
	"FBRMH", "HQ", "HQ", "HQP", "HQKS", "IHQ", "HQPD", "HQG", "JHQ", "HQSHI", "HQYV", "HQYHS",
	"HQHQU", "HQOK", "HQYHN", "HQPHH", "HQHQ", "XHQI", "HQLXH", "HQWC", "OPHQ", "HQJR", "HQLW", "HQMNR",
	"HQHQM", "HQWYI", "HQHPM", "KBHQ", "FQHQ", "HQOMG", "HQJND", "HQGDI", "HQMCW", "HQIUH", "HQMVM", "YVBQ",
	"HQMMR", "HQHGR", "SYYQ", "HNHQ", "HHHQ", "HQYTR", "HQKMR", "HQBTU", "HQJBM", "HQHQQ", "HQFQU", "HQYRD",
	"HQJNK", "HQBMC", "KHOIR", "KHHXE", "MGIHR", "HQISB", "MGJMM", "KHQKD", "HQYRB", "HQPUU", "HQOND", "HQTHB",
	"FFBHQ", "HQJQR", "IDHQ", "HQIIH", "SIHQ", "JKMHQ", "HQYDK", "HQYTG", "HQHKB", "NIHQ", "HQTGI", "HQMTB",
	"HQGWC", "HQVVV", "HQWLP", "HQIPF", "HQATE", "HQTGS", "OGHQ", "HIHQ", "HQTCE", "XOGHQ", "IK", "KH",
	"IKK", "KHSU", "KHKN", "KHKNI", "KHDH", "KHPI", "KHMJ", "KHON", "LMIK", "KHI", "KHNVM", "KHIKU",
	"KHYHN", "KHJB", "KHNDU", "KHMVH", "KHIK", "KHYY", "VMIK", "KHIHU", "KHMG", "KHNG", "KHF", "KHHG",
	"KHL", "KHD", "KHBO", "KHMFM", "BUIK", "KHMMF", "KHHQM", "KHPRU", "KHWL", "KHOPD", "KHHVO", "KHOII",
	"KHLLN", "KHDHE", "KHSP", "KHVIS", "KHJC", "KHPR", "KHIV", "KHBM", "KHAM", "KHHA", "KHJR", "KHNF",
	"KHJMN", "KHMAM", "KHAV", "KHYCK", "KHHER", "KHLMO", "KHGR", "KHPA", "KHBTT", "KHHJR", "KHIJ", "KHJDI",
	"KHBMR", "KHJKP", "KHLMI", "KHKT", "KHLLB", "KHOMI", "KHNSD", "KHIVK", "XKHND", "KHOMD", "KHPPG", "KHIUH",
	"KHKKB", "KHRB", "KHWG", "KHKOO", "KHYMR", "KHICE", "KHIAV", "KHBUC", "KHQHL", "KHNKM", "KHEFH", "KHHDN",
	"KHAMJ", "KHOMM", "KHYRF", "KHLMY", "LYIK", "KHYPU", "KHHHJ", "KHTMC", "KHHXU", "IKIKK", "DOIK", "KHDOO",
	"KHTA", "KHHSB", "KHTGU", "KHAPP", "ABIK", "KHWD", "KHJMF", "KHNNF", "KHAA", "KHKMR", "KHHBN", "KHBSD",
	"KHOG", "KHNDT", "KHQMB", "KHYOJ", "KHOMR", "KHFHN", "KHTBC", "KHWLN", "KHJRB", "KHUCE", "KHNOK", "KHWMV",
	"KHHNI", "KHBBR", "KHBME", "KHAHM", "KHJKA", "KHTW", "KHWB", "KHVNO", "JBIK", "KHUMB", "KHQHK", "KHNHD",
	"KHAPV", "KHRYE", "KHONK", "KHHSB", "KHTCW", "TWIK", "KHAHU", "KHDAM", "MGBME", "MGVNO", "MGDMQ", "KHBAC",
	"KHBBB", "KHGRV", "MGHLB", "KHSQF", "MGAMH", "UTIK", "KHYRK", "KHHRB", "XKHHA", "KHTUI", "KHTCT", "MGTBN",
	"MGJCH", "KHHUJ", "KHAWE", "KHYTU", "VIIK", "KHTAK", "KHYTJ", "KHJJL", "GKIK", "KHQSK", "KHHAJ", "KHUOG",
	"KHJTC", "KHMTO", "FKIK", "KHFBK", "KHTMC", "KHTCO", "KHFDQ", "KHNHB", "KHYTG", "KHGGU", "KHKCF", "KHHXF",
	"KHHKB", "FRIK", "KHYDK", "KHHSK", "KHTAV", "KHWLV", "KHWLI", "KHYMH", "KHOMA", "KHOMO", "KHNBQ", "KHDLO",
	"KHMFB", "KHHGF", "KHJPN", "KHJMC", "KHTOE", "KHMBB", "KHTBO", "KHVVV", "KHMBE", "KHITC", "RRIK", "KHYPT",
	"KHDLC", "YBIK", "KHNMB", "KHYRV", "KHTRG", "KHMCE", "KHWLG", "KHRRK", "KHTJL", "KHBUE", "YVI", "YIFH",
	"YIYVI", "YIOJ", "YIOHV", "MGI", "MGI", "MG", "MGU", "XXOG", "MGMN", "MGKS", "XXMGC", "MGHN",
	"MGM", "MGPI", "MGLLL", "MGMJ", "MGNO", "MGMD", "MGSU", "MGYSM", "MGNSH", "MGNVM", "MGCI", "MGOJ",
	"MGQO", "MGYK", "MGOLL", "MGMVH", "MGCSH", "MGYY", "MGQJ", "MGB", "MGDK", "MGIHU", "MGMG", "MGMMU",
	"MGOIN", "MGOK", "MGBY", "MGPP", "MGQS", "MGMF", "MGBHU", "MGOSU", "MGOII", "MGOIP", "MGPT", "MGTM",
	"MGMFJ", "MGYR", "MGPRU", "MGYVI", "NFMGI", "MGDHE", "MGYMP", "MGPR", "MGWL", "MGSHR", "MGHA", "MGMVN",
	"MGMNR", "MGGB", "MGHQM", "MGLWL", "MGIR", "MGBM", "MGKSR", "MGRVP", "MGBT", "MGHHL", "MGPH", "MGOHH",
	"MGNF", "MGMGI", "MGGI", "MGIKP", "MGLQ", "MGYCK", "MGKLD", "MGKSS", "MGFMU", "MGHGU", "MGHBY", "MGTC",
	"MGWK", "MGKB", "MGTQ", "MGSMM", "MGHER", "MGHNN", "MGHJD", "MGO", "MGAV", "MGPA", "MGOJU", "MGSJ",
	"MGHBR", "MGLMO", "MGOMR", "MGHON", "MGGG", "MGYIU", "MGIHM", "MGILG", "MGHNB", "MGJKP", "MGFSM", "MGFV",
	"MGBKQ", "MGYKH", "MGHQI", "MGRHG", "MGCNH", "MGMPM", "MGMMR", "MGIHS", "MGSKR", "MGOWY", "MGBUC", "MGNKG",
	"MGBUU", "MGRYO", "MGOIR", "MGONO", "MGYMR", "MGIJE", "MGRB", "MGIAV", "MGWG", "MGHDS", "MGBND", "MGYIU",
	"MGMHL", "MGKKB", "MGUON", "MGHDN", "MGYTT", "MGYKQ", "MGFBO", "MGFB", "MGHEJ", "MGJMU", "MGJMO", "MGHHJ",
	"MGII", "MGYOJ", "MGHPA", "MGIRM", "MGSJR", "MGBCD", "MGDOO", "MGAYK", "ABMGI", "MGOG", "MGTBC", "MGYFE",
	"MGMSO", "MGYTR", "MGBSD", "MGYPU", "MGKMR", "MMMGI", "MGAPP", "MGAA", "MGTMC", "MGQKQ", "MGJNU", "MGVNE",
	"MGJMF", "MGJRR", "MGFF", "MGBGR", "MGLMY", "MGDD", "MGOIN", "MGPP", "MGAU", "MGTGU", "MGYAJ", "MGD",
	"MGEGI", "MGC", "MGYRF", "MGJKA", "MGWOL", "MGBJJ", "YRMVN", "MGABU", "WJNU", "MGQKA", "MGPPA", "MGAMO",
	"WEEE", "MGQMW", "MGNHD", "MGRPA", "MGAHU", "MGAHM", "MGMBK", "DDW", "YUTM", "HVMVN", "FBRMN", "MGHAE",
	"MGNBK", "MGDWF", "KJRR", "MGRYE", "MGHJE", "GJHVO", "MGSJL", "MGVVW", "MGJRB", "MGTLK", "MGOMN", "MGHAG",
	"MGUMB", "MGPH", "MGHHW", "MGHRB", "MGJCR", "MGFBC", "MGBOU", "MGABT", "MGHRF", "MGQKD", "MGMIA", "FFBMG",
	"MGSQF", "MGBHX", "EUMGI", "MGILR", "MGMWD", "MGIIL", "MGHI", "MGJBC", "MGOIR", "MGTQM", "GGHNE", "MGEII",
	"MGBOU", "XMGBB", "MGJOC", "MGTOD", "MGFBB", "MGWJC", "MGJII", "MGHOO", "MGTLM", "SEMGI", "MGUOG", "MGHWP",
	"MGTCG", "MGYUB", "MGYTU", "MGVVD", "MGSMH", "MGYSO", "MGGSK", "MGYJJ", "MGTLB", "MGYTJ", "MGJMC", "MGTMJ",
	"MGBOV", "MGVMP", "MGRMR", "MGOTF", "MGNOT", "MGTHS", "MGCWA", "MGSMI", "MGESD", "EHMGI", "MGFDQ", "MGKCF",
	"MGNHB", "MGLX", "MGTMC", "MGLMC", "MGTCO", "MGAYF", "MGHDW", "MGYOG", "MGMLW", "MGVII", "MGJIP", "MGTRK",
	"MGBBE", "SJMGI", "MGYED", "MGYPO", "MGRRD", "MGFBW", "MGHSK", "MGYBJ", "MGYWM", "MGOMA", "MGWLV", "MGMGH",
	"MGYTO", "MGHDC", "MGDDO", "MGHXC", "MGLMT", "MGISK", "MGJMC", "MGGNI", "HBMGI", "MGSMJ", "MGSMT", "MBMGI",
	"MGYX", "MGYBU", "MGMBB", "MGTOE", "MGTGT", "MGWWW", "MGGWC", "MGVID", "MGHLC", "MGMBE", "MGHHE", "MGQOC",
	"MGNBE", "MGYYB", "MGYWV", "MGNLB", "MGDLC", "MGYBP", "MGYPT", "MGMHM", "MGHUO", "MGANW", "MGBCV", "NBMGI",
	"MGYRV", "MGUOB", "MGTRG", "MGGNF", "MGHUC", "MGYBK", "HVIO", "HOPI", "HOHQO", "HOPRU", "KSHVO", "KJKA",
	"MFHVO", "YJHOJ", "YVHVO", "HOLII", "MVNI", "MNJ", "MMVN", "MNHJ", "MNHE", "CSHN", "YSMVN", "LUMVN",
	"CIMN", "SKMVN", "MNCSH", "MNHQU", "MNPU", "JRMVN", "OIMVN", "IRMVN", "TTMVN", "IOMVN", "MNMA", "RBMVN",
	"SIMVN", "KBMVN", "MNWG", "FBRMN", "KKLU", "KMSO", "HMMVN", "YJYJN", "HBMVN", "HFMVN", "MGMVN", "MNMWG",
	"TVIN", "FFBMN", "HDMVN", "TCMVN", "LVMVN", "YBMVN", "SRMVN", "TWLN", "JIMVN", "GHMVN", "FQMVN", "CAMVN",
	"OFMVN", "SJMVN", "NRMVN", "YVGN", "BCMVN", "YBMVN", "TM", "IPTM", "TMMV", "TMHJR", "HRTM", "YUTM",
	"FBRTM", "HQM", "XAHQM", "HMHQM", "YHHQM", "YHHQM", "MOHQM", "HMWKS", "MKHQM", "HMB", "BQ", "BQU",
	"HBQ", "IJB", "NIBQ", "MFBQ", "PHBQ", "JPBQ", "W", "LW", "WL", "LWL", "LA", "LWU",
	"HW", "WKS", "PW", "LWMVS", "WMN", "MUW", "XWMN", "WLLL", "VVW", "WYV", "WML", "LWML",
	"WNO", "LLPI", "XFW", "LLNSH", "YWI", "WPIM", "WHE", "WQO", "WTT", "WOK", "WOLL", "WOLL",
	"WIK", "WMV", "MRW", "FW", "YWO", "EW", "WFQ", "WW", "WHVO", "YRW", "WGB", "HHW",
	"IKW", "WOHH", "YVIW", "YWNO", "JWNO", "WCHE", "HAW", "WYVO", "WTJ", "OMRW", "WGDI", "WHER",
	"WGG", "WHER", "FDW", "WYHV", "HDW", "LGWM", "OMDW", "WOMD", "WOWY", "WICE", "WTC", "XMLLW",
	"OFW", "WBBM", "WQKI", "LGUW", "FBRW", "WEEE", "WKMR", "WJNU", "MWMM", "WFQG", "WAMH", "WHJG",
	"WWW", "VIW", "VWJLO", "WSMH", "WIOM", "WYTG", "WFDQ", "WMWM", "NGMWM", "WGNI", "MWILW", "XWWWM",
	"WWWM", "NYO", "JLYO", "NOAM", "NMDL", "NMYIU", "JBWNO", "PKNIO", "XK", "KNHS", "KMN", "KP",
	"KSL", "KNN", "KM", "KON", "KNO", "XKDI", "KMY", "KU", "KMMS", "KSM", "KMS", "KNSH",
	"KF", "KIKU", "KAU", "KOLL", "KDK", "KHVP", "KMVH", "KKNJ", "KPP", "KHNE", "KMKS", "XKOO",
	"KOSU", "KHNK", "KYG", "KPRU", "KDHE", "KTM", "KMNR", "KYMP", "KPT", "KHVI", "KAM", "KOHH",
	"KHIO", "KRC", "KHEY", "KBM", "KOK", "KLLN", "KPR", "KYR", "KKSR", "KYVI", "KHS", "KMOB",
	"KSP", "KMYM", "KBQ", "KNOM", "KOMG", "KLMI", "KBMR", "KKN", "KYVO", "KKB", "KWR", "KNIN",
	"KTQ", "KMIG", "KGDI", "KAV", "KMTC", "KOWY", "KMRT", "KMVM", "KJKD", "KNIB", "KHDU", "KIUH",
	"KMFR", "KFB", "KICE", "KIJB", "KHDN", "KGP", "KOOG", "KCRU", "KMMR", "KEFH", "KTBS", "KLWE",
	"XKNBK", "KLSD", "KAPH", "KBB", "KSMV", "KJRR", "KFF", "KLMY", "KJCC", "KDD", "KOKR", "KHDD",
	"KTBC", "KKLU", "KHBN", "KWML", "KHHJ", "KHPA", "KWJR", "KOG", "KNLR", "KHDV", "KYSY", "KYOJ",
	"KMLM", "KMSO", "KTA", "KCWJ", "KIKH", "KHJG", "KQHK", "KOMN", "KONK", "KHNI", "KDLN", "KAMH",
	"KTMV", "KJKA", "KHXO", "KBBR", "KBJJ", "KNBK", "KTJR", "KRYE", "KYTA", "KKTG", "KFDV", "KEII",
	"KTUO", "KQHP", "KHUP", "KWLE", "KKOG", "KWOT", "KFCB", "KOIR", "KHYE", "KHI", "KHHW", "KTQM",
	"KHXE", "KYPM", "KJBC", "KTOR", "XKHUP", "KEOG", "KNSV", "KMWF", "KIIH", "KYSK", "KWVF", "KKOP",
	"KHOO", "KSMH", "KYTJ", "KBOF", "KDLO", "KDLK", "KKRB", "KCPI", "KSMB", "KLWV", "KTAK", "KTLM",
	"XKNLP", "KBOV", "KTMC", "KHOE", "KKCF", "KNLM", "KOGF", "KMLW", "KFFS", "KANB", "KNOE", "KRRJ",
	"KNLI", "KMMP", "KRRU", "KMGG", "KANA", "KWLV", "KOMA", "KTWV", "KOMP", "KHOK", "KYTP", "KYVG",
	"KSRJ", "KMBW", "KTWB", "KHXV", "KNCR", "KYWD", "KSCE", "KYWF", "XKDLO", "KHUB", "KYX", "KPKO",
	"KTOV", "KNMQ", "KHAL", "KHOK", "KWGG", "KMDM", "KMBG", "KDLC", "KHDC", "KJCO", "KNFQ", "KBCV",
	"KNLP", "KBUG", "KVUG", "KTOG", "KJCC", "KWWF", "KVFQ", "KVFB", "NIYO", "NOMJ", "NOMK", "NOHNE",
	"NOMKU", "NOMRT", "NONHE", "HA", "MA", "HAU", "XHAP", "HAJ", "HAP", "HAHU", "HAPI", "HAAU",
	"PPHA", "HAMG", "HAHE", "HAYMP", "HAOII", "HAKJ", "HADJ", "HAPSL", "HAYCK", "HATT", "HAIOJ", "HAUSU",
	"HAHQI", "HAHGR", "HAAMJ", "MAMA", "HAJMU", "HABGR", "HAQMB", "HLHA", "HAUMT", "HAHAA", "HAYRB", "HGFMU",
	"HAHAJ", "HAQMC", "HAUOG", "HAHAJ", "HAGGU", "HATMJ", "HAHDW", "HAHUJ", "HAHSK", "HABBE", "HAHAG", "HGAFU",
	"HAVID", "HAIPF", "HAMBG", "HABWI", "DHE", "DEMJ", "DEPRU", "NSDHE", "BQDHE", "XIEDH", "IEDHE", "TADHE",
	"DMDHE", "GTDHE", "BJDHE", "DEBJJ", "PUDHE", "YMDHE", "XGTDH", "YMDHE", "GCDHE", "BT", "YBT", "XNSBT",
	"MDBT", "MFBT", "NLBT", "LBT", "CSHT", "KIBT", "NSBT", "HDBT", "TCBT", "XIEBT", "NUBT", "GIBT",
	"LKBT", "IJBT", "GYBT", "LIBT", "OMRT", "EDBT", "KFBT", "ENBT", "TGBT", "IOBT", "HYBT", "IBBT",
	"IEBT", "ISBT", "EOBT", "VEBT", "IIBT", "ABBT", "VOBT", "LMFBT", "WKBT", "SIBT", "HEBT", "HXBT",
	"OINT", "YPWBT", "HCBT", "GKBT", "EHBT", "ORMWT", "SRBT", "VKBT", "BU", "BUMN", "BUMJ", "BUMD",
	"YVBU", "BUYV", "JBMM", "BUON", "BUMMU", "BUPIM", "DBU", "BUPU", "BUHML", "BUCMS", "BUCSH", "BUQJ",
	"HJBU", "BUYK", "BUB", "FHBU", "BUHVP", "BUMMI", "BUMLS", "BUHE", "BUYHS", "BUFH", "BULBU", "AHBU",
	"BUHQU", "HQBU", "BUVF", "BUSK", "BUMMF", "BULBK", "BUMYM", "BUVIS", "BULWL", "BUIV", "WLFF", "BUOHH",
	"BURHU", "BUPR", "KCBU", "BUIR", "HMBU", "BUJD", "BUDJ", "BUJMN", "PBVC", "JBMC", "BURVP", "BUHVI",
	"NUBU", "BUHQO", "BUSP", "YPBU", "BUYMP", "BUSHR", "BUHIO", "BUYVI", "BUMOB", "BUFQ", "BUIKP", "BUGG",
	"BUBMR", "BUFD", "BUMIG", "BUKN", "BUSJ", "BUNIR", "BUPA", "BUNIN", "BUSMG", "FQBU", "BUIHQ", "BUTK",
	"BULMO", "BUTQ", "BUAV", "BUHHV", "WLOOO", "BUINE", "TQBU", "BUNSD", "OLMBU", "BUICE", "BUFB", "BUAMJ",
	"BUJMU", "BUCNH", "BURMG", "BUOOG", "BURB", "BUHQI", "BUNAU", "BUBUU", "BUKKB", "BUWD", "BUDT", "BUOMM",
	"BUFF", "BUTBC", "BUOMB", "BUJNU", "BUGCE", "BUAPH", "WLMRV", "BUHSK", "BUMGG", "BUQMB", "BUBSD", "HHBU",
	"BUDOO", "BUYOJ", "BUFQU", "BUHJM", "BUOG", "YEBU", "BUWML", "BUHHJ", "BUGCG", "BUHPA", "BUHXU", "BUVNE",
	"WLGTJ", "BUJLO", "BUBD", "BUBGR", "BUOMN", "RKBU", "BUTKR", "BURSE", "BUAHM", "BUKGG", "BUBJJ", "BUJIR",
	"BUQKA", "BUNKQ", "BUAHU", "BUJKA", "BUONK", "BUJMM", "BUAMO", "BUNOK", "HWGTI", "YBMCU", "NKBU", "BUBUK",
	"HUIKK", "BUHJU", "BUTW", "BUHDF", "XBULM", "BUYFD", "BUCIM", "GUHNE", "BUILR", "BUJBC", "BUGIT", "BUHXE",
	"BUJQR", "WLGRV", "XXBUB", "BUBAC", "BUTMB", "BUYRL", "BUQMC", "BUYTJ", "SEBU", "BUHAF", "BUSRR", "BUTAK",
	"BUJMC", "BUHOO", "BULWV", "BUYUB", "BUTLB", "BUMWF", "BUFBG", "BUQOU", "TWLU", "BULLP", "BUANG", "FKBU",
	"BUGRR", "BUOGF", "BUTCO", "BUSHB", "BUNOT", "BUMWJ", "BUBBQ", "BUKCF", "BUYBK", "BUANB", "BUMJK", "BUTMJ",
	"BUNHB", "BUYTG", "BUOTF", "BUFDQ", "BULMC", "BUANA", "BUTPD", "BUBBE", "BUOMA", "BUNCR", "BUOMO", "GEBU",
	"BUJCM", "BUOG", "BUHOK", "BUHFP", "BURRD", "BUJPN", "BUHGF", "BUSMG", "BUTOE", "BUTBO", "BUHAS", "BUJMC",
	"BUVFB", "BUMTB", "BUITC", "BUOGE", "BUNBE", "BUHUS", "BUMBG", "BUYPT", "BUTWU", "BUYBP", "BUTRG", "VFBU",
	"BUMMP", "JMJMM", "BUFBF", "BUANK", "BUSYI", "NINH", "NHOIN", "NHOII", "NHBCR", "NHFB", "NHTA", "NHBUE",
	"OK", "IOK", "NOK", "OKR", "NMOK", "OKNL", "OKHK", "OKSS", "OKHBY", "OKHKL", "OKOOG", "OKMRT",
	"OKHDV", "OKHKB", "OKCWA", "OKTOE", "OKWLP", "MR", "MRMN", "MRLN", "MRHN", "MRND", "MRMJ", "MRMU",
	"MRHP", "MRON", "MRM", "MRNI", "MRHNI", "MRI", "MRNSH", "MRNVM", "MRFH", "MRBY", "MRDK", "MRE",
	"MRQO", "MRYK", "MRMSU", "QJMR", "MRYHN", "MRYLM", "MRPSH", "MRNO", "MROLL", "MRCSH", "MRNHE", "MRMVH",
	"MRPP", "MRHNE", "MRMT", "MRKNJ", "MRQNI", "MRKQ", "MRPU", "MRMVN", "MRBHU", "MROIN", "MRHNK", "MRGI",
	"MRDJ", "MRHS", "MRBM", "MRMGI", "MRMNR", "MRJP", "MROPD", "MRHPM", "YPMR", "MRYR", "MRHSN", "MRLLN",
	"MRWYI", "MRYG", "MRYT", "MRHIO", "VEMR", "MRIE", "MRMFJ", "MROII", "MRPRU", "MRMR", "MRDHE", "MRDM",
	"MRHA", "MRLWL", "MRSLB", "MRTK", "MRMMS", "IPMR", "MROM", "MRBQ", "MRHVD", "XMRII", "MRUU", "MRNOM",
	"MROMG", "MRHJD", "MRFMU", "MRGG", "MROMR", "MRHWK", "MRGR", "MRLQ", "MRNMU", "MRYVO", "MRHER", "MRAV",
	"MRMTN", "MRMJJ", "MRBMR", "MRTT", "MRMCW", "MRJKP", "MRTC", "MRMBO", "MRKT", "MRJPU", "MRWR", "MRUSU",
	"MRHKL", "MRYLC", "MRMVM", "MRFB", "MRHGR", "MRNKV", "MRIAV", "MRJKI", "MROMD", "MRJKD", "MRKOO", "MRIUH",
	"MRMGT", "MRNIB", "MRJWJ", "QLMR", "MRHQI", "MRYIU", "MRMLK", "MRTYV", "MRNBG", "MRBUU", "EHMR", "MRWD",
	"MRCOR", "MRGLC", "MRTOP", "MRYWK", "MRUON", "MROMM", "MRUMJ", "MRDCI", "MRMSO", "SEMR", "MRBB", "MRKLU",
	"MRHJM", "MRJCM", "MRBSD", "TCMR", "MRJMF", "MRQMB", "MRDD", "MRWHD", "EEMR", "MRJMO", "MRHPA", "MRBGR",
	"MRII", "MRUMR", "MRVNE", "MRAMI", "MRYOJ", "MRTA", "MRGCE", "MRHHJ", "MRC", "MROG", "MRMPM", "MRKMR",
	"MROMB", "MRJNU", "MRTBC", "MRBTU", "MRYTR", "MRQMO", "MRIKH", "MRMBK", "RRRR", "MRPTD", "MRYRN", "MRQMY",
	"MRBBR", "MRAPV", "MRTLK", "MRHSB", "MRJHR", "MAMR", "MRWMV", "MRMBC", "MRTMV", "MRHJE", "MRRYE", "MRAMH",
	"MRAMO", "MRVVW", "MRTTC", "MRIHR", "MRYBB", "MRUMF", "MRDAM", "MRYBC", "MRQHK", "MRHJU", "MRHNI", "MRJMM",
	"MROBG", "MRYRB", "MRSQF", "XXMRM", "MRSTV", "MRSFB", "MRYTU", "MRTVI", "MRHHW", "MRHYU", "MRILR", "MRYBS",
	"MRBBB", "MRHWP", "MRHI", "MREED", "MRMRR", "MRTQM", "MRJBC", "MRJQR", "MRBVK", "MRTXC", "HEMR", "MRUMT",
	"MRRBC", "MRYHR", "MRNQD", "MRGIT", "MRSMA", "MRIBI", "MRBOU", "MRYCV", "MRJII", "JLMR", "MRBOF", "MRGSK",
	"MRUBB", "MRSMH", "MRYWI", "MRTVS", "MRKKK", "MRIIH", "MRHSE", "MRWVF", "MRMWF", "MRQMC", "IDMR", "MRIHF",
	"MRUOG", "MRHOO", "GEMR", "MRMVB", "MRUOB", "MRVII", "MRTGR", "MRFFS", "MRESD", "MRCWA", "MRNOT", "MRANA",
	"MRHXF", "MRFDQ", "MRTWK", "MRMWJ", "MRTMC", "MRHDW", "MROGD", "MRGGU", "MRRRJ", "MDMR", "MRANB", "MROGF",
	"MRGRR", "MRFBQ", "MRHKB", "MRYDK", "MROMO", "MRHBK", "MRYTO", "MRHSK", "JEMR", "MRWLJ", "MRMBW", "MRTAV",
	"MRDDO", "MRTCD", "HBMR", "MRFBW", "MRTGI", "MRMWM", "MRSRJ", "SJMR", "MRHXC", "MRJMC", "MRAVF", "MRPKO",
	"MRTGT", "MRSIT", "HCMR", "MRMBB", "MRTBO", "XMRSF", "MRTVP", "MRTII", "MRTOV", "MRTWI", "MRTBF", "MRSEC",
	"MRITC", "MRWWW", "WWWR", "MRHLC", "MRMTB", "MRVID", "DDKMR", "MRMBG", "MRSFK", "MRFFF", "MRMHM", "YPMR",
	"MRYBP", "MRIDR", "MRTEI", "MRMBU", "MRTRG", "MRTST", "MRHUC", "MRRRK", "MMF", "IF", "IFU", "IFNHS",
	"IFG", "IFPI", "IFRU", "IFNL", "IFPD", "IFNVM", "IFOLL", "IFHK", "IFMK", "IFHVP", "IFHML", "IFYLM",
	"IFYHS", "IFHNE", "IFL", "IFHG", "IFQS", "IFMR", "IFKR", "IFHQO", "IFSHR", "IFIKK", "IFODI", "IFPH",
	"IFBM", "IFHPM", "MFMMF", "IFJD", "IFHS", "IFGI", "IFJR", "IFRHU", "IFLWL", "UUMMF", "IFSMR", "YPMMF",
	"IFNF", "IFOHV", "IFSMM", "IFTQ", "IFRMK", "IFLMO", "MWMMF", "IFHJD", "IFNMU", "IFOMR", "IFMIG", "BOMMF",
	"IFGR", "IFYBO", "IFHGR", "IFCRU", "IFSME", "IFMMV", "IFIT", "XIFWD", "IFCNH", "IFQKI", "IFROB", "IFPOU",
	"IFTMC", "IFWJR", "IFWD", "IFYOJ", "IFGCE", "IFVNE", "YWMMF", "DDMMF", "IFBGR", "IFJBM", "IFNME", "IFCWJ",
	"IFHHJ", "IFJKA", "IFBJJ", "IFTCW", "IFQHK", "IFMWG", "IFTVI", "IFBBR", "IFYBC", "IFMRW", "IFBME", "IFWLB",
	"IFVNO", "IFAMH", "IFAMO", "IFDMQ", "IFTMD", "IFWP", "IFYBB", "IFLPB", "IFTGF", "IFJBC", "FFBMF", "IFWCE",
	"IFYRB", "IFILR", "IFHYU", "IFSQF", "IFASM", "IFIBI", "IFWLM", "IFTCG", "HLMMF", "IFGRR", "IFVII", "IFWTC",
	"IFRRJ", "IFMWJ", "IFOMA", "IFYTO", "IFTWT", "IFTWV", "IFMFB", "IFGNI", "IFMTB", "IFYRV", "IFOMB", "IFAOC",
	"IFHUC", "IFFKC", "IB", "HLBI", "WLBI", "YUKB", "YWKB", "OYUB", "HD", "HDHU", "HDNHS", "HDI",
	"HDO", "HDHN", "HDND", "HDHP", "HDMJ", "HDKNI", "HDU", "HDL", "HDHJ", "HDF", "FHD", "HDL",
	"HDCSH", "HDHQU", "HDMMI", "HDYJ", "HDFH", "HDJE", "HDYHN", "HDPP", "HDHVP", "HDHK", "HDPH", "HDJR",
	"HDFQ", "HDDHE", "HDSP", "HDHD", "HDLW", "HDBM", "HDMFM", "HDIKK", "HDOII", "HDDJ", "HDMFJ", "HDYR",
	"QKHD", "HDLBK", "HDOS", "HDHQO", "HDHPM", "HDIJC", "HDSS", "HDLXH", "HDIR", "HDRC", "HDNF", "HDBMR",
	"HDGDI", "HDHJR", "HDOMR", "HDWK", "IOHD", "HDMIG", "HDGR", "HDOHG", "HDJHP", "HDNIN", "HDHJD", "HDUNI",
	"HDHBV", "HDIJB", "HDKKB", "YRBD", "HDIAV", "HDBND", "HDICE", "HDCRU", "HDRHR", "XHDWD", "HDAMJ", "HDMLK",
	"HDCNH", "HDRHG", "HDOMD", "HDFB", "XHDCR", "HDMLM", "HDOMB", "HDGCG", "HDWJR", "HDTA", "HDOIP", "HDYRD",
	"HDYTR", "HDHHJ", "HDTMC", "HDJBM", "HDOG", "HDWHD", "HDGCE", "HDBB", "HDWD", "YWRD", "HDBGR", "HDYOJ",
	"HDIRM", "NMHD", "HDYRF", "HDFA", "HDDMQ", "HDQHK", "HDHSB", "HDWB", "HDOAE", "HDMRW", "HDMBK", "HDPPA",
	"HDHJG", "HDUCE", "HDNOB", "HDBGB", "HDBLA", "HDNSP", "HDTXC", "HDTVI", "HDIKM", "HDWCE", "HDYVW", "HDJBC",
	"HDSYJ", "HDBHX", "HDJMO", "HDIUA", "YBHD", "HDYRB", "GDHNE", "HDTSJ", "HDJWP", "HDJCR", "HDBOF", "HDILE",
	"HDHAH", "HDIIH", "IDHD", "HDSYQ", "HDAIU", "HDSMH", "NFHD", "HDQMC", "PDMBC", "HDBSP", "HDNWU", "HDGCW",
	"XXHDH", "HDWTC", "HDTMC", "HDOGD", "HDVII", "HDJIP", "HDGGU", "HDTCO", "HDHKB", "HDOGF", "HDYTG", "HDASE",
	"XHDNW", "HDYTO", "HDTWV", "HDGOW", "HDYMH", "HDYCV", "HDMBB", "HDHXC", "HDJMC", "HDYX", "HULMC", "HDBMP",
	"HDMFB", "HDTOE", "HDITC", "HDNWA", "HDIPF", "HDGRW", "HDYRV", "HDBWI", "HDMMP", "HDHUC", "JC", "JCN",
	"JCKN", "JCKS", "JCNI", "JCN", "JCM", "JCMD", "JCD", "JCTT", "JCHK", "JCMVH", "JCPU", "JCIK",
	"JCHQ", "JCPSH", "JCHS", "JCBU", "JCHIO", "JCPRU", "JCVIS", "JCMOB", "JCHVO", "JCUU", "JCHHL", "JCMMS",
	"JCPYM", "JCEMD", "JCGG", "JCOJU", "JCMIG", "JCIP", "JCYCK", "JCLMO", "JCHGR", "JCHWK", "JCSKR", "JCJKD",
	"JCIHS", "JCMUV", "JCLL", "JCROB", "JCNHX", "JCSUU", "JCWD", "JCEEE", "JCIRM", "JCYOJ", "JCAPP", "XJCQO",
	"JCJNK", "JCYAJ", "JCYTA", "JCBBR", "JCEGG", "JCQHK", "JCOMN", "JCFDV", "JCHHN", "JCTGF", "JCBOU", "JCOLD",
	"JCFDJ", "JCHOO", "JCJBC", "JCHAF", "JCLWV", "JCSJL", "JCHDP", "JCVMR", "JCQOU", "JCHWP", "JCVVD", "JCPKO",
	"JCGFO", "JCNLM", "JCMMU", "JCHUU", "JCKCF", "JCGWU", "JCHXV", "JCHSK", "JCHHR", "JCGWC", "JCGRU", "JCYBP",
	"JCHDB", "YT", "YTHN", "YTJ", "YTT", "YTHJ", "YTHNE", "YTKI", "YTNR", "YTHQU", "YTHT", "YTCSH",
	"LEYT", "YTFH", "YTPR", "YTYR", "YTJMN", "YTOII", "YTWU", "YTYT", "YTRHU", "YTAHU", "YTAJ", "YTMA",
	"YTIOK", "YTICE", "YTJKI", "YTWG", "YTDL", "YTHXH", "YTYAJ", "YTJBM", "SEYT", "YTBSD", "YTHLB", "YTAPV",
	"YTSTT", "YTUMB", "YTMWG", "YTJII", "YTCWA", "YTNOT", "YTTWI", "YTMRB", "YUYTU", "YJHEE", "YUYTU", "H",
	"HMM", "HKS", "HHNI", "HMD", "HPD", "HMJ", "HYV", "HM", "HKNI", "HNVM", "HMT", "HKK",
	"HAU", "HYY", "HNHE", "HPIM", "HHLO", "HSK", "HMVH", "HOB", "HMMU", "HPHH", "HYHN", "HHK",
	"HOIN", "HPP", "HHQU", "HBHU", "XHVIO", "HHEY", "HYR", "HHQM", "HWL", "HLW", "XXHUU", "HWE",
	"HIR", "HHVO", "HYT", "HBM", "HRVP", "HPRU", "HSHR", "HSMR", "HODI", "HBT", "HDM", "HOIP",
	"HAM", "HLXH", "HNLH", "HOII", "HHS", "HVE", "HLLN", "HPR", "HIT", "HKSR", "HMNR", "HESU",
	"HOK", "HHHL", "HSR", "HPT", "HIJ", "HMSL", "HIKP", "XXHBT", "HYKS", "HHER", "HGG", "HTW",
	"HEPD", "HWK", "HLMO", "HHGU", "HLQ", "HMNL", "HHJR", "HGDI", "HYCK", "HBKS", "HOMG", "HPA",
	"HVR", "HOI", "HSMG", "HMNJ", "HBMR", "HMJJ", "HOMR", "HHON", "HDB", "HOL", "HQR", "HQD",
	"HPPJ", "HLLB", "HFSM", "HNSD", "XHJD", "XHBND", "HGPM", "HOMD", "HQAU", "HHDN", "HIAV", "HRHR",
	"HJMU", "HBUU", "XHOIR", "HNIB", "HSWL", "HBUC", "HIHS", "HMGT", "HMOO", "HBMS", "HOHS", "HOLK",
	"HFB", "HNKG", "HKOO", "HNKM", "HHGR", "HPDK", "HAMJ", "HQKI", "HSMI", "HMLK", "HRBO", "HRVK",
	"HOMM", "HHED", "HLSA", "HYTR", "HDOO", "HSJE", "HHHJ", "HWML", "HBOP", "HWJR", "HEIR", "HQRS",
	"HYSY", "HII", "HMGN", "HQSB", "HYPU", "HBSD", "HQMB", "HJLO", "HSMB", "HNME", "HEHA", "HTMC",
	"HDD", "HBUT", "HWHD", "HBSE", "HORN", "HNDO", "HJCM", "HQTM", "HFQU", "HAPP", "HHJM", "HJRR",
	"HJNU", "HDBN", "HYOJ", "HEDE", "HQMO", "HSKT", "HQEQ", "HWLN", "HCWJ", "XHLX", "HTKR", "HTBN",
	"HJMM", "HOMK", "HPAD", "HDBU", "HEHU", "HSYJJ", "HIHR", "HFHU", "HJRB", "HYSD", "HJKA", "HVFI",
	"HQKA", "HHOQ", "XXHSM", "HHJG", "HFBN", "HRSJ", "HAIL", "HHAG", "HAHM", "XHAHU", "HJJU", "HUMB",
	"HVNO", "HHSB", "HGGI", "HMND", "HETC", "HSKO", "HONK", "HHDF", "HBUH", "HTMO", "HDSB", "XHLMO",
	"HOIV", "HFDV", "HRBC", "HGIT", "HILR", "HOGE", "HPUU", "HYRB", "HSLY", "HNMM", "HNEF", "HTTB",
	"HEAG", "HOQB", "HOLD", "HBUI", "HMBC", "HYBS", "HSQF", "HMWD", "HHWP", "HOBG", "HNLD", "HHRB",
	"HHYU", "HMNQ", "HOIR", "HYTU", "HLIT", "HCIJ", "HYRL", "HYUB", "HQJM", "HWTJ", "HYMO", "XHHOO",
	"HMYF", "HYHJ", "HIIH", "HBUU", "HQHJ", "HMWF", "HHVU", "HHOL", "HWLI", "HJII", "HQMC", "HHOO",
	"HWIM", "HHDN", "HISU", "HYHM", "HJMK", "HYSK", "XHSYJ", "HYHR", "HTCG", "HAVT", "HDLO", "HLWV",
	"HQTA", "HIXP", "HJJO", "HYWV", "HBUI", "HBRH", "XHYWV", "HTJS", "HVDL", "HECD", "HLLL", "HJII",
	"HWLB", "HTCL", "HEAH", "HKCF", "HRRJ", "HMWJ", "HIBT", "HANA", "HANK", "HLMC", "HWLC", "HHKB",
	"HNOT", "HTMC", "HRUC", "HFFS", "HMUA", "HLX", "HRMR", "HGCR", "HQOA", "HDTC", "HLLJ", "XHYSC",
	"HBHJ", "HJJJ", "HYPC", "HJJR", "HIFE", "HNCR", "HTCE", "HFBW", "HJTG", "HYBB", "HQTB", "HOMO",
	"HITC", "HEII", "HQHW", "HDLO", "HOIB", "HSIT", "HSLC", "HHXC", "HTOE", "HYRO", "HMGN", "HGRG",
	"HSMG", "HMFB", "HGNI", "HQDA", "HPKO", "HYSC", "HBFE", "HBUV", "HQMW", "HEHW", "HLVK", "HDHW",
	"HJIM", "HMBG", "HBFF", "HCVE", "HYPT", "HCII", "HQWJ", "HYRN", "HHLF", "HDLC", "HYBP", "HQOO",
	"HOOK", "HANW", "HOIM", "HOMB", "HCHG", "HYYO", "HOOO", "HYHS", "HVIL", "HHUC", "HYBG", "HMMP",
	"HWLG", "HYRN", "HBUE", "XHMBG", "HOBC", "FD", "OFD", "FDJ", "FDHN", "FDHP", "FDNJ", "FDV",
	"FDON", "FDK", "FDU", "FDND", "FDSHI", "FDDI", "FDJK", "FDHJ", "NOFD", "FDPP", "FDHE", "FDPHH",
	"FDFH", "FDYHN", "FDNG", "FDCSH", "PPFD", "FDKNJ", "FDNL", "FDHQU", "FDSO", "FDKI", "FDMS", "FDAU",
	"FDYT", "FDTM", "FDSS", "FDHA", "FDDJ", "FDBM", "FDYR", "FDLW", "FDOPD", "LLFL", "UUFD", "FDMMS",
	"FDMCW", "MWFD", "XFDTC", "FDBMR", "IOFD", "FDBT", "XHWMV", "NFDN", "FDNIQ", "FDIG", "FDMA", "FDJKP",
	"FDTC", "FDMBL", "FDTW", "FDOMR", "FDIAV", "FDBUU", "FDBND", "EIFD", "YEFD", "FDMLK", "FDWG", "HWMVS",
	"FDVNE", "FDPFD", "FDTMC", "FDYOJ", "FDHHJ", "FDSMV", "FQVV", "FDJMF", "FDQMB", "FDWD", "FDTOP", "FDIKH",
	"FDTMV", "FDAMH", "FDISB", "FDNHD", "FDMWL", "FDONK", "FDNOB", "FDUCE", "FDJRB", "FDTBN", "FDHOA", "FDTVI",
	"FDMWG", "FDSFB", "FDIBI", "FDNMM", "FDTHB", "GDHNE", "FDEII", "FDTGF", "FDILR", "FDHUK", "FDJMO", "FDYHR",
	"FDTVG", "FDFBG", "IDFD", "FDIIH", "FDWTC", "FDTWA", "FDILE", "FDYTU", "FDTAK", "FDMUA", "FDTBK", "XFDMB",
	"FDGRR", "FDAMG", "FDNII", "FDOMA", "SJFD", "FDWLV", "FDWLA", "FDUCE", "FDSIT", "FDMBB", "FDWJI", "UJFD",
	"FDMTB", "TEFD", "ODSMG", "THJD", "UDSMG", "FDTAW", "VIF", "VIF", "XVFU", "HVIF", "VFKS", "VFMN",
	"VFVL", "VFSH", "VFSU", "VFIK", "VFDI", "VFLLL", "VFPI", "VFM", "VFMD", "VFON", "VFKNI", "VFSHI",
	"YKVIF", "VFYK", "VFIKU", "VFOB", "VFIK", "VFYJ", "VFNG", "VFMF", "VFOLL", "VFNIN", "VFPU", "VFPP",
	"VFNL", "VFFH", "VFKI", "VFHVP", "VFNHE", "VFCSH", "VFMMI", "VFHG", "VFLBU", "VFOIN", "QMVIF", "VFYHS",
	"JBVIF", "VFKNJ", "VFHML", "QUVIF", "VFAU", "LEVIF", "VFODI", "VFHQO", "VFYMP", "YPVIF", "VFLW", "VFNI",
	"DUVIF", "WVIF", "VFW", "VFIKK", "VFPT", "VFLWL", "VFDHE", "VFJMN", "VFGI", "VFOII", "VFYG", "VFSHR",
	"VFTM", "VFLBK", "VFLLN", "VFJP", "VFOHH", "VFIR", "VFUU", "VFOPD", "VFHEY", "VFYVI", "VFBM", "VFBR",
	"VFFQ", "VFPR", "VFHA", "VFID", "VFDM", "XVFII", "VFEG", "VFOHG", "VFHON", "VFLWP", "VFGR", "VFHJD",
	"VFILL", "VFGG", "VFMA", "VFSHU", "VFFMU", "VFWR", "VFIMO", "VFMAM", "VFMBM", "OLOF", "QHVIF", "VFKMS",
	"VFYCK", "VFOMG", "VFKB", "VFHER", "VFPA", "VFTT", "VFMCW", "VFOIK", "VFOMR", "VFBMR", "VFIJ", "VFLMO",
	"VFWK", "IIIF", "VFHJR", "FQVIF", "VRVIF", "VFYVO", "VFMIG", "VFYIU", "VFVIF", "VFHEQ", "VFTQ", "VFOMI",
	"VFNAU", "QIVIF", "VFBUU", "VFRB", "VFKKB", "VFNAU", "VFBSH", "VFRHR", "VFIHS", "VFIJE", "VFDL", "VFQJL",
	"VFYRU", "VFFB", "VFJMU", "VFSME", "VFMLK", "XVFMC", "VFCNH", "VFHDS", "VFKOO", "VFJKI", "VFCOR", "VFJBD",
	"VFNKG", "VFBV", "VFCRU", "VFWD", "VFBND", "VFMVM", "KSHVF", "VFGP", "VFNKM", "VFBCR", "VFHEJ", "VFVFD",
	"VFGBU", "VFSIP", "VFJMF", "VFDD", "VFHJM", "VFHSK", "VFVNE", "VFYRF", "VFBGR", "VFFQU", "SLVIF", "VFWML",
	"TCVIF", "VFYRD", "VFTMC", "VFJNU", "VFQMB", "VFII", "VFBBE", "VFOG", "HKVIF", "VFPOU", "VFJRR", "VFBTU",
	"VFBTV", "VFBB", "VFEEE", "VFBD", "XVFWD", "VFYOJ", "VFOMB", "VFHOR", "VFKMR", "VFJMO", "VFHHJ", "VFYAJ",
	"VFGCE", "VFHAB", "VFJLV", "VFJLO", "VFFF", "VFOOO", "VFAPP", "VFSJE", "VFAPH", "VFVVW", "VFGTJ", "VFMLB",
	"SEVIF", "VFLMY", "VFHDV", "VFHPA", "VFIRM", "VFCIP", "OYHVF", "VFNME", "VFJKA", "VFTLK", "VFFBR", "VFYKL",
	"XVFJK", "VFDBU", "VFIHR", "VFTLJ", "VFHAE", "VFMBK", "HBHVF", "VFRSJ", "VFHJE", "VFHJG", "VFYBB", "VFRPA",
	"VFTW", "VFVNO", "VFPTD", "VFORD", "VFWP", "VFTCW", "VFHSB", "VFBME", "VFPMM", "VFPKP", "VFMWL", "VFWB",
	"VFOAE", "VFDMQ", "VFOMN", "VFONK", "VFBUH", "IQHF", "VFDWF", "VFUCE", "VFOMK", "VFBJJ", "VFMWG", "VFAMO",
	"VFBBR", "VFMGK", "VFABT", "VFYBC", "VFMWG", "VFIRP", "VFRSE", "VFNMO", "VFCRP", "VFNOB", "VFWLU", "VFIHV",
	"XVFPM", "VFJMM", "FFBVF", "VFMIA", "VFTCT", "VFYHR", "VFYTU", "VFYBS", "VFBBB", "HEVIF", "VFPUU", "VFTXC",
	"VFTQM", "VFMHF", "VFEED", "VFWOT", "VFJQR", "VFYWV", "VFBVK", "VFTSJ", "VFBHX", "VFIBI", "VFRBC", "VFJBC",
	"VFYRB", "VFMVI", "GFHNE", "VFJYJ", "BFQF", "BFHVF", "VFQMF", "VFQKD", "XXVFH", "VFOLD", "VFAFU", "VFBOF",
	"VFWTJ", "VFYHJ", "VFIHF", "VFYUB", "VFJOA", "VFJMC", "VFHOO", "VFHOO", "VFWVF", "VFJII", "VFYVQ", "VFAWE",
	"GIVIF", "VFLWV", "VFTAK", "VFMWF", "VFYJJ", "IDVIF", "VFYSO", "VFHWP", "VFQMC", "VFIIH", "VFUOG", "OKVIF",
	"VFYIJ", "VFUBB", "SEVIF", "VFVVD", "VFSMH", "BUHVF", "VFNII", "VFBUO", "VFJIC", "XJEVI", "VFHCE", "XVFLL",
	"VFBKF", "VFRUC", "VFJIP", "VFHKB", "VFCWA", "VFASE", "VFYIA", "VFTGR", "VFTBK", "VFFDQ", "VFNHB", "VFHDW",
	"VFKCF", "QFYAJ", "VFTWI", "VFANB", "VFGGU", "VFRRJ", "PPPF", "VFLX", "VFLMC", "VFLGM", "XTBUF", "VFGRR",
	"XVFNR", "VFMBI", "VFYGQ", "VFRXU", "VFOMA", "JEVIF", "VFGOW", "TBLI", "VFMWM", "VFWLV", "VFRRD", "VFTPP",
	"VFNBQ", "VFHSK", "SJVIF", "VFYWM", "VFYTP", "VFTWV", "VFYTO", "VFWLJ", "VFNKF", "VFMBB", "VFVVI", "VFJMC",
	"VFYLR", "VFSIT", "VFOTO", "VFHGF", "HBUF", "VFYX", "VFTYJ", "VFVID", "VFWGG", "FFMBC", "VFGRC", "VFQOC",
	"VFITC", "VFMBE", "VFGWC", "WWWF", "VFJIM", "VFIWG", "VFYKC", "VFYPT", "VFMWG", "VFBCV", "VFNRI", "VFYRV",
	"VFOIM", "VFUOB", "VFHUC", "VFWLG", "VFMMP", "QMWYF", "VFSWU", "VFWWF", "VFVFP", "VVM", "VMVL", "VMMD",
	"VMM", "VMDI", "VMHJ", "VMON", "VMPI", "VMNHE", "VMKNI", "VMI", "VMSU", "VMSHI", "VMQS", "VMMMI",
	"VMKI", "VMPU", "VMPP", "VMFH", "VMBK", "VMOB", "VMHG", "VMOO", "VMOP", "VMCSH", "VMHVP", "VMYK",
	"VMYHS", "VMJM", "VMNL", "VMNG", "VMNIN", "VMIJ", "VMTM", "VMPT", "VMIKE", "VMKVC", "VMBM", "VMLWL",
	"VMW", "VMRC", "VMHEY", "VMNSM", "VMFQ", "VMLLN", "VMUU", "VMSHR", "VMEQ", "VMNOM", "VMIR", "VMQJL",
	"XVMIJ", "VMGR", "VMKMS", "VMJPU", "VMMIG", "VMHON", "VMOMI", "VMOMR", "VMPA", "VMHEQ", "VMHER", "VMNAU",
	"VMYCK", "VMYIU", "VMMLK", "XVMFB", "VMRB", "VMHDS", "VMCOR", "VMBV", "VMHED", "VMVFD", "VMCNH", "VMQMO",
	"VMJKA", "VMGCE", "VMTLK", "VMJNK", "VMKMR", "VMLMY", "VMYAJ", "VMFBR", "VMAPP", "VMRLU", "VMOG", "VMHAB",
	"VMBBE", "XVMBB", "VMBGR", "VMPOU", "VMHYR", "VMFQU", "VMJMF", "VMJMO", "VMJRR", "VMNME", "VMEEE", "VMVVW",
	"VMTLJ", "VMDBU", "VMIHR", "VMMWL", "VMLIU", "VMAMO", "VMBUH", "VMRSJ", "VMABT", "VMLMO", "VMWP", "VMHJM",
	"VMHJE", "VMOMK", "VMHAE", "VMONK", "VMYHR", "VMBME", "VMYBB", "VMFDV", "VMISB", "VMRPA", "VMVNO", "VMMCA",
	"VMIBI", "VMMVI", "VMJBC", "VMYHJ", "VMYWV", "VMYRB", "VMIWG", "VMYUB", "VMTCT", "VMTXC", "VMJOC", "VMMWF",
	"VMAWE", "VMWVF", "VMBOV", "VMJOA", "VMSMH", "VMVVD", "VMGRO", "VMKCF", "VMTTR", "VMCWA", "VMMWM", "VMYLR",
	"VMRRD", "VMWLV", "VMHSK", "VMHUO", "OJU", "OUSL", "OUM", "OUF", "OUDK", "OUMVN", "OUNO", "OUDM",
	"OUTT", "OUHMR", "OULMO", "OUBTU", "BOOJU", "FFBOU", "GEOJU", "OUYPD", "OUWJC", "OUTWI", "OUMWJ", "OUFBQ",
	"JEOJU", "YVGU", "BCOJU", "WWWU", "OUAMI", "OUYPT", "OUTRG", "BKK", "WLL", "BK", "BTYV", "BCMJ",
	"WLOI", "WLNI", "WLMF", "BCD", "WLIVN", "WLHVO", "WLYG", "WLBM", "WLNIH", "WLJR", "WLRVP", "WLMYM",
	"WLGI", "WLGG", "WLCNH", "WLRB", "WLBND", "WLDD", "WLKLU", "WLYAJ", "WLLMY", "WLGGY", "WLEEE", "WLIRM",
	"WLJBM", "WLYTA", "WLYRN", "WLJBJ", "WLJKA", "WLWP", "WLGIF", "WLSQF", "WLHHW", "WLIBP", "WLYRI", "WLPOG",
	"WLVVD", "WLSFI", "WLWTJ", "WLMFN", "WLCWA", "WLYTG", "BKMLW", "WLTJM", "WLVFB", "WLTAB", "WLVFJ", "WLVFG",
	"WLIPF", "WLTJR", "WLTJF", "WLVFF", "TQ", "LMYQ", "TGHU", "KTQ", "TGK", "TQHHH", "XXXTG", "TGNO",
	"TQCSH", "TQAU", "TGF", "TGINE", "TQHNE", "TGHI", "BTQ", "XTGF", "TQOII", "TGLLN", "TQJMN", "TQHPM",
	"TQNG", "TQNOM", "TQKN", "TGIMO", "TQIJ", "SRTQ", "SRTQ", "TQMVM", "TQJMU", "TQICE", "TGENO", "TGHQI",
	"TQIAV", "TQJCM", "TQIHR", "TQOMN", "TGFO", "TQAPV", "TQUMF", "TQMHF", "TGHDS", "TQHDW", "TQTQQ", "TQJTC",
	"TQYWM", "TQOMO", "YRBTN", "TGFTK", "TQMBB", "TQIXE", "STQQ", "SMSIM", "SMM", "SMT", "SML", "CISM",
	"SMCSH", "KISMM", "SMJE", "JESMM", "SMKNJ", "SMIKK", "WLSMM", "DMSMM", "YTSMM", "SMYT", "SMYT", "SMDHE",
	"OISMM", "SMOHH", "SMHQO", "SMPR", "SMHA", "GRSMM", "TQSMM", "OMRM", "XORSM", "NNSMM", "JUSMM", "UNSMM",
	"SMBKQ", "OLOM", "SMKOO", "JISMM", "SMYRF", "SMOG", "SMYOJ", "LYSMM", "BRSMM", "SMYTV", "RBSMM", "JASMM",
	"TBNM", "JMSMM", "SMAMO", "HBSMM", "SMUCE", "SAMMU", "SMBJJ", "SMONK", "MBSMM", "SMYRB", "JJOSM", "HJSMM",
	"MFSMM", "SESMM", "SMYJJ", "SMHAF", "XXHJS", "FQSMM", "JCSMM", "GUSMM", "HJSMM", "HWSMM", "SMWTC", "YHSMM",
	"WVSMM", "GISMM", "FUSMG", "JKP", "JK", "JKYS", "JPHQU", "JKA", "JPA", "JKPR", "JPPR", "JKYR",
	"JKMIG", "JPMIG", "MBLL", "MBV", "MBK", "MBHHH", "MBDI", "UMBL", "QD", "QDMN", "QDND", "QDTT",
	"QDFH", "QDHQU", "QDMMI", "QDAU", "QDDHE", "QDIR", "QDRLR", "QDBM", "QDKSR", "QDSS", "QDOMR", "QDBMS",
	"QDTBS", "QDOMB", "QDTA", "QDFBR", "QDWLB", "QDFDV", "QDMVI", "QDTTB", "QDYBS", "QDQMC", "QDLWV", "QDVII",
	"QDFFS", "QDTOE", "QDMBE", "QDIDR", "QDYWV", "SJ", "SJU", "SJMN", "SJNL", "KSJ", "OOSJ", "SJOIN",
	"SJMMI", "SJYLM", "SJBMM", "SJLBU", "SJKI", "SJF", "SJI", "SJCSH", "SJEE", "SJGB", "SJOHH", "SJOK",
	"SJOII", "SJMYM", "SJVIS", "SJUU", "SJHHL", "IPSJ", "SJRC", "SJJMN", "XSJLM", "SJMBL", "SJGR", "SJSJ",
	"SJHJR", "MNSJ", "SJTK", "SJHGR", "SRHG", "SJKOO", "SJLWS", "SJQMB", "SEOOO", "SJHHJ", "SJJCM", "SJIRM",
	"ANSJ", "XORSJ", "SJYJJ", "SJCIP", "SJJMO", "SJHXU", "SJYRN", "SJHLB", "SJPKP", "SJNOK", "XSJVI", "SJLMO",
	"SJCRP", "SJVIK", "SJCIM", "SJHUI", "XSJVI", "SJVIT", "SJHWP", "GKSJ", "GESJ", "HOSJ", "SJJWP", "SJLMC",
	"SJSJJ", "SJYIA", "SJNCR", "SJJPN", "SJJBF", "ELSJ", "NJJWP", "SGJWP", "YPSJ", "LQ", "XL", "ISLQ",
	"MNLQ", "XLX", "PKLQ", "LX", "SILQ", "HKLQ", "IILQ", "OBO", "BN", "BKS", "BHN", "XBKN",
	"XBB", "OOBO", "BON", "BPI", "BKNI", "YVB", "BPD", "BSHI", "FB", "XBV", "BDI", "RB",
	"BG", "BM", "BHHH", "BMJ", "BEI", "BMMS", "BNSH", "BHNE", "BJE", "BOIN", "BQO", "BAU",
	"XBCSH", "BMF", "BQJ", "HSB", "BYHS", "BPU", "BIKU", "BOB", "BYHN", "YMB", "BIK", "BKI",
	"YIB", "BPHH", "KKB", "BHML", "BPP", "BNO", "BCJ", "BCMS", "BJB", "YBB", "BTT", "BKI",
	"LEB", "BL", "BPO", "BKSC", "BLWL", "WB", "LWB", "BHQO", "BAM", "BLLN", "BIKK", "BHA",
	"BPR", "BYR", "LPB", "BHVO", "BIR", "BLXH", "BUU", "BRC", "BSP", "BMFJ", "YPOBO", "BODI",
	"BFQ", "BOHH", "BYVI", "BHS", "BMFM", "BWL", "BHQM", "BHPM", "BPRU", "BWYI", "BGI", "JRB",
	"BMNR", "BOPD", "LVBU", "NOB", "BLBK", "BIKP", "BKD", "BYMY", "BYS", "BNOM", "VEOBO", "BWK",
	"BHEQ", "BKMS", "BKN", "BFMU", "BYVO", "BHER", "BBMR", "BMIG", "BYCK", "PUB", "BPUK", "BMBL",
	"BJV", "BHON", "BTT", "IBPP", "JIOBO", "BGG", "NEMB", "BLMO", "BPA", "BNAU", "XBKF", "KSKSB",
	"BNMU", "BKSS", "BHHV", "BINE", "FCB", "SHSHB", "BOQ", "BOMI", "BKIC", "BIG", "BYKL", "BYUK",
	"BFD", "BHBV", "YCOBO", "BNAU", "BJBD", "BPHR", "BJMU", "BIJE", "BGIL", "BMVM", "BMBU", "BYRN",
	"BOOG", "BBDI", "BNKV", "BNKG", "BOWY", "MVB", "BMMV", "BKOO", "BIPP", "BICE", "BDL", "OLOB",
	"BKKB", "BCRU", "BBND", "BRHG", "BBV", "BIJB", "BMRT", "BCRU", "BSE", "BFUK", "BMFR", "BRMK",
	"BROB", "BHDN", "BOMM", "BSMV", "BYOJ", "BJLO", "BMLB", "BOG", "BHHJ", "BQMV", "BOMB", "BYJJ",
	"BWD", "BFQU", "BHJM", "BFF", "BTBC", "BHDV", "BQMB", "BHXU", "BTA", "BYOK", "BKLU", "BOIP",
	"SEB", "BEEE", "IIOBO", "BIOI", "BSJR", "BLMY", "BJCM", "BJNU", "BDW", "XBLWL", "BWMI", "BJMF",
	"BJMO", "BSMG", "BTMD", "BMBK", "BVNO", "BJMG", "BQKK", "BBBR", "BWLB", "XBYBB", "BYTA", "BAHM",
	"BVVW", "BOMN", "BUMB", "BJBJ", "BBJJ", "BHJG", "BNHD", "BRRS", "BWP", "BHJU", "BMWV", "BNKQ",
	"BWMV", "BCRL", "BHXO", "BRSE", "BHJE", "BMRW", "BAMH", "BOAE", "BHAE", "BIPO", "BMWL", "BABT",
	"BFQM", "BYAV", "BYBS", "BTXC", "YVB", "BWOT", "BHXE", "BILR", "BQMF", "BYHR", "BMRB", "BTCT",
	"BIBI", "FFBB", "BFCB", "BHWP", "BBVK", "YRBB", "YVOBO", "BJOC", "BSRR", "BOAH", "BIXP", "BWIM",
	"BYHJ", "BUOG", "BMWF", "BNII", "YPWB", "BFBG", "BTAK", "BDOE", "BJII", "BYIJ", "BSMH", "XBFQU",
	"BLWV", "BJCG", "BMBS", "JSOBO", "BFDQ", "BYTG", "BGTH", "BIPC", "BYBR", "BKCF", "BHUU", "BLMC",
	"BGGU", "BNOT", "BHDW", "BYIA", "BOGF", "BTGR", "BOTF", "BTYJ", "BANG", "BVHL", "BYKB", "BJTC",
	"IGB", "BYWM", "BYBB", "BNCR", "BOMA", "BTWV", "SEB", "BITC", "SJB", "BYVG", "BYPO", "BWLI",
	"BYTP", "BOGS", "BTAV", "BOMO", "BRRD", "SEOBO", "BGTE", "BYX", "BSMJ", "BJMC", "BHGF", "BMBB",
	"BTOE", "BTIS", "BSEC", "BIPF", "HCB", "BJTI", "BVVV", "BTLF", "BYPT", "BMBG", "BHUO", "YRBWN",
	"BBUG", "BTIS", "VFOBO", "TGOBO", "BHUC", "SLSL", "SLE", "SLO", "SLSLL", "IMSLL", "SLORR", "SSKLL",
	"HBU", "XHUU", "HUD", "HUIK", "HUOOO", "HUIOJ", "HUMNP", "HUJCS", "HDNMU", "MIG", "MGOK", "XMGHE",
	"MGKLD", "JIMIG", "MGMIG", "MGIHS", "GRBG", "MGQKD", "HX", "NHX", "HXO", "HJHX", "BHX", "HXT",
	"QKHX", "HXYF", "HXYF", "HXWKS", "HXKC", "HXYC", "HXBC", "HCQ", "TOGX", "HBBM", "HJR", "OMJR",
	"XXOGR", "HRVL", "HRHVP", "HRGB", "ORNIN", "HRAPH", "HRHKP", "HRFF", "ORIJB", "XORIJ", "ORJRR", "HRHRR",
	"HRNCR", "NIQ", "BBNQ", "DMVVQ", "OTNIQ", "HBYI", "HYSH", "HYM", "HYU", "HYIK", "HYHNI", "HYAU",
	"HYKI", "XHYHN", "HYHE", "HYCI", "HYYHN", "HYYHS", "HYHNE", "HYPP", "XHYHS", "HYL", "HYBHU", "HYOSU",
	"HYOII", "HYLW", "HYHS", "HYJP", "HYHA", "HYYVI", "HYMNR", "HYCR", "HYWL", "HYYS", "HYTC", "HYHEQ",
	"HYMCW", "HYKMS", "HYBND", "HYHGR", "HYHEJ", "HYWG", "HYFB", "HYOMD", "HYIAV", "HYNKG", "HYYIU", "HYSHU",
	"HYHAB", "HYNDT", "HYOIP", "HYSJR", "HYHAG", "HYTHU", "HYUCE", "HYHSB", "HYABU", "HYPTD", "HYITE", "HYYBS",
	"HYTQM", "HYTCT", "HYHXE", "HYOIR", "HYTWA", "HYLWV", "HYKPB", "HYMBS", "HYHLO", "HYYTG", "HYNOT", "HYFBW",
	"HYGOW", "HYYPS", "HYTGI", "HYRJI", "HYSIT", "HYTOE", "HYTBO", "HYYX", "HYNWA", "HYYPT", "HYNRI", "HYOGE",
	"AV", "IAV", "EAV", "TOAV", "NAU", "QJNAU", "LNNAU", "TTNAU", "TTNAU", "UTNAU", "UU", "XT",
	"TN", "TKS", "TMN", "TKN", "TK", "TNHS", "TSH", "THN", "TSL", "THNI", "TKNI", "TIP",
	"TIK", "TLB", "XTQ", "TMJ", "THJ", "TMD", "XTMMS", "TPI", "TN", "TG", "TMY", "TSU",
	"TYV", "TND", "UUU", "XTNI", "XXTK", "TVVH", "TPP", "TQO", "TPU", "TSK", "TMKU", "TINO",
	"TOMN", "THNE", "TYK", "TNO", "TOMM", "TMF", "TNDU", "TOLL", "TIS", "TNIN", "TNHE", "TOIN",
	"THVP", "TMMU", "TCSH", "TAU", "TOB", "TP", "TJE", "TOP", "XTOP", "TYHS", "TPHH", "TDK",
	"TPI", "TYLM", "TMMI", "THML", "THK", "PUPU", "THQU", "TMVH", "TJB", "TONS", "TYHN", "TOO",
	"TF", "TKE", "TYY", "TKLN", "TPSH", "TQS", "XTMKS", "TSC", "TMSU", "TBHU", "TPO", "TOSU",
	"TJM", "TKSC", "TNLH", "TNIU", "TGB", "TOII", "TIR", "TSHR", "TLW", "TW", "TBR", "TYT",
	"TBQ", "TMNR", "TBU", "TLMP", "TPRU", "TPR", "TRVP", "TVIO", "TRLR", "TSS", "TMFM", "TKR",
	"TJR", "TJMN", "TSP", "THA", "TMOB", "TYR", "TWO", "TVIS", "TOU", "TDM", "TNI", "TLBK",
	"THS", "THEY", "TBM", "THQO", "TOF", "TTM", "THFD", "TMFJ", "TWYI", "TODI", "THQM", "THVO",
	"TPH", "TJD", "TLLN", "TUU", "TIH", "TESU", "TKSR", "TNIH", "THHL", "TIKK", "TYMP", "TDJ",
	"TOM", "THPM", "TOG", "TPR", "TNOM", "TIKP", "TPKK", "TPYM", "TNIL", "TJC", "XTBG", "TBNJ",
	"THER", "TNIR", "TSHH", "TIJ", "THPL", "TAV", "TMCW", "TSLL", "TSLL", "TLQ", "TOD", "XTJND",
	"TMNN", "TRVK", "TNIN", "TGG", "TDB", "TLMI", "TIMO", "THMR", "TFMU", "TEYV", "TKLG", "TYCK",
	"TYMF", "TOIK", "TLWK", "THJD", "TVII", "TEM", "TWR", "TWK", "TOD", "TOI", "TSJ", "TVR",
	"TYIU", "UUUU", "TBMR", "TOL", "TMT", "TMNJ", "TPA", "TMAM", "TKMS", "TOMG", "TYVO", "TOMR",
	"TTLN", "THON", "TNIQ", "TAJ", "TMTN", "TMBL", "TJV", "TVLK", "TMIG", "TOHG", "TKLD", "TKN",
	"TYVU", "TTT", "TKSS", "XTBKS", "TJKP", "TIHI", "TLMG", "XTYK", "TKT", "XTJPU", "TPPJ", "TBON",
	"THKL", "TOMI", "TYKL", "TENH", "TJMD", "TBD", "TBKQ", "TBE", "TBHQ", "TBF", "XTSMI", "TSOY",
	"XTNDF", "TNLB", "TNYK", "TVMM", "XXXTV", "TVMI", "TDG", "TSHU", "TWG", "TMRT", "TQQO", "TSIP",
	"TRON", "TOMR", "TJBD", "TYLH", "TGPM", "TKHF", "TOMD", "TBV", "TICE", "TIHS", "XTMMV", "TMOO",
	"TRSN", "TKKB", "TMLK", "TOYT", "TIJB", "TBMS", "TENE", "THDN", "TVMG", "TOHS", "TCRU", "TIJE",
	"TEFH", "TQFH", "TELU", "THEJ", "TRHR", "TOWY", "TWCB", "TDR", "TMVM", "TJWJ", "TYTJ", "TSKR",
	"TNKM", "TNKG", "TOLK", "TOOG", "TJMU", "XTOIR", "THDS", "TRYO", "TKOO", "TYVP", "TMCW", "TKHG",
	"TFB", "TBUU", "TIAV", "TBND", "THQI", "TAK", "TNAU", "TAIL", "TWKS", "TED", "TGNO", "TDT",
	"TYKQ", "TADI", "TROB", "XTHAI", "XTOMM", "TKHK", "TKHU", "TBMG", "TBPM", "TNSP", "TVMU", "TIKT",
	"TKJT", "TDBN", "TJNU", "TQMB", "THAI", "TESS", "TDW", "TJRR", "TSJE", "TVJR", "TQYT", "TVNE",
	"TPFD", "TRJD", "TWHD", "TOIP", "TAPP", "TEMR", "TCTO", "TVVW", "TAD", "TWD", "TBSE", "TOMB",
	"TAA", "TQLW", "TDCI", "THJM", "TII", "TAN", "TBD", "TQIK", "THDH", "TNUI", "TEDE", "TNUE",
	"TQPU", "TSLE", "TFQU", "TDHL", "TYHL", "TIHM", "TYTV", "TYTR", "TJMR", "TMLM", "TESR", "TEIR",
	"TILO", "TMTJ", "TNDO", "TGCE", "TLMY", "TC", "TKLU", "TBTV", "TQKQ", "TSMB", "TYSY", "TEBM",
	"THSB", "TDD", "TFF", "TYFE", "THKP", "TMGN", "TYPU", "TTMC", "THDR", "TYOJ", "TPOU", "TPUA",
	"THHJ", "TSMV", "TBUI", "TBAU", "TDOO", "TJLV", "TAB", "TEMJ", "THDV", "TNHX", "TJLO", "TOG",
	"TYCU", "TJBM", "TQSR", "XTYKL", "THXU", "TJMF", "TKMF", "TDLU", "TQEQ", "TBUT", "TLBR", "XTWLN",
	"TBOP", "THDK", "TBB", "TEHA", "TEPU", "TJMO", "TBLI", "TBRR", "TBVF", "XTLX", "TNLH", "THDF",
	"THDJ", "THDA", "TWLB", "THLB", "TOMN", "TNBC", "TDWF", "TJMM", "TBME", "TJBJ", "TBCN", "TBBR",
	"TQKA", "TFBN", "THXO", "THSB", "TABU", "TYTA", "TRRS", "TEHR", "TNST", "TEHR", "TQHR", "TTGV",
	"TNUS", "TAHS", "TBHS", "TOOM", "TORD", "TNHD", "TIRD", "TPTD", "TOMT", "TBPR", "TVVV", "TMRW",
	"THOQ", "TELQ", "TCST", "TGGI", "TVFM", "TETC", "TONK", "THON", "TJCK", "TJKA", "TVMW", "TDBU",
	"TTMV", "TAPV", "TQHK", "TMMS", "TNSJ", "THAG", "TOSE", "TPIB", "TKIT", "THJG", "TVFI", "TTBN",
	"TDMQ", "TJDS", "TWMV", "THAU", "TNBN", "TJRB", "TMPT", "TRYE", "THJE", "TVFI", "TOIE", "TPKP",
	"THAE", "TIHV", "TIHR", "TNOK", "TYRN", "TBJJ", "TWP", "TYSD", "TRSJ", "XTHNI", "TUCE", "TMWV",
	"TNUP", "TAHU", "TABT", "YTID", "TYBB", "XTVNO", "XTBMI", "TEND", "TMNV", "TIHO", "TPPA", "TLMO",
	"TOPP", "TLMI", "TFDV", "TIKF", "TEHV", "TBMW", "THI", "THSE", "THRB", "TVFU", "TAGI", "TWOT",
	"TJBC", "TEIV", "TVRQ", "TBMO", "TMRB", "TOUK", "TMFF", "TMHF", "TEOT", "TYTR", "THUP", "TYBS",
	"TNLD", "THOD", "TEOD", "THHW", "TOGE", "TIHR", "TOQB", "THDM", "TIBI", "TTQM", "TBNI", "TPUU",
	"TOBG", "TBLN", "THYE", "TQIB", "TEIB", "TVFB", "TTUB", "TBVK", "TVFH", "TRBC", "TNEF", "TTXC",
	"TKOK", "TNMM", "TOIR", "TWKP", "TYFD", "TYRB", "TNDF", "TQKD", "TBAC", "THXE", "TYVW", "TEYU",
	"TITB", "TBBB", "TIIL", "TJCR", "TCIM", "TGIT", "TOOE", "TJPA", "TILR", "THOO", "TMVI", "TYWV",
	"TJJJ", "TOYR", "TTGF", "TDGG", "THWP", "THOO", "XTYCV", "TIOG", "TOLH", "TDBK", "TMWU", "TLIT",
	"TBHX", "TNMN", "TYUB", "TESE", "TIIB", "TNNO", "TIME", "TBC", "TAKM", "TOLD", "TOLB", "TNHS",
	"TYNB", "TYMO", "TYHJ", "TIKU", "TYJJ", "THOO", "THOO", "TETT", "TSRR", "TTLM", "TJII", "TQJO",
	"TROG", "TQOG", "TTWA", "THOL", "TGGI", "TGJI", "TSMH", "TWTJ", "TYWI", "TJOA", "TYRL", "XTYTJ",
	"TWVF", "TNII", "TANR", "TANV", "TEGE", "TAIU", "TMWF", "TYCV", "TFAJ", "TEYE", "TDLO", "TIXP",
	"TYRE", "TYCB", "TYCB", "TWLI", "TSRF", "TAWE", "TPMW", "TKPB", "TYPM", "TITF", "TIIH", "TYSO",
	"TSFI", "TNBJ", "TGSK", "TBUD", "TLWV", "TYSK", "TVFY", "TBOF", "TEEV", "TVMI", "TJPU", "THWP",
	"THAF", "TQJM", "TWFU", "TJMC", "TJJL", "TMYF", "TNMU", "TNLI", "TWIM", "TNLW", "THSU", "TKCE",
	"TJMK", "TEQB", "TIDD", "XTIHS", "TQMC", "TGCW", "THVU", "TOMK", "TLSG", "TJME", "TIVV", "TFBK",
	"THHD", "TBHF", "TDBB", "TSMI", "TBFS", "THDW", "TANP", "TEWB", "TIHC", "TRRJ", "TMWJ", "TOGF",
	"TPPP", "TYMM", "TAAA", "TEON", "THKB", "TKHA", "TMOQ", "TANB", "TWLC", "TMBI", "TGJE", "TKHW",
	"TESD", "TRMR", "TGGU", "TJIP", "TRRS", "THDH", "TLYP", "TVFU", "TASE", "TNOE", "TVRF", "TJTC",
	"TLMC", "TBBQ", "TMOM", "TMHG", "THHC", "THOE", "TMTO", "TEAH", "TOTF", "TYTG", "TVFF", "TLX",
	"THXF", "TNLM", "TEAT", "THDB", "TCJL", "TANA", "TVMT", "TNIV", "TMBI", "TNNC", "TYRE", "TYVG",
	"TRJI", "TSIC", "TSIQ", "TTWV", "TMBW", "TFBE", "TEWT", "THBK", "THSK", "TEYB", "TEII", "TVMI",
	"TBBE", "THOK", "TOMA", "TYMH", "TNFN", "TIOC", "TVHL", "TBBU", "TWLI", "TYTP", "THDE", "TMWM",
	"TYED", "XTESE", "TGOW", "TITC", "TYBB", "TWGV", "TYGQ", "TOKG", "TMNH", "THRJ", "TSRJ", "TNCR",
	"TMNV", "TOMO", "TFMC", "TBUL", "TNBQ", "TGTE", "TMNM", "XXTWL", "TIXF", "TYRP", "TWLP", "TNLM",
	"TYDL", "XTHGF", "TIOD", "XTHDJ", "TFVK", "TWLA", "THGF", "TTGI", "XTJMC", "TYGV", "TJPN", "TGNI",
	"TBHG", "TMBB", "TEMF", "TGRG", "TYX", "TEVD", "TIPG", "TMGN", "TMFB", "TPKO", "TFFF", "TYRD",
	"TSEO", "TYBO", "TTCF", "TWLN", "TJTQ", "THXC", "TBUK", "TQDA", "THDB", "TSMG", "XTJPI", "TSIT",
	"TLMT", "TIMS", "TBHU", "TNBE", "THDV", "TNMQ", "TJKF", "TQDB", "TSEC", "TYDO", "TYPP", "TYOE",
	"TGWC", "TJHF", "THHE", "TGII", "TMRR", "TWWW", "THAA", "TYYB", "THOK", "TWLP", "TBFE", "TVID",
	"TIDQ", "TVFE", "TIPF", "TEHW", "TLVK", "TEMJ", "TNLC", "TJCN", "TDOF", "TSIP", "THCN", "TKHI",
	"TDSR", "TYRD", "XTVFT", "TODV", "TMDM", "TYRA", "TMOA", "TYRV", "TANG", "TERD", "TJQP", "TYDU",
	"TDLC", "TMBG", "TQWJ", "TMGR", "TPPD", "TYMD", "TRJL", "THON", "TYPT", "TNFD", "THUC", "TWLE",
	"TVFT", "TYHC", "THLF", "THFS", "TMBU", "TPFC", "TYRE", "TIDR", "THDU", "XTHDF", "TPDC", "TVFJ",
	"THJD", "TSJD", "TYRV", "TSEM", "TNFQ", "TTVB", "TTJD", "TOOO", "TOOK", "TNLP", "TVMW", "TBCV",
	"TYBP", "TTCG", "THAF", "TOMB", "TMBR", "TYYO", "TBUF", "TOKF", "TIPD", "TEST", "THMB", "TANW",
	"TWLN", "TEHT", "XTVFE", "TFKC", "TWWG", "TTCG", "TUJT", "TSJA", "THVI", "TMCE", "TMGF", "TPYV",
	"TYBG", "TJEF", "TIDY", "TWWD", "TGYV", "TWLG", "TYSM", "XTMCE", "TMBR", "TEOM", "TLIM", "TBFF",
	"TWWF", "TNTG", "TRRR", "TMBF", "TVFD", "THBH", "TFKU", "YP", "YPHU", "YPKS", "YPSM", "YPP",
	"HYPU", "KNYPU", "YPYK", "YPHEN", "YPHFD", "YPOM", "YPBM", "YPPH", "YPTC", "YPTM", "YPWKS", "YUPHH",
	"YPRVK", "RSYPU", "YKYPU", "YPTMC", "BIYPU", "MMYPU", "YUYPU", "YUII", "IIYPU", "YGMMS", "YDHHH", "FFYPU",
	"YUOLF", "LMI", "LIU", "LISH", "LIHN", "LIVL", "LIMN", "NHLI", "LIY", "LIPI", "LIHP", "LIPD",
	"LIMD", "LIMJ", "LIND", "LIM", "MULMI", "LIYV", "LION", "RLMI", "LIMY", "MSLMI", "NVLMI", "LIIK",
	"LINVM", "VHLMI", "LIYHS", "LIHSU", "LIAU", "LISO", "LIMT", "YKLMI", "LIYK", "LIOB", "LIQJ", "LIPP",
	"LIA", "LIB", "LIPIM", "LIJE", "LIBY", "LINL", "LIHVP", "HKLMI", "LIMMU", "LIDK", "LIIKU", "LIOIN",
	"LIHML", "LIL", "LIMVH", "LIHQU", "LID", "LIMG", "CHLMI", "LICSH", "LIYHN", "LICI", "EILMI", "LICK",
	"LIBMM", "LIOLL", "LIQO", "UMLI", "LIYJ", "LIPRU", "XLIBH", "LISP", "LIOIP", "LIOM", "LILW", "LIHS",
	"LIMFJ", "LIHPM", "LIVIS", "LIMNR", "LITM", "LISS", "LIHMY", "LIODI", "LIGB", "DULMI", "LIPR", "LIMFM",
	"LIDHE", "LIYVI", "LIYG", "LISHR", "LIIKK", "LIMOB", "LIJR", "LIYR", "LIBM", "LIJP", "LIHQO", "LIOII",
	"XLIBT", "NOLMI", "LIHVO", "FBLMI", "LIMMS", "LIEG", "LITW", "LIIHQ", "LIHER", "JILMI", "LIWR", "LIKB",
	"LIIUH", "HRLMI", "LITQ", "LIGG", "LIMNN", "LIHJD", "LIOSK", "LIAV", "LIHJR", "LIYCK", "LIKSS", "LISMM",
	"LITT", "LIGR", "LIOMR", "LININ", "LIKN", "LIBKK", "LIMA", "MNLMI", "QHLMI", "LINMU", "TCLMI", "LIMIG",
	"YCLMI", "LIJKP", "QILMI", "LIKT", "LIJPU", "LILLB", "LIYKL", "LIMVM", "LIBDI", "LIIJE", "LIFB", "LINIB",
	"LIKOO", "LICRU", "LIJWJ", "LIBUC", "LIHQI", "XLIOI", "WLPLI", "LIONO", "LIHEJ", "MVLMI", "LIMMV", "LIIJB",
	"LIBUU", "QLLMI", "LIRVK", "LIBND", "LIHDN", "LIIAV", "LIPPG", "LIOMD", "LIRB", "LIHDS", "LIGIS", "NMLMI",
	"LINKM", "LINKG", "LIPW", "XLICR", "LIWSL", "LIROB", "LIOKR", "LIDCI", "LYLMI", "LISJR", "JPHI", "XTCLM",
	"LITMC", "LIYIB", "LIWHD", "LITA", "LINDT", "LITGU", "DLLMI", "LIDHL", "LIOMB", "LIHSK", "LIJLO", "LIBGR",
	"LIPOU", "LIAPP", "LINUE", "LINHX", "LIIRM", "LIQKQ", "BULMI", "LIHHJ", "LIHDV", "LIYRD", "LIAPH", "LILXL",
	"LIYOJ", "LIFQU", "SELMI", "LITOB", "LIHXU", "LIQMB", "LIOG", "LIMLB", "LIWD", "LIJNU", "LIDW", "MMLMI",
	"LILLE", "LIEEE", "LIBTV", "XMKLM", "LILMQ", "LIRLU", "LIWMI", "LICWJ", "LIJMO", "LIFHN", "LIHDJ", "LIAIL",
	"LIAPV", "LIYRN", "LIABU", "LINOB", "LIMWL", "LIOMN", "LIPPA", "OILMI", "LIJMM", "LIHAG", "LISAV", "LIHSB",
	"LINHD", "LIIHV", "LINBC", "LIVNO", "LIAHU", "LIWB", "LIMRW", "LIMBK", "LIMBC", "LIYSD", "LITCW", "NKLMI",
	"LIRYE", "LITLK", "NJLII", "LIHJG", "LIAMH", "LIJKA", "LIUCE", "LIAMO", "LIOAE", "LIBME", "LIKGG", "YVLII",
	"LIDLN", "LIQMY", "LIJRB", "HFLMI", "LIPTD", "LIITU", "LIBBR", "LIWOT", "LIHLB", "LIJBJ", "LIFDV", "LIQKA",
	"LITBD", "LIWLU", "LILMI", "LIYAV", "LIIIL", "LIYBS", "LIHRB", "LIHUP", "LITVI", "LIBVK", "LIMHF", "LICIM",
	"LITXC", "LIHXE", "HELMI", "MBLMI", "LIMRB", "LIKOK", "LIHRF", "LIHUK", "JJOLI", "LIQKD", "LIHYU", "XLIHW",
	"LIBBB", "LIILR", "LIUMT", "DLII", "IPLMI", "LIJQR", "GELMI", "LIHI", "LISQF", "LIBAC", "LITCT", "YKLII",
	"FFBLI", "BFQI", "YIHXO", "LIOIR", "LIQMF", "LIJPA", "LITMB", "LIOLD", "LIYCB", "GKLMI", "LITWA", "LIYUB",
	"LIKPB", "GKLMI", "LIIXP", "SILMI", "LIJCG", "LIFBG", "NWLMI", "LIMWF", "SSLII", "IHHI", "COLMI", "LIJJL",
	"LIWVF", "LILWV", "LITLM", "HEYLI", "LIJMC", "VILMI", "LIYIJ", "RPLII", "LIHAD", "LIAWE", "GILMI", "LIITF",
	"LITAK", "TAKI", "LIWIM", "LISMH", "NHLII", "LIHDP", "LIHWP", "LIHND", "LITLB", "XLITL", "LIFBB", "LIYTJ",
	"LITIT", "LINAO", "LIWGF", "LIYPB", "LITCL", "JBLLI", "LIOPC", "LIYIA", "GHLMI", "LIGTH", "LIHKB", "LIESD",
	"FKLMI", "LIKCF", "LIHDW", "LIIKF", "LIGRR", "LIVII", "LIRUC", "LITMC", "LIJTC", "LIFFS", "MOLMI", "LIMTO",
	"LIJIP", "LIMWJ", "LIRRJ", "LIOGF", "LITGR", "LIGGU", "LILX", "LIOTF", "LILII", "LISMI", "TLLMI", "LIMMI",
	"LISRG", "LIFBW", "MOLII", "NQLMI", "LIYWM", "LITGI", "TKLMI", "LIYGQ", "LINCR", "JELMI", "LIIOC", "VLLMI",
	"LITPD", "YRBLN", "LIOYB", "LIRXU", "TWBI", "LITWB", "BJLMI", "LIWLV", "LIITC", "LIWLI", "LIWLJ", "LIAVO",
	"LITKT", "LINBQ", "LIYX", "LIFFD", "XMBLM", "LITBO", "LIYRO", "LIMBB", "LITOE", "LISMG", "LIJIG", "LIJMC",
	"TKRI", "LITWI", "DDKLI", "LIWWW", "HALI", "LIVVV", "MWLII", "VOLII", "QKALI", "LIMTB", "TWLII", "UJLMI",
	"LIYPT", "GBMRI", "LITLX", "LIYRA", "YPLMI", "BNLII", "LIYBP", "YJLII", "LISEM", "IHHI", "LIYRV", "LILIT",
	"TTWLI", "LIBCV", "XLITW", "LIUOB", "MUALI", "LIBUG", "LITRG", "JBMRI", "MKALI", "VFLMI", "LIBUE", "FILII",
	"LISYI", "VMLII", "HBT", "YVHBT", "HTSHI", "HTMF", "HTNG", "HTFQ", "HTOHO", "HTHHV", "HTSJ", "HTHER",
	"HTTWI", "LQMAT", "HOMMN", "HOEMN", "HOMJN", "HOMUN", "HOSSN", "HOOIN", "HOYIN", "HOICN", "XHOCM", "HOBRN",
	"HOTCN", "HOGGN", "HOOMN", "HOMRN", "HOJRN", "HODQN", "HOTUN", "HOHGN", "HODBN", "HOVUN", "HOJCN", "HONKN",
	"HOBGN", "YHV", "XL", "LY", "LMJ", "YPT", "QMV", "LEI", "LPD", "LHHH", "LDI", "LQO",
	"YCIV", "LCSH", "YWMV", "LNHE", "LOB", "LCI", "LLBU", "LA", "LL", "YLHV", "LOLL", "LHVP",
	"YMHV", "LBMM", "LJE", "LHG", "OINV", "LOIN", "LPIM", "GRHV", "LDK", "PHYHV", "LHK", "PYSV",
	"LQS", "LBY", "KRYHV", "LJP", "LOII", "OPYHV", "YPUV", "LPRU", "LVIS", "LKM", "LPH", "LSHR",
	"LAM", "LBM", "LMNR", "LJC", "LLW", "LOHH", "LOPD", "LHA", "LIKK", "LHPM", "LDJ", "LODI",
	"YCRHV", "LHQO", "YHQV", "LGB", "LFQ", "LPT", "YNHV", "LMR", "LUU", "LPR", "LYVI", "LYR",
	"LGI", "LDHE", "YIRV", "IPYHV", "LOF", "LIVE", "WYYHV", "LOIK", "YNIV", "LNIN", "LKMS", "LOHG",
	"LHEQ", "LOMR", "LKLD", "LMA", "LGR", "LMBL", "LHER", "LVR", "LHJD", "LGG", "LWK", "JIYHV",
	"MNYHV", "LYMY", "LHON", "IGYHV", "LFSM", "LHBT", "LBKQ", "LAV", "HAYV", "LMRT", "LKOO", "LWD",
	"LRHG", "YWGV", "LRB", "LHXH", "YHXV", "LIT", "YVBCR", "LCOR", "LMMV", "LYIU", "IEYHV", "LSKR",
	"QLYHV", "YRAV", "LIJB", "VGYHV", "LCRU", "EHYHV", "SRYHV", "LWG", "XLYKQ", "LOMM", "LIKQ", "LLSA",
	"YHHV", "LFF", "LHHJ", "LAPP", "LPOU", "LLXL", "LGCE", "LYPU", "LAA", "LBGR", "LEEE", "LQMV",
	"LMLB", "FBRYV", "LYYHV", "YLMV", "LLMY", "LFQU", "LWD", "YWDV", "LKLU", "YEYHV", "LAPH", "HNYHV",
	"LSJR", "LKMR", "LTMC", "WDHV", "LGGY", "LYMB", "LJLV", "LYBB", "LAMO", "LOAE", "LHJG", "LQHK",
	"LHSB", "LPTD", "LBJJ", "LUMB", "YHDV", "YHWV", "LAPV", "LBME", "YODV", "LORD", "LMRW", "LOMN",
	"LVNO", "LSAV", "LDMQ", "LLPB", "LJKA", "LFDV", "BUYHV", "LFWJ", "LWOT", "LASM", "LTTB", "LTOR",
	"YHIV", "LJCR", "LGRV", "LMVI", "LIBP", "SFYHV", "LTQM", "HEYHV", "LYAV", "LHYU", "LEED", "YSFV",
	"FFBYV", "LITB", "JTCV", "YWLV", "LIJJ", "LYJJ", "LLIT", "LYUB", "LSMA", "LHOO", "LLWV", "LGGI",
	"GIYHV", "YGIV", "LMWU", "SIYHV", "LMWF", "LTWA", "LQMC", "LNII", "LIIH", "YHDV", "YRRV", "LWTJ",
	"LTCO", "LANA", "LRUC", "LANB", "LASE", "LDBB", "LRRJ", "LOGD", "LHDW", "LNOE", "LNAO", "LSMI",
	"LFBK", "LGGU", "LTLB", "LLSW", "LHBK", "LWLJ", "LOMA", "LRRD", "LYTO", "LTWV", "LNCR", "LOMO",
	"SJYHV", "LDDF", "LFBW", "LWLI", "LYWM", "LHUL", "LSIT", "LOTO", "LMBB", "LMFB", "XLTGI", "LGWC",
	"LTWI", "LKMA", "LWLP", "LGRC", "LATE", "LYDU", "LDLC", "LYBP", "YPYHV", "LOIM", "LANW", "LSJJ",
	"LJIC", "LHCJ", "LHUC", "LMMP", "LTBI", "LDDQ", "LTGI", "LTAW", "MUB", "MCW", "MLLW", "MWV",
	"MWHIO", "MWAJ", "MWOIK", "MVPHH", "MWHOE", "MWTJB", "MWHSK", "MWTJR", "MWTJF", "BUHU", "XEBUU", "FBUU",
	"BUND", "QOBUU", "BUKK", "LLBUU", "HUBUU", "BBUU", "MFBUU", "PHBUU", "IFBUU", "SRBUU", "YRBUU", "NFBUU",
	"FBBUU", "HVBUU", "LMUOU", "MFBUU", "BUBUU", "GPBUU", "XSRBU", "MOBUU", "FFBUU", "HVBU", "YUBUU", "TCBUU",
	"ONBUU", "SIBUU", "RSBUU", "JABUU", "YDBUU", "YSBUU", "UTBUU", "BCBUU", "FFBBU", "TBBUU", "YMBUU", "JLBUU",
	"TMBUU", "OGBUU", "NTBUU", "ABBUU", "BBBUU", "YMBUU", "AABUU", "BUHOK", "HBBUU", "YTBUU", "MBBUU", "SWBUU",
	"JWBUU", "GCBUU", "TGBUU", "BLU", "EBHU", "XBUND", "QOBHU", "BBHU", "IFBHU", "YRBHU", "LIBHU", "FBBHU",
	"UUBHU", "MOBHU", "JKBHU", "TCBHU", "ONBHU", "TBBHU", "TMBHU", "YCBHU", "NBG", "NBVL", "NBKS", "HQNBG",
	"NBDK", "NBHVP", "NBFH", "NBNHE", "NBHVO", "NBAM", "YPNBG", "NBHPM", "NBONH", "NBGG", "FQNBG", "NBHER",
	"QHNBG", "NBSHQ", "NBNMU", "NBFMU", "NBLMI", "NBTQ", "NBME", "NBIJE", "NBYTJ", "NBDL", "NBHXU", "NBKMR",
	"NBNME", "NBCWJ", "NBJKA", "IRNBG", "NBTGQ", "GBHNE", "NBOAH", "NBTLC", "NBRRJ", "HBNBG", "NBWLI", "NBOGS",
	"PONBG", "NBVID", "NBNBE", "NBUOS", "NBTLF", "NBUOB", "YMMR", "YMMR", "YRMN", "YRY", "KNYMR", "YRKN",
	"YRVL", "PYMR", "YRJ", "YRHNI", "YRNJ", "YRPI", "YRM", "YREI", "YRDI", "YRMD", "YRMJ", "YRPD",
	"YRSHI", "YRLLL", "UYMR", "YRU", "YRON", "YRHP", "YRSU", "YRKNI", "LSYMR", "YROP", "YRCSH", "YRMVH",
	"YRHK", "YRCI", "YRNL", "YROIN", "YRHML", "YRDK", "YRKK", "YROB", "YRLBU", "YRIKU", "YRYLM", "YRUK",
	"YRYHS", "YRP", "YRFH", "YRHNE", "YRMT", "YRNHE", "YRPU", "YROJ", "YRL", "YRSO", "YRHMY", "YRWC",
	"YRMNR", "YRLWL", "YRHD", "YRIJC", "YROHH", "YRYG", "YRMYM", "YRPR", "YPYMR", "YRYMP", "YRYR", "YRJR",
	"YRODI", "YRYVI", "YRHQO", "YROII", "YRHPM", "YRLBK", "WLYMR", "YRVE", "YRFQ", "YRRHU", "YRTM", "YRPT",
	"YRSS", "YRVIS", "YRHS", "YRJP", "YRIR", "YRGI", "YRSHR", "YRMFJ", "YRDHE", "YRBR", "YRUU", "YRIKK",
	"YRAM", "YRBM", "YRUE", "YRJMN", "YRSMR", "IPYMR", "YRINE", "YRSMM", "YRPA", "YRPA", "YROVU", "YROMR",
	"YRIPM", "BOYMR", "YRYCK", "YRGDI", "YRAV", "YRJHP", "YRHMR", "YRNMU", "YROMG", "YRHBU", "YRGR", "YRHJR",
	"YRYVO", "YRTQ", "YRKB", "YRHGU", "YRILL", "YRBMR", "YRFD", "NCYMR", "YRNIR", "YRHER", "YRKF", "YRMJJ",
	"YRPUK", "YRGG", "YRSJ", "YRTT", "YRLMO", "YRNIN", "YRQD", "YRHJD", "YRSMG", "YRKMS", "YRMIG", "FCYMR",
	"FQYMR", "YRSUP", "YRGP", "YRSIP", "YRDL", "YRIAV", "YRHQI", "YRKHG", "YRIOK", "QLYMR", "YRNKG", "YRNKM",
	"YRJBD", "YRHDN", "YRHDS", "YRMVM", "YRFB", "YRSME", "YRICE", "YROIR", "YRMMR", "YRJKD", "YRIHS", "YRIT",
	"YRBUU", "YRMOO", "YRRVK", "YRHGR", "YRNIB", "YRIJB", "YROWY", "YRYMR", "YRCRU", "YRMMV", "YRCRU", "YRGBU",
	"YRTOP", "YRAA", "YROG", "YRJLO", "YRWD", "YRSUU", "YRJMF", "YRKKB", "YRYOJ", "YRBTV", "YRNYI", "YRLMY",
	"YRDOO", "YREA", "YRJBM", "YRHXU", "ANYMR", "YRBGR", "YRHHJ", "YREEE", "YRNHX", "YRDD", "YRYRD", "TCYMR",
	"YRTMC", "YRFF", "YRHJM", "YRHDV", "YRPFD", "YRQMB", "YRDW", "YRBSD", "YRTA", "YRSJE", "OUYMR", "YRMSO",
	"YRYRF", "YRII", "YRYFE", "YRYPU", "YROMB", "YROIP", "YRQMV", "YRHPA", "YRJMO", "YRHXO", "YRPTD", "YRNOB",
	"YRHSB", "YRAMO", "YRJMM", "YRCMT", "YRBJJ", "YRBBR", "YRRRS", "YRHJG", "YRYBB", "YRPPA", "YRMRW", "YRTTC",
	"YRYRN", "YRDWF", "HUYMR", "YROMN", "YRIOR", "YRUMB", "YRWP", "YRDMQ", "YRMWG", "YRYTA", "YRIHR", "YRJBJ",
	"YRTMV", "YRHNI", "YRJKA", "YRAMH", "YRYHH", "YRHAG", "YRBME", "YRTLJ", "YRTKR", "YRRSJ", "YRTMD", "YRAPV",
	"YRWB", "YRAHM", "BFQR", "YRPUU", "YRHSM", "JTCR", "ATCR", "YRHUI", "YRTYU", "YRNQD", "YRMRR", "FFBYR",
	"YRYFD", "YRHXE", "YRPHT", "YRBVK", "YROIR", "YRJBC", "YRYPM", "YRHYU", "YRWCE", "YRYBS", "YRSYJ", "YRTXC",
	"YRTCT", "YRTTB", "YRMHF", "YRHHI", "YRYRB", "YRBHX", "YRBOU", "YRBOU", "YROGE", "YRMBS", "YRMWF", "YRHWP",
	"GEYMR", "YRYUB", "YRTAK", "TAKR", "YRYCB", "YRYCB", "YRSMH", "YRTBH", "YRQMC", "YRYPM", "YRYJJ", "YRLWV",
	"YRIIH", "YRSRR", "YRWJC", "YRSMA", "YRITF", "GKYMR", "YRQSK", "YRTLM", "GIYMR", "YRHDN", "YRYPD", "NIYMR",
	"YRAWE", "YRJJB", "YRMJK", "YRTMJ", "YRRRJ", "YRYPM", "YRCWA", "YRSIM", "YRGRR", "YRKJA", "YRYDK", "YRNOT",
	"YRGGU", "YRANB", "YRIKF", "IOGR", "YRNHB", "YRVII", "YRTWI", "YRHKB", "YRHDW", "YRJIP", "YRRUC", "YROTF",
	"YRMUA", "YRHOR", "YRYIA", "YROGF", "YRMWJ", "YRQOA", "YRTCA", "YRRXU", "YRWLV", "YRRRD", "YRYWM", "YRFBW",
	"YRYTO", "YROMO", "YRHSK", "HKYMR", "TKYMR", "YRITC", "YRTWV", "YRYTP", "YRTAV", "YRNCR", "SJYMR", "YRHGE",
	"YROMA", "YRWLJ", "YRTGI", "TQYRR", "YRYCV", "YRMBB", "YRYLR", "YRTGI", "YRYRR", "YRTOE", "YRGNI", "YRYRO",
	"YRPKO", "BCYMR", "SWYMR", "HCYMR", "YRTBM", "YRQJP", "YRGWC", "YRYYB", "YRNBE", "YRQOC", "YRWWW", "YRJHW",
	"HNYMR", "YRANX", "YRMDM", "YRYLC", "VFOK", "YPYMR", "YRTLF", "YRMGR", "OGYRG", "XHNYM", "OGYMR", "YROMB",
	"YRNRI", "YRYRV", "YRNLP", "YRANW", "YROIM", "YRUOB", "YRSJJ", "YRTRG", "YRHUC", "YRTGI", "YRFBF", "YRRRK",
	"YRYBK", "YRGCR", "INV", "IVJ", "IVMN", "IVY", "IVO", "IVHN", "IVMJ", "IVM", "IVDI", "IVYM",
	"IVU", "IVON", "IVHP", "IVLLL", "IVIK", "IVNJ", "IVSU", "IVSHI", "IVTT", "IVQS", "IVSK", "IVSS",
	"IVMVH", "IVOB", "IVOJ", "XIVOP", "IVOP", "IVUK", "IVCI", "IVHNK", "IVHNE", "IVYHS", "IVDK", "IVMYM",
	"IVJR", "IVMNR", "IVMFJ", "IVBM", "IVRC", "IVBR", "IVOS", "IVHMY", "IVOHH", "IVHVI", "IVNSM", "IVSMR",
	"IVUU", "IVSHR", "IVDHE", "IVEQ", "IVIR", "IVSMG", "IVQD", "IVIPM", "IVGG", "IVGDI", "IVGR", "IVKF",
	"IVIHS", "IVHJD", "IVHGU", "IVHJR", "IVNKV", "IVHMR", "IVOMG", "IVNMU", "IVPA", "XIVPA", "IVNSD", "IVYVO",
	"IVTQ", "IVJHP", "IVBKQ", "IVSMM", "IVQKI", "IVIT", "IVMOO", "IVMMR", "IVFB", "IVRMK", "IVHGR", "IVHDS",
	"IVOWY", "IVKHG", "IVCRU", "IVNIB", "IVIOK", "IVQMB", "IVJKA", "IVSJE", "IVTKR", "IVJNK", "IVMSO", "IVLMY",
	"IVWD", "IVHDV", "IVHXO", "IVOG", "IVOIP", "IVBGR", "IVNHX", "IVYRF", "IVYRD", "IVYOJ", "IVFF", "IVJLL",
	"IVJBM", "IVTMD", "IVTMV", "IVPTD", "IVTYU", "IVDWF", "IVPPA", "IVYPM", "IVAPV", "IVWB", "IVRRS", "IVOMN",
	"IVBME", "IVNUY", "IVIOR", "IVYTA", "IVYHH", "IVYBB", "IVYFD", "IVISB", "IVNOB", "IVTAK", "IVFBU", "IVWCE",
	"IVHHI", "IVBOU", "IVYBS", "IVTCT", "IVTXC", "IVPHT", "IVTLM", "IVAWE", "IVYCB", "IVTBH", "IVSMH", "IVMWJ",
	"IVMUA", "IVOGF", "IVLSW", "IVTCA", "IVNHB", "IVJBK", "IVYLR", "IVNCR", "IVOIM", "COR", "HJCOR", "CRKI",
	"CRMVH", "CRNQ", "CRTC", "CROIR", "CRJCM", "BKCOR", "CRBVK", "JRCOR", "CRSMH", "CRMJK", "CRGWC", "CRYBP",
	"MRT", "MTM", "UMRT", "MTJE", "TWMRT", "BOMRT", "MTJNU", "MTHHJ", "SEMRT", "MTTXC", "UJMRT", "TTCNH",
	"UTCNH", "UTKIT", "UTGIT", "MSHO", "MSKO", "MUMSO", "MOPU", "YTPO", "BMSO", "MOHNE", "MOMT", "MOAU",
	"MOPR", "MOHSN", "MOBM", "NAPO", "FQMSO", "MOYJJ", "MOAV", "MOYVO", "YPMSO", "MOIJB", "MOKKB", "MOMSO",
	"YRBO", "NNNAO", "MOJKA", "MORYE", "MOJTO", "MOBVK", "GOHNE", "MOWOT", "MOMHF", "UMOO", "MOYCB", "MOHOO",
	"MOJTC", "MOGBT", "BSHH", "BHPI", "BHDH", "BHMJ", "BHPP", "BHOB", "BHMFM", "BHPR", "BHUU", "BHJC",
	"BHSHR", "BHHA", "BHLQ", "BHOD", "BHMAM", "BHAV", "BHHBY", "BHHER", "BHMA", "BHAMJ", "BHHAU", "BHWG",
	"BHHXU", "BHHHJ", "BHOMN", "BHRYE", "BHUMB", "BHTW", "BHHWP", "BHBVK", "BHTCT", "BHLWV", "BHTAK", "BHSRR",
	"BHRRJ", "BHTRG", "BHBUE", "BUC", "YBUC", "IBUC", "NBUC", "BCDH", "MBUC", "IPBUC", "BCPD", "BCYHN",
	"BCMMU", "CSHC", "OPBUC", "BCHE", "OINC", "WJBUC", "QMBUC", "HJBC", "MPBUC", "BCJMN", "PTBUC", "BCDHE",
	"YPBUC", "IPMMC", "LMBUC", "IKBUC", "BCHIO", "WLBUC", "OPBUC", "BCHQM", "BCRHU", "LNBUC", "BCYR", "BCIR",
	"BCHPM", "HHBUC", "KRBUC", "JTBC", "BCHER", "OGBUC", "BCKB", "BCYVO", "BCTT", "IOBUC", "MWBUC", "BCHBT",
	"BCIJ", "BCYCK", "YOBUC", "BCIG", "BCIQ", "BCBUC", "BCICE", "BCMMV", "BCOMF", "JMHC", "JAHC", "BCIJE",
	"BCOMD", "BCLL", "BCIGI", "BCBGR", "DOBUC", "QOBUC", "BCAPH", "BCBCD", "FBRBC", "BCTBC", "BCYTR", "ILOC",
	"SEBUC", "GWLC", "BCII", "BCYOJ", "BCMPM", "BCFF", "JMMC", "BCJMF", "HLBUC", "JBBUC", "BCSMV", "BCJKA",
	"LMFBC", "BCPAD", "BCQKA", "BCBJJ", "ODBUC", "BCJIR", "DLSHC", "BCABU", "BCOIR", "JBBUC", "BFQC", "BCTCT",
	"BCTXC", "BCIBI", "BCTTB", "JTCC", "SLQMC", "BCSMH", "SEBUC", "XBCOK", "BCIIH", "BCLLP", "GIBUC", "GKBUC",
	"BCIKK", "YMBUC", "BCCWA", "BCMWJ", "HUBUC", "MOGC", "BCTCO", "BCNCR", "BCTWB", "YRBBN", "BCLMT", "YJMBC",
	"SPBUC", "BCIMS", "BCBCC", "HHSLC", "BCGWC", "MFBUC", "BCFBC", "YUBUC", "BCYBP", "YJHEC", "BCTIS", "BO",
	"YBO", "NBO", "IBO", "XMBO", "BODH", "QMBO", "LEBO", "BOOK", "BOPO", "OPBO", "HJBO", "BOHE",
	"XOINO", "CSHO", "BOHIO", "BOPI", "BOJM", "WJBO", "IPMMO", "XBOIJ", "JTBO", "XPTBO", "BOYR", "LMBO",
	"BORHU", "XOPBO", "HHBO", "LNBO", "KRBO", "BOIR", "BOIJ", "QIBO", "MWBO", "BOKB", "YPBO", "OGBO",
	"BOHER", "BOIG", "IOBO", "BOYVO", "BOSOY", "BOIJE", "BOMMV", "XDTBO", "BOOMF", "BOMPM", "BOJKA", "JBBO",
	"BOJNK", "FBRBO", "BOAPH", "BOBOO", "BOBGR", "ILOO", "BOYTR", "BOFF", "DLNBO", "BOABU", "QKBO", "BOIBI",
	"BOTXC", "JTCO", "SLQMO", "MOGO", "HUBO", "YMBO", "BOCWA", "BONCR", "YNBO", "YJHEO", "GLNC", "GCNO",
	"GCOK", "GCSLE", "GCLMI", "GCNAU", "GCYBO", "GCGLC", "GCYBC", "GCJKA", "GCRYE", "GCILR", "GYO", "GCO",
	"GOKS", "GOVL", "GOY", "GOK", "GOMJ", "GORU", "GOU", "GOPIM", "GOOIN", "GOFH", "GONO", "GODK",
	"GOHML", "GOHVP", "GOLXH", "GOOHH", "GONF", "GOHQO", "GOBM", "GOSHR", "GOHVI", "GOYT", "GOYR", "GOUU",
	"GOIV", "GONSM", "GOGR", "GONIN", "GOHJD", "GOHJR", "GOSMM", "GOIMO", "GOLMO", "GOHND", "GOMNN", "GOAMJ",
	"GOOOG", "GORYO", "GOSHU", "GOFB", "GODL", "GOC", "GOPFD", "GOOIP", "GOTA", "GOFBR", "GOYAJ", "GOOG",
	"GOVNE", "GOSJE", "GOJMR", "GOTCW", "GOIOR", "GOAMO", "GOPUU", "GOWTC", "GOTMC", "GOHKB", "GOGGU", "GOOGF",
	"GORRD", "GOSMG", "GOMFB", "GOHUO", "GOHUC", "RYO", "RMC", "RMPI", "RMMD", "RMON", "MSRYO", "RMDK",
	"RMQO", "RMOIN", "RMMT", "RMYHS", "RMYLM", "RMNHE", "RMB", "RMAU", "RMJE", "RMHK", "RMOSU", "RMHMY",
	"RMIR", "RMPT", "RMOHH", "RMOII", "RMJD", "RMIKK", "RMHQO", "RMJR", "RMJP", "RMKSR", "RMYMP", "RMPRU",
	"RMMNR", "RMYG", "RMPR", "RMYR", "RMMR", "RMODI", "RMFQ", "RMBM", "RMBT", "RMDHE", "RMSP", "RMSS",
	"RMHVD", "RMAV", "RMKN", "RMYLC", "RMNIN", "RMHGU", "RMYCK", "RMNSD", "RMHJD", "RMOMG", "RMKMS", "RMLWP",
	"RMNMU", "MNRYO", "RMGG", "RMHEQ", "RMMIG", "RMHER", "RMTT", "RMGDI", "RMOMR", "RMLMO", "RMMCW", "RMIJ",
	"RMYK", "RMJPU", "RMPPJ", "RMYHJ", "RMHND", "RMYKL", "RMSSR", "RMSUP", "OKRYO", "RMGYO", "RMRYO", "RMMVM",
	"RMSJU", "RMFB", "RMYLH", "QLRYO", "RMICE", "RMOWY", "RMDL", "RMIAV", "RMNIB", "RMGIL", "RMQKI", "RMJKD",
	"RMMFR", "RMEA", "RMII", "RMTMC", "RMHDV", "RMOG", "RMYAJ", "RMJLO", "RMTA", "RMOIP", "RMPFD", "RMSJE",
	"RMOMB", "RMGCG", "RMGCE", "RMWD", "RMSJR", "RMOKR", "RMJNU", "RMFQU", "RMAPH", "RMYTR", "RMYOJ", "RMYTV",
	"RMKMR", "RMYFE", "RMOOO", "RMBD", "RMJMF", "RMTTC", "RMHJO", "RMBSD", "RMIYR", "XRMTK", "RMOMN", "RMITE",
	"RMHJU", "RMQKA", "RMNBS", "RMHJG", "RMAMO", "RMJKA", "RMTMV", "RMUMB", "RMNKQ", "RMBBR", "RMAMH", "RMHLB",
	"RMMRW", "RMHDF", "RMPTD", "RMHSB", "RMNHD", "RMTKR", "RMYBB", "RMDAM", "RMYAV", "JTCO", "RMBHX", "RMTQM",
	"RMBVK", "RMASM", "RMOIR", "RMSTV", "RMJBC", "RMHYU", "RMFCB", "XRMSJ", "RMTMB", "RMHHW", "JLRYO", "RMWTJ",
	"RMQKX", "RMIXP", "RMSMH", "IFRYO", "RMFBG", "RMKPB", "RMJOA", "RMHOO", "RMPMC", "RMQMC", "RMITF", "RMVMI",
	"RMYCB", "RMTLB", "RMHOO", "RMYJJ", "RMUBB", "RMTWA", "RMBKF", "FKRYO", "RMLMC", "RMNHB", "RMNOT", "RMCWA",
	"RMMWU", "RMHDW", "RMMMI", "RMYTG", "RMTWI", "RMNOE", "RMYFU", "YURYO", "RMMTO", "MORYO", "RMFDQ", "RMORM",
	"RMGGU", "RMHKB", "RMTCO", "RMKCF", "RMYDK", "RMJCL", "RMWJC", "RMRRD", "RMYGQ", "RMSRJ", "SJRYO", "RMWLI",
	"RMYPO", "RMTJA", "RMHSK", "TWBO", "RMGNI", "RMYX", "RMOTQ", "RMSMG", "RMMFB", "RMTLG", "RMVVV", "RMTKL",
	"RMVID", "RMHLC", "RMIWG", "RMIGI", "RMVIM", "HNRYO", "RMYBP", "RMANG", "RMYMU", "XHNRY", "RMHUO", "RMANW",
	"RMFFE", "RMYRV", "THJO", "RMSJJ", "RMANM", "RMBUG", "RMTQA", "RMJCV", "RMHUC", "RMMMP", "RMTCE", "RMBUE",
	"RMTAG", "HXH", "HHN", "HHLBU", "HHCSH", "HHSK", "HHDM", "HHNSD", "HHHND", "HHRR", "HHIAV", "HHSIP",
	"HHWD", "HHHDV", "HHKMR", "HHPFD", "HHFBR", "HHJCM", "HHSMV", "HHSAV", "HHTGK", "HHILE", "HHSRR", "HHLLV",
	"HHFFS", "HHRRJ", "HHYIA", "HHMOG", "HHTWT", "HHGNI", "HHIOP", "HHJMC", "JWJ", "JJU", "JJKN", "BJWJ",
	"JJR", "JJMU", "JJNJ", "JJK", "JJMJ", "JJHNI", "JJSHI", "XXJJU", "JJMG", "JJHNE", "JJPU", "JJYE",
	"JJKI", "JJMSU", "JJOB", "JJHVP", "JJHQU", "JJNO", "JJHG", "JJOIN", "JJMMI", "JJIMO", "JJHFD", "JJPR",
	"JJRHU", "JJHPM", "JJOII", "JJIR", "JJVIS", "JJOHH", "IKJWJ", "JJSMG", "JJLBK", "JJMFJ", "LPJWJ", "JJHVO",
	"JJJR", "JJPRU", "JJYG", "JJODI", "JJHSN", "JJIKK", "JJLW", "JJRC", "JJSHR", "JJMNR", "JJHQO", "JJEG",
	"JJIPM", "JJTT", "JJMBL", "JJTC", "TCJWJ", "JJYCK", "JJFMU", "JJHER", "JJYVO", "JJOMG", "JJHBY", "JIJWJ",
	"JJMIG", "UKJJ", "JJMUB", "JJCOR", "JJFB", "JJMCW", "JJJMU", "JJSKR", "JJSJU", "JJNAU", "JJIJB", "JJMVM",
	"JJBGR", "JJHXU", "JJGCE", "JJSJE", "JJII", "JJMLB", "JJVVW", "FUBJJ", "JJBTV", "JJEEE", "JJWD", "JJNHX",
	"JJKMR", "JJBB", "JJQMB", "JJAPP", "QOJWJ", "XJJYJ", "JJJRR", "LYJWJ", "JJOMB", "JJLMY", "JJYRF", "JJMBK",
	"JJNHD", "JJRSJ", "JJAMH", "JJIHR", "JJUMB", "JJQKK", "JJHJU", "JJAPV", "JJTCW", "JJPYR", "JJOMN", "JJOAE",
	"JJVMW", "JJMRW", "JJABT", "JJIKW", "JJSTV", "HXJC", "JJWOT", "JJBHX", "GJHNE", "JJQKD", "JJJQR", "JJGRV",
	"JJIXP", "JJSMH", "JJVVD", "JJJII", "JJQJM", "JJYJJ", "JJMBS", "JJYBK", "JJHKB", "JJSND", "JJTCO", "JJKCF",
	"JJJTC", "JJHDW", "JJFDQ", "JJTAV", "JJGOW", "JJIRP", "JJWLV", "JJTGI", "JEJWJ", "JJTGI", "JJMBB", "HCJWJ",
	"JJSIT", "JJJJJ", "JJWWW", "VFR", "JJVID", "JJMDM", "JJYPT", "JJTAG", "JQ", "JQU", "KQKN", "KQMJ",
	"KQK", "KQSHI", "KQQNI", "KQMSU", "JQOP", "KQNO", "KQEE", "KQJR", "KQMNR", "KQYS", "KQLW", "KQRC",
	"KQHQO", "KQHFD", "KQOHH", "KQHVD", "KQSHR", "KQNOM", "KQIPM", "JIKQ", "KQMIG", "KQHKL", "KQHBY", "KQOMG",
	"KQHER", "KQYCK", "KQSJU", "KQIJB", "KQMOB", "QOKQ", "LYKQ", "FUBKQ", "KQAPP", "KQBTV", "KQYRF", "KQEEE",
	"KQVVW", "KQQKK", "KQMRW", "KQRSJ", "KQABT", "JQOMN", "XVMR", "KQGRV", "KQJQR", "KQSTV", "KQIXP", "KQYBK",
	"KQFDQ", "YTJ", "JRYTJ", "IRYTJ", "HRYTJ", "SRYTJ", "HUYTJ", "YJYTJ", "DLYTJ", "YJDL", "BEYTJ", "URYTJ",
	"YJKSJ", "YJSHJ", "YJILJ", "YJIVJ", "YRYTJ", "YJVMJ", "YJYKJ", "BBYTJ", "YJVFJ", "YJYRJ", "MMMV", "MVDI",
	"TWMMV", "DDMMV", "RJMMV", "HHHO", "XY", "YM", "YNHS", "YKS", "YSH", "YJ", "YO", "YNN",
	"YK", "YU", "YMJ", "YHJ", "YMD", "YMMS", "YON", "YNJ", "YPD", "YDI", "YMS", "YS",
	"YMLB", "YMG", "YB", "YPU", "YHVL", "YKI", "YMMI", "YHML", "YYHN", "YMVH", "YHE", "YOJ",
	"YIK", "YHK", "YMF", "YYK", "YL", "YTT", "YMMU", "YQS", "YKQ", "YSO", "YYR", "YSP",
	"YSHR", "HRHPM", "YOPD", "YBR", "YKSR", "YLWL", "YIR", "YNF", "YLW", "YHA", "YYG", "YHQO",
	"YHS", "YNIY", "YIJC", "YJP", "YGI", "YNOM", "YWR", "YBMR", "YKB", "YFD", "YTT", "YYLC",
	"YMCW", "YNIN", "YGR", "YHRR", "YMNN", "YPA", "YAV", "YTK", "YHJR", "YLMO", "YHEQ", "YHMR",
	"YTU", "YGPD", "YHBR", "YHGU", "YNDF", "YIJB", "YYWS", "YFB", "YMCW", "YHDS", "YMSO", "YIJE",
	"YCNH", "YHQB", "YOMD", "YMVM", "YKHF", "YMRT", "YIOK", "YYMR", "YNIB", "YKHG", "YMMR", "YQHL",
	"YRHG", "YDL", "YHGR", "YICE", "YHEJ", "YJWJ", "YEFH", "YWSL", "YMBB", "YCOR", "YDOO", "YKJT",
	"YTA", "YEEE", "YYJJ", "YJRR", "YLE", "YVNE", "YQOD", "YBGR", "YOG", "YYIB", "YYAJ", "YGCG",
	"YHDV", "YAPH", "YNUI", "YGTJ", "YGVV", "YWLN", "YMRW", "YTKR", "YOMN", "YAMH", "YKMB", "YHJU",
	"YTPO", "YYHH", "YUMB", "YSTQ", "YYBB", "YWLB", "YAMO", "YYBC", "YYSD", "YBJJ", "YRRS", "YHSB",
	"YBBR", "YAPV", "YRYE", "YHAG", "YTCW", "YTHU", "YGTQ", "YDMQ", "YJBJ", "YLMO", "YTTB", "YBOU",
	"YHXE", "YHHW", "YNDF", "YWLE", "YHYU", "YSYJ", "YGRV", "YTUB", "YASM", "YLMR", "YSQF", "YBOU",
	"YWJC", "YYTJ", "YGSK", "YYCB", "YIIH", "YDLK", "YDLO", "YTWA", "YITF", "YBMO", "YKPB", "YLLV",
	"YSYQ", "YTOG", "YFDQ", "YTWI", "YGGU", "YMWU", "YRUC", "YNHB", "YLMC", "YRRU", "YKCF", "YYPO",
	"YHMO", "YSRJ", "YHSK", "YTWB", "YNBQ", "YJCO", "YWLV", "YYWM", "YNOT", "YMFB", "YBHU", "YHUR",
	"YHUS", "YVVV", "YHHE", "YHEE", "YBRF", "YWLG", "YMMP", "RAU", "MNNL", "ENL", "SUNL", "VVRAU",
	"UNL", "MJNL", "MDNL", "YVNL", "VNL", "MNL", "NINL", "INL", "QONL", "YNNL", "CHNL", "YSNL",
	"MTNL", "SQNL", "HLNL", "LUNL", "QJNL", "MUNL", "PUNL", "FNL", "MHNL", "QJRAU", "PMNL", "PRNL",
	"LWNL", "TMNL", "IRNL", "OMNL", "PHNL", "MMNL", "MBNL", "SRNL", "LMPNL", "XMNNL", "HMNL", "NSNL",
	"TCNL", "OINL", "SGNL", "GGNL", "HDNL", "GINL", "KSNL", "KBNL", "YONL", "ORNL", "KINL", "MGNL",
	"GRNL", "PANL", "HRNL", "MJMJL", "YKNL", "HUNL", "GGRAU", "HYNL", "IINL", "KTNL", "XOINL", "XTKNL",
	"IIRAU", "BQNL", "NKHML", "ISNL", "MTNL", "KBNL", "RRNL", "IBNL", "MRNL", "BDNL", "HRNL", "GCNL",
	"IVNL", "KONL", "MKNL", "SRNL", "RGNL", "JDNL", "CRNL", "BCNL", "XMBNL", "RONL", "YRNL", "KBNL",
	"JVNL", "HJNL", "QBNL", "YDNL", "BRNL", "FFNL", "SJENL", "TTNL", "DONL", "HUNL", "DDNL", "HMNL",
	"YRRAU", "VHAIL", "CJNL", "BKNL", "NNVVU", "BVNL", "DQNL", "JANL", "SVNL", "AUNL", "TRNL", "LBNL",
	"RSNL", "ONNL", "MGNL", "HBNL", "BJNL", "ONKL", "NKNL", "VHIIL", "VHSJL", "HENL", "XIRNL", "BCNL",
	"HPNL", "MINL", "YWNL", "MANL", "PUNL", "HKNL", "HFNL", "VHHPL", "RCNL", "YBNL", "IBNL", "RWNL",
	"TKNL", "VDNL", "IPNL", "SHNL", "TMNL", "JINL", "MSNL", "HDNL", "MFNL", "YJNL", "AENL", "XHFNL",
	"OFNL", "NTNL", "FKRAU", "SINL", "LCNL", "CANL", "IFNL", "TKNL", "HCNL", "TRNL", "FQNL", "HWNL",
	"RJNL", "RUNL", "TDNL", "RDNL", "OANL", "XTTNL", "TNNL", "SONL", "ICNL", "QJNL", "QCNL", "IGNL",
	"MENL", "TJNL", "TFNL", "NINL", "HONL", "MRNL", "TGNL", "UBNL", "UTNL", "HCNL", "MPNL", "MCWM",
	"MWMN", "TCWM", "MWPI", "MWSU", "MWDI", "MWPD", "MWMJ", "MWMD", "EMCW", "OINW", "MWKNJ", "MWHQU",
	"MWLBU", "MWUK", "MWHNE", "MWYJ", "MWCSH", "MWMMU", "MWQO", "MWMMI", "MWKI", "MWYR", "MWMNR", "MWJP",
	"MWHS", "MWTM", "MWJR", "MWHD", "MWIVE", "MWJDI", "JIMCW", "MWNIR", "MWHER", "MWOMG", "MWILL", "MWKB",
	"MWBMR", "MWPA", "MWHGU", "LNMCW", "MWRHG", "MWVIB", "MWOMD", "MWJKD", "MWOWY", "MWHGR", "MWICE", "MWBDI",
	"MWIJB", "MWBND", "MWYIU", "MWMTH", "XMWMB", "MWIAV", "MWOG", "MWVNE", "MWDD", "MWKLU", "MWPOU", "MWYTR",
	"MWII", "MWYRD", "MWFF", "MWYOJ", "MWEEE", "MWTA", "MWAPP", "MWAMO", "MWIHR", "MWJKA", "MWJRB", "MWNOB",
	"MWAHM", "MWLUT", "HFMCW", "MWYRA", "MWABT", "MWNOP", "MWGIT", "MWHXE", "MWYFD", "MWTOG", "MWHI", "MWTQM",
	"MWWOT", "FFBMW", "MWLKT", "MWJCS", "MWKRT", "MWILR", "LIMCW", "MWMWF", "MWIIH", "MWSRR", "MWYUB", "MWTWA",
	"MWSMH", "SEMCW", "VIMCW", "MWTCO", "MWOGF", "MWYUT", "MWMWJ", "MWNOE", "MWTWV", "MWWLJ", "MWTWT", "MWYPO",
	"MWOMO", "MWYTP", "MWYCV", "MWMBB", "MWHGF", "MWGNI", "MWTLF", "MWMBR", "MWIDD", "MWIDF", "MWYRV", "HBMCH",
	"MWBWI", "MWMMP", "MWIDY", "MWRRK", "HFD", "BD", "HDSO", "HDLW", "HDEQ", "HDWLJ", "WG", "HJWG",
	"WGNIN", "AMWG", "JKMWG", "C", "OMGC", "CU", "CN", "CNN", "CSH", "CLN", "CMN", "CY",
	"CKN", "CKS", "CKMGC", "CJ", "CO", "CC", "CHN", "XCC", "CNHS", "CPI", "CHHH", "CF",
	"CR", "CLLL", "CND", "CHNI", "CMD", "CMMS", "CMJ", "CM", "CDH", "CYV", "CSHI", "CK",
	"CRU", "CON", "CIP", "CEI", "CPD", "CG", "CNI", "CV", "CHJ", "CKNI", "CSK", "CHLO",
	"CMVH", "CHML", "CAU", "CYHS", "CLBU", "CMT", "CYJ", "CB", "CCI", "CQO", "CMF", "COB",
	"CP", "XCOP", "CDK", "CPU", "CPI", "CNL", "COIN", "CHE", "CNHE", "CHG", "CFH", "CNG",
	"CCSH", "CIHU", "CJE", "CYE", "CPP", "XCI", "CKI", "CHQ", "CPIM", "XXCNL", "CHNE", "CL",
	"CD", "CMYS", "CA", "CF", "CKI", "CYHN", "CMMU", "CIS", "CMSU", "CYK", "CSO", "YPC",
	"CSP", "CUU", "CYLB", "CRVP", "CHVO", "CMNR", "COII", "CMOB", "CIR", "CJR", "CIKK", "CDHE",
	"CMGI", "CRLR", "CHS", "CKLB", "CLW", "CW", "CWL", "COHH", "CLK", "COK", "CHQO", "CSS",
	"CYR", "COPD", "CJP", "CYVI", "CSHR", "CPRU", "CHD", "CPH", "CHQM", "CBM", "CMR", "CHA",
	"CYG", "COLB", "CSLB", "CSR", "CHEY", "CTM", "CLLN", "CRC", "CHHL", "CCR", "CODI", "CYT",
	"CIV", "CMFM", "CLBK", "CFQ", "CDM", "CGI", "CPR", "CIJC", "CMYM", "CWYI", "CNF", "COF",
	"CPT", "CKSR", "CBU", "CAM", "CLWL", "CVIO", "CSMR", "XCII", "CYMY", "CLMP", "LIC", "CLMI",
	"CMTN", "CTC", "CYCK", "CNIN", "CSJ", "CHER", "CTT", "CIPM", "CIHQ", "COMR", "CAV", "CPA",
	"CILL", "CYIU", "CHBR", "CBMR", "CMA", "CQD", "CGG", "CLQ", "CIHM", "COHG", "CKLD", "CMIG",
	"MNC", "CBT", "XMNC", "CHGU", "CMJJ", "COMG", "CMFJ", "CKN", "CHJD", "CHMR", "CNIR", "CKMS",
	"CLMO", "CHJR", "HOCMN", "COD", "PAC", "CULB", "CJKP", "CGR", "CINE", "CVR", "CFD", "CYHV",
	"CWK", "CFMU", "CJV", "CHGI", "CKB", "CNAU", "CJKS", "CIQ", "YCC", "CVIF", "CTK", "CRLB",
	"CAMJ", "CCRU", "QLC", "CHXH", "CIJE", "CFB", "CSJU", "CHDH", "VGC", "CCNH", "COOG", "CHPR",
	"CME", "CNIB", "CMRT", "CRHR", "COWY", "CIAV", "CMFE", "CYTJ", "GMC", "CBUC", "EKC", "CDL",
	"CCOR", "CNKM", "CNKG", "CJBD", "CJMU", "CKOO", "CJKI", "CICE", "CHEJ", "CHDN", "CNAU", "CGP",
	"CBV", "CRB", "CRVK", "CMMR", "OKC", "CLL", "CRYO", "CBDI", "CMVM", "CSME", "CMMV", "COIR",
	"CBND", "CMHL", "CBMS", "CRHG", "CSSR", "CBUU", "CHQI", "CTYV", "CIJB", "HNC", "QEC", "XXCCR",
	"CIHS", "CHGR", "CWG", "CIPP", "COMC", "CQKI", "CJRU", "CHDU", "CYIU", "CSJE", "CSJR", "CSMV",
	"CJNU", "SEC", "CAPP", "CYAJ", "CPOU", "CFBR", "COMB", "CWD", "CGCE", "EEC", "CVNE", "HHC",
	"CQMB", "CYTR", "CFQU", "CHPA", "CYOJ", "CBB", "CUMJ", "CHHJ", "CNHX", "CMLM", "COG", "CISK",
	"CNLR", "CTGU", "CEA", "HRHPM", "YEC", "CHDV", "CHJM", "CVVW", "CBSD", "CKJT", "COIP", "CJMF",
	"CYRD", "CFF", "CJMO", "CKMR", "CII", "CEEE", "CTMC", "CYIB", "CHAB", "CJRR", "CTW", "CAA",
	"CTBC", "CAPH", "CDW", "CBGR", "CWJR", "CTA", "CDF", "CMGG", "CNME", "CNDT", "CGCG", "CTOP",
	"CQMV", "CJJU", "CDOO", "CYMB", "CTYS", "CMPM", "CKMF", "XCMFE", "KLC", "CYPU", "CAMI", "CHLO",
	"CC", "CPHP", "CYRF", "CEGI", "CAN", "CPPA", "CTLK", "CAMO", "CDWF", "CBBR", "EUC", "CITE",
	"CHJU", "CDMQ", "CUCE", "COAE", "CNHD", "CRSJ", "CRRS", "CBJJ", "CTMV", "CYBB", "CBCN", "ECC",
	"CAMH", "CHJE", "CRYE", "CWLB", "CYBC", "CAHM", "CHAG", "CWMV", "CMRW", "CTSR", "CHJX", "CQHK",
	"CYSD", "CPYR", "CNOK", "CTKR", "NKC", "HFC", "CHDF", "CONK", "COMN", "CPKP", "CBME", "CPTD",
	"CRPA", "SIC", "CUMB", "CNKQ", "CWP", "CKGG", "CJRB", "CJMM", "CJKA", "CAPV", "CIHR", "CISB",
	"CHJG", "CVMW", "COLH", "CSJL", "CTGK", "CEHV", "CYRV", "CWOL", "CTBN", "CAHU", "CTQM", "CASM",
	"CYBS", "CJQR", "CTXC", "CJBF", "COND", "EUC", "CBOU", "CGIT", "CMVI", "CCIM", "CJCR", "CILR",
	"CFBC", "COIR", "CMRB", "CTUB", "CYHR", "CIBI", "HEC", "CTOR", "CHWP", "CEED", "CWLM", "CTVI",
	"CHRF", "FFBC", "CAFU", "ODC", "CHHW", "CUMT", "COGJ", "CKCE", "CHXE", "CHBE", "CYRB", "CPBC",
	"CJBC", "CIIL", "CTCT", "CGRV", "CFBU", "CHUD", "CHUP", "CJMO", "CMRR", "CSQF", "COGS", "CYTK",
	"CIFM", "CVVC", "CYPQ", "CUHJ", "CABT", "COMQ", "CYWI", "CVVD", "CSRR", "CYSK", "CJII", "COLB",
	"CWJC", "CYSO", "CYJJ", "CDLO", "GKC", "CTLB", "CTAK", "CWVF", "CWTJ", "CQJM", "CSMH", "CYCB",
	"CIIH", "CHWP", "CJMC", "CIXP", "IPC", "CSEG", "CVMI", "CUOG", "CIHF", "CFBB", "CFBG", "CAWE",
	"CILB", "CYHM", "CYHJ", "CYTU", "CMWF", "CITF", "CLWV", "CJOA", "CHOO", "GEC", "JLC", "CJJL",
	"CTWA", "CHND", "CYPD", "CHDP", "CILE", "CKKK", "CUBB", "CYTJ", "CYVQ", "CCWA", "CRMR", "CTMJ",
	"COGD", "CTCO", "CJIP", "CNII", "CNOE", "CFDQ", "CHDB", "CLX", "CTBK", "CFBD", "CLMC", "CTCL",
	"CMLW", "CGGU", "CTMC", "FKC", "NOC", "CHDW", "CHKB", "CRUC", "CNLH", "CEAH", "CNAO", "CNHB",
	"COGF", "CTWI", "CKCF", "CVFR", "CFFS", "CYDK", "CMWJ", "CMUA", "CVII", "CANB", "CYTG", "CNOT",
	"CMMP", "CAYF", "YKC", "CMTO", "CSMI", "CQOA", "CTCA", "CJIT", "DDC", "CFBQ", "CBUL", "CTGR",
	"CANT", "CANA", "CLNC", "CYTO", "CYPS", "COGS", "CYMH", "CHBK", "CITC", "CTJA", "CRRD", "COMO",
	"CWLI", "CMBW", "CSRJ", "CJIG", "CWLV", "CTPD", "CWLJ", "CYBB", "CFBW", "CYPO", "CJTC", "CYGQ",
	"SJC", "CYTP", "CBBE", "XCUCE", "CHGF", "CSMG", "CGNI", "CFFD", "CTGI", "CYX", "CMFB", "CTGT",
	"CTOE", "JMC", "CJMC", "BCC", "CSLC", "CJPN", "CMBB", "CSIT", "SWC", "CYLR", "CJBF", "CHLC",
	"XCTWI", "CHHE", "CWWW", "CHUA", "CQOC", "CITC", "XCFBC", "CTYJ", "CVVV", "CGWC", "CVID", "CYMU",
	"CYPP", "CIPF", "CATE", "CNWA", "CSEC", "CJTI", "CYBP", "CMGR", "CYPT", "CCC", "CSIU", "CANW",
	"CTEI", "COIM", "COMB", "CNRI", "CYRV", "CJTO", "CUOB", "CTRG", "CTIS", "CSJJ", "CWWG", "CJCV",
	"CBUG", "CDDQ", "CWLG", "CHUC", "VFC", "TEC", "CYBK", "CBUE", "CFBF", "CSYI", "CTAW", "OMJV",
	"XCU", "XCN", "XCJ", "XCMN", "XCLN", "XCY", "XCNN", "XCG", "XCHJ", "XCLLL", "XCHHH", "XCNHE",
	"XCHNI", "XCPI", "CLS", "XCV", "CNSH", "XCEI", "XCMT", "XCMYS", "XCMF", "XXCKI", "XCSS", "XCPU",
	"XCFH", "OVL", "XCOB", "CBO", "OVBK", "XCHE", "XCOIN", "XCB", "XCNO", "XCPIM", "CPVM", "XXXCP",
	"XCYHN", "XCYHS", "XCF", "XCYJ", "XCNG", "XCAU", "XCMGI", "CIJ", "XCMYM", "XCTM", "XCJR", "XCDM",
	"XCMNR", "XCSR", "XCKLB", "XCIKE", "XCIV", "XCYR", "XCBU", "XCAM", "XCWL", "XCW", "XCLW", "OVHQO",
	"XCHA", "OVOII", "CHVD", "XCHNR", "XCHHL", "XCPRU", "XCYLB", "XCYVI", "XCJP", "XCPH", "XCSP", "XCDHE",
	"CEQ", "XCMTN", "XCJKS", "XCJKP", "XCSJ", "XCTYV", "CMTC", "XCKB", "XCIHS", "CKT", "XCMHL", "CJPU",
	"XCMIG", "CFSM", "OVBMR", "XCRR", "XCRLB", "XCWK", "CUSU", "CBON", "XCHJD", "XCHGU", "XCNKG", "XCHGI",
	"XCHJR", "COPJ", "XCOMG", "CKD", "XCOMR", "XCLMO", "XCHER", "XCNIR", "XCNSD", "XCNAU", "XCYCK", "XCYHV",
	"CYTH", "XXXCY", "CENH", "XCJV", "OVAV", "XCVR", "XCQKI", "CTBS", "XCIJB", "XCMMR", "CDT", "XCIPP",
	"CYKQ", "CLEG", "XCFB", "CFBO", "XCWG", "XCRMG", "XCBMS", "CROB", "XCHGR", "XCHQI", "XCHDS", "XCOOG",
	"XCBDI", "XCHEJ", "XCYTJ", "XCYIU", "CLST", "CLSA", "XCCRU", "XCCNH", "XCIAV", "XCSME", "XCSSR", "XCNLR",
	"XCQMB", "XCJKA", "XCTKR", "XCTA", "XCTW", "XCKJT", "XCKMR", "XCAMI", "XCWD", "XCAPP", "XCAA", "XCAPH",
	"XCWJR", "CWLN", "XCHJM", "XCOG", "XCHAB", "CHJO", "XXCHL", "XCFQU", "XCPHP", "XCYTR", "XCFF", "OVJMO",
	"XCNKQ", "XCSJR", "XCNDT", "XCVVW", "XCQHK", "XCTLK", "XCPPA", "XCLMI", "XCWP", "XCRRS", "XCHJX", "XCHDF",
	"XCHJG", "XCHJE", "XCHXE", "XCHAG", "XCBME", "XXXCY", "XCITE", "XCTGK", "CFDV", "XCTVI", "CLNO", "XCAHU",
	"XCTAK", "OVJBC", "XCIBI", "XCMRB", "XCSJE", "XCFBU", "XXCOG", "XCHUD", "XCORQ", "XCHHW", "XCYRB", "XCYBS",
	"XCTCT", "XXXCJ", "CJOC", "XCJCR", "XCMWF", "XCFBG", "XCAWE", "XCWVF", "XCUBB", "XCILB", "XCYTU", "XCYCB",
	"XCYSK", "XCYSO", "XCSMH", "XCMWJ", "XCMTO", "XCKCF", "XCTCO", "XCNWA", "XCYDK", "CLSW", "XCTCA", "CJCL",
	"XXXCN", "XCNOT", "XCTOE", "XCMBW", "XCWLV", "XCWLI", "XCITC", "XCYTP", "XXCJB", "XCIPF", "XCVVV", "XCNRI",
	"XCYRV", "SMV", "SMI", "SINO", "SIHK", "SIHQO", "SISUU", "SIKCF", "SIMFB", "LHMO", "AN", "ANH",
	"ANM", "ANO", "XXANO", "ANMN", "ANMMM", "ANMY", "ANMJ", "ANDH", "ANU", "ANMT", "ANYHN", "ANYHS",
	"ANKI", "ANMG", "ANHQU", "AND", "ANB", "ANA", "ANYK", "ANMVH", "ANE", "ANYJ", "ANWL", "ANYLB",
	"ANYT", "ANMFJ", "ANMNR", "ANOII", "ANIT", "ANPH", "ANMGI", "ANYVO", "ANTK", "ANHER", "ANOMR", "ANOI",
	"ANOOO", "ANTC", "ANGG", "ANLMI", "ANMCW", "ANWD", "ANIAV", "ANRHR", "ANNKG", "ANEFH", "ANHX", "ANCRU",
	"XANCR", "ANJWJ", "ANBUC", "ANOG", "ANAA", "KCANO", "ANMLM", "ANKLU", "ANAYK", "ANNHX", "ANYSY", "ANHPA",
	"ANIRM", "ANBBE", "ANTCU", "ANAN", "ANFQU", "ANBUK", "ANMWV", "ANBUE", "ANRRR", "ANYTA", "ANDMQ", "ANMWG",
	"ANEHR", "ANNOK", "ANDWF", "ANJKA", "ANHAE", "ANHNI", "ANJBC", "ANHUD", "ANASM", "ANUMT", "ANGIT", "ANTUO",
	"ANSQF", "ANVIF", "ANMTI", "ANIRK", "ANQOU", "ANFBG", "ANVIT", "ANBCK", "ANMJK", "ANOMM", "ANLMC", "ANRRJ",
	"ANSRJ", "ANFBW", "ANWLV", "ANYGQ", "ANTWT", "ANYGV", "ILS", "LSM", "LSO", "LSMMM", "LSMJ", "LSDH",
	"LSR", "LSNVM", "LSMG", "LSQS", "LSD", "LSKI", "ISA", "LSYK", "LSYHN", "LSP", "LSWL", "LSYLB",
	"LSGG", "LSSJ", "XLSYK", "LSLMI", "LSRR", "LSUSU", "LSOI", "LSHER", "LSYVO", "LSWD", "LSNWU", "LSCRU",
	"LSIAV", "LSJKA", "LSIRM", "LSKLU", "LSAA", "LSHXU", "LSBBE", "LSHPA", "LSNHX", "LSYSY", "LSCWJ", "LSDWF",
	"LSBUK", "LSLMO", "LSEHR", "LSNOK", "LSGIT", "LSJBC", "LSASM", "LSTUO", "LSNJK", "LSWLV", "HRJ", "NL",
	"NLKS", "NLO", "NLNJ", "NLHJ", "NLMU", "NLON", "NLPD", "NLE", "NLF", "NLYJ", "NLMSU", "NLHT",
	"NLHE", "NLMF", "NLYHN", "NLIHU", "NLMMU", "NLYLM", "NLPP", "NLTT", "NLYHS", "NLA", "NLB", "NLKQ",
	"NLOLL", "NLMYM", "NLISN", "NLGI", "NLHPM", "NLBM", "NLHS", "NLYR", "XNLOI", "NLMNR", "NLJP", "NLOPD",
	"NLDHE", "NLMOB", "NLODI", "NLMMF", "NLQU", "NLIKP", "NLKD", "NLNOM", "NLNIN", "NLMBV", "NLMA", "NLHEQ",
	"NLHJD", "NLKB", "NLAV", "NLMBL", "NLNMU", "NLKMS", "NLYVO", "NLKT", "NLICE", "NLFB", "NLMVM", "NLMMV",
	"NLMPM", "NLPPG", "NLKOO", "NLKOO", "NLHTG", "NLYLH", "NLIJB", "NLGYO", "NLJMU", "NLJWJ", "NLOMD", "NLNLA",
	"NLQKI", "NLAG", "NLRBO", "NLOMM", "NLYTR", "NLLMY", "NLSJE", "NLKMR", "NLOG", "NLOMB", "NLOII", "NLPFD",
	"NLHJM", "NLDW", "NLHHJ", "NLGCE", "NLPOU", "NLNHX", "NLGCG", "NLHTA", "XNLOM", "NLMWG", "NLJKA", "NLAMH",
	"NLMBK", "NLSKO", "NLHJG", "NLSAV", "NLOSI", "NLOMN", "NLAMO", "NLWLB", "NLHEM", "NLIHV", "NLWMV", "NLHXG",
	"NLTPO", "NLKMB", "NLYTA", "NLHAG", "NLPPA", "NLYKB", "NLNSP", "NLUMT", "NLTXC", "NLKMM", "NLMRB", "NLRBC",
	"NLHRF", "NLHI", "NLTCT", "NLFHF", "NLFBG", "NLBOF", "NLYTJ", "NLHAF", "NLGSK", "NLVVD", "NLBSP", "NLYHM",
	"NLGGU", "NLFDQ", "NLLMC", "NLNOT", "NLSRJ", "NLYTO", "NLYKB", "NLHBK", "NLOMO", "NLJTC", "NLMFB", "NLMBB",
	"NLYX", "NLGNI", "NLAVF", "NLBMP", "XNLFH", "NBOP", "NLYBP", "NLYTI", "LE", "GFLE", "DFLE", "OG",
	"OBG", "OGE", "OGJ", "OGNHS", "EOG", "IPOG", "FOG", "MOOG", "ONOG", "MTOG", "KIOG", "MHOG",
	"OGD", "HSOG", "TOG", "OKOG", "PROG", "OGLMS", "YMPOG", "YVHG", "BMOG", "NSOG", "YPOG", "KDOG",
	"HROG", "ODOG", "OGOG", "BROG", "RIOG", "JJOOG", "BYTOE", "OGE", "TRRG", "PUOG", "YDOG", "VUOG",
	"BKOG", "UOGB", "OGIVG", "SHOG", "YBOG", "TOOG", "HBOG", "OGOGG", "XOGOG", "OGOGD", "MLBY", "MBMMS",
	"MBSM", "MBMY", "MBD", "MBNHE", "MBHQU", "MBYK", "MBCSH", "MBYHS", "MBMMI", "MBMKS", "MBYT", "MBLBK",
	"MBOII", "MBW", "MBTM", "MBPRU", "MBNIH", "MBWU", "MBMR", "MBHFD", "MBHES", "MBLMO", "MBMBL", "MBYKL",
	"MBED", "MBELU", "MBFB", "MBYMR", "MBNKG", "MBMMV", "MBEJB", "MBOWY", "MBMMC", "MBJLV", "MBBGR", "MBOG",
	"MBYTV", "MBLMY", "MBENI", "MBEYR", "MIOIN", "MBHXU", "MBEYG", "MIPU", "MBDD", "MBEOI", "MBEBR", "MBTLK",
	"MBNHK", "MBNNN", "MBDBU", "MBRRR", "MBRYE", "MBETC", "MBYTN", "MBBIE", "MBBHV", "MBRBC", "MBHHW", "MBBMO",
	"MBDDH", "MBNHS", "MBSFI", "MBYDL", "MBEBG", "MBSMA", "MBWTC", "MBIVV", "MBETV", "MBNOT", "MBTBK", "MBNIB",
	"MBRMR", "MBNLM", "MILE", "MBRJI", "MBEYS", "MBAAH", "MBTJB", "MBSRJ", "MBHOK", "MBTWT", "MIOND", "MBYX",
	"MBBHG", "MBNHU", "MBTBO", "MBWWW", "MBMDM", "MBOGG", "MBYRV", "MILNC", "MIYLE", "MBYBP", "MBRRM", "MIBBE",
	"MBUJT", "MBEMM", "MBJMC", "MBOGF", "MBCHF", "XMBOG", "MWMWW", "QMBLM", "QMB", "QBBHU", "QBOMN", "MMQMB",
	"YTQMB", "QBFMU", "QBNAU", "QBNSD", "QBBUU", "QBJMO", "QBBSD", "QBOND", "LMYYY", "LYHQU", "HGRLY", "IDLMY",
	"MWYL", "MWR", "MWPRU", "MIKW", "MWBUU", "MWLMC", "MKMWL", "TLJ", "TJMN", "TJEI", "TJMJ", "TJSHI",
	"TJPI", "TJG", "TJMU", "TJSK", "TJOIN", "TJHML", "TJOP", "TJNG", "TJAU", "TJNL", "TJNHE", "TJOB",
	"TJDJ", "TJBM", "TJAM", "TJFQ", "TJPT", "TJVIS", "TJSHR", "TJDHE", "TJHD", "TJNI", "TJPRU", "TJLBK",
	"TJMOB", "TJWK", "TJOMR", "TJLMO", "TJGR", "TJGG", "JVTJ", "TJJV", "TJAV", "MNTLJ", "TJYMY", "TJYK",
	"TJHKL", "TJRMG", "TJNAU", "TJMLK", "TJBV", "OLOJ", "TJFB", "TJRB", "TJJCM", "TJYTR", "TJEA", "TJFBR",
	"TJHHJ", "TJYRD", "TJPFD", "TJQYT", "TJPTD", "TJNHD", "GITLJ", "TJOMT", "TJHDF", "TJTCW", "TJAPV", "TJFBN",
	"NKTLJ", "TJPYR", "TJNKQ", "TJOMK", "TJAMO", "TJTKD", "TJABT", "TJBHX", "TJTTB", "TJTOR", "TJTHB", "TJBVK",
	"HETLJ", "MRBJ", "TJWTJ", "TJYDL", "TJFBG", "TJLWV", "TJLMC", "TJHKB", "TJTMJ", "TJVII", "TJIXF", "TJMWM",
	"TJNCR", "TJYGQ", "TJTOE", "TJAVF", "TJYMU", "TJGWC", "TJTWM", "TJTIF", "TJTAW", "DMRQ", "DQSHI", "DQIKK",
	"DQDJ", "FQDMQ", "DQOMR", "FUDMQ", "DQFB", "JJDMQ", "DQSMV", "DQYRD", "DQNHD", "DQBJJ", "DQPTD", "AODMQ",
	"DQTLJ", "DQTHB", "DQBHX", "DQTTB", "DQWOT", "DQHAJ", "DQWTJ", "DQTMJ", "DQJIP", "DQWLI", "DQTWI", "DQGWC",
	"QS", "QSSHI", "QSIKE", "JJQS", "AOQS", "QSABT", "QSBHX", "LMMM", "TLMM", "JILSM", "YELMM", "OILMM",
	"YXLMM", "YTA", "YAMLB", "YAPIM", "YASHR", "YAUU", "YAHEJ", "YAHAG", "YATLK", "YARBC", "YAYHJ", "OWYTA",
	"GEYTA", "VLYTA", "YATOE", "MBUC", "MNMBC", "PMBC", "KNMBC", "MMBC", "LLLC", "MJMBC", "HHMBC", "YMMBC",
	"MGMBC", "XMUMB", "CIMBC", "JEMBC", "HLMBC", "YNMBC", "NNMBC", "MUMBC", "CHMBC", "PUMBC", "LWMBC", "YRMBC",
	"FQMBC", "DEMBC", "OIMBC", "XMMMB", "EGMBC", "QDMBC", "ORMBC", "YKMBC", "JVMBC", "HRMBC", "NUMBC", "GRMBC",
	"XXXMR", "SLMBC", "SLMBC", "LSLC", "YOMBC", "HRMBC", "SMMBC", "TTMBC", "FDMBC", "LMUOC", "KTMBC", "MTMBC",
	"ETMBC", "BTMBC", "KOMBC", "BIMBC", "NGMBC", "GCMBC", "PFMBC", "SRMBC", "XXHRM", "ORMBC", "MMMBC", "HUMBC",
	"HSMBC", "YHMBC", "DLMBC", "HNMBC", "HCYMP", "HPMBC", "OGMBC", "JOMBC", "DOMBC", "FFMBC", "NUMBC", "HBMBC",
	"WDMBC", "YJMBC", "PFMBC", "CMBC", "HJMBC", "WPMBC", "AOMBC", "JRMBC", "RSMBC", "YHMBC", "BJMBC", "IRMBC",
	"WBMBC", "UBMBC", "YHMBC", "ACMBC", "XHPMB", "UTMBC", "MFMBC", "EDMBC", "PCMBC", "JCMBC", "TBMBC", "BBMBC",
	"FKMBC", "SHMBC", "MFMBC", "YOMBC", "TBMBC", "IFMBC", "GUMBC", "AFMBC", "OFMBC", "HGMBC", "MCML", "OOMBC",
	"YHMBC", "YMMBC", "MBMBC", "TNMBC", "XJCMB", "AFMBC", "YCHHJ", "YTMBC", "FWMBC", "SJMBC", "TGMBC", "MBO",
	"MNMBO", "PMBO", "MJMBO", "MMBO", "LLLO", "HHMBO", "MGMBO", "XMUMB", "MUMBO", "PUMBO", "HLMBO", "CHMBO",
	"CIMBO", "YNMBO", "NNMBO", "YSMBO", "OIMBO", "DEMBO", "NMMBO", "GRMBO", "KTMBO", "NGMBO", "XORMB", "PEMBO",
	"XPFMB", "YOMBO", "SLMBO", "YHMBO", "ETMBO", "HNMBO", "ORMBO", "PFMBO", "PDMBO", "WDMBO", "AOMBO", "WBMBO",
	"RSMBO", "UBMBO", "YHMBO", "JRMBO", "SEMBO", "TBMBO", "JCMBO", "EDMBO", "AFMBO", "FFMBO", "YMMBO", "MBMBO",
	"YOHWJ", "TGMBO", "HNHLI", "HNHHH", "MYHN", "HNQO", "HNMVH", "HNYR", "HNPRU", "YTHNI", "XHNIK", "HNIR",
	"HNMNN", "HNHJR", "HNONO", "HNFB", "HNBMC", "HNFF", "HNWP", "HNDMQ", "HNAMH", "BUHNI", "HNHXE", "UTHNI",
	"HNEII", "SFHNI", "HNHHW", "SAHNI", "HNSMH", "HNMWF", "MFHNI", "HNMLW", "IKHNI", "HNIKK", "HNFFF", "HNKCF",
	"FFHNI", "HNMGH", "TGHNI", "HNHNN", "HNK", "HNNSH", "XHNYR", "XHNPR", "YTHNK", "XHNBM", "XHNWP", "XHNHX",
	"BUHNK", "XHNHH", "MFHNK", "IKHNK", "XHNFF", "NOHTO", "HWNOO", "NONOO", "NO", "OIAV", "OIAI", "IMOIV",
	"OIHN", "OIMN", "OIO", "OIHP", "OIMJ", "NIOIV", "VHOIV", "OIPU", "OIHG", "OIHK", "FQIAV", "OIOKS",
	"OSNO", "OIHE", "OIYY", "MNOIV", "OINO", "OIYG", "OIIR", "OIHS", "OIPH", "OIBM", "RSOIV", "OIHHL",
	"YPOIV", "OIOHH", "OISMR", "OIPRU", "OIOLB", "OIUU", "OITK", "OIOHG", "OIHJR", "OIYCK", "OIOMR", "OITT",
	"OILMO", "OIBMR", "IOOIV", "OIHBR", "TOIAV", "FQOIV", "OISJ", "MIKV", "OIHER", "OIYHV", "YEOIV", "OIJBD",
	"OIBV", "OIHQI", "OIIJB", "OIICE", "OIMRT", "OIDL", "OIOMD", "OIKKB", "OIKKB", "OIAPP", "OIWD", "OITYS",
	"OIII", "OIEEE", "OIYJJ", "OINHX", "OIYTR", "OIKLU", "OIFF", "LYOIV", "OISMV", "OIHDV", "OIJRR", "OICYO",
	"OIMBK", "OIBJJ", "OIJRB", "OIHAG", "MHOIV", "OIVNO", "OIHON", "OIONK", "OIAPV", "OIAMH", "OIKJT", "OIWMV",
	"OIBBB", "OIDAM", "OIYTK", "OIILR", "OIIBI", "OITGF", "OIOND", "OIHI", "OIHHW", "OIHXE", "OIBHX", "OIGIT",
	"OIABT", "OITAK", "OIFBG", "OIAWE", "OIWTJ", "OISRR", "OITQG", "OITLM", "OITBK", "OILMC", "OIRUC", "OITGR",
	"OIGRR", "NKOIV", "OIGBT", "OIVII", "OIGGU", "OIFBD", "YVGV", "RUOIV", "OIYMH", "VLOIV", "OIYWM", "OIJTC",
	"OITGT", "OITBO", "MKOIV", "OIIDR", "OINRI", "OIYRV", "OIWLG", "OIHUC", "OIJBV", "NV", "NVMN", "NVHN",
	"NVHP", "NVNSH", "NVPU", "NVOMN", "NVHG", "NVHK", "NVOKS", "NVHE", "NVNO", "NVIJ", "NVOLB", "NVPRU",
	"NVSMR", "NVUU", "NVIR", "NVSJ", "NVJPU", "NVHBR", "NVOMR", "NVHER", "NVYCK", "NVYHV", "NVTT", "NVJBD",
	"NVMRT", "NVHQI", "NVOMD", "NVBV", "NVICE", "NVWD", "NVAPP", "NVNHX", "NVJRR", "NVDAM", "NVLMO", "NVBBB",
	"NVHXE", "NVNUY", "NVGIT", "NVTAK", "NVIBI", "NVHHW", "NVTQG", "NVTLM", "NVAWE", "NVTBK", "NVRUC", "NVJBV",
	"THBU", "KNTHU", "TUIRM", "HDA", "HACSH", "HAIKK", "HASP", "HAPH", "HAJBD", "HABND", "HAOIR", "HALMY",
	"HAII", "HAKLU", "HAAPV", "HAOAE", "HATXC", "HAWOT", "GEHDA", "HAJTC", "HAJMC", "HAHAA", "SQSF", "SFE",
	"IMSQF", "SFMJ", "SFPI", "SFK", "SFHP", "SFPD", "SFLLL", "SFT", "SFJE", "SFJB", "SFHML", "SFA",
	"SFNHE", "SFIHU", "SFYK", "SFL", "SFLBU", "SFIS", "SFIKU", "SFKK", "PJSQF", "SFDK", "SFKI", "SFSO",
	"SFSK", "SFOK", "SFOM", "SFBR", "SFDHE", "SFSHR", "NUSQF", "SFMFJ", "SFLW", "SFSS", "SFYG", "VESQF",
	"SFPR", "SFMFM", "SFBM", "KRSQF", "SFOII", "SFOHH", "SFIR", "SFODI", "SFLBK", "SFLK", "SFPH", "SFJP",
	"SFOPD", "SFWC", "SFHHL", "RRSQF", "SFTT", "SFLMO", "SFMIG", "SFIJ", "FQSQF", "SFBMR", "SFPA", "SFOMG",
	"SFHGU", "SFFMU", "SFSJ", "SFYVO", "SFYCK", "SFHJD", "SFWK", "SFHER", "SFILL", "SFNKV", "SFIT", "SFMX",
	"SFSSR", "SFDL", "SFSME", "SFIUH", "SFIAV", "SFAMJ", "SFOMD", "SFRB", "SFCRU", "SFICE", "SFHQI", "SFLWS",
	"SFYTJ", "SFIOK", "SFVNE", "SFOG", "SFBGR", "SFOMR", "SFYJJ", "SFAPP", "SFPOU", "SFDOO", "SFJMF", "SFWD",
	"SFKMR", "SFTMC", "SFOIP", "SFLMY", "SFELI", "XSFOM", "SFAPV", "SFMWV", "NKSQF", "IBSQF", "SFPKP", "SFHSB",
	"SFTBN", "SFNOO", "SFHAG", "SFNKQ", "SFQJR", "SFOMN", "SFAMO", "SFHAE", "SFRYE", "SFUCE", "SFNOK", "SFNHD",
	"SFWP", "SFBBR", "SFFWJ", "SFHI", "SFHXE", "JTCF", "SFHDP", "NHSQF", "SFHHW", "SFYBS", "BFQF", "SFBVK",
	"SFTAJ", "SFSQF", "SFAJV", "SFMHF", "SFPUU", "SFEII", "SFHSM", "SFTLM", "GISQF", "SFKKK", "SFIXP", "SFSMA",
	"SFWVF", "SFYTJ", "TAKF", "GKSQF", "SFIIH", "SFMWF", "SFHWP", "SFSRR", "SFWTJ", "XGISQ", "SFNHB", "SFYPM",
	"SFTMJ", "SFNOE", "SFLX", "SFGGU", "SFFDQ", "SFSND", "SFYDK", "SFMLW", "SFRRJ", "SFCWA", "SFMWJ", "SFHKB",
	"SFJIG", "SFOMO", "YRBSN", "SFYWM", "TKSQF", "SFWLJ", "SFTCD", "SFGBD", "SFJMC", "SFSEO", "SFTLF", "YPSQF",
	"SFYPT", "SFFQF", "SFYRV", "SFLPC", "SFMBU", "SFTJD", "SFUOB", "SFTRG", "SFMMP", "SFSFF", "NVSM", "NME",
	"NMK", "NMLLL", "NMPD", "NMSK", "NMA", "NMKK", "NMIS", "NMBM", "NMLK", "NMWC", "NMODI", "NMPR",
	"NMNSM", "NMYG", "NMJP", "VENVM", "KRNVM", "NMEQ", "NMIR", "NMJPU", "RRNVM", "NMWK", "NMHKL", "NMOPJ",
	"NMHER", "NMYVO", "NMTT", "NMNMM", "NMMBB", "NMLWS", "NMOMM", "NMYTJ", "NMSME", "NMICE", "NMTMC", "NMKMR",
	"NMWD", "NMOG", "NMJMF", "NMLX", "NMIKH", "NMISB", "NHNVM", "NMNOK", "NMEII", "NKNVM", "QKNVM", "NMHHW",
	"JTCM", "NMISM", "NMMWF", "NMWVF", "NMHWP", "NMSND", "NMSEO", "NMLPC", "NMMBU", "NMYRV", "BBB", "BBKN",
	"BBHNI", "BBKNI", "BBMD", "BBMJ", "BBIP", "BBYHN", "BBHNE", "BBOLL", "BBPRU", "BBDHE", "BBYMP", "BBDM",
	"BBHPM", "BBJR", "BBYVO", "BBYCK", "BBHMR", "BBKMS", "BBHER", "BBBV", "BBMLK", "YPMRB", "BBHHJ", "BBWD",
	"BBJHR", "BBWLB", "XBBYK", "BBFDV", "BBIBI", "BBYRB", "BBYBS", "BBOBG", "BBTQM", "BBJTU", "BBJOC", "BBIJC",
	"BBSMH", "BBLWV", "BBGGU", "BBWLI", "BBTMT", "BBYKB", "BBTWT", "BBJMC", "BBJTI", "BBYPT", "YRBR", "YSLB",
	"YBYHN", "YBSKN", "YBAHT", "YBFFS", "YBRRD", "SIHHH", "SHHN", "SHMU", "SHPD", "SHYHS", "SHD", "SHBMM",
	"SHHQU", "SHLBU", "SHMMU", "SHMLS", "SHKE", "SHSHR", "SHMFM", "SHYMP", "SHIKK", "SHGB", "SHPT", "SHPRU",
	"SHDHE", "SHNIH", "SHLLN", "SHMBL", "SHSJ", "SHTW", "SHTC", "SHOD", "SHHJR", "SHGR", "SHHEJ", "SHOOG",
	"SHFB", "SHEFH", "SHCNH", "SHHDN", "SHOMC", "SHJMF", "SHAPH", "SHBB", "SHDCI", "SHNSD", "SHFQU", "SHUCE",
	"SHQKA", "SHTBN", "SHKMB", "SHJRB", "SHDBN", "SHHDF", "SHJPA", "SHTXC", "SHJBC", "SHJOC", "SHYHJ", "SHTAK",
	"SHIIH", "SHTLB", "SHAWE", "SHCWA", "SHHHC", "SHWKV", "SHANB", "SHANA", "SHTWV", "SHWLV", "SHOMA", "SHJPN",
	"SHJMC", "SHVVV", "SHYRV", "LN", "LNYJ", "LNYLB", "LNTC", "LNHXU", "LNMTI", "LNMJK", "LNBML", "LNRML",
	"LNNXU", "UIP", "XDDBU", "DDBUH", "MRBL", "HRHPM", "MBIJB", "MUMRB", "XQUMR", "MBUCE", "XMBHH", "QUMRB",
	"MBOAH", "NNMRB", "HI", "HIHHH", "HIJE", "HIHML", "HIOLL", "HIYJ", "MIHI", "HIIKK", "HAHI", "HIJD",
	"HIIV", "MIKI", "HIFB", "HIMOB", "HIIRM", "HIOG", "HITMC", "HIBTV", "HIMLB", "HVHI", "HITXC", "HIYUB",
	"HIMWF", "HIWTJ", "IDHI", "HIVII", "HIYPM", "GIHUI", "MKHI", "ELHI", "NWF", "NFSH", "NFO", "NFLN",
	"XNFO", "NFM", "NFHP", "NFPI", "NFSU", "NFNIN", "NFOP", "NFNHE", "NFFH", "NFYHN", "NFPU", "NFPHH",
	"NFOLL", "NFLBU", "NFHE", "NFMMU", "NFPP", "NWFA", "NFYK", "NFMVM", "NFIS", "NFMLB", "NFYHS", "NFCSH",
	"NFOB", "NFIKU", "XNFLL", "NFHQU", "NFMNR", "NFWL", "NFGI", "NFTM", "NFMFM", "NFOII", "NFJP", "NFIKK",
	"NFWO", "NFMFJ", "NFLLN", "NFPH", "YPNWF", "NFJD", "NFPR", "NFSHR", "NFHA", "NFLW", "NFYVI", "NFDHE",
	"NFYR", "NFHQM", "NFIR", "NFPRU", "NFODI", "NFHS", "NFSS", "NFJR", "NFMR", "NFHEY", "XNFOI", "NFSMM",
	"NFGR", "NFYMF", "NFHMR", "FQNWF", "NFMBL", "NFJV", "NFNMU", "NFLMO", "NFHJD", "NFHPL", "MNNWF", "NFHER",
	"NFBMR", "NFKN", "NFPA", "NFTT", "NFKB", "NFYCK", "NFKMS", "NFGG", "NFTQ", "NFOMR", "NFWR", "NFJKP",
	"NFOIK", "NFJKS", "NFOD", "NFCRU", "NFSKR", "NFCNH", "NFNAU", "NFFB", "TQNWF", "NFICE", "NFSME", "NFOMD",
	"NFBV", "NFSJU", "NFHVF", "NFMLK", "NFMCW", "NFMMR", "NFIJE", "NFNKV", "NFIJB", "NFJMU", "OLOF", "NFWG",
	"EHNWF", "NFEFH", "NFHGR", "NFYIU", "NFIHS", "NFHDN", "NFGYO", "NFKKB", "NFNIB", "NFHXH", "NFVVW", "NFTMC",
	"NFQMB", "TONWF", "NFHDV", "NFYRD", "NFHDD", "NFBGR", "NFYTV", "NFWJR", "NFSMB", "NFDW", "NFDOO", "NFLMY",
	"NFHXU", "NFAPH", "NFAPP", "NFGCG", "NFHOR", "NFAA", "NFYRF", "NFOMB", "NFGCE", "NFSJE", "HHNWF", "NFNDT",
	"NFJMF", "NFHBN", "NFOIP", "NFYPU", "NFYSY", "NFIHM", "NFNMI", "NFIKH", "NFBJJ", "NFAMO", "NFONK", "NFAHM",
	"NFJKA", "NFDLN", "NFUCE", "NFAIL", "NFOMK", "NFISB", "NFBME", "NFHAE", "NFBCN", "NFWMV", "NFIHV", "NFWLB",
	"NFQKA", "NFNHD", "NFPTD", "NFHAG", "NFDWF", "NFSAV", "NFTCW", "NFHDF", "NFNKQ", "NFMRW", "NFRRS", "NFAMH",
	"NFOAE", "NFWP", "NFIHR", "NFRYE", "NFKMB", "NFJRB", "NFJMG", "NFTKR", "NFJMM", "NFABT", "NFTXC", "NFYRB",
	"NFHRF", "NFYBS", "NFEII", "NFHHW", "NFSQF", "NFAGI", "NFHRB", "NFWLE", "NFTVI", "XXXBF", "NFASM", "NFBOU",
	"NFGIT", "NFJCR", "NFYPK", "NFJPA", "NFWOT", "NFNMM", "NFMFL", "NFYJJ", "GKNWF", "NFTJS", "HOUFK", "OKNWF",
	"NFBOF", "NFOLD", "NFSRR", "NFSEG", "NFIIH", "NFAWE", "NFSMA", "NFTWA", "NFMWF", "NFQMC", "AUNWF", "NFYMO",
	"NFVMI", "NFTQG", "NFJII", "NFILB", "NFYTJ", "NFILE", "NFMBM", "FKNWF", "NFNHB", "NFYPM", "NFNAO", "NFNOE",
	"NFHKB", "NFMWJ", "NFLX", "NFTLC", "NFTWI", "NFRRJ", "NFTGR", "NFHDW", "NFMTO", "NFFDQ", "NFSMI", "NFGGU",
	"NFGRR", "NFCWA", "NFVHL", "NFJTC", "NFWLV", "HBNWF", "NFOMA", "NFBCJ", "NFRRD", "NFYWM", "NFIRP", "NFYMH",
	"NFRXU", "NFTWT", "NFFBA", "NFMBW", "NFAJA", "NFBBE", "NFMBB", "NFYX", "NFHXC", "NFTOE", "NFWLA", "NFMTB",
	"NFVVV", "NFVID", "NFTWI", "NFHIR", "NFTOV", "NFMGR", "NFYPT", "NFTRG", "NFMMP", "NFNFF", "NWM", "NMSH",
	"XNMSU", "NMIKU", "NMPU", "NWMA", "NMYHS", "NMAU", "NMMNR", "NMIKE", "NMMFJ", "NMYR", "NMYS", "NMLW",
	"NMOS", "XNMOD", "NMHA", "NMPRU", "FBNWM", "NMDHE", "XNMIR", "NMGG", "NMGR", "NMJKS", "NMKB", "NMMBL",
	"NMBMR", "NMBON", "NMHMR", "NMOMI", "NMYKL", "NMYCK", "NMTQ", "TQNWM", "FQNWM", "NMSMI", "NMMLK", "XNMMB",
	"NMYKQ", "NMLEG", "NMWG", "NMADI", "NMHED", "NMHVF", "EHNWM", "NMJMU", "NMSKR", "NMAIL", "NMNIB", "NMQMB",
	"NMGCE", "XNMTM", "NMSJE", "NMLMY", "NMAPP", "NMAA", "NMWJR", "NMHXU", "NMOIP", "NMBGR", "NMYRF", "XNMIK",
	"NMNHI", "NMVVW", "NMJTO", "NMPTD", "NMMRW", "NMFBI", "NMAMO", "NMABT", "NMWMV", "NMWP", "NMRRS", "NMHDF",
	"NMOAE", "NMHAG", "NMHAE", "XNMLM", "XNMIS", "XNMEI", "QKNWM", "NMJPA", "NMASM", "NMWLF", "NMBOU", "NMYBS",
	"NMTXC", "NMTJS", "XNMMW", "NMMBS", "FKNWM", "NMAWE", "OKNWM", "NMILB", "NMSFI", "NMSMA", "NMMTO", "NMTTR",
	"NMFDQ", "NMTWI", "NMTOE", "NMIRP", "NMTWT", "NMYWM", "NMHJR", "HAYF", "HFN", "HFHN", "XHFKS", "KNHAF",
	"YHAF", "XMHAF", "HAYN", "SHHAF", "EHAF", "HNHAF", "OHAF", "MJHAF", "SHAF", "HNMAF", "RHAF", "NJHAF",
	"IPHAF", "JEHAF", "ISHAF", "ONHAF", "QOHAF", "CHHAF", "YKHAF", "MTHAF", "XXMBH", "MGHAF", "MFHAF", "HKHAF",
	"DKHAF", "HFDK", "SCHAF", "BYHAF", "LUHAF", "PJHAF", "MOHF", "MHHAF", "XXXMM", "YSHAF", "HKHAF", "YKHAF",
	"SKHAF", "HFOIP", "KRHAF", "VEHAF", "OIHAF", "PHHAF", "HOHAF", "HFJP", "RPHAF", "YTHAF", "ITHAF", "OKHAF",
	"HFMNR", "NUHAF", "YPHAF", "PRHAF", "RSHAF", "HMHAF", "AMHAF", "BMHAF", "VIKSF", "JRHAF", "HFHEY", "HFJC",
	"LKHAF", "XJUHA", "WLHAF", "HOHAF", "XXJCH", "WHAF", "XFBHA", "HRHAF", "KSHAF", "MBHAF", "HRHAF", "TKHAF",
	"XPAHA", "JVHAF", "HOMNF", "LMUOF", "GRHAF", "MNHAF", "HDHAF", "TQHAF", "XKNHA", "EMHF", "HFHER", "VRHAF",
	"IQHAF", "ORHAF", "OGHAF", "YKHAF", "ODHF", "HYHAF", "MGHAF", "HRHAF", "HOHFN", "OQHAF", "XSJHA", "YCHAF",
	"KOHAF", "SPHAF", "HFOMD", "XJUHA", "BVHAF", "IBHAF", "MOHAF", "RBHAF", "CRHAF", "JDHAF", "HFICE", "IEHAF",
	"HPHAF", "KBHAF", "SRHAF", "BCHAF", "HUHAF", "MMHAF", "CHHAF", "HIHAF", "HIHAF", "KGHAF", "HRHAF", "MMHAF",
	"XHHHA", "DLHAF", "XNBHA", "FNHAF", "HFVNE", "TTHAF", "ORHAF", "BSEF", "KUHAF", "YJHAF", "BBHF", "CHAF",
	"NXHAF", "HJHAF", "BRHAF", "GGHAF", "TAHAF", "HBHAF", "PDHAF", "NIHAF", "XXMMH", "JUHAF", "KRHAF", "HHHAF",
	"YKHAF", "HFOG", "JMHAF", "EEEEF", "APHAF", "HFAHT", "HFTMC", "YFHAF", "HUHAF", "HFHXU", "QBHAF", "VWHAF",
	"DOHAF", "DWHAF", "JVHAF", "YDHAF", "IOHAF", "SRHAF", "SUHAF", "AHHAF", "JFHAF", "BOHAF", "YCHAF", "FFHAF",
	"DLKSF", "TWHAF", "NDHAF", "YAHAF", "HFHAF", "AOHAF", "JRBHF", "YBHAF", "RSHAF", "PAHAF", "THHAF", "MWHAF",
	"HUHAF", "JKHAF", "SVHAF", "AVHAF", "BEHAF", "HBHAF", "BJHAF", "AUHAF", "JBHAF", "TKHAF", "VOHAF", "NKHAF",
	"BKHAF", "DWHAF", "ORHAF", "VSHAF", "YBHAF", "FFBHF", "RCHAF", "JTCF", "CMHAF", "HFHRB", "OGHAF", "PUHAF",
	"IRHAF", "JRHAF", "NMNMF", "HWHAF", "FBHAF", "BBHAF", "TCHAF", "OJHAF", "JJOHF", "TVIF", "TIHAF", "TTHAF",
	"BUHAF", "AVHAF", "BKHAF", "MDHAF", "PCHAF", "GFHNE", "HFHYU", "HUHAF", "MBHAF", "TDHAF", "HFSQF", "HDHAF",
	"HMHAF", "JCHAF", "AVHAF", "HTHAF", "JIHAF", "IFHAF", "GKHAF", "RGHAF", "SEHAF", "SRHAF", "DKHAF", "GIHAF",
	"SHHAF", "IBHAF", "LVHAF", "WJHAF", "KKHAF", "YKHAF", "NFHAF", "OFHAF", "MOHAF", "MJHAF", "RJHAF", "VFHAF",
	"OFHAF", "GTHAF", "TJHAF", "FKHAF", "BUBHF", "LXHAF", "TCHAF", "HWHAF", "HBHAF", "KFHAF", "TLPF", "XHJHA",
	"YUHAF", "ABHAF", "ADHAF", "SAHAF", "WCHAF", "TIHAF", "NBHAF", "IGHAF", "RRHAF", "HFYDK", "AAHAF", "HBHAF",
	"YPHAF", "SJHAF", "WIHAF", "YRBHN", "EBKF", "HFTGI", "HKHAF", "WJHAF", "YKHAF", "YMHAF", "TDHAF", "DHHAF",
	"SRYJF", "JNHAF", "HFTOE", "MBHAF", "BCHAF", "TOHAF", "SGHAF", "KKHAF", "HCHAF", "WWHAF", "HFATE", "YTHAF",
	"XXMGH", "YPHAF", "MUHAF", "OBHAF", "BVHAF", "TGHAF", "BGHAF", "MPHAF", "VFHAF", "HVSM", "KNPYM", "EPYM",
	"IPPYM", "RPYM", "SPYM", "SKPYM", "MHPYM", "OUPYM", "PJPYM", "LUPYM", "JRPYM", "KDPYM", "YSPYM", "WLPYM",
	"XRSPY", "LKPYM", "OIPYM", "XHIPY", "PRPYM", "NUPYM", "XFBPY", "PMJP", "VVMPM", "QIPYM", "XXMBP", "XHRPY",
	"ODPM", "HOMNM", "HYPYM", "ORPYM", "YCPYM", "EMPM", "MOPYM", "JDPYM", "MBPYM", "RBPYM", "HRPYM", "HIPYM",
	"CRPYM", "LDPYM", "CHPYM", "MMPYM", "TAPYM", "TWPYM", "KUPYM", "APPYM", "HJPYM", "BBPM", "NXPYM", "YDPYM",
	"IOPYM", "JUPYM", "LXPYM", "JRBPM", "AVPYM", "RSPYM", "BBPYM", "HFPYM", "TIPYM", "AUPYM", "NKPYM", "XMBPY",
	"BUPYM", "CMPYM", "HWPYM", "FBPYM", "TTPYM", "TCPYM", "OGPYM", "SEPYM", "BVPYM", "IFPYM", "SHPYM", "KFPYM",
	"OFPYM", "YUPYM", "NBPYM", "RRPYM", "WVPYM", "YMPYM", "IOGM", "PMTOE", "TOPYM", "TGPYM", "MUPYM", "YWII",
	"YWOIN", "YWOII", "YWOMO", "YWIHR", "YWTQM", "YWTXC", "YWOMO", "SWBT", "YWTQM", "IXP", "IPP", "NIXP",
	"IPHN", "IPF", "CHIXP", "IPPRU", "IPBM", "IPHD", "IPYG", "MJIXP", "FDIXP", "IPFD", "IPRVK", "IPYIU",
	"IPMMV", "IPSKR", "IPYKR", "IPHXU", "IPTMC", "DDIXP", "IPHOR", "IPWHD", "IPYRF", "MMBBP", "IPHDA", "IPIHR",
	"IPRYE", "IPNSJ", "IPMWD", "IPHHI", "IPYTJ", "IPFDQ", "IPMWM", "IPYX", "IPMBR", "IPRRK", "IPIPP", "JONI",
	"QMHE", "JNON", "JNFH", "JNQO", "JNMLS", "JNMYS", "JNDHE", "JNPRU", "JNGI", "JNTW", "JNIHQ", "JNIJB",
	"JEBUU", "JEDOO", "JNPFD", "JNMWL", "JNYUB", "JNUJT", "QEQO", "QEPFD", "QEMWL", "IJCC", "IDVI", "IDHI",
	"IDHQU", "IDRHR", "IDSJE", "IDHDA", "IDJTC", "TMWC", "TLWC", "TCOIN", "TCLBU", "TCYR", "TCYG", "FBTLC",
	"TCGG", "FUTLC", "HBTMC", "HDOE", "HHOE", "HEYR", "HEYUB", "WGF", "XWGF", "WFIP", "WFOIN", "WFLBU",
	"WFMVU", "WFPU", "WFIK", "WKF", "WFTM", "OPWGF", "WFUU", "WFVIS", "WFYR", "WFNIN", "WFGR", "MIKF",
	"WFICE", "WFOWY", "WFKLU", "WFYRF", "WFJNU", "HHWGF", "FBRWF", "WFJNK", "WFIKH", "WFMWG", "WFIHR", "WFOMT",
	"WFTMV", "WFYTA", "WFJBC", "BFQF", "WFIIH", "SEWGF", "HOUFK", "WFNCR", "MKWGF", "WFGWC", "WFYPT", "TCFB",
	"TBCSH", "TBIKK", "TBIJB", "RXU", "RLWU", "MMUU", "GCRXU", "GIRXU", "AMRXU", "GGRXU", "HDRXU", "ORRXU",
	"BCRXU", "GKRXU", "FKRXU", "RRWMU", "SJRXU", "XMMUU", "XAMRU", "XRRWM", "BUVML", "BBUL", "NSBUL", "YUVML",
	"DHBUL", "GTJE", "GTYE", "GEHEY", "JTGE", "LOGTE", "GELXL", "GEHHJ", "GESMV", "GEHOR", "GEEII", "ELGTE",
	"GEFBG", "GENOT", "HXVYV", "FHNQ", "HVCSH", "HVIK", "HVYK", "HVIKK", "HVSHR", "HVJP", "HVHEY", "HVPR",
	"HVHQM", "HVMR", "HVLW", "HVGDI", "HVNKG", "HVMMR", "HVBUC", "HVQMB", "HVBJJ", "HVBUK", "HVSAV", "HVJCK",
	"HVHYU", "HVBVK", "HVTXC", "HVAJV", "HVWWW", "HUWML", "HLVL", "HLKN", "HLMJ", "HLMU", "HLMVN", "HLPR",
	"HLLE", "HLAPV", "HLDAM", "HLHUK", "HLVVU", "HLYPM", "HLTWV", "HLJBV", "YX", "YXF", "YXF", "YXBT",
	"YXBUC", "YXLMM", "YKLL", "YKLLL", "YMUOO", "YUU", "YUP", "YUON", "YUMVH", "YUHML", "YUOLL", "YUPRU",
	"YUHS", "YUPT", "YUYMP", "YUIR", "YURC", "YUBM", "YUSHR", "YUOII", "YUOII", "YUPR", "FQYMU", "YULWP",
	"YUAV", "QHYMU", "YUHX", "YUYCK", "YURYO", "YUWD", "YUMMR", "YUHSL", "YUKMR", "YUHXU", "YUTA", "YUSJE",
	"YUHLB", "YUBJJ", "YUYHH", "YUWLB", "YURRS", "YUSMG", "YUTCT", "TMYMU", "YUPUU", "YUJBC", "YUDDO", "YUDDF",
	"YKYMU", "YMUO", "YUP", "YUON", "YUHML", "YUBM", "YUOII", "YUPRU", "YUSHR", "YUYMP", "YUAV", "YUMMR",
	"YURYO", "YUHLB", "YUSMG", "YBYSP", "MYBP", "YPT", "IYBP", "YPMK", "YPMMF", "KBYBP", "YPTC", "OMRP",
	"YBYPP", "MBRRP", "YPYBP", "IKP", "IPTC", "ORIKP", "NXU", "HDNXU", "FKNXU", "NWU", "OMRB", "OBNO",
	"OBHD", "OBVNE", "OBPPA", "OBMBC", "FFBB", "AAJA", "SOG", "TTJL", "GOO", "JJOMJ", "CBTV", "SFWTC",
	"SFSMC", "CIH", "YO", "WK", "CIJJ", "GGGCG", "NI", "HQ", "QM", "TM", "FB", "FQ",
	"JAJ", "VFYRF", "GYBU", "FNWF", "DHPFD", "TOGG", "TSEW", "YRTC", "JJHAF", "BUKOO", "EKD", "IFMBL",
	"IFKE", "ONSD", "HOSO", "HOMDM", "TEYM", "LGRR", "EYAF", "NFEMW", "IMMGI", "HXU", "IVNL", "MU",
	"GRHNE", "YGE", "GCCR", "UYTR", "DTOI", "DFCQ", "MFU", "TBAV", "THDU", "LIHQM", "GOYJ", "YNHE",
	"CJKD", "CGTJ", "NLHAU", "YVHO", "MHGU", "MFOMI", "MFJBM", "YJMY", "SML", "XH", "XK", "HN",
	"LXH", "XS", "NSE", "NNQO", "OHNI", "ODH", "ONL", "OHQU", "OID", "OSLL", "OOOO", "OYMT",
	"OIHS", "OMLB", "OJMO", "OJBM", "OLP", "OTCH", "OMGK", "OJMM", "ONBS", "OAHU", "DOAU", "OHRF",
	"OOYK", "OJON", "OTHN", "OYED", "OSAV", "OWJC", "OYQD", "OAYF", "OQHF", "OYTO", "JJOMD", "OWBP",
	"OHNF", "OGRR", "OFFG", "ONWA", "OJKF", "OHGI", "HWHU", "HSHU", "HUMMU", "HUNL", "HUHON", "NINII",
	"ODOJ", "OGOGG", "KBI", "BEEE", "BYBP", "IMPHH", "IMWK", "IMMVM", "IMMMR", "IMICE", "IMNUI", "IMNDT",
	"IMNBK", "IMSUF", "IMSUF", "IMVID", "IMIDQ", "HNK", "ISHN", "NNU", "HULN", "HJLN", "WLLN", "HOLN",
	"MWKS", "PYG", "LPQ", "HBLMP", "SOOG", "SRHRF", "YWNI", "YVSL", "MSV", "MDDO", "MYPT", "MBCC",
	"IENAU", "YUE", "RNHS", "RNN", "RU", "RV", "RCMS", "RTJ", "RI", "RVIS", "RYC", "ROM",
	"RYG", "RSS", "RMR", "ROIP", "RNIY", "RNE", "RBSS", "RSSU", "RNMU", "RJT", "RNIR", "RSLL",
	"RJKS", "RHGI", "RYHV", "RBSD", "RGIS", "RWKS", "RQYM", "RIPP", "ROSS", "RQFH", "RQNE", "RMFR",
	"RJRU", "RSHU", "RVFH", "RJRR", "RWJR", "REA", "RQAM", "RKMR", "RVJD", "RDYN", "RJBM", "DLR",
	"RVJR", "RHRN", "ROYV", "ROML", "RNDT", "RMUW", "RQDE", "RDMG", "RHBN", "RIYR", "RMOU", "RHOQ",
	"RTLK", "RUHR", "RKSJ", "RTGK", "RVEQ", "RTKR", "RLON", "RFBN", "RTOI", "RYSO", "RIBP", "RMRR",
	"RNQD", "RAJV", "RMRJ", "RVHI", "ROIV", "ROOB", "RGWG", "RBTK", "RHI", "RYWO", "REIV", "RDHR",
	"RJMO", "ROND", "RFDJ", "RGOU", "RVFB", "RYUB", "RFOG", "RRRH", "MBSMR", "REHP", "RQMM", "RANH",
	"RHND", "RAWE", "ROUM", "ROIF", "RDMK", "RWVF", "RTCG", "RMBM", "RJJI", "RYID", "RNLM", "RTHV",
	"RDQQ", "RQDM", "RAYF", "RVFU", "HBR", "RMWC", "RHFB", "ROHE", "REBB", "RRMR", "RHDP", "RDRJ",
	"RTBO", "RIFB", "RKOI", "RSEF", "RJIG", "RMOI", "RNLF", "RGOB", "ROTO", "RMTB", "RGWC", "RTYJ",
	"RSRO", "RYOE", "RQBU", "RFKT", "RVFJ", "RKRF", "RNBG", "RQHW", "RDLC", "RNLB", "RQYG", "RCAH",
	"RBYP", "GTIOR", "REJF", "RJRC", "RCYQ", "RIFT", "RJJJ", "RCTE", "WHND", "HG", "GSU", "HTG",
	"GYVI", "GMGI", "GW", "GGG", "RNG", "EHG", "GHGR", "GJWJ", "ONG", "GTTC", "GILI", "NEG",
	"MKG", "GRSJ", "GTLK", "GJBJ", "ILG", "GTOL", "GHAD", "GJKR", "GILE", "GSEG", "GQHF", "GYGJ",
	"GMJK", "YSG", "GBCD", "HCG", "EBG", "GTOV", "GGGOG", "GTHF", "NWBUE", "TYUE", "NIAIL", "KLW",
	"NMHQO", "KKK", "VKK", "TFK", "KOGX", "VHI", "VKNI", "VKE", "VPHH", "VSK", "VBY", "VKI",
	"VIV", "VMOB", "VOHH", "VYMY", "NHV", "VINE", "VMGI", "VBQ", "VHBU", "VIHI", "JTV", "VDR",
	"VJD", "VWYL", "VSKR", "VJMI", "VAB", "VJBM", "VLE", "VQYT", "VTCH", "VTIO", "VTMU", "VDMF",
	"VTVI", "VFDV", "VHXS", "VNOK", "VTMJ", "VNBK", "VTNU", "VVNO", "VAHM", "VNST", "VSTT", "VTGV",
	"VPKP", "VWKP", "VMRR", "VUHI", "VCIM", "VMGK", "VMUE", "VTWK", "VVNO", "VFBG", "VHNH", "VSEG",
	"VTLB", "VMBM", "VKPB", "FFJV", "VYHR", "VFQU", "VHAF", "VTCL", "VBBQ", "VAYF", "VFBD", "VTPD",
	"VVII", "VTGE", "VUAU", "VANA", "VANK", "VMBI", "VBUV", "VDDO", "VJCB", "VSRQ", "VYPK", "VDDF",
	"VTWV", "VJUC", "VFBV", "VGRR", "VTCO", "VYX", "VQJP", "VTAB", "VTAD", "VYDU", "VJTC", "VTGW",
	"VHCQ", "VMBE", "GTIOV", "VWLG", "VJMC", "VVFF", "NDR", "WYND", "NDYMR", "NDNBC", "NUAB", "FFBND",
	"OINDO", "NDTLB", "JODI", "JMCW", "JDCI", "JMBN", "JMTB", "JPGB", "GUDI", "KN", "CHN", "SR",
	"SMSO", "STKR", "SUHQM", "SYYU", "URU", "UKSR", "UHEQ", "UHNB", "HSYU", "UIMO", "UIHS", "UBUU",
	"UJBM", "UTMC", "UJBM", "UMWG", "UHNI", "UDMQ", "UQKD", "UIHF", "UANA", "UOGS", "UHOK", "UTGS",
	"UFUA", "RUHJJ", "SUTC", "LBSHR", "YALB", "LBWG", "LBAHU", "LBSMH", "YBIKP", "LBYHC", "LAITB", "BUOQ",
	"VIF", "IOMR", "ILOB", "NKBCR", "NKRHG", "NNHE", "NLBI", "MJN", "NMBN", "VBWD", "VMFHK", "IEHHH",
	"OJHHH", "KBIHM", "HOICE", "HOQKQ", "HOGTJ", "HOAHU", "HOYTJ", "HONFN", "PHN", "PHN", "PHMY", "PSMR",
	"MMP", "PKLD", "PGP", "CHP", "PYMR", "PNDT", "PBSD", "SYP", "OMBP", "ORP", "HOP", "PBTU",
	"PTKR", "NOP", "PHNI", "PWKP", "NOPH", "MDP", "KFP", "DDP", "PYIA", "GEP", "MNP", "PCP",
	"PSMG", "PTYG", "CRP", "PFFR", "MCP", "YCP", "MCP", "IHSH", "NQ", "QBU", "QINE", "QMA",
	"QIJ", "QMAM", "QRLB", "QIT", "QMRT", "QJRU", "QHAI", "QKKB", "QQKA", "QYSD", "QBBR", "QKRD",
	"QJCO", "QKSJ", "QJBF", "QSHE", "QHOO", "QOMQ", "QVFE", "QIIL", "QJCK", "QWTJ", "QGSK", "VRQ",
	"QGJI", "QHAM", "QYRF", "QOOA", "QNLO", "QANA", "QHKM", "QTBF", "QHFB", "QEEM", "QTJP", "QNBQ",
	"QTGI", "QMBV", "QAME", "QUOS", "QTCE", "TGQ", "QVFI", "OKND", "MOOK", "NBBUE", "GUYE", "SJOK",
	"YKHQ", "UUOK", "YMOMG", "HUYJ", "YJYJJ", "EBYJ", "TGHML", "TGHML", "YSYHN", "YSTMC", "NA", "AUU",
	"AYVI", "FUA", "FUA", "AMLK", "AIMU", "ASKR", "ATYS", "JTOA", "EPA", "ATA", "AOMN", "AOMN",
	"LLAPH", "AAHU", "ANUS", "ATW", "AYFD", "GKA", "AVII", "AHUM", "AAAA", "ABBQ", "AAAA", "ATNK",
	"AYX", "ALBO", "ATGS", "AMBE", "AMBM", "MF", "DRU", "DIKU", "FD", "DOMM", "DBMM", "DF",
	"DNDU", "DI", "DYK", "DYHV", "DRLB", "DLMO", "DHNB", "EHD", "DHLO", "DTIO", "DTIH", "DKRD",
	"DSTT", "DTGK", "DWB", "DOTC", "DTOG", "DUHJ", "DMTI", "DOLH", "DYIJ", "IKD", "DGJI", "DDLK",
	"DFBB", "DTIT", "DNII", "DTPD", "JDISY", "DFBQ", "DIST", "DTWF", "DEEM", "DSUF", "DTBF", "DTJM",
	"DTPD", "DSMJ", "DFFD", "DTIF", "DTOV", "DJTI", "DFFD", "DIDR", "DVMT", "DHOO", "MNK", "HSHNE",
	"YOHNE", "NDWYI", "OYYIB", "HUPRU", "ONWD", "EE", "EOMM", "HTE", "ERC", "EWE", "EKM", "EOU",
	"EWC", "EHND", "EHNB", "FQE", "EJMD", "EAM", "EHDS", "EMLM", "EJLO", "EBD", "EFF", "EHDL",
	"EHON", "EJBM", "ENKW", "ETCH", "ETMI", "EBTU", "ETIO", "EDMD", "EASR", "EAYT", "EOII", "EDOD",
	"EMRU", "ETNU", "ESTT", "EOKR", "EBDD", "EJMO", "ETMW", "ESTV", "EUHJ", "EHDN", "ESFI", "EFBB",
	"ESEG", "ETCG", "ETJU", "EYRU", "ETHN", "EWLO", "EYBR", "EHDG", "ESOG", "ETTC", "ENLA", "EMGR",
	"ETCO", "EHKB", "EBOE", "ETHG", "EEEM", "ESEG", "ETGI", "ETNK", "ETSE", "EYBU", "EJPB", "EYMU",
	"EGRR", "EUUD", "EVFE", "EVFR", "EVFB", "EQBI", "ETVD", "EGRC", "ETYJ", "EDDV", "EMDP", "EPDC",
	"EDNF", "ENFF", "EHLX", "EDVD", "EYRN", "EHIC", "ETBC", "EHGI", "ETYC", "EYRN", "EMFI", "EMBR",
	"EMBM", "ECCC", "FNHE", "FBHN", "FPIM", "HUF", "FAU", "IDF", "FHA", "FJV", "FFMU", "NOF",
	"FJWJ", "FSKR", "FKKB", "BKF", "FSJR", "FTMC", "FHXU", "FBD", "FGCE", "AHF", "FAYI", "FSTT",
	"SUF", "FYBC", "FOBG", "FTWR", "FNQD", "FUMT", "FFFG", "FYSG", "FYTJ", "SRF", "FFBG", "FILE",
	"FIIB", "FWJC", "ESUF", "RSF", "FFFS", "FTQU", "FTJA", "FTBF", "FGRR", "FYRO", "FFFI", "FHSF",
	"FTLX", "FFFD", "FTLF", "FWTJ", "ICFF", "FHUC", "FWLG", "VFF", "HOHQO", "BIKF", "VMIG", "LLYTV",
	"HQR", "HQBY", "HQJRU", "HQYAJ", "HQJMM", "HQAWE", "HQYBP", "KHIK", "KHNHE", "KHMCW", "KHNOB", "KHHRK",
	"KHOLK", "KHMWD", "MG", "MGG", "MGSU", "MGNJ", "MGHJ", "MGNE", "MGMT", "MGPU", "MGYHS", "MGBHN",
	"MGLLN", "MGSP", "MIPT", "MGINE", "MGVIO", "MIMGI", "MGEMN", "MGMA", "MGNIN", "MGNIR", "MGYLC", "MGJV",
	"MGHGR", "MGJRU", "MGGP", "MGKOO", "MGSQL", "MGNKM", "MGYOK", "IMMGI", "MGTCH", "AAMG", "MGEA", "MGHDL",
	"MGJBM", "MGOHB", "MGOMB", "MGPHP", "MGFQU", "MGHXU", "MGTIO", "MGMLM", "MGGCE", "MGOIP", "MGQMB", "MGHON",
	"MGORD", "MGYBC", "MGYTR", "MGYRU", "MGSTT", "MGHDF", "MGPKP", "MGTGK", "MGYRN", "MGNKQ", "MAMGI", "SIMGI",
	"MGYBS", "MGMUE", "MGSTV", "MGUMT", "MGTVI", "MGING", "MGJMO", "MGWKP", "MGTOD", "MGTJS", "MGIIB", "MGTLO",
	"IKMG", "MGHOH", "MGJKR", "MGKHR", "MGMWF", "MGOYK", "MGTQG", "MGYED", "MGUAP", "MGFFS", "MGYBR", "MGGGU",
	"MGANA", "MGHDG", "MGTCL", "MGUTN", "MGHKB", "MGBBQ", "MGQHF", "MGRRJ", "SEMGI", "MGJMU", "MGTNK", "SJMG",
	"MITGI", "MGTCF", "MGJYU", "MGHJR", "MGOTQ", "MGUFK", "MGFFD", "MGJPN", "MGPKO", "MGHNF", "MGHOH", "MGMTB",
	"MGQJP", "MGJHW", "MGYBU", "MGTYJ", "YUEMI", "MGTLF", "MBRRG", "MGMBE", "MGMMP", "MGMBR", "MGMBM", "HGMVN",
	"FFBHM", "ROBQ", "ODW", "WQMB", "WTLO", "WTJU", "WHGI", "MYO", "KSQL", "KNDT", "KDBN", "KVEQ",
	"KMNF", "KHOR", "KCWA", "KWGT", "HAJD", "HAJNU", "HAHXU", "FUHAG", "HAHUD", "MAMAA", "HATIF", "HAMBI",
	"MKDHE", "VSBT", "OTWT", "BUNHE", "BUYT", "OMRU", "BUIG", "BUYAJ", "BUSUU", "BUDHL", "BUKMF", "YMCU",
	"BUDMF", "BUBVK", "BUHCE", "BUFBQ", "BUHFB", "BUMBB", "BUYBU", "BUWLA", "MRC", "MRHN", "MRMMI", "MRSK",
	"MRKSR", "MRBBM", "MRJR", "MRISM", "MRTVI", "MRBHX", "MRTCG", "MRTJU", "MRFDR", "MRYTJ", "MRTWA", "MRSRR",
	"MRYCV", "MRTWI", "MRTGO", "MRWYC", "CBMR", "MRTLF", "CIMR", "MRMBS", "MHLV", "IFAM", "IFFMU", "IFWG",
	"IFAA", "IFKPB", "IFTGR", "MFYIU", "IFGRC", "IFLPC", "YBKB", "HDIHU", "HDIJE", "AHHD", "HDPPA", "HDJMF",
	"HDSQF", "HLHDL", "HDILB", "HDTCD", "HDSYQ", "HSMBL", "JCVIS", "JCJR", "JCCWN", "JCVMD", "YTHDL", "YTYRN",
	"YTYTJ", "YTGGU", "HPI", "HYTJ", "HIJB", "HMLM", "HOLY", "HDCI", "HDMQ", "HWP", "HYSM", "HYBB",
	"HDBK", "HITB", "HNLD", "HAWE", "HYPM", "HSFI", "HIPM", "HCPM", "HBUE", "HYTB", "HIIT", "HBFF",
	"FDWE", "FDIGI", "FDBCR", "FDGP", "FDIYR", "FDMLM", "FDDAM", "FQVVV", "FDOGF", "FDOMO", "VFSP", "VFLBI",
	"VFSJE", "VFJCM", "VFOIP", "VFYRN", "FNVIF", "VFSTT", "VFMRE", "VFKPB", "VFABS", "VFMBK", "BRHVF", "VFSMI",
	"VFJMN", "VFJPN", "VFUFK", "VFISH", "VFFFF", "OUFBH", "OMAMI", "BC", "BLL", "BCYAJ", "WLWWW", "TQ",
	"TG", "TGHI", "TQSYQ", "SMIP", "SMPD", "SMI", "SMYK", "YKSMM", "SMHT", "SMQMB", "SMBJJ", "SMQJM",
	"OBSMM", "FUSMA", "YGSMM", "MUSMM", "QDTVI", "SJOMR", "SJFF", "SJOMN", "SJTOR", "LJ", "IKLQ", "LYBU",
	"BJKP", "BMCW", "BOBR", "BTBS", "BOMC", "BMLM", "BTMC", "BHI", "BJCR", "BKCU", "BSTV", "BTMJ",
	"BJCU", "BDDF", "BTCA", "BMFB", "BATE", "BWGG", "BWLG", "HUDM", "HUKQ", "HKAPV", "MGMF", "HX",
	"BXFF", "HBDCI", "HRWVF", "HRDLC", "HYDHE", "HYOIP", "HYBMR", "HYONO", "HYDOO", "HYMLM", "TR", "TRU",
	"TIKU", "TL", "TSO", "THMY", "TEMN", "TMYM", "TPT", "TOHJ", "TTQ", "TPA", "TMJO", "TWV",
	"TPYV", "TOYM", "THG", "TVFH", "TSQL", "TYIB", "TGMJ", "THOK", "TPIR", "TVSP", "TYTI", "TOYV",
	"TEYT", "TMLB", "THLO", "TVJD", "TSJL", "TTMD", "TEYP", "TVYV", "TALK", "TEPA", "TJHR", "TNOO",
	"TOSR", "TOYR", "TYSP", "TYTI", "TNQD", "TDAV", "TEHR", "THYN", "TMNF", "TNLU", "TVHI", "TVSL",
	"TYCV", "TQDI", "TMUE", "TEBV", "TEOY", "TEBD", "TTCG", "TJMV", "THON", "TKHR", "TDRD", "TEYR",
	"TVFR", "TVJU", "TBDH", "TEAP", "TGYR", "THHL", "THHQ", "TFYJ", "TYRE", "TAKI", "THDG", "TLYK",
	"TNLP", "TVFA", "TYOG", "TIST", "TBP", "TYTB", "TIIT", "TVUK", "TYBU", "TEHP", "TVFR", "TYRB",
	"TOKP", "TDTE", "TOTV", "TQRD", "TQDI", "TQBD", "TMWT", "TYPE", "THOK", "TVFP", "TWBO", "TGUM",
	"THAE", "TDQT", "TJMC", "TGEA", "TYCJ", "OUYPU", "OBHYU", "LIKSR", "LIRKS", "LILWL", "LIOMG", "LIHND",
	"LISHU", "LIHJE", "LIYRU", "LINHB", "LIANA", "LITWI", "TGLMI", "LIVFI", "HOIMN", "HOHKN", "HONKN", "HONKN",
	"HV", "LNHS", "LYLM", "LKI", "LJD", "LJR", "LKR", "LNIB", "YYYHV", "LKPB", "LSEG", "LWLM",
	"LVII", "LHWS", "LYGQ", "LWLG", "GFBUU", "AMBUU", "MBBUU", "NBOO", "NBHQ", "NBOGS", "NIYMR", "YRPIM",
	"YRMSU", "YRMMH", "YRHEJ", "YRMHS", "YRJMU", "YRBCD", "YRPHP", "YRNKM", "YRYSD", "YROYR", "YRMCA", "YRNDF",
	"YRTAM", "YRTGR", "YRNOE", "YRANA", "YRFQR", "YRTWT", "YRTYB", "YRJPN", "DDMRT", "GTWIM", "BCND", "BCSHR",
	"MRBUC", "BCFMU", "BCHJR", "BCBSD", "MFRBC", "KOBUC", "BCAMH", "BCCIM", "FUHUC", "BCHUC", "RMWYI", "MRRYO",
	"RMJMN", "RMLQ", "RMOYM", "RMQD", "RMMLK", "RMBB", "RMDOO", "RMMRE", "RMJBJ", "SVRYO", "RMISM", "RMBBB",
	"RMYIJ", "RMUHI", "RMFBH", "RMTMJ", "RMFBW", "RMOTO", "RMMGI", "RMSWU", "HHFH", "HHPP", "ANHXH", "HHMMP",
	"HHMDM", "JJIHU", "JJYT", "JJJKI", "JJICE", "JJYIB", "JJOSM", "JJMBV", "JJIBI", "JJYCV", "JJYCV", "JRYTJ",
	"YA", "YT", "YHG", "YHYM", "YYWN", "YDOD", "YTKR", "YRRU", "YTDQ", "YWLG", "YMGC", "YHSD",
	"YHGR", "YHGV", "YTNL", "GINL", "RUKB", "HGNL", "SRRAU", "NTNL", "YCNL", "MWIKU", "TWIKU", "DDMWG",
	"CSU", "CU", "CEE", "CNIN", "CNIH", "VEC", "CMFJ", "CDB", "CHNB", "COHL", "CSMM", "CYRU",
	"CYMR", "CDG", "CQJL", "CNKL", "CSKR", "CGBN", "CYRN", "CMSO", "CTOB", "CAB", "CHDL", "CNYI",
	"CTCH", "CEDE", "MGC", "CBCD", "CLP", "CQGI", "COML", "CAYT", "CETC", "CIHV", "CJBJ", "CLPB",
	"CNBK", "CTCW", "CWB", "CNST", "CORD", "CMWV", "CTPO", "CYRN", "CJJJ", "CMHF", "CWKP", "CSTV",
	"CING", "CMBC", "CMIA", "CMII", "CAOP", "CEID", "CFOG", "CONQ", "CYCB", "MEC", "VIC", "CTLO",
	"CGSK", "CUAP", "CGOV", "CESD", "CTGO", "CUTN", "CJMW", "CTCU", "CSYQ", "CWGF", "CGTH", "CGRR",
	"CRRJ", "CDDO", "CIXQ", "CTCD", "CWRC", "CTWB", "CYED", "CYRO", "ELC", "TIC", "CMBV", "CMTB",
	"WWWC", "CFFG", "CIXE", "CQJP", "CTLF", "CGRF", "CHUA", "CJJM", "CTRS", "CWWV", "CHXC", "CSIC",
	"CBCV", "CHTL", "CBWI", "CHAA", "CMMP", "CJMC", "CRRK", "CJMC", "CSWC", "CCCC", "ANKN", "ANP",
	"ANF", "ANOMC", "ANIBP", "ANVFF", "HRLR", "NLMFJ", "NLMFM", "NLCNH", "NLRD", "NLYLO", "NLWOL", "NLHLB",
	"NLNBS", "NLAFU", "NLHHW", "NROG", "MBP", "MBHML", "MBHEY", "MBOD", "MBVR", "MBYHV", "MBNKM", "MBKMR",
	"MBOHB", "MBMIN", "MBDCI", "MBHDF", "MBNLQ", "MBELY", "MBAWE", "MBYHJ", "MSHJG", "MBTCL", "MBRRI", "MBCHJ",
	"QBHHH", "LYND", "YAPR", "YATC", "YAMBC", "YAAYF", "YAITC", "JDMBC", "PKMBC", "BTMBC", "OUMBC", "JMMBC",
	"HNU", "HNYK", "HNRMS", "HNBUC", "CHNI", "HNQKQ", "OIUMR", "OIOAE", "OIJBF", "VVMBU", "HAHUK", "SFMGI",
	"SFJV", "SFMVM", "SFGCG", "SFMLM", "SFSJR", "TLKF", "SFSTV", "SFABT", "SFUMT", "SFIOP", "SFUHJ", "SFIST",
	"SFMTB", "SFITC", "BBPP", "BBLWS", "SHBY", "SHHG", "SHNMU", "NNMRB", "HIIPJ", "HITWI", "NFG", "NFKE",
	"NFYT", "NFKSR", "NFTYV", "NFKLU", "NFISK", "NFHJE", "NFYHR", "NFUJF", "NFYLE", "NFYBB", "NFTVP", "IHAF",
	"HSHAF", "HFGDI", "AAHAF", "QAHAF", "ETCF", "JRHAF", "TLKF", "PDHAF", "JRHAF", "CCHAF", "EHRF", "JNHAF",
	"OKHAF", "TKHAF", "MGHAF", "VFHAF", "HFESD", "TKHAF", "GRHAF", "ICHAF", "IPHAF", "HFMMP", "IPYK", "IPHQM",
	"IPHER", "IPICE", "IPNKG", "IPYKR", "IPWD", "IPYTJ", "JNY", "IDBBR", "HNOE", "WFYG", "UFOK", "IYX",
	"YXYHV", "YUOMR", "YUJBM", "YUTXC", "YUSTR", "RNXU", "NWKS", "RHI", "RRMJS", "UL", "NUE", "TVIP",
	"MTA", "UUYHS", "TYUE", "LIYSO", "WYBUC",
}
